# armory.obj - Waffenkammer fuer procedurally-generated-map
# Einheiten: Meter (1 Tile = 5 m, Tueren 2.1 m, ein Dorfbewohner 1.75 m), Y oben,
# Vorderseite nach +Z - so wie Blender ein Modell exportiert, das in der
# Vorderansicht zum Betrachter schaut.
# Material Paint (Band, Wappen, Schilde, Zielscheibe) bekommt die Gebaeudefarbe aus dem Spiel.
# Das Objekt Entry markiert den Eingang und wird nicht gezeichnet. Cut.Roof verschwindet und
# Cut.Wall wird niedrig, wenn der Zeiger darauf steht; Stock.<n> sind die Boegen im Vorrat.
mtllib armory.mtl
o Plinth
v -2.130 0 -1.38
v -2.130 0 1.38
v 1.130 0 1.38
v 1.130 0 -1.38
v -2.130 0.35 -1.38
v -2.130 0.35 1.38
v 1.130 0.35 1.38
v 1.130 0.35 -1.38
usemtl Stone
s off
f 4 3 2 1
f 5 6 7 8
f 1 2 6 5
f 2 3 7 6
f 3 4 8 7
f 4 1 5 8
o Floor
v -1.870 0.35 -1.12
v -1.870 0.35 1.12
v 0.870 0.35 1.12
v 0.870 0.35 -1.12
v -1.870 0.37 -1.12
v -1.870 0.37 1.12
v 0.870 0.37 1.12
v 0.870 0.37 -1.12
usemtl Wood
s off
f 12 11 10 9
f 13 14 15 16
f 9 10 14 13
f 10 11 15 14
f 11 12 16 15
f 12 9 13 16
o Floor.Seam
v -1.606 0.37 -1.12
v -1.606 0.37 1.12
v -1.586 0.37 1.12
v -1.586 0.37 -1.12
v -1.606 0.375 -1.12
v -1.606 0.375 1.12
v -1.586 0.375 1.12
v -1.586 0.375 -1.12
usemtl WoodDark
s off
f 20 19 18 17
f 21 22 23 24
f 17 18 22 21
f 18 19 23 22
f 19 20 24 23
f 20 17 21 24
o Floor.Seam
v -1.332 0.37 -1.12
v -1.332 0.37 1.12
v -1.312 0.37 1.12
v -1.312 0.37 -1.12
v -1.332 0.375 -1.12
v -1.332 0.375 1.12
v -1.312 0.375 1.12
v -1.312 0.375 -1.12
usemtl WoodDark
s off
f 28 27 26 25
f 29 30 31 32
f 25 26 30 29
f 26 27 31 30
f 27 28 32 31
f 28 25 29 32
o Floor.Seam
v -1.058 0.37 -1.12
v -1.058 0.37 1.12
v -1.038 0.37 1.12
v -1.038 0.37 -1.12
v -1.058 0.375 -1.12
v -1.058 0.375 1.12
v -1.038 0.375 1.12
v -1.038 0.375 -1.12
usemtl WoodDark
s off
f 36 35 34 33
f 37 38 39 40
f 33 34 38 37
f 34 35 39 38
f 35 36 40 39
f 36 33 37 40
o Floor.Seam
v -0.784 0.37 -1.12
v -0.784 0.37 1.12
v -0.764 0.37 1.12
v -0.764 0.37 -1.12
v -0.784 0.375 -1.12
v -0.784 0.375 1.12
v -0.764 0.375 1.12
v -0.764 0.375 -1.12
usemtl WoodDark
s off
f 44 43 42 41
f 45 46 47 48
f 41 42 46 45
f 42 43 47 46
f 43 44 48 47
f 44 41 45 48
o Floor.Seam
v -0.510 0.37 -1.12
v -0.510 0.37 1.12
v -0.490 0.37 1.12
v -0.490 0.37 -1.12
v -0.510 0.375 -1.12
v -0.510 0.375 1.12
v -0.490 0.375 1.12
v -0.490 0.375 -1.12
usemtl WoodDark
s off
f 52 51 50 49
f 53 54 55 56
f 49 50 54 53
f 50 51 55 54
f 51 52 56 55
f 52 49 53 56
o Floor.Seam
v -0.236 0.37 -1.12
v -0.236 0.37 1.12
v -0.216 0.37 1.12
v -0.216 0.37 -1.12
v -0.236 0.375 -1.12
v -0.236 0.375 1.12
v -0.216 0.375 1.12
v -0.216 0.375 -1.12
usemtl WoodDark
s off
f 60 59 58 57
f 61 62 63 64
f 57 58 62 61
f 58 59 63 62
f 59 60 64 63
f 60 57 61 64
o Floor.Seam
v 0.038 0.37 -1.12
v 0.038 0.37 1.12
v 0.058 0.37 1.12
v 0.058 0.37 -1.12
v 0.038 0.375 -1.12
v 0.038 0.375 1.12
v 0.058 0.375 1.12
v 0.058 0.375 -1.12
usemtl WoodDark
s off
f 68 67 66 65
f 69 70 71 72
f 65 66 70 69
f 66 67 71 70
f 67 68 72 71
f 68 65 69 72
o Floor.Seam
v 0.312 0.37 -1.12
v 0.312 0.37 1.12
v 0.332 0.37 1.12
v 0.332 0.37 -1.12
v 0.312 0.375 -1.12
v 0.312 0.375 1.12
v 0.332 0.375 1.12
v 0.332 0.375 -1.12
usemtl WoodDark
s off
f 76 75 74 73
f 77 78 79 80
f 73 74 78 77
f 74 75 79 78
f 75 76 80 79
f 76 73 77 80
o Floor.Seam
v 0.586 0.37 -1.12
v 0.586 0.37 1.12
v 0.606 0.37 1.12
v 0.606 0.37 -1.12
v 0.586 0.375 -1.12
v 0.586 0.375 1.12
v 0.606 0.375 1.12
v 0.606 0.375 -1.12
usemtl WoodDark
s off
f 84 83 82 81
f 85 86 87 88
f 81 82 86 85
f 82 83 87 86
f 83 84 88 87
f 84 81 85 88
o Cut.Wall.Front
v -2.050 0.35 1.12
v -2.050 0.35 1.3
v 1.050 0.35 1.3
v 1.050 0.35 1.12
v -2.050 2.4 1.12
v -2.050 2.4 1.3
v 1.050 2.4 1.3
v 1.050 2.4 1.12
usemtl PlasterGrey
s off
f 92 91 90 89
f 93 94 95 96
f 89 90 94 93
f 90 91 95 94
f 91 92 96 95
f 92 89 93 96
o Cut.Wall.Back
v -2.050 0.35 -1.3
v -2.050 0.35 -1.12
v 1.050 0.35 -1.12
v 1.050 0.35 -1.3
v -2.050 2.4 -1.3
v -2.050 2.4 -1.12
v 1.050 2.4 -1.12
v 1.050 2.4 -1.3
usemtl PlasterGrey
s off
f 100 99 98 97
f 101 102 103 104
f 97 98 102 101
f 98 99 103 102
f 99 100 104 103
f 100 97 101 104
o Cut.Wall.Left
v -2.050 0.35 -1.12
v -2.050 0.35 1.12
v -1.870 0.35 1.12
v -1.870 0.35 -1.12
v -2.050 2.4 -1.12
v -2.050 2.4 1.12
v -1.870 2.4 1.12
v -1.870 2.4 -1.12
usemtl PlasterGrey
s off
f 108 107 106 105
f 109 110 111 112
f 105 106 110 109
f 106 107 111 110
f 107 108 112 111
f 108 105 109 112
o Cut.Wall.Right
v 0.870 0.35 -1.12
v 0.870 0.35 1.12
v 1.050 0.35 1.12
v 1.050 0.35 -1.12
v 0.870 2.4 -1.12
v 0.870 2.4 1.12
v 1.050 2.4 1.12
v 1.050 2.4 -1.12
usemtl PlasterGrey
s off
f 116 115 114 113
f 117 118 119 120
f 113 114 118 117
f 114 115 119 118
f 115 116 120 119
f 116 113 117 120
o Cut.Wall.Timber.Post
v -2.130 0.35 1.3
v -2.130 0.35 1.36
v -1.970 0.35 1.36
v -1.970 0.35 1.3
v -2.130 2.4 1.3
v -2.130 2.4 1.36
v -1.970 2.4 1.36
v -1.970 2.4 1.3
usemtl Timber
s off
f 124 123 122 121
f 125 126 127 128
f 121 122 126 125
f 122 123 127 126
f 123 124 128 127
f 124 121 125 128
o Cut.Wall.Timber.Post
v -0.830 0.35 1.3
v -0.830 0.35 1.36
v -0.670 0.35 1.36
v -0.670 0.35 1.3
v -0.830 2.4 1.3
v -0.830 2.4 1.36
v -0.670 2.4 1.36
v -0.670 2.4 1.3
usemtl Timber
s off
f 132 131 130 129
f 133 134 135 136
f 129 130 134 133
f 130 131 135 134
f 131 132 136 135
f 132 129 133 136
o Cut.Wall.Timber.Post
v 0.970 0.35 1.3
v 0.970 0.35 1.36
v 1.130 0.35 1.36
v 1.130 0.35 1.3
v 0.970 2.4 1.3
v 0.970 2.4 1.36
v 1.130 2.4 1.36
v 1.130 2.4 1.3
usemtl Timber
s off
f 140 139 138 137
f 141 142 143 144
f 137 138 142 141
f 138 139 143 142
f 139 140 144 143
f 140 137 141 144
o Cut.Wall.Timber.Sill
v -2.050 0.35 1.3
v -2.050 0.35 1.36
v 1.050 0.35 1.36
v 1.050 0.35 1.3
v -2.050 0.47 1.3
v -2.050 0.47 1.36
v 1.050 0.47 1.36
v 1.050 0.47 1.3
usemtl Timber
s off
f 148 147 146 145
f 149 150 151 152
f 145 146 150 149
f 146 147 151 150
f 147 148 152 151
f 148 145 149 152
o Cut.Wall.Timber.Rail
v -2.050 1.3 1.3
v -2.050 1.3 1.35
v 1.050 1.3 1.35
v 1.050 1.3 1.3
v -2.050 1.4 1.3
v -2.050 1.4 1.35
v 1.050 1.4 1.35
v 1.050 1.4 1.3
usemtl Timber
s off
f 156 155 154 153
f 157 158 159 160
f 153 154 158 157
f 154 155 159 158
f 155 156 160 159
f 156 153 157 160
o Cut.Roof.Timber.Plate
v -2.090 2.26 1.3
v -2.090 2.26 1.37
v 1.090 2.26 1.37
v 1.090 2.26 1.3
v -2.090 2.4 1.3
v -2.090 2.4 1.37
v 1.090 2.4 1.37
v 1.090 2.4 1.3
usemtl Timber
s off
f 164 163 162 161
f 165 166 167 168
f 161 162 166 165
f 162 163 167 166
f 163 164 168 167
f 164 161 165 168
o Cut.Roof.Band
v -2.050 2.04 1.3
v -2.050 2.04 1.34
v 1.050 2.04 1.34
v 1.050 2.04 1.3
v -2.050 2.24 1.3
v -2.050 2.24 1.34
v 1.050 2.24 1.34
v 1.050 2.24 1.3
usemtl Paint
s off
f 172 171 170 169
f 173 174 175 176
f 169 170 174 173
f 170 171 175 174
f 171 172 176 175
f 172 169 173 176
o Cut.Wall.Timber.Post
v 0.970 0.35 -1.36
v 0.970 0.35 -1.3
v 1.130 0.35 -1.3
v 1.130 0.35 -1.36
v 0.970 2.4 -1.36
v 0.970 2.4 -1.3
v 1.130 2.4 -1.3
v 1.130 2.4 -1.36
usemtl Timber
s off
f 180 179 178 177
f 181 182 183 184
f 177 178 182 181
f 178 179 183 182
f 179 180 184 183
f 180 177 181 184
o Cut.Wall.Timber.Post
v -0.580 0.35 -1.36
v -0.580 0.35 -1.3
v -0.420 0.35 -1.3
v -0.420 0.35 -1.36
v -0.580 2.4 -1.36
v -0.580 2.4 -1.3
v -0.420 2.4 -1.3
v -0.420 2.4 -1.36
usemtl Timber
s off
f 188 187 186 185
f 189 190 191 192
f 185 186 190 189
f 186 187 191 190
f 187 188 192 191
f 188 185 189 192
o Cut.Wall.Timber.Post
v -2.130 0.35 -1.36
v -2.130 0.35 -1.3
v -1.970 0.35 -1.3
v -1.970 0.35 -1.36
v -2.130 2.4 -1.36
v -2.130 2.4 -1.3
v -1.970 2.4 -1.3
v -1.970 2.4 -1.36
usemtl Timber
s off
f 196 195 194 193
f 197 198 199 200
f 193 194 198 197
f 194 195 199 198
f 195 196 200 199
f 196 193 197 200
o Cut.Wall.Timber.Sill
v -2.050 0.35 -1.36
v -2.050 0.35 -1.3
v 1.050 0.35 -1.3
v 1.050 0.35 -1.36
v -2.050 0.47 -1.36
v -2.050 0.47 -1.3
v 1.050 0.47 -1.3
v 1.050 0.47 -1.36
usemtl Timber
s off
f 204 203 202 201
f 205 206 207 208
f 201 202 206 205
f 202 203 207 206
f 203 204 208 207
f 204 201 205 208
o Cut.Wall.Timber.Rail
v -2.050 1.3 -1.35
v -2.050 1.3 -1.3
v 1.050 1.3 -1.3
v 1.050 1.3 -1.35
v -2.050 1.4 -1.35
v -2.050 1.4 -1.3
v 1.050 1.4 -1.3
v 1.050 1.4 -1.35
usemtl Timber
s off
f 212 211 210 209
f 213 214 215 216
f 209 210 214 213
f 210 211 215 214
f 211 212 216 215
f 212 209 213 216
o Cut.Roof.Timber.Plate
v -2.090 2.26 -1.37
v -2.090 2.26 -1.3
v 1.090 2.26 -1.3
v 1.090 2.26 -1.37
v -2.090 2.4 -1.37
v -2.090 2.4 -1.3
v 1.090 2.4 -1.3
v 1.090 2.4 -1.37
usemtl Timber
s off
f 220 219 218 217
f 221 222 223 224
f 217 218 222 221
f 218 219 223 222
f 219 220 224 223
f 220 217 221 224
o Cut.Roof.Band
v -2.050 2.04 -1.34
v -2.050 2.04 -1.3
v 1.050 2.04 -1.3
v 1.050 2.04 -1.34
v -2.050 2.24 -1.34
v -2.050 2.24 -1.3
v 1.050 2.24 -1.3
v 1.050 2.24 -1.34
usemtl Paint
s off
f 228 227 226 225
f 229 230 231 232
f 225 226 230 229
f 226 227 231 230
f 227 228 232 231
f 228 225 229 232
o Cut.Wall.Timber.Post
v -2.110 0.35 -1.38
v -2.110 0.35 -1.22
v -2.050 0.35 -1.22
v -2.050 0.35 -1.38
v -2.110 2.4 -1.38
v -2.110 2.4 -1.22
v -2.050 2.4 -1.22
v -2.050 2.4 -1.38
usemtl Timber
s off
f 236 235 234 233
f 237 238 239 240
f 233 234 238 237
f 234 235 239 238
f 235 236 240 239
f 236 233 237 240
o Cut.Wall.Timber.Post
v -2.110 0.35 -0.08
v -2.110 0.35 0.08
v -2.050 0.35 0.08
v -2.050 0.35 -0.08
v -2.110 2.4 -0.08
v -2.110 2.4 0.08
v -2.050 2.4 0.08
v -2.050 2.4 -0.08
usemtl Timber
s off
f 244 243 242 241
f 245 246 247 248
f 241 242 246 245
f 242 243 247 246
f 243 244 248 247
f 244 241 245 248
o Cut.Wall.Timber.Post
v -2.110 0.35 1.22
v -2.110 0.35 1.38
v -2.050 0.35 1.38
v -2.050 0.35 1.22
v -2.110 2.4 1.22
v -2.110 2.4 1.38
v -2.050 2.4 1.38
v -2.050 2.4 1.22
usemtl Timber
s off
f 252 251 250 249
f 253 254 255 256
f 249 250 254 253
f 250 251 255 254
f 251 252 256 255
f 252 249 253 256
o Cut.Wall.Timber.Sill
v -2.110 0.35 -1.3
v -2.110 0.35 1.3
v -2.050 0.35 1.3
v -2.050 0.35 -1.3
v -2.110 0.47 -1.3
v -2.110 0.47 1.3
v -2.050 0.47 1.3
v -2.050 0.47 -1.3
usemtl Timber
s off
f 260 259 258 257
f 261 262 263 264
f 257 258 262 261
f 258 259 263 262
f 259 260 264 263
f 260 257 261 264
o Cut.Wall.Timber.Rail
v -2.100 1.3 -1.3
v -2.100 1.3 1.3
v -2.050 1.3 1.3
v -2.050 1.3 -1.3
v -2.100 1.4 -1.3
v -2.100 1.4 1.3
v -2.050 1.4 1.3
v -2.050 1.4 -1.3
usemtl Timber
s off
f 268 267 266 265
f 269 270 271 272
f 265 266 270 269
f 266 267 271 270
f 267 268 272 271
f 268 265 269 272
o Cut.Roof.Timber.Plate
v -2.120 2.26 -1.34
v -2.120 2.26 1.34
v -2.050 2.26 1.34
v -2.050 2.26 -1.34
v -2.120 2.4 -1.34
v -2.120 2.4 1.34
v -2.050 2.4 1.34
v -2.050 2.4 -1.34
usemtl Timber
s off
f 276 275 274 273
f 277 278 279 280
f 273 274 278 277
f 274 275 279 278
f 275 276 280 279
f 276 273 277 280
o Cut.Roof.Band
v -2.090 2.04 -1.3
v -2.090 2.04 1.3
v -2.050 2.04 1.3
v -2.050 2.04 -1.3
v -2.090 2.24 -1.3
v -2.090 2.24 1.3
v -2.050 2.24 1.3
v -2.050 2.24 -1.3
usemtl Paint
s off
f 284 283 282 281
f 285 286 287 288
f 281 282 286 285
f 282 283 287 286
f 283 284 288 287
f 284 281 285 288
o Cut.Wall.Timber.Post
v 1.050 0.35 1.22
v 1.050 0.35 1.38
v 1.110 0.35 1.38
v 1.110 0.35 1.22
v 1.050 2.4 1.22
v 1.050 2.4 1.38
v 1.110 2.4 1.38
v 1.110 2.4 1.22
usemtl Timber
s off
f 292 291 290 289
f 293 294 295 296
f 289 290 294 293
f 290 291 295 294
f 291 292 296 295
f 292 289 293 296
o Cut.Wall.Timber.Post
v 1.050 0.35 -0.08
v 1.050 0.35 0.08
v 1.110 0.35 0.08
v 1.110 0.35 -0.08
v 1.050 2.4 -0.08
v 1.050 2.4 0.08
v 1.110 2.4 0.08
v 1.110 2.4 -0.08
usemtl Timber
s off
f 300 299 298 297
f 301 302 303 304
f 297 298 302 301
f 298 299 303 302
f 299 300 304 303
f 300 297 301 304
o Cut.Wall.Timber.Post
v 1.050 0.35 -1.38
v 1.050 0.35 -1.22
v 1.110 0.35 -1.22
v 1.110 0.35 -1.38
v 1.050 2.4 -1.38
v 1.050 2.4 -1.22
v 1.110 2.4 -1.22
v 1.110 2.4 -1.38
usemtl Timber
s off
f 308 307 306 305
f 309 310 311 312
f 305 306 310 309
f 306 307 311 310
f 307 308 312 311
f 308 305 309 312
o Cut.Wall.Timber.Sill
v 1.050 0.35 -1.3
v 1.050 0.35 1.3
v 1.110 0.35 1.3
v 1.110 0.35 -1.3
v 1.050 0.47 -1.3
v 1.050 0.47 1.3
v 1.110 0.47 1.3
v 1.110 0.47 -1.3
usemtl Timber
s off
f 316 315 314 313
f 317 318 319 320
f 313 314 318 317
f 314 315 319 318
f 315 316 320 319
f 316 313 317 320
o Cut.Wall.Timber.Rail
v 1.050 1.3 -1.3
v 1.050 1.3 1.3
v 1.100 1.3 1.3
v 1.100 1.3 -1.3
v 1.050 1.4 -1.3
v 1.050 1.4 1.3
v 1.100 1.4 1.3
v 1.100 1.4 -1.3
usemtl Timber
s off
f 324 323 322 321
f 325 326 327 328
f 321 322 326 325
f 322 323 327 326
f 323 324 328 327
f 324 321 325 328
o Cut.Roof.Timber.Plate
v 1.050 2.26 -1.34
v 1.050 2.26 1.34
v 1.120 2.26 1.34
v 1.120 2.26 -1.34
v 1.050 2.4 -1.34
v 1.050 2.4 1.34
v 1.120 2.4 1.34
v 1.120 2.4 -1.34
usemtl Timber
s off
f 332 331 330 329
f 333 334 335 336
f 329 330 334 333
f 330 331 335 334
f 331 332 336 335
f 332 329 333 336
o Cut.Roof.Band
v 1.050 2.04 -1.3
v 1.050 2.04 1.3
v 1.090 2.04 1.3
v 1.090 2.04 -1.3
v 1.050 2.24 -1.3
v 1.050 2.24 1.3
v 1.090 2.24 1.3
v 1.090 2.24 -1.3
usemtl Paint
s off
f 340 339 338 337
f 341 342 343 344
f 337 338 342 341
f 338 339 343 342
f 339 340 344 343
f 340 337 341 344
o Cut.Wall.Brace
v -1.983 0.5 1.375
v -1.983 0.5 1.285
v -1.917 0.44 1.285
v -1.917 0.44 1.375
v -1.233 1.33 1.375
v -1.233 1.33 1.285
v -1.167 1.27 1.285
v -1.167 1.27 1.375
usemtl Timber
s off
f 348 347 346 345
f 349 350 351 352
f 345 346 350 349
f 346 347 351 350
f 347 348 352 351
f 348 345 349 352
o Cut.Wall.Brace
v 0.983 0.5 1.285
v 0.983 0.5 1.375
v 0.917 0.44 1.375
v 0.917 0.44 1.285
v 0.233 1.33 1.285
v 0.233 1.33 1.375
v 0.167 1.27 1.375
v 0.167 1.27 1.285
usemtl Timber
s off
f 356 355 354 353
f 357 358 359 360
f 353 354 358 357
f 354 355 359 358
f 355 356 360 359
f 356 353 357 360
o Cut.Wall.Door
v -0.170 0.35 1.3
v -0.170 0.35 1.36
v 0.670 0.35 1.36
v 0.670 0.35 1.3
v -0.170 2.15 1.3
v -0.170 2.15 1.36
v 0.670 2.15 1.36
v 0.670 2.15 1.3
usemtl Wood
s off
f 364 363 362 361
f 365 366 367 368
f 361 362 366 365
f 362 363 367 366
f 363 364 368 367
f 364 361 365 368
o Cut.Wall.Door.Seam
v 0.028 0.39 1.36
v 0.028 0.39 1.368
v 0.052 0.39 1.368
v 0.052 0.39 1.36
v 0.028 2.11 1.36
v 0.028 2.11 1.368
v 0.052 2.11 1.368
v 0.052 2.11 1.36
usemtl WoodDark
s off
f 372 371 370 369
f 373 374 375 376
f 369 370 374 373
f 370 371 375 374
f 371 372 376 375
f 372 369 373 376
o Cut.Wall.Door.Seam
v 0.238 0.39 1.36
v 0.238 0.39 1.368
v 0.262 0.39 1.368
v 0.262 0.39 1.36
v 0.238 2.11 1.36
v 0.238 2.11 1.368
v 0.262 2.11 1.368
v 0.262 2.11 1.36
usemtl WoodDark
s off
f 380 379 378 377
f 381 382 383 384
f 377 378 382 381
f 378 379 383 382
f 379 380 384 383
f 380 377 381 384
o Cut.Wall.Door.Seam
v 0.448 0.39 1.36
v 0.448 0.39 1.368
v 0.472 0.39 1.368
v 0.472 0.39 1.36
v 0.448 2.11 1.36
v 0.448 2.11 1.368
v 0.472 2.11 1.368
v 0.472 2.11 1.36
usemtl WoodDark
s off
f 388 387 386 385
f 389 390 391 392
f 385 386 390 389
f 386 387 391 390
f 387 388 392 391
f 388 385 389 392
o Cut.Wall.Door.Hinge
v -0.140 0.7 1.36
v -0.140 0.7 1.375
v 0.418 0.7 1.375
v 0.418 0.7 1.36
v -0.140 0.76 1.36
v -0.140 0.76 1.375
v 0.418 0.76 1.375
v 0.418 0.76 1.36
usemtl Iron
s off
f 396 395 394 393
f 397 398 399 400
f 393 394 398 397
f 394 395 399 398
f 395 396 400 399
f 396 393 397 400
o Cut.Wall.Door.Hinge
v -0.140 1.7 1.36
v -0.140 1.7 1.375
v 0.418 1.7 1.375
v 0.418 1.7 1.36
v -0.140 1.76 1.36
v -0.140 1.76 1.375
v 0.418 1.76 1.375
v 0.418 1.76 1.36
usemtl Iron
s off
f 404 403 402 401
f 405 406 407 408
f 401 402 406 405
f 402 403 407 406
f 403 404 408 407
f 404 401 405 408
o Cut.Wall.Door.Handle
v 0.523 1.196 1.36
v 0.502 1.196 1.372
v 0.502 1.196 1.388
v 0.523 1.196 1.4
v 0.551 1.196 1.4
v 0.572 1.196 1.388
v 0.572 1.196 1.372
v 0.551 1.196 1.36
v 0.523 1.286 1.36
v 0.502 1.286 1.372
v 0.502 1.286 1.388
v 0.523 1.286 1.4
v 0.551 1.286 1.4
v 0.572 1.286 1.388
v 0.572 1.286 1.372
v 0.551 1.286 1.36
usemtl Iron
s off
f 416 415 414 413 412 411 410 409
f 417 418 419 420 421 422 423 424
f 409 410 418 417
f 410 411 419 418
f 411 412 420 419
f 412 413 421 420
f 413 414 422 421
f 414 415 423 422
f 415 416 424 423
f 416 409 417 424
o Cut.Wall.Door.Frame
v -0.300 0.35 1.3
v -0.300 0.35 1.39
v -0.170 0.35 1.39
v -0.170 0.35 1.3
v -0.300 2.3 1.3
v -0.300 2.3 1.39
v -0.170 2.3 1.39
v -0.170 2.3 1.3
usemtl Timber
s off
f 428 427 426 425
f 429 430 431 432
f 425 426 430 429
f 426 427 431 430
f 427 428 432 431
f 428 425 429 432
o Cut.Wall.Door.Frame
v 0.670 0.35 1.3
v 0.670 0.35 1.39
v 0.800 0.35 1.39
v 0.800 0.35 1.3
v 0.670 2.3 1.3
v 0.670 2.3 1.39
v 0.800 2.3 1.39
v 0.800 2.3 1.3
usemtl Timber
s off
f 436 435 434 433
f 437 438 439 440
f 433 434 438 437
f 434 435 439 438
f 435 436 440 439
f 436 433 437 440
o Cut.Wall.Door.Frame
v -0.300 2.15 1.3
v -0.300 2.15 1.4
v 0.800 2.15 1.4
v 0.800 2.15 1.3
v -0.300 2.3 1.3
v -0.300 2.3 1.4
v 0.800 2.3 1.4
v 0.800 2.3 1.3
usemtl Timber
s off
f 444 443 442 441
f 445 446 447 448
f 441 442 446 445
f 442 443 447 446
f 443 444 448 447
f 444 441 445 448
o Cut.Wall.Door.Band
v -0.170 0.6 1.36
v -0.170 0.6 1.38
v 0.670 0.6 1.38
v 0.670 0.6 1.36
v -0.170 0.67 1.36
v -0.170 0.67 1.38
v 0.670 0.67 1.38
v 0.670 0.67 1.36
usemtl Iron
s off
f 452 451 450 449
f 453 454 455 456
f 449 450 454 453
f 450 451 455 454
f 451 452 456 455
f 452 449 453 456
o Cut.Wall.Door.Band
v -0.170 1.25 1.36
v -0.170 1.25 1.38
v 0.670 1.25 1.38
v 0.670 1.25 1.36
v -0.170 1.32 1.36
v -0.170 1.32 1.38
v 0.670 1.32 1.38
v 0.670 1.32 1.36
usemtl Iron
s off
f 460 459 458 457
f 461 462 463 464
f 457 458 462 461
f 458 459 463 462
f 459 460 464 463
f 460 457 461 464
o Cut.Wall.Door.Band
v -0.170 1.9 1.36
v -0.170 1.9 1.38
v 0.670 1.9 1.38
v 0.670 1.9 1.36
v -0.170 1.97 1.36
v -0.170 1.97 1.38
v 0.670 1.97 1.38
v 0.670 1.97 1.36
usemtl Iron
s off
f 468 467 466 465
f 469 470 471 472
f 465 466 470 469
f 466 467 471 470
f 467 468 472 471
f 468 465 469 472
o Step
v -0.190 0 1.32
v -0.300 0 1.358
v -0.300 0 1.662
v -0.190 0 1.7
v 0.690 0 1.7
v 0.800 0 1.662
v 0.800 0 1.358
v 0.690 0 1.32
v -0.190 0.35 1.32
v -0.300 0.35 1.358
v -0.300 0.35 1.662
v -0.190 0.35 1.7
v 0.690 0.35 1.7
v 0.800 0.35 1.662
v 0.800 0.35 1.358
v 0.690 0.35 1.32
usemtl StoneLight
s off
f 480 479 478 477 476 475 474 473
f 481 482 483 484 485 486 487 488
f 473 474 482 481
f 474 475 483 482
f 475 476 484 483
f 476 477 485 484
f 477 478 486 485
f 478 479 487 486
f 479 480 488 487
f 480 473 481 488
o Cut.Roof.Shield
v 0.050 2.42 1.37
v 0.450 2.42 1.37
v 0.450 2.16 1.37
v 0.250 1.92 1.37
v 0.050 2.16 1.37
v 0.050 2.42 1.42
v 0.450 2.42 1.42
v 0.450 2.16 1.42
v 0.250 1.92 1.42
v 0.050 2.16 1.42
usemtl Paint
s off
f 493 492 491 490 489
f 494 495 496 497 498
f 489 490 495 494
f 490 491 496 495
f 491 492 497 496
f 492 493 498 497
f 493 489 494 498
o Cut.Roof.Shield.Stripe
v 0.112 2.401 1.455
v 0.112 2.401 1.395
v 0.068 2.359 1.395
v 0.068 2.359 1.455
v 0.432 2.061 1.455
v 0.432 2.061 1.395
v 0.388 2.019 1.395
v 0.388 2.019 1.455
usemtl Canvas
s off
f 502 501 500 499
f 503 504 505 506
f 499 500 504 503
f 500 501 505 504
f 501 502 506 505
f 502 499 503 506
o Cut.Roof
v -2.350 2.3 1.72
v -2.350 2.536 1.474
v -2.350 2.656 1.474
v -2.350 2.492 1.72
v 1.350 2.3 1.72
v 1.350 2.536 1.474
v 1.350 2.656 1.474
v 1.350 2.492 1.72
usemtl Shingle
s off
f 510 509 508 507
f 511 512 513 514
f 507 508 512 511
f 508 509 513 512
f 509 510 514 513
f 510 507 511 514
o Cut.Roof
v -2.350 2.536 1.474
v -2.350 2.771 1.229
v -2.350 2.891 1.229
v -2.350 2.728 1.474
v 1.350 2.536 1.474
v 1.350 2.771 1.229
v 1.350 2.891 1.229
v 1.350 2.728 1.474
usemtl Shingle
s off
f 518 517 516 515
f 519 520 521 522
f 515 516 520 519
f 516 517 521 520
f 517 518 522 521
f 518 515 519 522
o Cut.Roof
v -2.350 2.771 1.229
v -2.350 3.007 0.983
v -2.350 3.127 0.983
v -2.350 2.963 1.229
v 1.350 2.771 1.229
v 1.350 3.007 0.983
v 1.350 3.127 0.983
v 1.350 2.963 1.229
usemtl Shingle
s off
f 526 525 524 523
f 527 528 529 530
f 523 524 528 527
f 524 525 529 528
f 525 526 530 529
f 526 523 527 530
o Cut.Roof
v -2.350 3.007 0.983
v -2.350 3.243 0.737
v -2.350 3.363 0.737
v -2.350 3.199 0.983
v 1.350 3.007 0.983
v 1.350 3.243 0.737
v 1.350 3.363 0.737
v 1.350 3.199 0.983
usemtl Shingle
s off
f 534 533 532 531
f 535 536 537 538
f 531 532 536 535
f 532 533 537 536
f 533 534 538 537
f 534 531 535 538
o Cut.Roof
v -2.350 3.243 0.737
v -2.350 3.479 0.491
v -2.350 3.599 0.491
v -2.350 3.435 0.737
v 1.350 3.243 0.737
v 1.350 3.479 0.491
v 1.350 3.599 0.491
v 1.350 3.435 0.737
usemtl Shingle
s off
f 542 541 540 539
f 543 544 545 546
f 539 540 544 543
f 540 541 545 544
f 541 542 546 545
f 542 539 543 546
o Cut.Roof
v -2.350 3.479 0.491
v -2.350 3.714 0.246
v -2.350 3.834 0.246
v -2.350 3.671 0.491
v 1.350 3.479 0.491
v 1.350 3.714 0.246
v 1.350 3.834 0.246
v 1.350 3.671 0.491
usemtl Shingle
s off
f 550 549 548 547
f 551 552 553 554
f 547 548 552 551
f 548 549 553 552
f 549 550 554 553
f 550 547 551 554
o Cut.Roof
v -2.350 3.714 0.246
v -2.350 3.95 0
v -2.350 4.07 0
v -2.350 3.834 0.246
v 1.350 3.714 0.246
v 1.350 3.95 0
v 1.350 4.07 0
v 1.350 3.834 0.246
usemtl Shingle
s off
f 558 557 556 555
f 559 560 561 562
f 555 556 560 559
f 556 557 561 560
f 557 558 562 561
f 558 555 559 562
o Cut.Roof
v -2.350 2.3 -1.72
v -2.350 2.536 -1.474
v -2.350 2.656 -1.474
v -2.350 2.492 -1.72
v 1.350 2.3 -1.72
v 1.350 2.536 -1.474
v 1.350 2.656 -1.474
v 1.350 2.492 -1.72
usemtl Shingle
s off
f 566 565 564 563
f 567 568 569 570
f 563 564 568 567
f 564 565 569 568
f 565 566 570 569
f 566 563 567 570
o Cut.Roof
v -2.350 2.536 -1.474
v -2.350 2.771 -1.229
v -2.350 2.891 -1.229
v -2.350 2.728 -1.474
v 1.350 2.536 -1.474
v 1.350 2.771 -1.229
v 1.350 2.891 -1.229
v 1.350 2.728 -1.474
usemtl Shingle
s off
f 574 573 572 571
f 575 576 577 578
f 571 572 576 575
f 572 573 577 576
f 573 574 578 577
f 574 571 575 578
o Cut.Roof
v -2.350 2.771 -1.229
v -2.350 3.007 -0.983
v -2.350 3.127 -0.983
v -2.350 2.963 -1.229
v 1.350 2.771 -1.229
v 1.350 3.007 -0.983
v 1.350 3.127 -0.983
v 1.350 2.963 -1.229
usemtl Shingle
s off
f 582 581 580 579
f 583 584 585 586
f 579 580 584 583
f 580 581 585 584
f 581 582 586 585
f 582 579 583 586
o Cut.Roof
v -2.350 3.007 -0.983
v -2.350 3.243 -0.737
v -2.350 3.363 -0.737
v -2.350 3.199 -0.983
v 1.350 3.007 -0.983
v 1.350 3.243 -0.737
v 1.350 3.363 -0.737
v 1.350 3.199 -0.983
usemtl Shingle
s off
f 590 589 588 587
f 591 592 593 594
f 587 588 592 591
f 588 589 593 592
f 589 590 594 593
f 590 587 591 594
o Cut.Roof
v -2.350 3.243 -0.737
v -2.350 3.479 -0.491
v -2.350 3.599 -0.491
v -2.350 3.435 -0.737
v 1.350 3.243 -0.737
v 1.350 3.479 -0.491
v 1.350 3.599 -0.491
v 1.350 3.435 -0.737
usemtl Shingle
s off
f 598 597 596 595
f 599 600 601 602
f 595 596 600 599
f 596 597 601 600
f 597 598 602 601
f 598 595 599 602
o Cut.Roof
v -2.350 3.479 -0.491
v -2.350 3.714 -0.246
v -2.350 3.834 -0.246
v -2.350 3.671 -0.491
v 1.350 3.479 -0.491
v 1.350 3.714 -0.246
v 1.350 3.834 -0.246
v 1.350 3.671 -0.491
usemtl Shingle
s off
f 606 605 604 603
f 607 608 609 610
f 603 604 608 607
f 604 605 609 608
f 605 606 610 609
f 606 603 607 610
o Cut.Roof
v -2.350 3.714 -0.246
v -2.350 3.95 0
v -2.350 4.07 0
v -2.350 3.834 -0.246
v 1.350 3.714 -0.246
v 1.350 3.95 0
v 1.350 4.07 0
v 1.350 3.834 -0.246
usemtl Shingle
s off
f 614 613 612 611
f 615 616 617 618
f 611 612 616 615
f 612 613 617 616
f 613 614 618 617
f 614 611 615 618
o Cut.Roof.Ridge
v -2.390 4.058 0.104
v -2.390 4.1 0
v -2.390 4.058 -0.104
v -2.390 3.973 -0.104
v -2.390 3.93 0
v -2.390 3.973 0.104
v 1.390 4.058 0.104
v 1.390 4.1 0
v 1.390 4.058 -0.104
v 1.390 3.973 -0.104
v 1.390 3.93 0
v 1.390 3.973 0.104
usemtl ShingleDark
s off
f 624 623 622 621 620 619
f 625 626 627 628 629 630
f 619 620 626 625
f 620 621 627 626
f 621 622 628 627
f 622 623 629 628
f 623 624 630 629
f 624 619 625 630
o Cut.Roof.Gable
v -2.050 2.4 -1.3
v -2.050 2.4 1.3
v -2.050 3.85 0
v 1.050 2.4 -1.3
v 1.050 2.4 1.3
v 1.050 3.85 0
usemtl PlasterGrey
s off
f 633 632 631
f 634 635 636
f 631 632 635 634
f 632 633 636 635
f 633 631 634 636
o Cut.Roof.Gable.KingPost
v -2.035 2.4 -0.045
v -2.035 2.4 0.045
v -2.125 2.4 0.045
v -2.125 2.4 -0.045
v -2.035 3.75 -0.045
v -2.035 3.75 0.045
v -2.125 3.75 0.045
v -2.125 3.75 -0.045
usemtl Timber
s off
f 640 639 638 637
f 641 642 643 644
f 637 638 642 641
f 638 639 643 642
f 639 640 644 643
f 640 637 641 644
o Cut.Roof.Gable.Brace
v -2.120 2.43 -1.227
v -2.040 2.43 -1.227
v -2.040 2.37 -1.173
v -2.120 2.37 -1.173
v -2.120 3.205 -0.377
v -2.040 3.205 -0.377
v -2.040 3.145 -0.323
v -2.120 3.145 -0.323
usemtl Timber
s off
f 648 647 646 645
f 649 650 651 652
f 645 646 650 649
f 646 647 651 650
f 647 648 652 651
f 648 645 649 652
o Cut.Roof.Gable.Barge
v -2.430 2.382 -1.723
v -2.310 2.382 -1.723
v -2.310 2.298 -1.637
v -2.430 2.298 -1.637
v -2.430 4.092 -0.043
v -2.310 4.092 -0.043
v -2.310 4.008 0.043
v -2.430 4.008 0.043
usemtl Timber
s off
f 656 655 654 653
f 657 658 659 660
f 653 654 658 657
f 654 655 659 658
f 655 656 660 659
f 656 653 657 660
o Cut.Roof.Gable.Brace
v -2.040 2.43 1.227
v -2.120 2.43 1.227
v -2.120 2.37 1.173
v -2.040 2.37 1.173
v -2.040 3.205 0.377
v -2.120 3.205 0.377
v -2.120 3.145 0.323
v -2.040 3.145 0.323
usemtl Timber
s off
f 664 663 662 661
f 665 666 667 668
f 661 662 666 665
f 662 663 667 666
f 663 664 668 667
f 664 661 665 668
o Cut.Roof.Gable.Barge
v -2.310 2.382 1.723
v -2.430 2.382 1.723
v -2.430 2.298 1.637
v -2.310 2.298 1.637
v -2.310 4.092 0.043
v -2.430 4.092 0.043
v -2.430 4.008 -0.043
v -2.310 4.008 -0.043
usemtl Timber
s off
f 672 671 670 669
f 673 674 675 676
f 669 670 674 673
f 670 671 675 674
f 671 672 676 675
f 672 669 673 676
o Cut.Roof.Gable.KingPost
v 1.125 2.4 -0.045
v 1.125 2.4 0.045
v 1.035 2.4 0.045
v 1.035 2.4 -0.045
v 1.125 3.75 -0.045
v 1.125 3.75 0.045
v 1.035 3.75 0.045
v 1.035 3.75 -0.045
usemtl Timber
s off
f 680 679 678 677
f 681 682 683 684
f 677 678 682 681
f 678 679 683 682
f 679 680 684 683
f 680 677 681 684
o Cut.Roof.Gable.Brace
v 1.040 2.43 -1.227
v 1.120 2.43 -1.227
v 1.120 2.37 -1.173
v 1.040 2.37 -1.173
v 1.040 3.205 -0.377
v 1.120 3.205 -0.377
v 1.120 3.145 -0.323
v 1.040 3.145 -0.323
usemtl Timber
s off
f 688 687 686 685
f 689 690 691 692
f 685 686 690 689
f 686 687 691 690
f 687 688 692 691
f 688 685 689 692
o Cut.Roof.Gable.Barge
v 1.310 2.382 -1.723
v 1.430 2.382 -1.723
v 1.430 2.298 -1.637
v 1.310 2.298 -1.637
v 1.310 4.092 -0.043
v 1.430 4.092 -0.043
v 1.430 4.008 0.043
v 1.310 4.008 0.043
usemtl Timber
s off
f 696 695 694 693
f 697 698 699 700
f 693 694 698 697
f 694 695 699 698
f 695 696 700 699
f 696 693 697 700
o Cut.Roof.Gable.Brace
v 1.120 2.43 1.227
v 1.040 2.43 1.227
v 1.040 2.37 1.173
v 1.120 2.37 1.173
v 1.120 3.205 0.377
v 1.040 3.205 0.377
v 1.040 3.145 0.323
v 1.120 3.145 0.323
usemtl Timber
s off
f 704 703 702 701
f 705 706 707 708
f 701 702 706 705
f 702 703 707 706
f 703 704 708 707
f 704 701 705 708
o Cut.Roof.Gable.Barge
v 1.430 2.382 1.723
v 1.310 2.382 1.723
v 1.310 2.298 1.637
v 1.430 2.298 1.637
v 1.430 4.092 0.043
v 1.310 4.092 0.043
v 1.310 4.008 -0.043
v 1.430 4.008 -0.043
usemtl Timber
s off
f 712 711 710 709
f 713 714 715 716
f 709 710 714 713
f 710 711 715 714
f 711 712 716 715
f 712 709 713 716
o Rack.Post
v -1.810 0.35 -1.06
v -1.810 0.35 -0.94
v -1.690 0.35 -0.94
v -1.690 0.35 -1.06
v -1.810 1.8 -1.06
v -1.810 1.8 -0.94
v -1.690 1.8 -0.94
v -1.690 1.8 -1.06
usemtl Timber
s off
f 720 719 718 717
f 721 722 723 724
f 717 718 722 721
f 718 719 723 722
f 719 720 724 723
f 720 717 721 724
o Rack.Foot
v -1.810 0.35 -1.3
v -1.810 0.35 -0.7
v -1.690 0.35 -0.7
v -1.690 0.35 -1.3
v -1.810 0.43 -1.3
v -1.810 0.43 -0.7
v -1.690 0.43 -0.7
v -1.690 0.43 -1.3
usemtl Timber
s off
f 728 727 726 725
f 729 730 731 732
f 725 726 730 729
f 726 727 731 730
f 727 728 732 731
f 728 725 729 732
o Rack.Post
v 0.690 0.35 -1.06
v 0.690 0.35 -0.94
v 0.810 0.35 -0.94
v 0.810 0.35 -1.06
v 0.690 1.8 -1.06
v 0.690 1.8 -0.94
v 0.810 1.8 -0.94
v 0.810 1.8 -1.06
usemtl Timber
s off
f 736 735 734 733
f 737 738 739 740
f 733 734 738 737
f 734 735 739 738
f 735 736 740 739
f 736 733 737 740
o Rack.Foot
v 0.690 0.35 -1.3
v 0.690 0.35 -0.7
v 0.810 0.35 -0.7
v 0.810 0.35 -1.3
v 0.690 0.43 -1.3
v 0.690 0.43 -0.7
v 0.810 0.43 -0.7
v 0.810 0.43 -1.3
usemtl Timber
s off
f 744 743 742 741
f 745 746 747 748
f 741 742 746 745
f 742 743 747 746
f 743 744 748 747
f 744 741 745 748
o Rack.Rail
v -1.810 0.55 -1.04
v -1.810 0.55 -0.96
v 0.810 0.55 -0.96
v 0.810 0.55 -1.04
v -1.810 0.63 -1.04
v -1.810 0.63 -0.96
v 0.810 0.63 -0.96
v 0.810 0.63 -1.04
usemtl Wood
s off
f 752 751 750 749
f 753 754 755 756
f 749 750 754 753
f 750 751 755 754
f 751 752 756 755
f 752 749 753 756
o Rack.Rail
v -1.810 1.65 -1.04
v -1.810 1.65 -0.96
v 0.810 1.65 -0.96
v 0.810 1.65 -1.04
v -1.810 1.73 -1.04
v -1.810 1.73 -0.96
v 0.810 1.73 -0.96
v 0.810 1.73 -1.04
usemtl Wood
s off
f 760 759 758 757
f 761 762 763 764
f 757 758 762 761
f 758 759 763 762
f 759 760 764 763
f 760 757 761 764
o Stock.0
v -1.616 0.417 -0.967
v -1.616 0.414 -0.937
v -1.644 0.423 -0.937
v -1.644 0.426 -0.967
v -1.560 0.578 -0.958
v -1.560 0.575 -0.921
v -1.595 0.587 -0.92
v -1.595 0.59 -0.957
usemtl Wood
s off
f 768 767 766 765
f 769 770 771 772
f 765 766 770 769
f 766 767 771 770
f 767 768 772 771
f 768 765 769 772
o Stock.0
v -1.559 0.58 -0.958
v -1.559 0.577 -0.921
v -1.596 0.585 -0.92
v -1.596 0.588 -0.957
v -1.518 0.742 -0.949
v -1.518 0.738 -0.904
v -1.562 0.748 -0.903
v -1.562 0.752 -0.948
usemtl Wood
s off
f 776 775 774 773
f 777 778 779 780
f 773 774 778 777
f 774 775 779 778
f 775 776 780 779
f 776 773 777 780
o Stock.0
v -1.518 0.744 -0.949
v -1.518 0.74 -0.904
v -1.562 0.746 -0.903
v -1.562 0.75 -0.948
v -1.491 0.906 -0.939
v -1.491 0.902 -0.887
v -1.544 0.909 -0.887
v -1.544 0.913 -0.939
usemtl Wood
s off
f 784 783 782 781
f 785 786 787 788
f 781 782 786 785
f 782 783 787 786
f 783 784 788 787
f 784 781 785 788
o Stock.0
v -1.491 0.908 -0.939
v -1.491 0.904 -0.887
v -1.544 0.907 -0.887
v -1.544 0.911 -0.939
v -1.480 1.071 -0.93
v -1.480 1.066 -0.87
v -1.540 1.069 -0.87
v -1.540 1.074 -0.93
usemtl Wood
s off
f 792 791 790 789
f 793 794 795 796
f 789 790 794 793
f 790 791 795 794
f 791 792 796 795
f 792 789 793 796
o Stock.0
v -1.480 1.074 -0.93
v -1.480 1.069 -0.87
v -1.540 1.066 -0.87
v -1.540 1.071 -0.93
v -1.491 1.236 -0.913
v -1.491 1.232 -0.861
v -1.544 1.229 -0.861
v -1.544 1.233 -0.913
usemtl Wood
s off
f 800 799 798 797
f 801 802 803 804
f 797 798 802 801
f 798 799 803 802
f 799 800 804 803
f 800 797 801 804
o Stock.0
v -1.491 1.238 -0.913
v -1.491 1.234 -0.861
v -1.544 1.227 -0.861
v -1.544 1.231 -0.913
v -1.518 1.4 -0.896
v -1.518 1.396 -0.851
v -1.562 1.39 -0.852
v -1.562 1.394 -0.897
usemtl Wood
s off
f 808 807 806 805
f 809 810 811 812
f 805 806 810 809
f 806 807 811 810
f 807 808 812 811
f 808 805 809 812
o Stock.0
v -1.518 1.402 -0.896
v -1.518 1.398 -0.851
v -1.562 1.388 -0.852
v -1.562 1.392 -0.897
v -1.559 1.563 -0.879
v -1.559 1.56 -0.842
v -1.596 1.552 -0.843
v -1.596 1.555 -0.88
usemtl Wood
s off
f 816 815 814 813
f 817 818 819 820
f 813 814 818 817
f 814 815 819 818
f 815 816 820 819
f 816 813 817 820
o Stock.0
v -1.560 1.565 -0.879
v -1.560 1.562 -0.842
v -1.595 1.55 -0.843
v -1.595 1.553 -0.88
v -1.616 1.726 -0.863
v -1.616 1.723 -0.833
v -1.644 1.714 -0.833
v -1.644 1.717 -0.863
usemtl Wood
s off
f 824 823 822 821
f 825 826 827 828
f 821 822 826 825
f 822 823 827 826
f 823 824 828 827
f 824 821 825 828
o Stock.0.Grip
v -1.476 1.008 -0.94
v -1.476 1.002 -0.87
v -1.546 1.002 -0.87
v -1.546 1.008 -0.94
v -1.476 1.138 -0.93
v -1.476 1.132 -0.86
v -1.546 1.132 -0.86
v -1.546 1.138 -0.93
usemtl WoodDark
s off
f 832 831 830 829
f 833 834 835 836
f 829 830 834 833
f 830 831 835 834
f 831 832 836 835
f 832 829 833 836
o Stock.0.String
v -1.624 0.42 -0.958
v -1.624 0.42 -0.946
v -1.636 0.42 -0.946
v -1.636 0.42 -0.958
v -1.624 1.72 -0.854
v -1.624 1.72 -0.842
v -1.636 1.72 -0.842
v -1.636 1.72 -0.854
usemtl Canvas
s off
f 840 839 838 837
f 841 842 843 844
f 837 838 842 841
f 838 839 843 842
f 839 840 844 843
f 840 837 841 844
o Stock.1
v -1.421 0.417 -0.967
v -1.421 0.414 -0.937
v -1.450 0.423 -0.937
v -1.450 0.426 -0.967
v -1.365 0.578 -0.958
v -1.365 0.575 -0.921
v -1.401 0.587 -0.92
v -1.401 0.59 -0.957
usemtl Wood
s off
f 848 847 846 845
f 849 850 851 852
f 845 846 850 849
f 846 847 851 850
f 847 848 852 851
f 848 845 849 852
o Stock.1
v -1.365 0.58 -0.958
v -1.365 0.577 -0.921
v -1.401 0.585 -0.92
v -1.401 0.588 -0.957
v -1.324 0.742 -0.949
v -1.324 0.738 -0.904
v -1.367 0.748 -0.903
v -1.367 0.752 -0.948
usemtl Wood
s off
f 856 855 854 853
f 857 858 859 860
f 853 854 858 857
f 854 855 859 858
f 855 856 860 859
f 856 853 857 860
o Stock.1
v -1.323 0.744 -0.949
v -1.323 0.74 -0.904
v -1.368 0.746 -0.903
v -1.368 0.75 -0.948
v -1.297 0.906 -0.939
v -1.297 0.902 -0.887
v -1.349 0.909 -0.887
v -1.349 0.913 -0.939
usemtl Wood
s off
f 864 863 862 861
f 865 866 867 868
f 861 862 866 865
f 862 863 867 866
f 863 864 868 867
f 864 861 865 868
o Stock.1
v -1.297 0.908 -0.939
v -1.297 0.904 -0.887
v -1.349 0.907 -0.887
v -1.349 0.911 -0.939
v -1.285 1.071 -0.93
v -1.285 1.066 -0.87
v -1.345 1.069 -0.87
v -1.345 1.074 -0.93
usemtl Wood
s off
f 872 871 870 869
f 873 874 875 876
f 869 870 874 873
f 870 871 875 874
f 871 872 876 875
f 872 869 873 876
o Stock.1
v -1.285 1.074 -0.93
v -1.285 1.069 -0.87
v -1.345 1.066 -0.87
v -1.345 1.071 -0.93
v -1.297 1.236 -0.913
v -1.297 1.232 -0.861
v -1.349 1.229 -0.861
v -1.349 1.233 -0.913
usemtl Wood
s off
f 880 879 878 877
f 881 882 883 884
f 877 878 882 881
f 878 879 883 882
f 879 880 884 883
f 880 877 881 884
o Stock.1
v -1.297 1.238 -0.913
v -1.297 1.234 -0.861
v -1.349 1.227 -0.861
v -1.349 1.231 -0.913
v -1.323 1.4 -0.896
v -1.323 1.396 -0.851
v -1.368 1.39 -0.852
v -1.368 1.394 -0.897
usemtl Wood
s off
f 888 887 886 885
f 889 890 891 892
f 885 886 890 889
f 886 887 891 890
f 887 888 892 891
f 888 885 889 892
o Stock.1
v -1.324 1.402 -0.896
v -1.324 1.398 -0.851
v -1.367 1.388 -0.852
v -1.367 1.392 -0.897
v -1.365 1.563 -0.879
v -1.365 1.56 -0.842
v -1.401 1.552 -0.843
v -1.401 1.555 -0.88
usemtl Wood
s off
f 896 895 894 893
f 897 898 899 900
f 893 894 898 897
f 894 895 899 898
f 895 896 900 899
f 896 893 897 900
o Stock.1
v -1.365 1.565 -0.879
v -1.365 1.562 -0.842
v -1.401 1.55 -0.843
v -1.401 1.553 -0.88
v -1.421 1.726 -0.863
v -1.421 1.723 -0.833
v -1.450 1.714 -0.833
v -1.450 1.717 -0.863
usemtl Wood
s off
f 904 903 902 901
f 905 906 907 908
f 901 902 906 905
f 902 903 907 906
f 903 904 908 907
f 904 901 905 908
o Stock.1.Grip
v -1.282 1.008 -0.94
v -1.282 1.002 -0.87
v -1.352 1.002 -0.87
v -1.352 1.008 -0.94
v -1.282 1.138 -0.93
v -1.282 1.132 -0.86
v -1.352 1.132 -0.86
v -1.352 1.138 -0.93
usemtl WoodDark
s off
f 912 911 910 909
f 913 914 915 916
f 909 910 914 913
f 910 911 915 914
f 911 912 916 915
f 912 909 913 916
o Stock.1.String
v -1.429 0.42 -0.958
v -1.429 0.42 -0.946
v -1.441 0.42 -0.946
v -1.441 0.42 -0.958
v -1.429 1.72 -0.854
v -1.429 1.72 -0.842
v -1.441 1.72 -0.842
v -1.441 1.72 -0.854
usemtl Canvas
s off
f 920 919 918 917
f 921 922 923 924
f 917 918 922 921
f 918 919 923 922
f 919 920 924 923
f 920 917 921 924
o Stock.2
v -1.227 0.417 -0.967
v -1.227 0.414 -0.937
v -1.255 0.423 -0.937
v -1.255 0.426 -0.967
v -1.171 0.578 -0.958
v -1.171 0.575 -0.921
v -1.206 0.587 -0.92
v -1.206 0.59 -0.957
usemtl Wood
s off
f 928 927 926 925
f 929 930 931 932
f 925 926 930 929
f 926 927 931 930
f 927 928 932 931
f 928 925 929 932
o Stock.2
v -1.170 0.58 -0.958
v -1.170 0.577 -0.921
v -1.207 0.585 -0.92
v -1.207 0.588 -0.957
v -1.129 0.742 -0.949
v -1.129 0.738 -0.904
v -1.173 0.748 -0.903
v -1.173 0.752 -0.948
usemtl Wood
s off
f 936 935 934 933
f 937 938 939 940
f 933 934 938 937
f 934 935 939 938
f 935 936 940 939
f 936 933 937 940
o Stock.2
v -1.129 0.744 -0.949
v -1.129 0.74 -0.904
v -1.173 0.746 -0.903
v -1.173 0.75 -0.948
v -1.102 0.906 -0.939
v -1.102 0.902 -0.887
v -1.154 0.909 -0.887
v -1.154 0.913 -0.939
usemtl Wood
s off
f 944 943 942 941
f 945 946 947 948
f 941 942 946 945
f 942 943 947 946
f 943 944 948 947
f 944 941 945 948
o Stock.2
v -1.102 0.908 -0.939
v -1.102 0.904 -0.887
v -1.155 0.907 -0.887
v -1.155 0.911 -0.939
v -1.091 1.071 -0.93
v -1.091 1.066 -0.87
v -1.151 1.069 -0.87
v -1.151 1.074 -0.93
usemtl Wood
s off
f 952 951 950 949
f 953 954 955 956
f 949 950 954 953
f 950 951 955 954
f 951 952 956 955
f 952 949 953 956
o Stock.2
v -1.091 1.074 -0.93
v -1.091 1.069 -0.87
v -1.151 1.066 -0.87
v -1.151 1.071 -0.93
v -1.102 1.236 -0.913
v -1.102 1.232 -0.861
v -1.155 1.229 -0.861
v -1.155 1.233 -0.913
usemtl Wood
s off
f 960 959 958 957
f 961 962 963 964
f 957 958 962 961
f 958 959 963 962
f 959 960 964 963
f 960 957 961 964
o Stock.2
v -1.102 1.238 -0.913
v -1.102 1.234 -0.861
v -1.154 1.227 -0.861
v -1.154 1.231 -0.913
v -1.129 1.4 -0.896
v -1.129 1.396 -0.851
v -1.173 1.39 -0.852
v -1.173 1.394 -0.897
usemtl Wood
s off
f 968 967 966 965
f 969 970 971 972
f 965 966 970 969
f 966 967 971 970
f 967 968 972 971
f 968 965 969 972
o Stock.2
v -1.129 1.402 -0.896
v -1.129 1.398 -0.851
v -1.173 1.388 -0.852
v -1.173 1.392 -0.897
v -1.170 1.563 -0.879
v -1.170 1.56 -0.842
v -1.207 1.552 -0.843
v -1.207 1.555 -0.88
usemtl Wood
s off
f 976 975 974 973
f 977 978 979 980
f 973 974 978 977
f 974 975 979 978
f 975 976 980 979
f 976 973 977 980
o Stock.2
v -1.171 1.565 -0.879
v -1.171 1.562 -0.842
v -1.206 1.55 -0.843
v -1.206 1.553 -0.88
v -1.227 1.726 -0.863
v -1.227 1.723 -0.833
v -1.255 1.714 -0.833
v -1.255 1.717 -0.863
usemtl Wood
s off
f 984 983 982 981
f 985 986 987 988
f 981 982 986 985
f 982 983 987 986
f 983 984 988 987
f 984 981 985 988
o Stock.2.Grip
v -1.087 1.008 -0.94
v -1.087 1.002 -0.87
v -1.157 1.002 -0.87
v -1.157 1.008 -0.94
v -1.087 1.138 -0.93
v -1.087 1.132 -0.86
v -1.157 1.132 -0.86
v -1.157 1.138 -0.93
usemtl WoodDark
s off
f 992 991 990 989
f 993 994 995 996
f 989 990 994 993
f 990 991 995 994
f 991 992 996 995
f 992 989 993 996
o Stock.2.String
v -1.235 0.42 -0.958
v -1.235 0.42 -0.946
v -1.247 0.42 -0.946
v -1.247 0.42 -0.958
v -1.235 1.72 -0.854
v -1.235 1.72 -0.842
v -1.247 1.72 -0.842
v -1.247 1.72 -0.854
usemtl Canvas
s off
f 1000 999 998 997
f 1001 1002 1003 1004
f 997 998 1002 1001
f 998 999 1003 1002
f 999 1000 1004 1003
f 1000 997 1001 1004
o Stock.3
v -1.032 0.417 -0.967
v -1.032 0.414 -0.937
v -1.061 0.423 -0.937
v -1.061 0.426 -0.967
v -0.976 0.578 -0.958
v -0.976 0.575 -0.921
v -1.012 0.587 -0.92
v -1.012 0.59 -0.957
usemtl Wood
s off
f 1008 1007 1006 1005
f 1009 1010 1011 1012
f 1005 1006 1010 1009
f 1006 1007 1011 1010
f 1007 1008 1012 1011
f 1008 1005 1009 1012
o Stock.3
v -0.976 0.58 -0.958
v -0.976 0.577 -0.921
v -1.012 0.585 -0.92
v -1.012 0.588 -0.957
v -0.934 0.742 -0.949
v -0.934 0.738 -0.904
v -0.978 0.748 -0.903
v -0.978 0.752 -0.948
usemtl Wood
s off
f 1016 1015 1014 1013
f 1017 1018 1019 1020
f 1013 1014 1018 1017
f 1014 1015 1019 1018
f 1015 1016 1020 1019
f 1016 1013 1017 1020
o Stock.3
v -0.934 0.744 -0.949
v -0.934 0.74 -0.904
v -0.979 0.746 -0.903
v -0.979 0.75 -0.948
v -0.908 0.906 -0.939
v -0.908 0.902 -0.887
v -0.960 0.909 -0.887
v -0.960 0.913 -0.939
usemtl Wood
s off
f 1024 1023 1022 1021
f 1025 1026 1027 1028
f 1021 1022 1026 1025
f 1022 1023 1027 1026
f 1023 1024 1028 1027
f 1024 1021 1025 1028
o Stock.3
v -0.908 0.908 -0.939
v -0.908 0.904 -0.887
v -0.960 0.907 -0.887
v -0.960 0.911 -0.939
v -0.896 1.071 -0.93
v -0.896 1.066 -0.87
v -0.956 1.069 -0.87
v -0.956 1.074 -0.93
usemtl Wood
s off
f 1032 1031 1030 1029
f 1033 1034 1035 1036
f 1029 1030 1034 1033
f 1030 1031 1035 1034
f 1031 1032 1036 1035
f 1032 1029 1033 1036
o Stock.3
v -0.896 1.074 -0.93
v -0.896 1.069 -0.87
v -0.956 1.066 -0.87
v -0.956 1.071 -0.93
v -0.908 1.236 -0.913
v -0.908 1.232 -0.861
v -0.960 1.229 -0.861
v -0.960 1.233 -0.913
usemtl Wood
s off
f 1040 1039 1038 1037
f 1041 1042 1043 1044
f 1037 1038 1042 1041
f 1038 1039 1043 1042
f 1039 1040 1044 1043
f 1040 1037 1041 1044
o Stock.3
v -0.908 1.238 -0.913
v -0.908 1.234 -0.861
v -0.960 1.227 -0.861
v -0.960 1.231 -0.913
v -0.934 1.4 -0.896
v -0.934 1.396 -0.851
v -0.979 1.39 -0.852
v -0.979 1.394 -0.897
usemtl Wood
s off
f 1048 1047 1046 1045
f 1049 1050 1051 1052
f 1045 1046 1050 1049
f 1046 1047 1051 1050
f 1047 1048 1052 1051
f 1048 1045 1049 1052
o Stock.3
v -0.934 1.402 -0.896
v -0.934 1.398 -0.851
v -0.978 1.388 -0.852
v -0.978 1.392 -0.897
v -0.976 1.563 -0.879
v -0.976 1.56 -0.842
v -1.012 1.552 -0.843
v -1.012 1.555 -0.88
usemtl Wood
s off
f 1056 1055 1054 1053
f 1057 1058 1059 1060
f 1053 1054 1058 1057
f 1054 1055 1059 1058
f 1055 1056 1060 1059
f 1056 1053 1057 1060
o Stock.3
v -0.976 1.565 -0.879
v -0.976 1.562 -0.842
v -1.012 1.55 -0.843
v -1.012 1.553 -0.88
v -1.032 1.726 -0.863
v -1.032 1.723 -0.833
v -1.061 1.714 -0.833
v -1.061 1.717 -0.863
usemtl Wood
s off
f 1064 1063 1062 1061
f 1065 1066 1067 1068
f 1061 1062 1066 1065
f 1062 1063 1067 1066
f 1063 1064 1068 1067
f 1064 1061 1065 1068
o Stock.3.Grip
v -0.893 1.008 -0.94
v -0.893 1.002 -0.87
v -0.963 1.002 -0.87
v -0.963 1.008 -0.94
v -0.893 1.138 -0.93
v -0.893 1.132 -0.86
v -0.963 1.132 -0.86
v -0.963 1.138 -0.93
usemtl WoodDark
s off
f 1072 1071 1070 1069
f 1073 1074 1075 1076
f 1069 1070 1074 1073
f 1070 1071 1075 1074
f 1071 1072 1076 1075
f 1072 1069 1073 1076
o Stock.3.String
v -1.040 0.42 -0.958
v -1.040 0.42 -0.946
v -1.052 0.42 -0.946
v -1.052 0.42 -0.958
v -1.040 1.72 -0.854
v -1.040 1.72 -0.842
v -1.052 1.72 -0.842
v -1.052 1.72 -0.854
usemtl Canvas
s off
f 1080 1079 1078 1077
f 1081 1082 1083 1084
f 1077 1078 1082 1081
f 1078 1079 1083 1082
f 1079 1080 1084 1083
f 1080 1077 1081 1084
o Stock.4
v -0.838 0.417 -0.967
v -0.838 0.414 -0.937
v -0.866 0.423 -0.937
v -0.866 0.426 -0.967
v -0.781 0.578 -0.958
v -0.781 0.575 -0.921
v -0.817 0.587 -0.92
v -0.817 0.59 -0.957
usemtl Wood
s off
f 1088 1087 1086 1085
f 1089 1090 1091 1092
f 1085 1086 1090 1089
f 1086 1087 1091 1090
f 1087 1088 1092 1091
f 1088 1085 1089 1092
o Stock.4
v -0.781 0.58 -0.958
v -0.781 0.577 -0.921
v -0.818 0.585 -0.92
v -0.818 0.588 -0.957
v -0.740 0.742 -0.949
v -0.740 0.738 -0.904
v -0.784 0.748 -0.903
v -0.784 0.752 -0.948
usemtl Wood
s off
f 1096 1095 1094 1093
f 1097 1098 1099 1100
f 1093 1094 1098 1097
f 1094 1095 1099 1098
f 1095 1096 1100 1099
f 1096 1093 1097 1100
o Stock.4
v -0.740 0.744 -0.949
v -0.740 0.74 -0.904
v -0.784 0.746 -0.903
v -0.784 0.75 -0.948
v -0.713 0.906 -0.939
v -0.713 0.902 -0.887
v -0.765 0.909 -0.887
v -0.765 0.913 -0.939
usemtl Wood
s off
f 1104 1103 1102 1101
f 1105 1106 1107 1108
f 1101 1102 1106 1105
f 1102 1103 1107 1106
f 1103 1104 1108 1107
f 1104 1101 1105 1108
o Stock.4
v -0.713 0.908 -0.939
v -0.713 0.904 -0.887
v -0.766 0.907 -0.887
v -0.766 0.911 -0.939
v -0.702 1.071 -0.93
v -0.702 1.066 -0.87
v -0.762 1.069 -0.87
v -0.762 1.074 -0.93
usemtl Wood
s off
f 1112 1111 1110 1109
f 1113 1114 1115 1116
f 1109 1110 1114 1113
f 1110 1111 1115 1114
f 1111 1112 1116 1115
f 1112 1109 1113 1116
o Stock.4
v -0.702 1.074 -0.93
v -0.702 1.069 -0.87
v -0.762 1.066 -0.87
v -0.762 1.071 -0.93
v -0.713 1.236 -0.913
v -0.713 1.232 -0.861
v -0.766 1.229 -0.861
v -0.766 1.233 -0.913
usemtl Wood
s off
f 1120 1119 1118 1117
f 1121 1122 1123 1124
f 1117 1118 1122 1121
f 1118 1119 1123 1122
f 1119 1120 1124 1123
f 1120 1117 1121 1124
o Stock.4
v -0.713 1.238 -0.913
v -0.713 1.234 -0.861
v -0.765 1.227 -0.861
v -0.765 1.231 -0.913
v -0.740 1.4 -0.896
v -0.740 1.396 -0.851
v -0.784 1.39 -0.852
v -0.784 1.394 -0.897
usemtl Wood
s off
f 1128 1127 1126 1125
f 1129 1130 1131 1132
f 1125 1126 1130 1129
f 1126 1127 1131 1130
f 1127 1128 1132 1131
f 1128 1125 1129 1132
o Stock.4
v -0.740 1.402 -0.896
v -0.740 1.398 -0.851
v -0.784 1.388 -0.852
v -0.784 1.392 -0.897
v -0.781 1.563 -0.879
v -0.781 1.56 -0.842
v -0.818 1.552 -0.843
v -0.818 1.555 -0.88
usemtl Wood
s off
f 1136 1135 1134 1133
f 1137 1138 1139 1140
f 1133 1134 1138 1137
f 1134 1135 1139 1138
f 1135 1136 1140 1139
f 1136 1133 1137 1140
o Stock.4
v -0.781 1.565 -0.879
v -0.781 1.562 -0.842
v -0.817 1.55 -0.843
v -0.817 1.553 -0.88
v -0.838 1.726 -0.863
v -0.838 1.723 -0.833
v -0.866 1.714 -0.833
v -0.866 1.717 -0.863
usemtl Wood
s off
f 1144 1143 1142 1141
f 1145 1146 1147 1148
f 1141 1142 1146 1145
f 1142 1143 1147 1146
f 1143 1144 1148 1147
f 1144 1141 1145 1148
o Stock.4.Grip
v -0.698 1.008 -0.94
v -0.698 1.002 -0.87
v -0.768 1.002 -0.87
v -0.768 1.008 -0.94
v -0.698 1.138 -0.93
v -0.698 1.132 -0.86
v -0.768 1.132 -0.86
v -0.768 1.138 -0.93
usemtl WoodDark
s off
f 1152 1151 1150 1149
f 1153 1154 1155 1156
f 1149 1150 1154 1153
f 1150 1151 1155 1154
f 1151 1152 1156 1155
f 1152 1149 1153 1156
o Stock.4.String
v -0.846 0.42 -0.958
v -0.846 0.42 -0.946
v -0.858 0.42 -0.946
v -0.858 0.42 -0.958
v -0.846 1.72 -0.854
v -0.846 1.72 -0.842
v -0.858 1.72 -0.842
v -0.858 1.72 -0.854
usemtl Canvas
s off
f 1160 1159 1158 1157
f 1161 1162 1163 1164
f 1157 1158 1162 1161
f 1158 1159 1163 1162
f 1159 1160 1164 1163
f 1160 1157 1161 1164
o Stock.5
v -0.643 0.417 -0.967
v -0.643 0.414 -0.937
v -0.672 0.423 -0.937
v -0.672 0.426 -0.967
v -0.587 0.578 -0.958
v -0.587 0.575 -0.921
v -0.623 0.587 -0.92
v -0.623 0.59 -0.957
usemtl Wood
s off
f 1168 1167 1166 1165
f 1169 1170 1171 1172
f 1165 1166 1170 1169
f 1166 1167 1171 1170
f 1167 1168 1172 1171
f 1168 1165 1169 1172
o Stock.5
v -0.586 0.58 -0.958
v -0.586 0.577 -0.921
v -0.623 0.585 -0.92
v -0.623 0.588 -0.957
v -0.545 0.742 -0.949
v -0.545 0.738 -0.904
v -0.589 0.748 -0.903
v -0.589 0.752 -0.948
usemtl Wood
s off
f 1176 1175 1174 1173
f 1177 1178 1179 1180
f 1173 1174 1178 1177
f 1174 1175 1179 1178
f 1175 1176 1180 1179
f 1176 1173 1177 1180
o Stock.5
v -0.545 0.744 -0.949
v -0.545 0.74 -0.904
v -0.590 0.746 -0.903
v -0.590 0.75 -0.948
v -0.519 0.906 -0.939
v -0.519 0.902 -0.887
v -0.571 0.909 -0.887
v -0.571 0.913 -0.939
usemtl Wood
s off
f 1184 1183 1182 1181
f 1185 1186 1187 1188
f 1181 1182 1186 1185
f 1182 1183 1187 1186
f 1183 1184 1188 1187
f 1184 1181 1185 1188
o Stock.5
v -0.519 0.908 -0.939
v -0.519 0.904 -0.887
v -0.571 0.907 -0.887
v -0.571 0.911 -0.939
v -0.507 1.071 -0.93
v -0.507 1.066 -0.87
v -0.567 1.069 -0.87
v -0.567 1.074 -0.93
usemtl Wood
s off
f 1192 1191 1190 1189
f 1193 1194 1195 1196
f 1189 1190 1194 1193
f 1190 1191 1195 1194
f 1191 1192 1196 1195
f 1192 1189 1193 1196
o Stock.5
v -0.507 1.074 -0.93
v -0.507 1.069 -0.87
v -0.567 1.066 -0.87
v -0.567 1.071 -0.93
v -0.519 1.236 -0.913
v -0.519 1.232 -0.861
v -0.571 1.229 -0.861
v -0.571 1.233 -0.913
usemtl Wood
s off
f 1200 1199 1198 1197
f 1201 1202 1203 1204
f 1197 1198 1202 1201
f 1198 1199 1203 1202
f 1199 1200 1204 1203
f 1200 1197 1201 1204
o Stock.5
v -0.519 1.238 -0.913
v -0.519 1.234 -0.861
v -0.571 1.227 -0.861
v -0.571 1.231 -0.913
v -0.545 1.4 -0.896
v -0.545 1.396 -0.851
v -0.590 1.39 -0.852
v -0.590 1.394 -0.897
usemtl Wood
s off
f 1208 1207 1206 1205
f 1209 1210 1211 1212
f 1205 1206 1210 1209
f 1206 1207 1211 1210
f 1207 1208 1212 1211
f 1208 1205 1209 1212
o Stock.5
v -0.545 1.402 -0.896
v -0.545 1.398 -0.851
v -0.589 1.388 -0.852
v -0.589 1.392 -0.897
v -0.586 1.563 -0.879
v -0.586 1.56 -0.842
v -0.623 1.552 -0.843
v -0.623 1.555 -0.88
usemtl Wood
s off
f 1216 1215 1214 1213
f 1217 1218 1219 1220
f 1213 1214 1218 1217
f 1214 1215 1219 1218
f 1215 1216 1220 1219
f 1216 1213 1217 1220
o Stock.5
v -0.587 1.565 -0.879
v -0.587 1.562 -0.842
v -0.623 1.55 -0.843
v -0.623 1.553 -0.88
v -0.643 1.726 -0.863
v -0.643 1.723 -0.833
v -0.672 1.714 -0.833
v -0.672 1.717 -0.863
usemtl Wood
s off
f 1224 1223 1222 1221
f 1225 1226 1227 1228
f 1221 1222 1226 1225
f 1222 1223 1227 1226
f 1223 1224 1228 1227
f 1224 1221 1225 1228
o Stock.5.Grip
v -0.503 1.008 -0.94
v -0.503 1.002 -0.87
v -0.573 1.002 -0.87
v -0.573 1.008 -0.94
v -0.503 1.138 -0.93
v -0.503 1.132 -0.86
v -0.573 1.132 -0.86
v -0.573 1.138 -0.93
usemtl WoodDark
s off
f 1232 1231 1230 1229
f 1233 1234 1235 1236
f 1229 1230 1234 1233
f 1230 1231 1235 1234
f 1231 1232 1236 1235
f 1232 1229 1233 1236
o Stock.5.String
v -0.651 0.42 -0.958
v -0.651 0.42 -0.946
v -0.663 0.42 -0.946
v -0.663 0.42 -0.958
v -0.651 1.72 -0.854
v -0.651 1.72 -0.842
v -0.663 1.72 -0.842
v -0.663 1.72 -0.854
usemtl Canvas
s off
f 1240 1239 1238 1237
f 1241 1242 1243 1244
f 1237 1238 1242 1241
f 1238 1239 1243 1242
f 1239 1240 1244 1243
f 1240 1237 1241 1244
o Stock.6
v -0.448 0.417 -0.967
v -0.448 0.414 -0.937
v -0.477 0.423 -0.937
v -0.477 0.426 -0.967
v -0.392 0.578 -0.958
v -0.392 0.575 -0.921
v -0.428 0.587 -0.92
v -0.428 0.59 -0.957
usemtl Wood
s off
f 1248 1247 1246 1245
f 1249 1250 1251 1252
f 1245 1246 1250 1249
f 1246 1247 1251 1250
f 1247 1248 1252 1251
f 1248 1245 1249 1252
o Stock.6
v -0.392 0.58 -0.958
v -0.392 0.577 -0.921
v -0.429 0.585 -0.92
v -0.429 0.588 -0.957
v -0.351 0.742 -0.949
v -0.351 0.738 -0.904
v -0.395 0.748 -0.903
v -0.395 0.752 -0.948
usemtl Wood
s off
f 1256 1255 1254 1253
f 1257 1258 1259 1260
f 1253 1254 1258 1257
f 1254 1255 1259 1258
f 1255 1256 1260 1259
f 1256 1253 1257 1260
o Stock.6
v -0.350 0.744 -0.949
v -0.350 0.74 -0.904
v -0.395 0.746 -0.903
v -0.395 0.75 -0.948
v -0.324 0.906 -0.939
v -0.324 0.902 -0.887
v -0.376 0.909 -0.887
v -0.376 0.913 -0.939
usemtl Wood
s off
f 1264 1263 1262 1261
f 1265 1266 1267 1268
f 1261 1262 1266 1265
f 1262 1263 1267 1266
f 1263 1264 1268 1267
f 1264 1261 1265 1268
o Stock.6
v -0.324 0.908 -0.939
v -0.324 0.904 -0.887
v -0.376 0.907 -0.887
v -0.376 0.911 -0.939
v -0.313 1.071 -0.93
v -0.313 1.066 -0.87
v -0.373 1.069 -0.87
v -0.373 1.074 -0.93
usemtl Wood
s off
f 1272 1271 1270 1269
f 1273 1274 1275 1276
f 1269 1270 1274 1273
f 1270 1271 1275 1274
f 1271 1272 1276 1275
f 1272 1269 1273 1276
o Stock.6
v -0.313 1.074 -0.93
v -0.313 1.069 -0.87
v -0.373 1.066 -0.87
v -0.373 1.071 -0.93
v -0.324 1.236 -0.913
v -0.324 1.232 -0.861
v -0.376 1.229 -0.861
v -0.376 1.233 -0.913
usemtl Wood
s off
f 1280 1279 1278 1277
f 1281 1282 1283 1284
f 1277 1278 1282 1281
f 1278 1279 1283 1282
f 1279 1280 1284 1283
f 1280 1277 1281 1284
o Stock.6
v -0.324 1.238 -0.913
v -0.324 1.234 -0.861
v -0.376 1.227 -0.861
v -0.376 1.231 -0.913
v -0.350 1.4 -0.896
v -0.350 1.396 -0.851
v -0.395 1.39 -0.852
v -0.395 1.394 -0.897
usemtl Wood
s off
f 1288 1287 1286 1285
f 1289 1290 1291 1292
f 1285 1286 1290 1289
f 1286 1287 1291 1290
f 1287 1288 1292 1291
f 1288 1285 1289 1292
o Stock.6
v -0.351 1.402 -0.896
v -0.351 1.398 -0.851
v -0.395 1.388 -0.852
v -0.395 1.392 -0.897
v -0.392 1.563 -0.879
v -0.392 1.56 -0.842
v -0.429 1.552 -0.843
v -0.429 1.555 -0.88
usemtl Wood
s off
f 1296 1295 1294 1293
f 1297 1298 1299 1300
f 1293 1294 1298 1297
f 1294 1295 1299 1298
f 1295 1296 1300 1299
f 1296 1293 1297 1300
o Stock.6
v -0.392 1.565 -0.879
v -0.392 1.562 -0.842
v -0.428 1.55 -0.843
v -0.428 1.553 -0.88
v -0.448 1.726 -0.863
v -0.448 1.723 -0.833
v -0.477 1.714 -0.833
v -0.477 1.717 -0.863
usemtl Wood
s off
f 1304 1303 1302 1301
f 1305 1306 1307 1308
f 1301 1302 1306 1305
f 1302 1303 1307 1306
f 1303 1304 1308 1307
f 1304 1301 1305 1308
o Stock.6.Grip
v -0.309 1.008 -0.94
v -0.309 1.002 -0.87
v -0.379 1.002 -0.87
v -0.379 1.008 -0.94
v -0.309 1.138 -0.93
v -0.309 1.132 -0.86
v -0.379 1.132 -0.86
v -0.379 1.138 -0.93
usemtl WoodDark
s off
f 1312 1311 1310 1309
f 1313 1314 1315 1316
f 1309 1310 1314 1313
f 1310 1311 1315 1314
f 1311 1312 1316 1315
f 1312 1309 1313 1316
o Stock.6.String
v -0.457 0.42 -0.958
v -0.457 0.42 -0.946
v -0.469 0.42 -0.946
v -0.469 0.42 -0.958
v -0.457 1.72 -0.854
v -0.457 1.72 -0.842
v -0.469 1.72 -0.842
v -0.469 1.72 -0.854
usemtl Canvas
s off
f 1320 1319 1318 1317
f 1321 1322 1323 1324
f 1317 1318 1322 1321
f 1318 1319 1323 1322
f 1319 1320 1324 1323
f 1320 1317 1321 1324
o Stock.7
v -0.254 0.417 -0.967
v -0.254 0.414 -0.937
v -0.282 0.423 -0.937
v -0.282 0.426 -0.967
v -0.198 0.578 -0.958
v -0.198 0.575 -0.921
v -0.234 0.587 -0.92
v -0.234 0.59 -0.957
usemtl Wood
s off
f 1328 1327 1326 1325
f 1329 1330 1331 1332
f 1325 1326 1330 1329
f 1326 1327 1331 1330
f 1327 1328 1332 1331
f 1328 1325 1329 1332
o Stock.7
v -0.197 0.58 -0.958
v -0.197 0.577 -0.921
v -0.234 0.585 -0.92
v -0.234 0.588 -0.957
v -0.156 0.742 -0.949
v -0.156 0.738 -0.904
v -0.200 0.748 -0.903
v -0.200 0.752 -0.948
usemtl Wood
s off
f 1336 1335 1334 1333
f 1337 1338 1339 1340
f 1333 1334 1338 1337
f 1334 1335 1339 1338
f 1335 1336 1340 1339
f 1336 1333 1337 1340
o Stock.7
v -0.156 0.744 -0.949
v -0.156 0.74 -0.904
v -0.200 0.746 -0.903
v -0.200 0.75 -0.948
v -0.130 0.906 -0.939
v -0.130 0.902 -0.887
v -0.182 0.909 -0.887
v -0.182 0.913 -0.939
usemtl Wood
s off
f 1344 1343 1342 1341
f 1345 1346 1347 1348
f 1341 1342 1346 1345
f 1342 1343 1347 1346
f 1343 1344 1348 1347
f 1344 1341 1345 1348
o Stock.7
v -0.129 0.908 -0.939
v -0.129 0.904 -0.887
v -0.182 0.907 -0.887
v -0.182 0.911 -0.939
v -0.118 1.071 -0.93
v -0.118 1.066 -0.87
v -0.178 1.069 -0.87
v -0.178 1.074 -0.93
usemtl Wood
s off
f 1352 1351 1350 1349
f 1353 1354 1355 1356
f 1349 1350 1354 1353
f 1350 1351 1355 1354
f 1351 1352 1356 1355
f 1352 1349 1353 1356
o Stock.7
v -0.118 1.074 -0.93
v -0.118 1.069 -0.87
v -0.178 1.066 -0.87
v -0.178 1.071 -0.93
v -0.129 1.236 -0.913
v -0.129 1.232 -0.861
v -0.182 1.229 -0.861
v -0.182 1.233 -0.913
usemtl Wood
s off
f 1360 1359 1358 1357
f 1361 1362 1363 1364
f 1357 1358 1362 1361
f 1358 1359 1363 1362
f 1359 1360 1364 1363
f 1360 1357 1361 1364
o Stock.7
v -0.130 1.238 -0.913
v -0.130 1.234 -0.861
v -0.182 1.227 -0.861
v -0.182 1.231 -0.913
v -0.156 1.4 -0.896
v -0.156 1.396 -0.851
v -0.200 1.39 -0.852
v -0.200 1.394 -0.897
usemtl Wood
s off
f 1368 1367 1366 1365
f 1369 1370 1371 1372
f 1365 1366 1370 1369
f 1366 1367 1371 1370
f 1367 1368 1372 1371
f 1368 1365 1369 1372
o Stock.7
v -0.156 1.402 -0.896
v -0.156 1.398 -0.851
v -0.200 1.388 -0.852
v -0.200 1.392 -0.897
v -0.197 1.563 -0.879
v -0.197 1.56 -0.842
v -0.234 1.552 -0.843
v -0.234 1.555 -0.88
usemtl Wood
s off
f 1376 1375 1374 1373
f 1377 1378 1379 1380
f 1373 1374 1378 1377
f 1374 1375 1379 1378
f 1375 1376 1380 1379
f 1376 1373 1377 1380
o Stock.7
v -0.198 1.565 -0.879
v -0.198 1.562 -0.842
v -0.234 1.55 -0.843
v -0.234 1.553 -0.88
v -0.254 1.726 -0.863
v -0.254 1.723 -0.833
v -0.282 1.714 -0.833
v -0.282 1.717 -0.863
usemtl Wood
s off
f 1384 1383 1382 1381
f 1385 1386 1387 1388
f 1381 1382 1386 1385
f 1382 1383 1387 1386
f 1383 1384 1388 1387
f 1384 1381 1385 1388
o Stock.7.Grip
v -0.114 1.008 -0.94
v -0.114 1.002 -0.87
v -0.184 1.002 -0.87
v -0.184 1.008 -0.94
v -0.114 1.138 -0.93
v -0.114 1.132 -0.86
v -0.184 1.132 -0.86
v -0.184 1.138 -0.93
usemtl WoodDark
s off
f 1392 1391 1390 1389
f 1393 1394 1395 1396
f 1389 1390 1394 1393
f 1390 1391 1395 1394
f 1391 1392 1396 1395
f 1392 1389 1393 1396
o Stock.7.String
v -0.262 0.42 -0.958
v -0.262 0.42 -0.946
v -0.274 0.42 -0.946
v -0.274 0.42 -0.958
v -0.262 1.72 -0.854
v -0.262 1.72 -0.842
v -0.274 1.72 -0.842
v -0.274 1.72 -0.854
usemtl Canvas
s off
f 1400 1399 1398 1397
f 1401 1402 1403 1404
f 1397 1398 1402 1401
f 1398 1399 1403 1402
f 1399 1400 1404 1403
f 1400 1397 1401 1404
o Stock.8
v -0.059 0.417 -0.967
v -0.059 0.414 -0.937
v -0.088 0.423 -0.937
v -0.088 0.426 -0.967
v -0.003 0.578 -0.958
v -0.003 0.575 -0.921
v -0.039 0.587 -0.92
v -0.039 0.59 -0.957
usemtl Wood
s off
f 1408 1407 1406 1405
f 1409 1410 1411 1412
f 1405 1406 1410 1409
f 1406 1407 1411 1410
f 1407 1408 1412 1411
f 1408 1405 1409 1412
o Stock.8
v -0.003 0.58 -0.958
v -0.003 0.577 -0.921
v -0.039 0.585 -0.92
v -0.039 0.588 -0.957
v 0.038 0.742 -0.949
v 0.038 0.738 -0.904
v -0.006 0.748 -0.903
v -0.006 0.752 -0.948
usemtl Wood
s off
f 1416 1415 1414 1413
f 1417 1418 1419 1420
f 1413 1414 1418 1417
f 1414 1415 1419 1418
f 1415 1416 1420 1419
f 1416 1413 1417 1420
o Stock.8
v 0.039 0.744 -0.949
v 0.039 0.74 -0.904
v -0.006 0.746 -0.903
v -0.006 0.75 -0.948
v 0.065 0.906 -0.939
v 0.065 0.902 -0.887
v 0.013 0.909 -0.887
v 0.013 0.913 -0.939
usemtl Wood
s off
f 1424 1423 1422 1421
f 1425 1426 1427 1428
f 1421 1422 1426 1425
f 1422 1423 1427 1426
f 1423 1424 1428 1427
f 1424 1421 1425 1428
o Stock.8
v 0.065 0.908 -0.939
v 0.065 0.904 -0.887
v 0.013 0.907 -0.887
v 0.013 0.911 -0.939
v 0.076 1.071 -0.93
v 0.076 1.066 -0.87
v 0.016 1.069 -0.87
v 0.016 1.074 -0.93
usemtl Wood
s off
f 1432 1431 1430 1429
f 1433 1434 1435 1436
f 1429 1430 1434 1433
f 1430 1431 1435 1434
f 1431 1432 1436 1435
f 1432 1429 1433 1436
o Stock.8
v 0.076 1.074 -0.93
v 0.076 1.069 -0.87
v 0.016 1.066 -0.87
v 0.016 1.071 -0.93
v 0.065 1.236 -0.913
v 0.065 1.232 -0.861
v 0.013 1.229 -0.861
v 0.013 1.233 -0.913
usemtl Wood
s off
f 1440 1439 1438 1437
f 1441 1442 1443 1444
f 1437 1438 1442 1441
f 1438 1439 1443 1442
f 1439 1440 1444 1443
f 1440 1437 1441 1444
o Stock.8
v 0.065 1.238 -0.913
v 0.065 1.234 -0.861
v 0.013 1.227 -0.861
v 0.013 1.231 -0.913
v 0.039 1.4 -0.896
v 0.039 1.396 -0.851
v -0.006 1.39 -0.852
v -0.006 1.394 -0.897
usemtl Wood
s off
f 1448 1447 1446 1445
f 1449 1450 1451 1452
f 1445 1446 1450 1449
f 1446 1447 1451 1450
f 1447 1448 1452 1451
f 1448 1445 1449 1452
o Stock.8
v 0.038 1.402 -0.896
v 0.038 1.398 -0.851
v -0.006 1.388 -0.852
v -0.006 1.392 -0.897
v -0.003 1.563 -0.879
v -0.003 1.56 -0.842
v -0.039 1.552 -0.843
v -0.039 1.555 -0.88
usemtl Wood
s off
f 1456 1455 1454 1453
f 1457 1458 1459 1460
f 1453 1454 1458 1457
f 1454 1455 1459 1458
f 1455 1456 1460 1459
f 1456 1453 1457 1460
o Stock.8
v -0.003 1.565 -0.879
v -0.003 1.562 -0.842
v -0.039 1.55 -0.843
v -0.039 1.553 -0.88
v -0.059 1.726 -0.863
v -0.059 1.723 -0.833
v -0.088 1.714 -0.833
v -0.088 1.717 -0.863
usemtl Wood
s off
f 1464 1463 1462 1461
f 1465 1466 1467 1468
f 1461 1462 1466 1465
f 1462 1463 1467 1466
f 1463 1464 1468 1467
f 1464 1461 1465 1468
o Stock.8.Grip
v 0.080 1.008 -0.94
v 0.080 1.002 -0.87
v 0.010 1.002 -0.87
v 0.010 1.008 -0.94
v 0.080 1.138 -0.93
v 0.080 1.132 -0.86
v 0.010 1.132 -0.86
v 0.010 1.138 -0.93
usemtl WoodDark
s off
f 1472 1471 1470 1469
f 1473 1474 1475 1476
f 1469 1470 1474 1473
f 1470 1471 1475 1474
f 1471 1472 1476 1475
f 1472 1469 1473 1476
o Stock.8.String
v -0.068 0.42 -0.958
v -0.068 0.42 -0.946
v -0.080 0.42 -0.946
v -0.080 0.42 -0.958
v -0.068 1.72 -0.854
v -0.068 1.72 -0.842
v -0.080 1.72 -0.842
v -0.080 1.72 -0.854
usemtl Canvas
s off
f 1480 1479 1478 1477
f 1481 1482 1483 1484
f 1477 1478 1482 1481
f 1478 1479 1483 1482
f 1479 1480 1484 1483
f 1480 1477 1481 1484
o Stock.9
v 0.135 0.417 -0.967
v 0.135 0.414 -0.937
v 0.107 0.423 -0.937
v 0.107 0.426 -0.967
v 0.191 0.578 -0.958
v 0.191 0.575 -0.921
v 0.156 0.587 -0.92
v 0.156 0.59 -0.957
usemtl Wood
s off
f 1488 1487 1486 1485
f 1489 1490 1491 1492
f 1485 1486 1490 1489
f 1486 1487 1491 1490
f 1487 1488 1492 1491
f 1488 1485 1489 1492
o Stock.9
v 0.192 0.58 -0.958
v 0.192 0.577 -0.921
v 0.155 0.585 -0.92
v 0.155 0.588 -0.957
v 0.233 0.742 -0.949
v 0.233 0.738 -0.904
v 0.189 0.748 -0.903
v 0.189 0.752 -0.948
usemtl Wood
s off
f 1496 1495 1494 1493
f 1497 1498 1499 1500
f 1493 1494 1498 1497
f 1494 1495 1499 1498
f 1495 1496 1500 1499
f 1496 1493 1497 1500
o Stock.9
v 0.233 0.744 -0.949
v 0.233 0.74 -0.904
v 0.189 0.746 -0.903
v 0.189 0.75 -0.948
v 0.259 0.906 -0.939
v 0.259 0.902 -0.887
v 0.207 0.909 -0.887
v 0.207 0.913 -0.939
usemtl Wood
s off
f 1504 1503 1502 1501
f 1505 1506 1507 1508
f 1501 1502 1506 1505
f 1502 1503 1507 1506
f 1503 1504 1508 1507
f 1504 1501 1505 1508
o Stock.9
v 0.260 0.908 -0.939
v 0.260 0.904 -0.887
v 0.207 0.907 -0.887
v 0.207 0.911 -0.939
v 0.271 1.071 -0.93
v 0.271 1.066 -0.87
v 0.211 1.069 -0.87
v 0.211 1.074 -0.93
usemtl Wood
s off
f 1512 1511 1510 1509
f 1513 1514 1515 1516
f 1509 1510 1514 1513
f 1510 1511 1515 1514
f 1511 1512 1516 1515
f 1512 1509 1513 1516
o Stock.9
v 0.271 1.074 -0.93
v 0.271 1.069 -0.87
v 0.211 1.066 -0.87
v 0.211 1.071 -0.93
v 0.260 1.236 -0.913
v 0.260 1.232 -0.861
v 0.207 1.229 -0.861
v 0.207 1.233 -0.913
usemtl Wood
s off
f 1520 1519 1518 1517
f 1521 1522 1523 1524
f 1517 1518 1522 1521
f 1518 1519 1523 1522
f 1519 1520 1524 1523
f 1520 1517 1521 1524
o Stock.9
v 0.259 1.238 -0.913
v 0.259 1.234 -0.861
v 0.207 1.227 -0.861
v 0.207 1.231 -0.913
v 0.233 1.4 -0.896
v 0.233 1.396 -0.851
v 0.189 1.39 -0.852
v 0.189 1.394 -0.897
usemtl Wood
s off
f 1528 1527 1526 1525
f 1529 1530 1531 1532
f 1525 1526 1530 1529
f 1526 1527 1531 1530
f 1527 1528 1532 1531
f 1528 1525 1529 1532
o Stock.9
v 0.233 1.402 -0.896
v 0.233 1.398 -0.851
v 0.189 1.388 -0.852
v 0.189 1.392 -0.897
v 0.192 1.563 -0.879
v 0.192 1.56 -0.842
v 0.155 1.552 -0.843
v 0.155 1.555 -0.88
usemtl Wood
s off
f 1536 1535 1534 1533
f 1537 1538 1539 1540
f 1533 1534 1538 1537
f 1534 1535 1539 1538
f 1535 1536 1540 1539
f 1536 1533 1537 1540
o Stock.9
v 0.191 1.565 -0.879
v 0.191 1.562 -0.842
v 0.156 1.55 -0.843
v 0.156 1.553 -0.88
v 0.135 1.726 -0.863
v 0.135 1.723 -0.833
v 0.107 1.714 -0.833
v 0.107 1.717 -0.863
usemtl Wood
s off
f 1544 1543 1542 1541
f 1545 1546 1547 1548
f 1541 1542 1546 1545
f 1542 1543 1547 1546
f 1543 1544 1548 1547
f 1544 1541 1545 1548
o Stock.9.Grip
v 0.275 1.008 -0.94
v 0.275 1.002 -0.87
v 0.205 1.002 -0.87
v 0.205 1.008 -0.94
v 0.275 1.138 -0.93
v 0.275 1.132 -0.86
v 0.205 1.132 -0.86
v 0.205 1.138 -0.93
usemtl WoodDark
s off
f 1552 1551 1550 1549
f 1553 1554 1555 1556
f 1549 1550 1554 1553
f 1550 1551 1555 1554
f 1551 1552 1556 1555
f 1552 1549 1553 1556
o Stock.9.String
v 0.127 0.42 -0.958
v 0.127 0.42 -0.946
v 0.115 0.42 -0.946
v 0.115 0.42 -0.958
v 0.127 1.72 -0.854
v 0.127 1.72 -0.842
v 0.115 1.72 -0.842
v 0.115 1.72 -0.854
usemtl Canvas
s off
f 1560 1559 1558 1557
f 1561 1562 1563 1564
f 1557 1558 1562 1561
f 1558 1559 1563 1562
f 1559 1560 1564 1563
f 1560 1557 1561 1564
o Stock.10
v 0.330 0.417 -0.967
v 0.330 0.414 -0.937
v 0.301 0.423 -0.937
v 0.301 0.426 -0.967
v 0.386 0.578 -0.958
v 0.386 0.575 -0.921
v 0.350 0.587 -0.92
v 0.350 0.59 -0.957
usemtl Wood
s off
f 1568 1567 1566 1565
f 1569 1570 1571 1572
f 1565 1566 1570 1569
f 1566 1567 1571 1570
f 1567 1568 1572 1571
f 1568 1565 1569 1572
o Stock.10
v 0.386 0.58 -0.958
v 0.386 0.577 -0.921
v 0.350 0.585 -0.92
v 0.350 0.588 -0.957
v 0.427 0.742 -0.949
v 0.427 0.738 -0.904
v 0.384 0.748 -0.903
v 0.384 0.752 -0.948
usemtl Wood
s off
f 1576 1575 1574 1573
f 1577 1578 1579 1580
f 1573 1574 1578 1577
f 1574 1575 1579 1578
f 1575 1576 1580 1579
f 1576 1573 1577 1580
o Stock.10
v 0.428 0.744 -0.949
v 0.428 0.74 -0.904
v 0.383 0.746 -0.903
v 0.383 0.75 -0.948
v 0.454 0.906 -0.939
v 0.454 0.902 -0.887
v 0.402 0.909 -0.887
v 0.402 0.913 -0.939
usemtl Wood
s off
f 1584 1583 1582 1581
f 1585 1586 1587 1588
f 1581 1582 1586 1585
f 1582 1583 1587 1586
f 1583 1584 1588 1587
f 1584 1581 1585 1588
o Stock.10
v 0.454 0.908 -0.939
v 0.454 0.904 -0.887
v 0.402 0.907 -0.887
v 0.402 0.911 -0.939
v 0.465 1.071 -0.93
v 0.465 1.066 -0.87
v 0.405 1.069 -0.87
v 0.405 1.074 -0.93
usemtl Wood
s off
f 1592 1591 1590 1589
f 1593 1594 1595 1596
f 1589 1590 1594 1593
f 1590 1591 1595 1594
f 1591 1592 1596 1595
f 1592 1589 1593 1596
o Stock.10
v 0.465 1.074 -0.93
v 0.465 1.069 -0.87
v 0.405 1.066 -0.87
v 0.405 1.071 -0.93
v 0.454 1.236 -0.913
v 0.454 1.232 -0.861
v 0.402 1.229 -0.861
v 0.402 1.233 -0.913
usemtl Wood
s off
f 1600 1599 1598 1597
f 1601 1602 1603 1604
f 1597 1598 1602 1601
f 1598 1599 1603 1602
f 1599 1600 1604 1603
f 1600 1597 1601 1604
o Stock.10
v 0.454 1.238 -0.913
v 0.454 1.234 -0.861
v 0.402 1.227 -0.861
v 0.402 1.231 -0.913
v 0.428 1.4 -0.896
v 0.428 1.396 -0.851
v 0.383 1.39 -0.852
v 0.383 1.394 -0.897
usemtl Wood
s off
f 1608 1607 1606 1605
f 1609 1610 1611 1612
f 1605 1606 1610 1609
f 1606 1607 1611 1610
f 1607 1608 1612 1611
f 1608 1605 1609 1612
o Stock.10
v 0.427 1.402 -0.896
v 0.427 1.398 -0.851
v 0.384 1.388 -0.852
v 0.384 1.392 -0.897
v 0.386 1.563 -0.879
v 0.386 1.56 -0.842
v 0.350 1.552 -0.843
v 0.350 1.555 -0.88
usemtl Wood
s off
f 1616 1615 1614 1613
f 1617 1618 1619 1620
f 1613 1614 1618 1617
f 1614 1615 1619 1618
f 1615 1616 1620 1619
f 1616 1613 1617 1620
o Stock.10
v 0.386 1.565 -0.879
v 0.386 1.562 -0.842
v 0.350 1.55 -0.843
v 0.350 1.553 -0.88
v 0.330 1.726 -0.863
v 0.330 1.723 -0.833
v 0.301 1.714 -0.833
v 0.301 1.717 -0.863
usemtl Wood
s off
f 1624 1623 1622 1621
f 1625 1626 1627 1628
f 1621 1622 1626 1625
f 1622 1623 1627 1626
f 1623 1624 1628 1627
f 1624 1621 1625 1628
o Stock.10.Grip
v 0.469 1.008 -0.94
v 0.469 1.002 -0.87
v 0.399 1.002 -0.87
v 0.399 1.008 -0.94
v 0.469 1.138 -0.93
v 0.469 1.132 -0.86
v 0.399 1.132 -0.86
v 0.399 1.138 -0.93
usemtl WoodDark
s off
f 1632 1631 1630 1629
f 1633 1634 1635 1636
f 1629 1630 1634 1633
f 1630 1631 1635 1634
f 1631 1632 1636 1635
f 1632 1629 1633 1636
o Stock.10.String
v 0.321 0.42 -0.958
v 0.321 0.42 -0.946
v 0.309 0.42 -0.946
v 0.309 0.42 -0.958
v 0.321 1.72 -0.854
v 0.321 1.72 -0.842
v 0.309 1.72 -0.842
v 0.309 1.72 -0.854
usemtl Canvas
s off
f 1640 1639 1638 1637
f 1641 1642 1643 1644
f 1637 1638 1642 1641
f 1638 1639 1643 1642
f 1639 1640 1644 1643
f 1640 1637 1641 1644
o Stock.11
v 0.524 0.417 -0.967
v 0.524 0.414 -0.937
v 0.496 0.423 -0.937
v 0.496 0.426 -0.967
v 0.580 0.578 -0.958
v 0.580 0.575 -0.921
v 0.545 0.587 -0.92
v 0.545 0.59 -0.957
usemtl Wood
s off
f 1648 1647 1646 1645
f 1649 1650 1651 1652
f 1645 1646 1650 1649
f 1646 1647 1651 1650
f 1647 1648 1652 1651
f 1648 1645 1649 1652
o Stock.11
v 0.581 0.58 -0.958
v 0.581 0.577 -0.921
v 0.544 0.585 -0.92
v 0.544 0.588 -0.957
v 0.622 0.742 -0.949
v 0.622 0.738 -0.904
v 0.578 0.748 -0.903
v 0.578 0.752 -0.948
usemtl Wood
s off
f 1656 1655 1654 1653
f 1657 1658 1659 1660
f 1653 1654 1658 1657
f 1654 1655 1659 1658
f 1655 1656 1660 1659
f 1656 1653 1657 1660
o Stock.11
v 0.622 0.744 -0.949
v 0.622 0.74 -0.904
v 0.578 0.746 -0.903
v 0.578 0.75 -0.948
v 0.649 0.906 -0.939
v 0.649 0.902 -0.887
v 0.596 0.909 -0.887
v 0.596 0.913 -0.939
usemtl Wood
s off
f 1664 1663 1662 1661
f 1665 1666 1667 1668
f 1661 1662 1666 1665
f 1662 1663 1667 1666
f 1663 1664 1668 1667
f 1664 1661 1665 1668
o Stock.11
v 0.649 0.908 -0.939
v 0.649 0.904 -0.887
v 0.596 0.907 -0.887
v 0.596 0.911 -0.939
v 0.660 1.071 -0.93
v 0.660 1.066 -0.87
v 0.600 1.069 -0.87
v 0.600 1.074 -0.93
usemtl Wood
s off
f 1672 1671 1670 1669
f 1673 1674 1675 1676
f 1669 1670 1674 1673
f 1670 1671 1675 1674
f 1671 1672 1676 1675
f 1672 1669 1673 1676
o Stock.11
v 0.660 1.074 -0.93
v 0.660 1.069 -0.87
v 0.600 1.066 -0.87
v 0.600 1.071 -0.93
v 0.649 1.236 -0.913
v 0.649 1.232 -0.861
v 0.596 1.229 -0.861
v 0.596 1.233 -0.913
usemtl Wood
s off
f 1680 1679 1678 1677
f 1681 1682 1683 1684
f 1677 1678 1682 1681
f 1678 1679 1683 1682
f 1679 1680 1684 1683
f 1680 1677 1681 1684
o Stock.11
v 0.649 1.238 -0.913
v 0.649 1.234 -0.861
v 0.596 1.227 -0.861
v 0.596 1.231 -0.913
v 0.622 1.4 -0.896
v 0.622 1.396 -0.851
v 0.578 1.39 -0.852
v 0.578 1.394 -0.897
usemtl Wood
s off
f 1688 1687 1686 1685
f 1689 1690 1691 1692
f 1685 1686 1690 1689
f 1686 1687 1691 1690
f 1687 1688 1692 1691
f 1688 1685 1689 1692
o Stock.11
v 0.622 1.402 -0.896
v 0.622 1.398 -0.851
v 0.578 1.388 -0.852
v 0.578 1.392 -0.897
v 0.581 1.563 -0.879
v 0.581 1.56 -0.842
v 0.544 1.552 -0.843
v 0.544 1.555 -0.88
usemtl Wood
s off
f 1696 1695 1694 1693
f 1697 1698 1699 1700
f 1693 1694 1698 1697
f 1694 1695 1699 1698
f 1695 1696 1700 1699
f 1696 1693 1697 1700
o Stock.11
v 0.580 1.565 -0.879
v 0.580 1.562 -0.842
v 0.545 1.55 -0.843
v 0.545 1.553 -0.88
v 0.524 1.726 -0.863
v 0.524 1.723 -0.833
v 0.496 1.714 -0.833
v 0.496 1.717 -0.863
usemtl Wood
s off
f 1704 1703 1702 1701
f 1705 1706 1707 1708
f 1701 1702 1706 1705
f 1702 1703 1707 1706
f 1703 1704 1708 1707
f 1704 1701 1705 1708
o Stock.11.Grip
v 0.664 1.008 -0.94
v 0.664 1.002 -0.87
v 0.594 1.002 -0.87
v 0.594 1.008 -0.94
v 0.664 1.138 -0.93
v 0.664 1.132 -0.86
v 0.594 1.132 -0.86
v 0.594 1.138 -0.93
usemtl WoodDark
s off
f 1712 1711 1710 1709
f 1713 1714 1715 1716
f 1709 1710 1714 1713
f 1710 1711 1715 1714
f 1711 1712 1716 1715
f 1712 1709 1713 1716
o Stock.11.String
v 0.516 0.42 -0.958
v 0.516 0.42 -0.946
v 0.504 0.42 -0.946
v 0.504 0.42 -0.958
v 0.516 1.72 -0.854
v 0.516 1.72 -0.842
v 0.504 1.72 -0.842
v 0.504 1.72 -0.854
usemtl Canvas
s off
f 1720 1719 1718 1717
f 1721 1722 1723 1724
f 1717 1718 1722 1721
f 1718 1719 1723 1722
f 1719 1720 1724 1723
f 1720 1717 1721 1724
o Rack.Post
v -1.810 0.35 -0.01
v -1.810 0.35 0.11
v -1.690 0.35 0.11
v -1.690 0.35 -0.01
v -1.810 1.8 -0.01
v -1.810 1.8 0.11
v -1.690 1.8 0.11
v -1.690 1.8 -0.01
usemtl Timber
s off
f 1728 1727 1726 1725
f 1729 1730 1731 1732
f 1725 1726 1730 1729
f 1726 1727 1731 1730
f 1727 1728 1732 1731
f 1728 1725 1729 1732
o Rack.Foot
v -1.810 0.35 -0.25
v -1.810 0.35 0.35
v -1.690 0.35 0.35
v -1.690 0.35 -0.25
v -1.810 0.43 -0.25
v -1.810 0.43 0.35
v -1.690 0.43 0.35
v -1.690 0.43 -0.25
usemtl Timber
s off
f 1736 1735 1734 1733
f 1737 1738 1739 1740
f 1733 1734 1738 1737
f 1734 1735 1739 1738
f 1735 1736 1740 1739
f 1736 1733 1737 1740
o Rack.Post
v 0.690 0.35 -0.01
v 0.690 0.35 0.11
v 0.810 0.35 0.11
v 0.810 0.35 -0.01
v 0.690 1.8 -0.01
v 0.690 1.8 0.11
v 0.810 1.8 0.11
v 0.810 1.8 -0.01
usemtl Timber
s off
f 1744 1743 1742 1741
f 1745 1746 1747 1748
f 1741 1742 1746 1745
f 1742 1743 1747 1746
f 1743 1744 1748 1747
f 1744 1741 1745 1748
o Rack.Foot
v 0.690 0.35 -0.25
v 0.690 0.35 0.35
v 0.810 0.35 0.35
v 0.810 0.35 -0.25
v 0.690 0.43 -0.25
v 0.690 0.43 0.35
v 0.810 0.43 0.35
v 0.810 0.43 -0.25
usemtl Timber
s off
f 1752 1751 1750 1749
f 1753 1754 1755 1756
f 1749 1750 1754 1753
f 1750 1751 1755 1754
f 1751 1752 1756 1755
f 1752 1749 1753 1756
o Rack.Rail
v -1.810 0.55 0.01
v -1.810 0.55 0.09
v 0.810 0.55 0.09
v 0.810 0.55 0.01
v -1.810 0.63 0.01
v -1.810 0.63 0.09
v 0.810 0.63 0.09
v 0.810 0.63 0.01
usemtl Wood
s off
f 1760 1759 1758 1757
f 1761 1762 1763 1764
f 1757 1758 1762 1761
f 1758 1759 1763 1762
f 1759 1760 1764 1763
f 1760 1757 1761 1764
o Rack.Rail
v -1.810 1.65 0.01
v -1.810 1.65 0.09
v 0.810 1.65 0.09
v 0.810 1.65 0.01
v -1.810 1.73 0.01
v -1.810 1.73 0.09
v 0.810 1.73 0.09
v 0.810 1.73 0.01
usemtl Wood
s off
f 1768 1767 1766 1765
f 1769 1770 1771 1772
f 1765 1766 1770 1769
f 1766 1767 1771 1770
f 1767 1768 1772 1771
f 1768 1765 1769 1772
o Stock.12
v -1.616 0.417 0.083
v -1.616 0.414 0.113
v -1.644 0.423 0.113
v -1.644 0.426 0.083
v -1.560 0.578 0.092
v -1.560 0.575 0.129
v -1.595 0.587 0.13
v -1.595 0.59 0.093
usemtl Wood
s off
f 1776 1775 1774 1773
f 1777 1778 1779 1780
f 1773 1774 1778 1777
f 1774 1775 1779 1778
f 1775 1776 1780 1779
f 1776 1773 1777 1780
o Stock.12
v -1.559 0.58 0.092
v -1.559 0.577 0.129
v -1.596 0.585 0.13
v -1.596 0.588 0.093
v -1.518 0.742 0.101
v -1.518 0.738 0.146
v -1.562 0.748 0.147
v -1.562 0.752 0.102
usemtl Wood
s off
f 1784 1783 1782 1781
f 1785 1786 1787 1788
f 1781 1782 1786 1785
f 1782 1783 1787 1786
f 1783 1784 1788 1787
f 1784 1781 1785 1788
o Stock.12
v -1.518 0.744 0.101
v -1.518 0.74 0.146
v -1.562 0.746 0.147
v -1.562 0.75 0.102
v -1.491 0.906 0.111
v -1.491 0.902 0.163
v -1.544 0.909 0.163
v -1.544 0.913 0.111
usemtl Wood
s off
f 1792 1791 1790 1789
f 1793 1794 1795 1796
f 1789 1790 1794 1793
f 1790 1791 1795 1794
f 1791 1792 1796 1795
f 1792 1789 1793 1796
o Stock.12
v -1.491 0.908 0.111
v -1.491 0.904 0.163
v -1.544 0.907 0.163
v -1.544 0.911 0.111
v -1.480 1.071 0.12
v -1.480 1.066 0.18
v -1.540 1.069 0.18
v -1.540 1.074 0.12
usemtl Wood
s off
f 1800 1799 1798 1797
f 1801 1802 1803 1804
f 1797 1798 1802 1801
f 1798 1799 1803 1802
f 1799 1800 1804 1803
f 1800 1797 1801 1804
o Stock.12
v -1.480 1.074 0.12
v -1.480 1.069 0.18
v -1.540 1.066 0.18
v -1.540 1.071 0.12
v -1.491 1.236 0.137
v -1.491 1.232 0.189
v -1.544 1.229 0.189
v -1.544 1.233 0.137
usemtl Wood
s off
f 1808 1807 1806 1805
f 1809 1810 1811 1812
f 1805 1806 1810 1809
f 1806 1807 1811 1810
f 1807 1808 1812 1811
f 1808 1805 1809 1812
o Stock.12
v -1.491 1.238 0.137
v -1.491 1.234 0.189
v -1.544 1.227 0.189
v -1.544 1.231 0.137
v -1.518 1.4 0.154
v -1.518 1.396 0.199
v -1.562 1.39 0.198
v -1.562 1.394 0.153
usemtl Wood
s off
f 1816 1815 1814 1813
f 1817 1818 1819 1820
f 1813 1814 1818 1817
f 1814 1815 1819 1818
f 1815 1816 1820 1819
f 1816 1813 1817 1820
o Stock.12
v -1.518 1.402 0.154
v -1.518 1.398 0.199
v -1.562 1.388 0.198
v -1.562 1.392 0.153
v -1.559 1.563 0.171
v -1.559 1.56 0.208
v -1.596 1.552 0.207
v -1.596 1.555 0.17
usemtl Wood
s off
f 1824 1823 1822 1821
f 1825 1826 1827 1828
f 1821 1822 1826 1825
f 1822 1823 1827 1826
f 1823 1824 1828 1827
f 1824 1821 1825 1828
o Stock.12
v -1.560 1.565 0.171
v -1.560 1.562 0.208
v -1.595 1.55 0.207
v -1.595 1.553 0.17
v -1.616 1.726 0.187
v -1.616 1.723 0.217
v -1.644 1.714 0.217
v -1.644 1.717 0.187
usemtl Wood
s off
f 1832 1831 1830 1829
f 1833 1834 1835 1836
f 1829 1830 1834 1833
f 1830 1831 1835 1834
f 1831 1832 1836 1835
f 1832 1829 1833 1836
o Stock.12.Grip
v -1.476 1.008 0.11
v -1.476 1.002 0.18
v -1.546 1.002 0.18
v -1.546 1.008 0.11
v -1.476 1.138 0.12
v -1.476 1.132 0.19
v -1.546 1.132 0.19
v -1.546 1.138 0.12
usemtl WoodDark
s off
f 1840 1839 1838 1837
f 1841 1842 1843 1844
f 1837 1838 1842 1841
f 1838 1839 1843 1842
f 1839 1840 1844 1843
f 1840 1837 1841 1844
o Stock.12.String
v -1.624 0.42 0.092
v -1.624 0.42 0.104
v -1.636 0.42 0.104
v -1.636 0.42 0.092
v -1.624 1.72 0.196
v -1.624 1.72 0.208
v -1.636 1.72 0.208
v -1.636 1.72 0.196
usemtl Canvas
s off
f 1848 1847 1846 1845
f 1849 1850 1851 1852
f 1845 1846 1850 1849
f 1846 1847 1851 1850
f 1847 1848 1852 1851
f 1848 1845 1849 1852
o Stock.13
v -1.421 0.417 0.083
v -1.421 0.414 0.113
v -1.450 0.423 0.113
v -1.450 0.426 0.083
v -1.365 0.578 0.092
v -1.365 0.575 0.129
v -1.401 0.587 0.13
v -1.401 0.59 0.093
usemtl Wood
s off
f 1856 1855 1854 1853
f 1857 1858 1859 1860
f 1853 1854 1858 1857
f 1854 1855 1859 1858
f 1855 1856 1860 1859
f 1856 1853 1857 1860
o Stock.13
v -1.365 0.58 0.092
v -1.365 0.577 0.129
v -1.401 0.585 0.13
v -1.401 0.588 0.093
v -1.324 0.742 0.101
v -1.324 0.738 0.146
v -1.367 0.748 0.147
v -1.367 0.752 0.102
usemtl Wood
s off
f 1864 1863 1862 1861
f 1865 1866 1867 1868
f 1861 1862 1866 1865
f 1862 1863 1867 1866
f 1863 1864 1868 1867
f 1864 1861 1865 1868
o Stock.13
v -1.323 0.744 0.101
v -1.323 0.74 0.146
v -1.368 0.746 0.147
v -1.368 0.75 0.102
v -1.297 0.906 0.111
v -1.297 0.902 0.163
v -1.349 0.909 0.163
v -1.349 0.913 0.111
usemtl Wood
s off
f 1872 1871 1870 1869
f 1873 1874 1875 1876
f 1869 1870 1874 1873
f 1870 1871 1875 1874
f 1871 1872 1876 1875
f 1872 1869 1873 1876
o Stock.13
v -1.297 0.908 0.111
v -1.297 0.904 0.163
v -1.349 0.907 0.163
v -1.349 0.911 0.111
v -1.285 1.071 0.12
v -1.285 1.066 0.18
v -1.345 1.069 0.18
v -1.345 1.074 0.12
usemtl Wood
s off
f 1880 1879 1878 1877
f 1881 1882 1883 1884
f 1877 1878 1882 1881
f 1878 1879 1883 1882
f 1879 1880 1884 1883
f 1880 1877 1881 1884
o Stock.13
v -1.285 1.074 0.12
v -1.285 1.069 0.18
v -1.345 1.066 0.18
v -1.345 1.071 0.12
v -1.297 1.236 0.137
v -1.297 1.232 0.189
v -1.349 1.229 0.189
v -1.349 1.233 0.137
usemtl Wood
s off
f 1888 1887 1886 1885
f 1889 1890 1891 1892
f 1885 1886 1890 1889
f 1886 1887 1891 1890
f 1887 1888 1892 1891
f 1888 1885 1889 1892
o Stock.13
v -1.297 1.238 0.137
v -1.297 1.234 0.189
v -1.349 1.227 0.189
v -1.349 1.231 0.137
v -1.323 1.4 0.154
v -1.323 1.396 0.199
v -1.368 1.39 0.198
v -1.368 1.394 0.153
usemtl Wood
s off
f 1896 1895 1894 1893
f 1897 1898 1899 1900
f 1893 1894 1898 1897
f 1894 1895 1899 1898
f 1895 1896 1900 1899
f 1896 1893 1897 1900
o Stock.13
v -1.324 1.402 0.154
v -1.324 1.398 0.199
v -1.367 1.388 0.198
v -1.367 1.392 0.153
v -1.365 1.563 0.171
v -1.365 1.56 0.208
v -1.401 1.552 0.207
v -1.401 1.555 0.17
usemtl Wood
s off
f 1904 1903 1902 1901
f 1905 1906 1907 1908
f 1901 1902 1906 1905
f 1902 1903 1907 1906
f 1903 1904 1908 1907
f 1904 1901 1905 1908
o Stock.13
v -1.365 1.565 0.171
v -1.365 1.562 0.208
v -1.401 1.55 0.207
v -1.401 1.553 0.17
v -1.421 1.726 0.187
v -1.421 1.723 0.217
v -1.450 1.714 0.217
v -1.450 1.717 0.187
usemtl Wood
s off
f 1912 1911 1910 1909
f 1913 1914 1915 1916
f 1909 1910 1914 1913
f 1910 1911 1915 1914
f 1911 1912 1916 1915
f 1912 1909 1913 1916
o Stock.13.Grip
v -1.282 1.008 0.11
v -1.282 1.002 0.18
v -1.352 1.002 0.18
v -1.352 1.008 0.11
v -1.282 1.138 0.12
v -1.282 1.132 0.19
v -1.352 1.132 0.19
v -1.352 1.138 0.12
usemtl WoodDark
s off
f 1920 1919 1918 1917
f 1921 1922 1923 1924
f 1917 1918 1922 1921
f 1918 1919 1923 1922
f 1919 1920 1924 1923
f 1920 1917 1921 1924
o Stock.13.String
v -1.429 0.42 0.092
v -1.429 0.42 0.104
v -1.441 0.42 0.104
v -1.441 0.42 0.092
v -1.429 1.72 0.196
v -1.429 1.72 0.208
v -1.441 1.72 0.208
v -1.441 1.72 0.196
usemtl Canvas
s off
f 1928 1927 1926 1925
f 1929 1930 1931 1932
f 1925 1926 1930 1929
f 1926 1927 1931 1930
f 1927 1928 1932 1931
f 1928 1925 1929 1932
o Stock.14
v -1.227 0.417 0.083
v -1.227 0.414 0.113
v -1.255 0.423 0.113
v -1.255 0.426 0.083
v -1.171 0.578 0.092
v -1.171 0.575 0.129
v -1.206 0.587 0.13
v -1.206 0.59 0.093
usemtl Wood
s off
f 1936 1935 1934 1933
f 1937 1938 1939 1940
f 1933 1934 1938 1937
f 1934 1935 1939 1938
f 1935 1936 1940 1939
f 1936 1933 1937 1940
o Stock.14
v -1.170 0.58 0.092
v -1.170 0.577 0.129
v -1.207 0.585 0.13
v -1.207 0.588 0.093
v -1.129 0.742 0.101
v -1.129 0.738 0.146
v -1.173 0.748 0.147
v -1.173 0.752 0.102
usemtl Wood
s off
f 1944 1943 1942 1941
f 1945 1946 1947 1948
f 1941 1942 1946 1945
f 1942 1943 1947 1946
f 1943 1944 1948 1947
f 1944 1941 1945 1948
o Stock.14
v -1.129 0.744 0.101
v -1.129 0.74 0.146
v -1.173 0.746 0.147
v -1.173 0.75 0.102
v -1.102 0.906 0.111
v -1.102 0.902 0.163
v -1.154 0.909 0.163
v -1.154 0.913 0.111
usemtl Wood
s off
f 1952 1951 1950 1949
f 1953 1954 1955 1956
f 1949 1950 1954 1953
f 1950 1951 1955 1954
f 1951 1952 1956 1955
f 1952 1949 1953 1956
o Stock.14
v -1.102 0.908 0.111
v -1.102 0.904 0.163
v -1.155 0.907 0.163
v -1.155 0.911 0.111
v -1.091 1.071 0.12
v -1.091 1.066 0.18
v -1.151 1.069 0.18
v -1.151 1.074 0.12
usemtl Wood
s off
f 1960 1959 1958 1957
f 1961 1962 1963 1964
f 1957 1958 1962 1961
f 1958 1959 1963 1962
f 1959 1960 1964 1963
f 1960 1957 1961 1964
o Stock.14
v -1.091 1.074 0.12
v -1.091 1.069 0.18
v -1.151 1.066 0.18
v -1.151 1.071 0.12
v -1.102 1.236 0.137
v -1.102 1.232 0.189
v -1.155 1.229 0.189
v -1.155 1.233 0.137
usemtl Wood
s off
f 1968 1967 1966 1965
f 1969 1970 1971 1972
f 1965 1966 1970 1969
f 1966 1967 1971 1970
f 1967 1968 1972 1971
f 1968 1965 1969 1972
o Stock.14
v -1.102 1.238 0.137
v -1.102 1.234 0.189
v -1.154 1.227 0.189
v -1.154 1.231 0.137
v -1.129 1.4 0.154
v -1.129 1.396 0.199
v -1.173 1.39 0.198
v -1.173 1.394 0.153
usemtl Wood
s off
f 1976 1975 1974 1973
f 1977 1978 1979 1980
f 1973 1974 1978 1977
f 1974 1975 1979 1978
f 1975 1976 1980 1979
f 1976 1973 1977 1980
o Stock.14
v -1.129 1.402 0.154
v -1.129 1.398 0.199
v -1.173 1.388 0.198
v -1.173 1.392 0.153
v -1.170 1.563 0.171
v -1.170 1.56 0.208
v -1.207 1.552 0.207
v -1.207 1.555 0.17
usemtl Wood
s off
f 1984 1983 1982 1981
f 1985 1986 1987 1988
f 1981 1982 1986 1985
f 1982 1983 1987 1986
f 1983 1984 1988 1987
f 1984 1981 1985 1988
o Stock.14
v -1.171 1.565 0.171
v -1.171 1.562 0.208
v -1.206 1.55 0.207
v -1.206 1.553 0.17
v -1.227 1.726 0.187
v -1.227 1.723 0.217
v -1.255 1.714 0.217
v -1.255 1.717 0.187
usemtl Wood
s off
f 1992 1991 1990 1989
f 1993 1994 1995 1996
f 1989 1990 1994 1993
f 1990 1991 1995 1994
f 1991 1992 1996 1995
f 1992 1989 1993 1996
o Stock.14.Grip
v -1.087 1.008 0.11
v -1.087 1.002 0.18
v -1.157 1.002 0.18
v -1.157 1.008 0.11
v -1.087 1.138 0.12
v -1.087 1.132 0.19
v -1.157 1.132 0.19
v -1.157 1.138 0.12
usemtl WoodDark
s off
f 2000 1999 1998 1997
f 2001 2002 2003 2004
f 1997 1998 2002 2001
f 1998 1999 2003 2002
f 1999 2000 2004 2003
f 2000 1997 2001 2004
o Stock.14.String
v -1.235 0.42 0.092
v -1.235 0.42 0.104
v -1.247 0.42 0.104
v -1.247 0.42 0.092
v -1.235 1.72 0.196
v -1.235 1.72 0.208
v -1.247 1.72 0.208
v -1.247 1.72 0.196
usemtl Canvas
s off
f 2008 2007 2006 2005
f 2009 2010 2011 2012
f 2005 2006 2010 2009
f 2006 2007 2011 2010
f 2007 2008 2012 2011
f 2008 2005 2009 2012
o Stock.15
v -1.032 0.417 0.083
v -1.032 0.414 0.113
v -1.061 0.423 0.113
v -1.061 0.426 0.083
v -0.976 0.578 0.092
v -0.976 0.575 0.129
v -1.012 0.587 0.13
v -1.012 0.59 0.093
usemtl Wood
s off
f 2016 2015 2014 2013
f 2017 2018 2019 2020
f 2013 2014 2018 2017
f 2014 2015 2019 2018
f 2015 2016 2020 2019
f 2016 2013 2017 2020
o Stock.15
v -0.976 0.58 0.092
v -0.976 0.577 0.129
v -1.012 0.585 0.13
v -1.012 0.588 0.093
v -0.934 0.742 0.101
v -0.934 0.738 0.146
v -0.978 0.748 0.147
v -0.978 0.752 0.102
usemtl Wood
s off
f 2024 2023 2022 2021
f 2025 2026 2027 2028
f 2021 2022 2026 2025
f 2022 2023 2027 2026
f 2023 2024 2028 2027
f 2024 2021 2025 2028
o Stock.15
v -0.934 0.744 0.101
v -0.934 0.74 0.146
v -0.979 0.746 0.147
v -0.979 0.75 0.102
v -0.908 0.906 0.111
v -0.908 0.902 0.163
v -0.960 0.909 0.163
v -0.960 0.913 0.111
usemtl Wood
s off
f 2032 2031 2030 2029
f 2033 2034 2035 2036
f 2029 2030 2034 2033
f 2030 2031 2035 2034
f 2031 2032 2036 2035
f 2032 2029 2033 2036
o Stock.15
v -0.908 0.908 0.111
v -0.908 0.904 0.163
v -0.960 0.907 0.163
v -0.960 0.911 0.111
v -0.896 1.071 0.12
v -0.896 1.066 0.18
v -0.956 1.069 0.18
v -0.956 1.074 0.12
usemtl Wood
s off
f 2040 2039 2038 2037
f 2041 2042 2043 2044
f 2037 2038 2042 2041
f 2038 2039 2043 2042
f 2039 2040 2044 2043
f 2040 2037 2041 2044
o Stock.15
v -0.896 1.074 0.12
v -0.896 1.069 0.18
v -0.956 1.066 0.18
v -0.956 1.071 0.12
v -0.908 1.236 0.137
v -0.908 1.232 0.189
v -0.960 1.229 0.189
v -0.960 1.233 0.137
usemtl Wood
s off
f 2048 2047 2046 2045
f 2049 2050 2051 2052
f 2045 2046 2050 2049
f 2046 2047 2051 2050
f 2047 2048 2052 2051
f 2048 2045 2049 2052
o Stock.15
v -0.908 1.238 0.137
v -0.908 1.234 0.189
v -0.960 1.227 0.189
v -0.960 1.231 0.137
v -0.934 1.4 0.154
v -0.934 1.396 0.199
v -0.979 1.39 0.198
v -0.979 1.394 0.153
usemtl Wood
s off
f 2056 2055 2054 2053
f 2057 2058 2059 2060
f 2053 2054 2058 2057
f 2054 2055 2059 2058
f 2055 2056 2060 2059
f 2056 2053 2057 2060
o Stock.15
v -0.934 1.402 0.154
v -0.934 1.398 0.199
v -0.978 1.388 0.198
v -0.978 1.392 0.153
v -0.976 1.563 0.171
v -0.976 1.56 0.208
v -1.012 1.552 0.207
v -1.012 1.555 0.17
usemtl Wood
s off
f 2064 2063 2062 2061
f 2065 2066 2067 2068
f 2061 2062 2066 2065
f 2062 2063 2067 2066
f 2063 2064 2068 2067
f 2064 2061 2065 2068
o Stock.15
v -0.976 1.565 0.171
v -0.976 1.562 0.208
v -1.012 1.55 0.207
v -1.012 1.553 0.17
v -1.032 1.726 0.187
v -1.032 1.723 0.217
v -1.061 1.714 0.217
v -1.061 1.717 0.187
usemtl Wood
s off
f 2072 2071 2070 2069
f 2073 2074 2075 2076
f 2069 2070 2074 2073
f 2070 2071 2075 2074
f 2071 2072 2076 2075
f 2072 2069 2073 2076
o Stock.15.Grip
v -0.893 1.008 0.11
v -0.893 1.002 0.18
v -0.963 1.002 0.18
v -0.963 1.008 0.11
v -0.893 1.138 0.12
v -0.893 1.132 0.19
v -0.963 1.132 0.19
v -0.963 1.138 0.12
usemtl WoodDark
s off
f 2080 2079 2078 2077
f 2081 2082 2083 2084
f 2077 2078 2082 2081
f 2078 2079 2083 2082
f 2079 2080 2084 2083
f 2080 2077 2081 2084
o Stock.15.String
v -1.040 0.42 0.092
v -1.040 0.42 0.104
v -1.052 0.42 0.104
v -1.052 0.42 0.092
v -1.040 1.72 0.196
v -1.040 1.72 0.208
v -1.052 1.72 0.208
v -1.052 1.72 0.196
usemtl Canvas
s off
f 2088 2087 2086 2085
f 2089 2090 2091 2092
f 2085 2086 2090 2089
f 2086 2087 2091 2090
f 2087 2088 2092 2091
f 2088 2085 2089 2092
o Stock.16
v -0.838 0.417 0.083
v -0.838 0.414 0.113
v -0.866 0.423 0.113
v -0.866 0.426 0.083
v -0.781 0.578 0.092
v -0.781 0.575 0.129
v -0.817 0.587 0.13
v -0.817 0.59 0.093
usemtl Wood
s off
f 2096 2095 2094 2093
f 2097 2098 2099 2100
f 2093 2094 2098 2097
f 2094 2095 2099 2098
f 2095 2096 2100 2099
f 2096 2093 2097 2100
o Stock.16
v -0.781 0.58 0.092
v -0.781 0.577 0.129
v -0.818 0.585 0.13
v -0.818 0.588 0.093
v -0.740 0.742 0.101
v -0.740 0.738 0.146
v -0.784 0.748 0.147
v -0.784 0.752 0.102
usemtl Wood
s off
f 2104 2103 2102 2101
f 2105 2106 2107 2108
f 2101 2102 2106 2105
f 2102 2103 2107 2106
f 2103 2104 2108 2107
f 2104 2101 2105 2108
o Stock.16
v -0.740 0.744 0.101
v -0.740 0.74 0.146
v -0.784 0.746 0.147
v -0.784 0.75 0.102
v -0.713 0.906 0.111
v -0.713 0.902 0.163
v -0.765 0.909 0.163
v -0.765 0.913 0.111
usemtl Wood
s off
f 2112 2111 2110 2109
f 2113 2114 2115 2116
f 2109 2110 2114 2113
f 2110 2111 2115 2114
f 2111 2112 2116 2115
f 2112 2109 2113 2116
o Stock.16
v -0.713 0.908 0.111
v -0.713 0.904 0.163
v -0.766 0.907 0.163
v -0.766 0.911 0.111
v -0.702 1.071 0.12
v -0.702 1.066 0.18
v -0.762 1.069 0.18
v -0.762 1.074 0.12
usemtl Wood
s off
f 2120 2119 2118 2117
f 2121 2122 2123 2124
f 2117 2118 2122 2121
f 2118 2119 2123 2122
f 2119 2120 2124 2123
f 2120 2117 2121 2124
o Stock.16
v -0.702 1.074 0.12
v -0.702 1.069 0.18
v -0.762 1.066 0.18
v -0.762 1.071 0.12
v -0.713 1.236 0.137
v -0.713 1.232 0.189
v -0.766 1.229 0.189
v -0.766 1.233 0.137
usemtl Wood
s off
f 2128 2127 2126 2125
f 2129 2130 2131 2132
f 2125 2126 2130 2129
f 2126 2127 2131 2130
f 2127 2128 2132 2131
f 2128 2125 2129 2132
o Stock.16
v -0.713 1.238 0.137
v -0.713 1.234 0.189
v -0.765 1.227 0.189
v -0.765 1.231 0.137
v -0.740 1.4 0.154
v -0.740 1.396 0.199
v -0.784 1.39 0.198
v -0.784 1.394 0.153
usemtl Wood
s off
f 2136 2135 2134 2133
f 2137 2138 2139 2140
f 2133 2134 2138 2137
f 2134 2135 2139 2138
f 2135 2136 2140 2139
f 2136 2133 2137 2140
o Stock.16
v -0.740 1.402 0.154
v -0.740 1.398 0.199
v -0.784 1.388 0.198
v -0.784 1.392 0.153
v -0.781 1.563 0.171
v -0.781 1.56 0.208
v -0.818 1.552 0.207
v -0.818 1.555 0.17
usemtl Wood
s off
f 2144 2143 2142 2141
f 2145 2146 2147 2148
f 2141 2142 2146 2145
f 2142 2143 2147 2146
f 2143 2144 2148 2147
f 2144 2141 2145 2148
o Stock.16
v -0.781 1.565 0.171
v -0.781 1.562 0.208
v -0.817 1.55 0.207
v -0.817 1.553 0.17
v -0.838 1.726 0.187
v -0.838 1.723 0.217
v -0.866 1.714 0.217
v -0.866 1.717 0.187
usemtl Wood
s off
f 2152 2151 2150 2149
f 2153 2154 2155 2156
f 2149 2150 2154 2153
f 2150 2151 2155 2154
f 2151 2152 2156 2155
f 2152 2149 2153 2156
o Stock.16.Grip
v -0.698 1.008 0.11
v -0.698 1.002 0.18
v -0.768 1.002 0.18
v -0.768 1.008 0.11
v -0.698 1.138 0.12
v -0.698 1.132 0.19
v -0.768 1.132 0.19
v -0.768 1.138 0.12
usemtl WoodDark
s off
f 2160 2159 2158 2157
f 2161 2162 2163 2164
f 2157 2158 2162 2161
f 2158 2159 2163 2162
f 2159 2160 2164 2163
f 2160 2157 2161 2164
o Stock.16.String
v -0.846 0.42 0.092
v -0.846 0.42 0.104
v -0.858 0.42 0.104
v -0.858 0.42 0.092
v -0.846 1.72 0.196
v -0.846 1.72 0.208
v -0.858 1.72 0.208
v -0.858 1.72 0.196
usemtl Canvas
s off
f 2168 2167 2166 2165
f 2169 2170 2171 2172
f 2165 2166 2170 2169
f 2166 2167 2171 2170
f 2167 2168 2172 2171
f 2168 2165 2169 2172
o Stock.17
v -0.643 0.417 0.083
v -0.643 0.414 0.113
v -0.672 0.423 0.113
v -0.672 0.426 0.083
v -0.587 0.578 0.092
v -0.587 0.575 0.129
v -0.623 0.587 0.13
v -0.623 0.59 0.093
usemtl Wood
s off
f 2176 2175 2174 2173
f 2177 2178 2179 2180
f 2173 2174 2178 2177
f 2174 2175 2179 2178
f 2175 2176 2180 2179
f 2176 2173 2177 2180
o Stock.17
v -0.586 0.58 0.092
v -0.586 0.577 0.129
v -0.623 0.585 0.13
v -0.623 0.588 0.093
v -0.545 0.742 0.101
v -0.545 0.738 0.146
v -0.589 0.748 0.147
v -0.589 0.752 0.102
usemtl Wood
s off
f 2184 2183 2182 2181
f 2185 2186 2187 2188
f 2181 2182 2186 2185
f 2182 2183 2187 2186
f 2183 2184 2188 2187
f 2184 2181 2185 2188
o Stock.17
v -0.545 0.744 0.101
v -0.545 0.74 0.146
v -0.590 0.746 0.147
v -0.590 0.75 0.102
v -0.519 0.906 0.111
v -0.519 0.902 0.163
v -0.571 0.909 0.163
v -0.571 0.913 0.111
usemtl Wood
s off
f 2192 2191 2190 2189
f 2193 2194 2195 2196
f 2189 2190 2194 2193
f 2190 2191 2195 2194
f 2191 2192 2196 2195
f 2192 2189 2193 2196
o Stock.17
v -0.519 0.908 0.111
v -0.519 0.904 0.163
v -0.571 0.907 0.163
v -0.571 0.911 0.111
v -0.507 1.071 0.12
v -0.507 1.066 0.18
v -0.567 1.069 0.18
v -0.567 1.074 0.12
usemtl Wood
s off
f 2200 2199 2198 2197
f 2201 2202 2203 2204
f 2197 2198 2202 2201
f 2198 2199 2203 2202
f 2199 2200 2204 2203
f 2200 2197 2201 2204
o Stock.17
v -0.507 1.074 0.12
v -0.507 1.069 0.18
v -0.567 1.066 0.18
v -0.567 1.071 0.12
v -0.519 1.236 0.137
v -0.519 1.232 0.189
v -0.571 1.229 0.189
v -0.571 1.233 0.137
usemtl Wood
s off
f 2208 2207 2206 2205
f 2209 2210 2211 2212
f 2205 2206 2210 2209
f 2206 2207 2211 2210
f 2207 2208 2212 2211
f 2208 2205 2209 2212
o Stock.17
v -0.519 1.238 0.137
v -0.519 1.234 0.189
v -0.571 1.227 0.189
v -0.571 1.231 0.137
v -0.545 1.4 0.154
v -0.545 1.396 0.199
v -0.590 1.39 0.198
v -0.590 1.394 0.153
usemtl Wood
s off
f 2216 2215 2214 2213
f 2217 2218 2219 2220
f 2213 2214 2218 2217
f 2214 2215 2219 2218
f 2215 2216 2220 2219
f 2216 2213 2217 2220
o Stock.17
v -0.545 1.402 0.154
v -0.545 1.398 0.199
v -0.589 1.388 0.198
v -0.589 1.392 0.153
v -0.586 1.563 0.171
v -0.586 1.56 0.208
v -0.623 1.552 0.207
v -0.623 1.555 0.17
usemtl Wood
s off
f 2224 2223 2222 2221
f 2225 2226 2227 2228
f 2221 2222 2226 2225
f 2222 2223 2227 2226
f 2223 2224 2228 2227
f 2224 2221 2225 2228
o Stock.17
v -0.587 1.565 0.171
v -0.587 1.562 0.208
v -0.623 1.55 0.207
v -0.623 1.553 0.17
v -0.643 1.726 0.187
v -0.643 1.723 0.217
v -0.672 1.714 0.217
v -0.672 1.717 0.187
usemtl Wood
s off
f 2232 2231 2230 2229
f 2233 2234 2235 2236
f 2229 2230 2234 2233
f 2230 2231 2235 2234
f 2231 2232 2236 2235
f 2232 2229 2233 2236
o Stock.17.Grip
v -0.503 1.008 0.11
v -0.503 1.002 0.18
v -0.573 1.002 0.18
v -0.573 1.008 0.11
v -0.503 1.138 0.12
v -0.503 1.132 0.19
v -0.573 1.132 0.19
v -0.573 1.138 0.12
usemtl WoodDark
s off
f 2240 2239 2238 2237
f 2241 2242 2243 2244
f 2237 2238 2242 2241
f 2238 2239 2243 2242
f 2239 2240 2244 2243
f 2240 2237 2241 2244
o Stock.17.String
v -0.651 0.42 0.092
v -0.651 0.42 0.104
v -0.663 0.42 0.104
v -0.663 0.42 0.092
v -0.651 1.72 0.196
v -0.651 1.72 0.208
v -0.663 1.72 0.208
v -0.663 1.72 0.196
usemtl Canvas
s off
f 2248 2247 2246 2245
f 2249 2250 2251 2252
f 2245 2246 2250 2249
f 2246 2247 2251 2250
f 2247 2248 2252 2251
f 2248 2245 2249 2252
o Stock.18
v -0.448 0.417 0.083
v -0.448 0.414 0.113
v -0.477 0.423 0.113
v -0.477 0.426 0.083
v -0.392 0.578 0.092
v -0.392 0.575 0.129
v -0.428 0.587 0.13
v -0.428 0.59 0.093
usemtl Wood
s off
f 2256 2255 2254 2253
f 2257 2258 2259 2260
f 2253 2254 2258 2257
f 2254 2255 2259 2258
f 2255 2256 2260 2259
f 2256 2253 2257 2260
o Stock.18
v -0.392 0.58 0.092
v -0.392 0.577 0.129
v -0.429 0.585 0.13
v -0.429 0.588 0.093
v -0.351 0.742 0.101
v -0.351 0.738 0.146
v -0.395 0.748 0.147
v -0.395 0.752 0.102
usemtl Wood
s off
f 2264 2263 2262 2261
f 2265 2266 2267 2268
f 2261 2262 2266 2265
f 2262 2263 2267 2266
f 2263 2264 2268 2267
f 2264 2261 2265 2268
o Stock.18
v -0.350 0.744 0.101
v -0.350 0.74 0.146
v -0.395 0.746 0.147
v -0.395 0.75 0.102
v -0.324 0.906 0.111
v -0.324 0.902 0.163
v -0.376 0.909 0.163
v -0.376 0.913 0.111
usemtl Wood
s off
f 2272 2271 2270 2269
f 2273 2274 2275 2276
f 2269 2270 2274 2273
f 2270 2271 2275 2274
f 2271 2272 2276 2275
f 2272 2269 2273 2276
o Stock.18
v -0.324 0.908 0.111
v -0.324 0.904 0.163
v -0.376 0.907 0.163
v -0.376 0.911 0.111
v -0.313 1.071 0.12
v -0.313 1.066 0.18
v -0.373 1.069 0.18
v -0.373 1.074 0.12
usemtl Wood
s off
f 2280 2279 2278 2277
f 2281 2282 2283 2284
f 2277 2278 2282 2281
f 2278 2279 2283 2282
f 2279 2280 2284 2283
f 2280 2277 2281 2284
o Stock.18
v -0.313 1.074 0.12
v -0.313 1.069 0.18
v -0.373 1.066 0.18
v -0.373 1.071 0.12
v -0.324 1.236 0.137
v -0.324 1.232 0.189
v -0.376 1.229 0.189
v -0.376 1.233 0.137
usemtl Wood
s off
f 2288 2287 2286 2285
f 2289 2290 2291 2292
f 2285 2286 2290 2289
f 2286 2287 2291 2290
f 2287 2288 2292 2291
f 2288 2285 2289 2292
o Stock.18
v -0.324 1.238 0.137
v -0.324 1.234 0.189
v -0.376 1.227 0.189
v -0.376 1.231 0.137
v -0.350 1.4 0.154
v -0.350 1.396 0.199
v -0.395 1.39 0.198
v -0.395 1.394 0.153
usemtl Wood
s off
f 2296 2295 2294 2293
f 2297 2298 2299 2300
f 2293 2294 2298 2297
f 2294 2295 2299 2298
f 2295 2296 2300 2299
f 2296 2293 2297 2300
o Stock.18
v -0.351 1.402 0.154
v -0.351 1.398 0.199
v -0.395 1.388 0.198
v -0.395 1.392 0.153
v -0.392 1.563 0.171
v -0.392 1.56 0.208
v -0.429 1.552 0.207
v -0.429 1.555 0.17
usemtl Wood
s off
f 2304 2303 2302 2301
f 2305 2306 2307 2308
f 2301 2302 2306 2305
f 2302 2303 2307 2306
f 2303 2304 2308 2307
f 2304 2301 2305 2308
o Stock.18
v -0.392 1.565 0.171
v -0.392 1.562 0.208
v -0.428 1.55 0.207
v -0.428 1.553 0.17
v -0.448 1.726 0.187
v -0.448 1.723 0.217
v -0.477 1.714 0.217
v -0.477 1.717 0.187
usemtl Wood
s off
f 2312 2311 2310 2309
f 2313 2314 2315 2316
f 2309 2310 2314 2313
f 2310 2311 2315 2314
f 2311 2312 2316 2315
f 2312 2309 2313 2316
o Stock.18.Grip
v -0.309 1.008 0.11
v -0.309 1.002 0.18
v -0.379 1.002 0.18
v -0.379 1.008 0.11
v -0.309 1.138 0.12
v -0.309 1.132 0.19
v -0.379 1.132 0.19
v -0.379 1.138 0.12
usemtl WoodDark
s off
f 2320 2319 2318 2317
f 2321 2322 2323 2324
f 2317 2318 2322 2321
f 2318 2319 2323 2322
f 2319 2320 2324 2323
f 2320 2317 2321 2324
o Stock.18.String
v -0.457 0.42 0.092
v -0.457 0.42 0.104
v -0.469 0.42 0.104
v -0.469 0.42 0.092
v -0.457 1.72 0.196
v -0.457 1.72 0.208
v -0.469 1.72 0.208
v -0.469 1.72 0.196
usemtl Canvas
s off
f 2328 2327 2326 2325
f 2329 2330 2331 2332
f 2325 2326 2330 2329
f 2326 2327 2331 2330
f 2327 2328 2332 2331
f 2328 2325 2329 2332
o Stock.19
v -0.254 0.417 0.083
v -0.254 0.414 0.113
v -0.282 0.423 0.113
v -0.282 0.426 0.083
v -0.198 0.578 0.092
v -0.198 0.575 0.129
v -0.234 0.587 0.13
v -0.234 0.59 0.093
usemtl Wood
s off
f 2336 2335 2334 2333
f 2337 2338 2339 2340
f 2333 2334 2338 2337
f 2334 2335 2339 2338
f 2335 2336 2340 2339
f 2336 2333 2337 2340
o Stock.19
v -0.197 0.58 0.092
v -0.197 0.577 0.129
v -0.234 0.585 0.13
v -0.234 0.588 0.093
v -0.156 0.742 0.101
v -0.156 0.738 0.146
v -0.200 0.748 0.147
v -0.200 0.752 0.102
usemtl Wood
s off
f 2344 2343 2342 2341
f 2345 2346 2347 2348
f 2341 2342 2346 2345
f 2342 2343 2347 2346
f 2343 2344 2348 2347
f 2344 2341 2345 2348
o Stock.19
v -0.156 0.744 0.101
v -0.156 0.74 0.146
v -0.200 0.746 0.147
v -0.200 0.75 0.102
v -0.130 0.906 0.111
v -0.130 0.902 0.163
v -0.182 0.909 0.163
v -0.182 0.913 0.111
usemtl Wood
s off
f 2352 2351 2350 2349
f 2353 2354 2355 2356
f 2349 2350 2354 2353
f 2350 2351 2355 2354
f 2351 2352 2356 2355
f 2352 2349 2353 2356
o Stock.19
v -0.129 0.908 0.111
v -0.129 0.904 0.163
v -0.182 0.907 0.163
v -0.182 0.911 0.111
v -0.118 1.071 0.12
v -0.118 1.066 0.18
v -0.178 1.069 0.18
v -0.178 1.074 0.12
usemtl Wood
s off
f 2360 2359 2358 2357
f 2361 2362 2363 2364
f 2357 2358 2362 2361
f 2358 2359 2363 2362
f 2359 2360 2364 2363
f 2360 2357 2361 2364
o Stock.19
v -0.118 1.074 0.12
v -0.118 1.069 0.18
v -0.178 1.066 0.18
v -0.178 1.071 0.12
v -0.129 1.236 0.137
v -0.129 1.232 0.189
v -0.182 1.229 0.189
v -0.182 1.233 0.137
usemtl Wood
s off
f 2368 2367 2366 2365
f 2369 2370 2371 2372
f 2365 2366 2370 2369
f 2366 2367 2371 2370
f 2367 2368 2372 2371
f 2368 2365 2369 2372
o Stock.19
v -0.130 1.238 0.137
v -0.130 1.234 0.189
v -0.182 1.227 0.189
v -0.182 1.231 0.137
v -0.156 1.4 0.154
v -0.156 1.396 0.199
v -0.200 1.39 0.198
v -0.200 1.394 0.153
usemtl Wood
s off
f 2376 2375 2374 2373
f 2377 2378 2379 2380
f 2373 2374 2378 2377
f 2374 2375 2379 2378
f 2375 2376 2380 2379
f 2376 2373 2377 2380
o Stock.19
v -0.156 1.402 0.154
v -0.156 1.398 0.199
v -0.200 1.388 0.198
v -0.200 1.392 0.153
v -0.197 1.563 0.171
v -0.197 1.56 0.208
v -0.234 1.552 0.207
v -0.234 1.555 0.17
usemtl Wood
s off
f 2384 2383 2382 2381
f 2385 2386 2387 2388
f 2381 2382 2386 2385
f 2382 2383 2387 2386
f 2383 2384 2388 2387
f 2384 2381 2385 2388
o Stock.19
v -0.198 1.565 0.171
v -0.198 1.562 0.208
v -0.234 1.55 0.207
v -0.234 1.553 0.17
v -0.254 1.726 0.187
v -0.254 1.723 0.217
v -0.282 1.714 0.217
v -0.282 1.717 0.187
usemtl Wood
s off
f 2392 2391 2390 2389
f 2393 2394 2395 2396
f 2389 2390 2394 2393
f 2390 2391 2395 2394
f 2391 2392 2396 2395
f 2392 2389 2393 2396
o Stock.19.Grip
v -0.114 1.008 0.11
v -0.114 1.002 0.18
v -0.184 1.002 0.18
v -0.184 1.008 0.11
v -0.114 1.138 0.12
v -0.114 1.132 0.19
v -0.184 1.132 0.19
v -0.184 1.138 0.12
usemtl WoodDark
s off
f 2400 2399 2398 2397
f 2401 2402 2403 2404
f 2397 2398 2402 2401
f 2398 2399 2403 2402
f 2399 2400 2404 2403
f 2400 2397 2401 2404
o Stock.19.String
v -0.262 0.42 0.092
v -0.262 0.42 0.104
v -0.274 0.42 0.104
v -0.274 0.42 0.092
v -0.262 1.72 0.196
v -0.262 1.72 0.208
v -0.274 1.72 0.208
v -0.274 1.72 0.196
usemtl Canvas
s off
f 2408 2407 2406 2405
f 2409 2410 2411 2412
f 2405 2406 2410 2409
f 2406 2407 2411 2410
f 2407 2408 2412 2411
f 2408 2405 2409 2412
o Stock.20
v -0.059 0.417 0.083
v -0.059 0.414 0.113
v -0.088 0.423 0.113
v -0.088 0.426 0.083
v -0.003 0.578 0.092
v -0.003 0.575 0.129
v -0.039 0.587 0.13
v -0.039 0.59 0.093
usemtl Wood
s off
f 2416 2415 2414 2413
f 2417 2418 2419 2420
f 2413 2414 2418 2417
f 2414 2415 2419 2418
f 2415 2416 2420 2419
f 2416 2413 2417 2420
o Stock.20
v -0.003 0.58 0.092
v -0.003 0.577 0.129
v -0.039 0.585 0.13
v -0.039 0.588 0.093
v 0.038 0.742 0.101
v 0.038 0.738 0.146
v -0.006 0.748 0.147
v -0.006 0.752 0.102
usemtl Wood
s off
f 2424 2423 2422 2421
f 2425 2426 2427 2428
f 2421 2422 2426 2425
f 2422 2423 2427 2426
f 2423 2424 2428 2427
f 2424 2421 2425 2428
o Stock.20
v 0.039 0.744 0.101
v 0.039 0.74 0.146
v -0.006 0.746 0.147
v -0.006 0.75 0.102
v 0.065 0.906 0.111
v 0.065 0.902 0.163
v 0.013 0.909 0.163
v 0.013 0.913 0.111
usemtl Wood
s off
f 2432 2431 2430 2429
f 2433 2434 2435 2436
f 2429 2430 2434 2433
f 2430 2431 2435 2434
f 2431 2432 2436 2435
f 2432 2429 2433 2436
o Stock.20
v 0.065 0.908 0.111
v 0.065 0.904 0.163
v 0.013 0.907 0.163
v 0.013 0.911 0.111
v 0.076 1.071 0.12
v 0.076 1.066 0.18
v 0.016 1.069 0.18
v 0.016 1.074 0.12
usemtl Wood
s off
f 2440 2439 2438 2437
f 2441 2442 2443 2444
f 2437 2438 2442 2441
f 2438 2439 2443 2442
f 2439 2440 2444 2443
f 2440 2437 2441 2444
o Stock.20
v 0.076 1.074 0.12
v 0.076 1.069 0.18
v 0.016 1.066 0.18
v 0.016 1.071 0.12
v 0.065 1.236 0.137
v 0.065 1.232 0.189
v 0.013 1.229 0.189
v 0.013 1.233 0.137
usemtl Wood
s off
f 2448 2447 2446 2445
f 2449 2450 2451 2452
f 2445 2446 2450 2449
f 2446 2447 2451 2450
f 2447 2448 2452 2451
f 2448 2445 2449 2452
o Stock.20
v 0.065 1.238 0.137
v 0.065 1.234 0.189
v 0.013 1.227 0.189
v 0.013 1.231 0.137
v 0.039 1.4 0.154
v 0.039 1.396 0.199
v -0.006 1.39 0.198
v -0.006 1.394 0.153
usemtl Wood
s off
f 2456 2455 2454 2453
f 2457 2458 2459 2460
f 2453 2454 2458 2457
f 2454 2455 2459 2458
f 2455 2456 2460 2459
f 2456 2453 2457 2460
o Stock.20
v 0.038 1.402 0.154
v 0.038 1.398 0.199
v -0.006 1.388 0.198
v -0.006 1.392 0.153
v -0.003 1.563 0.171
v -0.003 1.56 0.208
v -0.039 1.552 0.207
v -0.039 1.555 0.17
usemtl Wood
s off
f 2464 2463 2462 2461
f 2465 2466 2467 2468
f 2461 2462 2466 2465
f 2462 2463 2467 2466
f 2463 2464 2468 2467
f 2464 2461 2465 2468
o Stock.20
v -0.003 1.565 0.171
v -0.003 1.562 0.208
v -0.039 1.55 0.207
v -0.039 1.553 0.17
v -0.059 1.726 0.187
v -0.059 1.723 0.217
v -0.088 1.714 0.217
v -0.088 1.717 0.187
usemtl Wood
s off
f 2472 2471 2470 2469
f 2473 2474 2475 2476
f 2469 2470 2474 2473
f 2470 2471 2475 2474
f 2471 2472 2476 2475
f 2472 2469 2473 2476
o Stock.20.Grip
v 0.080 1.008 0.11
v 0.080 1.002 0.18
v 0.010 1.002 0.18
v 0.010 1.008 0.11
v 0.080 1.138 0.12
v 0.080 1.132 0.19
v 0.010 1.132 0.19
v 0.010 1.138 0.12
usemtl WoodDark
s off
f 2480 2479 2478 2477
f 2481 2482 2483 2484
f 2477 2478 2482 2481
f 2478 2479 2483 2482
f 2479 2480 2484 2483
f 2480 2477 2481 2484
o Stock.20.String
v -0.068 0.42 0.092
v -0.068 0.42 0.104
v -0.080 0.42 0.104
v -0.080 0.42 0.092
v -0.068 1.72 0.196
v -0.068 1.72 0.208
v -0.080 1.72 0.208
v -0.080 1.72 0.196
usemtl Canvas
s off
f 2488 2487 2486 2485
f 2489 2490 2491 2492
f 2485 2486 2490 2489
f 2486 2487 2491 2490
f 2487 2488 2492 2491
f 2488 2485 2489 2492
o Stock.21
v 0.135 0.417 0.083
v 0.135 0.414 0.113
v 0.107 0.423 0.113
v 0.107 0.426 0.083
v 0.191 0.578 0.092
v 0.191 0.575 0.129
v 0.156 0.587 0.13
v 0.156 0.59 0.093
usemtl Wood
s off
f 2496 2495 2494 2493
f 2497 2498 2499 2500
f 2493 2494 2498 2497
f 2494 2495 2499 2498
f 2495 2496 2500 2499
f 2496 2493 2497 2500
o Stock.21
v 0.192 0.58 0.092
v 0.192 0.577 0.129
v 0.155 0.585 0.13
v 0.155 0.588 0.093
v 0.233 0.742 0.101
v 0.233 0.738 0.146
v 0.189 0.748 0.147
v 0.189 0.752 0.102
usemtl Wood
s off
f 2504 2503 2502 2501
f 2505 2506 2507 2508
f 2501 2502 2506 2505
f 2502 2503 2507 2506
f 2503 2504 2508 2507
f 2504 2501 2505 2508
o Stock.21
v 0.233 0.744 0.101
v 0.233 0.74 0.146
v 0.189 0.746 0.147
v 0.189 0.75 0.102
v 0.259 0.906 0.111
v 0.259 0.902 0.163
v 0.207 0.909 0.163
v 0.207 0.913 0.111
usemtl Wood
s off
f 2512 2511 2510 2509
f 2513 2514 2515 2516
f 2509 2510 2514 2513
f 2510 2511 2515 2514
f 2511 2512 2516 2515
f 2512 2509 2513 2516
o Stock.21
v 0.260 0.908 0.111
v 0.260 0.904 0.163
v 0.207 0.907 0.163
v 0.207 0.911 0.111
v 0.271 1.071 0.12
v 0.271 1.066 0.18
v 0.211 1.069 0.18
v 0.211 1.074 0.12
usemtl Wood
s off
f 2520 2519 2518 2517
f 2521 2522 2523 2524
f 2517 2518 2522 2521
f 2518 2519 2523 2522
f 2519 2520 2524 2523
f 2520 2517 2521 2524
o Stock.21
v 0.271 1.074 0.12
v 0.271 1.069 0.18
v 0.211 1.066 0.18
v 0.211 1.071 0.12
v 0.260 1.236 0.137
v 0.260 1.232 0.189
v 0.207 1.229 0.189
v 0.207 1.233 0.137
usemtl Wood
s off
f 2528 2527 2526 2525
f 2529 2530 2531 2532
f 2525 2526 2530 2529
f 2526 2527 2531 2530
f 2527 2528 2532 2531
f 2528 2525 2529 2532
o Stock.21
v 0.259 1.238 0.137
v 0.259 1.234 0.189
v 0.207 1.227 0.189
v 0.207 1.231 0.137
v 0.233 1.4 0.154
v 0.233 1.396 0.199
v 0.189 1.39 0.198
v 0.189 1.394 0.153
usemtl Wood
s off
f 2536 2535 2534 2533
f 2537 2538 2539 2540
f 2533 2534 2538 2537
f 2534 2535 2539 2538
f 2535 2536 2540 2539
f 2536 2533 2537 2540
o Stock.21
v 0.233 1.402 0.154
v 0.233 1.398 0.199
v 0.189 1.388 0.198
v 0.189 1.392 0.153
v 0.192 1.563 0.171
v 0.192 1.56 0.208
v 0.155 1.552 0.207
v 0.155 1.555 0.17
usemtl Wood
s off
f 2544 2543 2542 2541
f 2545 2546 2547 2548
f 2541 2542 2546 2545
f 2542 2543 2547 2546
f 2543 2544 2548 2547
f 2544 2541 2545 2548
o Stock.21
v 0.191 1.565 0.171
v 0.191 1.562 0.208
v 0.156 1.55 0.207
v 0.156 1.553 0.17
v 0.135 1.726 0.187
v 0.135 1.723 0.217
v 0.107 1.714 0.217
v 0.107 1.717 0.187
usemtl Wood
s off
f 2552 2551 2550 2549
f 2553 2554 2555 2556
f 2549 2550 2554 2553
f 2550 2551 2555 2554
f 2551 2552 2556 2555
f 2552 2549 2553 2556
o Stock.21.Grip
v 0.275 1.008 0.11
v 0.275 1.002 0.18
v 0.205 1.002 0.18
v 0.205 1.008 0.11
v 0.275 1.138 0.12
v 0.275 1.132 0.19
v 0.205 1.132 0.19
v 0.205 1.138 0.12
usemtl WoodDark
s off
f 2560 2559 2558 2557
f 2561 2562 2563 2564
f 2557 2558 2562 2561
f 2558 2559 2563 2562
f 2559 2560 2564 2563
f 2560 2557 2561 2564
o Stock.21.String
v 0.127 0.42 0.092
v 0.127 0.42 0.104
v 0.115 0.42 0.104
v 0.115 0.42 0.092
v 0.127 1.72 0.196
v 0.127 1.72 0.208
v 0.115 1.72 0.208
v 0.115 1.72 0.196
usemtl Canvas
s off
f 2568 2567 2566 2565
f 2569 2570 2571 2572
f 2565 2566 2570 2569
f 2566 2567 2571 2570
f 2567 2568 2572 2571
f 2568 2565 2569 2572
o Stock.22
v 0.330 0.417 0.083
v 0.330 0.414 0.113
v 0.301 0.423 0.113
v 0.301 0.426 0.083
v 0.386 0.578 0.092
v 0.386 0.575 0.129
v 0.350 0.587 0.13
v 0.350 0.59 0.093
usemtl Wood
s off
f 2576 2575 2574 2573
f 2577 2578 2579 2580
f 2573 2574 2578 2577
f 2574 2575 2579 2578
f 2575 2576 2580 2579
f 2576 2573 2577 2580
o Stock.22
v 0.386 0.58 0.092
v 0.386 0.577 0.129
v 0.350 0.585 0.13
v 0.350 0.588 0.093
v 0.427 0.742 0.101
v 0.427 0.738 0.146
v 0.384 0.748 0.147
v 0.384 0.752 0.102
usemtl Wood
s off
f 2584 2583 2582 2581
f 2585 2586 2587 2588
f 2581 2582 2586 2585
f 2582 2583 2587 2586
f 2583 2584 2588 2587
f 2584 2581 2585 2588
o Stock.22
v 0.428 0.744 0.101
v 0.428 0.74 0.146
v 0.383 0.746 0.147
v 0.383 0.75 0.102
v 0.454 0.906 0.111
v 0.454 0.902 0.163
v 0.402 0.909 0.163
v 0.402 0.913 0.111
usemtl Wood
s off
f 2592 2591 2590 2589
f 2593 2594 2595 2596
f 2589 2590 2594 2593
f 2590 2591 2595 2594
f 2591 2592 2596 2595
f 2592 2589 2593 2596
o Stock.22
v 0.454 0.908 0.111
v 0.454 0.904 0.163
v 0.402 0.907 0.163
v 0.402 0.911 0.111
v 0.465 1.071 0.12
v 0.465 1.066 0.18
v 0.405 1.069 0.18
v 0.405 1.074 0.12
usemtl Wood
s off
f 2600 2599 2598 2597
f 2601 2602 2603 2604
f 2597 2598 2602 2601
f 2598 2599 2603 2602
f 2599 2600 2604 2603
f 2600 2597 2601 2604
o Stock.22
v 0.465 1.074 0.12
v 0.465 1.069 0.18
v 0.405 1.066 0.18
v 0.405 1.071 0.12
v 0.454 1.236 0.137
v 0.454 1.232 0.189
v 0.402 1.229 0.189
v 0.402 1.233 0.137
usemtl Wood
s off
f 2608 2607 2606 2605
f 2609 2610 2611 2612
f 2605 2606 2610 2609
f 2606 2607 2611 2610
f 2607 2608 2612 2611
f 2608 2605 2609 2612
o Stock.22
v 0.454 1.238 0.137
v 0.454 1.234 0.189
v 0.402 1.227 0.189
v 0.402 1.231 0.137
v 0.428 1.4 0.154
v 0.428 1.396 0.199
v 0.383 1.39 0.198
v 0.383 1.394 0.153
usemtl Wood
s off
f 2616 2615 2614 2613
f 2617 2618 2619 2620
f 2613 2614 2618 2617
f 2614 2615 2619 2618
f 2615 2616 2620 2619
f 2616 2613 2617 2620
o Stock.22
v 0.427 1.402 0.154
v 0.427 1.398 0.199
v 0.384 1.388 0.198
v 0.384 1.392 0.153
v 0.386 1.563 0.171
v 0.386 1.56 0.208
v 0.350 1.552 0.207
v 0.350 1.555 0.17
usemtl Wood
s off
f 2624 2623 2622 2621
f 2625 2626 2627 2628
f 2621 2622 2626 2625
f 2622 2623 2627 2626
f 2623 2624 2628 2627
f 2624 2621 2625 2628
o Stock.22
v 0.386 1.565 0.171
v 0.386 1.562 0.208
v 0.350 1.55 0.207
v 0.350 1.553 0.17
v 0.330 1.726 0.187
v 0.330 1.723 0.217
v 0.301 1.714 0.217
v 0.301 1.717 0.187
usemtl Wood
s off
f 2632 2631 2630 2629
f 2633 2634 2635 2636
f 2629 2630 2634 2633
f 2630 2631 2635 2634
f 2631 2632 2636 2635
f 2632 2629 2633 2636
o Stock.22.Grip
v 0.469 1.008 0.11
v 0.469 1.002 0.18
v 0.399 1.002 0.18
v 0.399 1.008 0.11
v 0.469 1.138 0.12
v 0.469 1.132 0.19
v 0.399 1.132 0.19
v 0.399 1.138 0.12
usemtl WoodDark
s off
f 2640 2639 2638 2637
f 2641 2642 2643 2644
f 2637 2638 2642 2641
f 2638 2639 2643 2642
f 2639 2640 2644 2643
f 2640 2637 2641 2644
o Stock.22.String
v 0.321 0.42 0.092
v 0.321 0.42 0.104
v 0.309 0.42 0.104
v 0.309 0.42 0.092
v 0.321 1.72 0.196
v 0.321 1.72 0.208
v 0.309 1.72 0.208
v 0.309 1.72 0.196
usemtl Canvas
s off
f 2648 2647 2646 2645
f 2649 2650 2651 2652
f 2645 2646 2650 2649
f 2646 2647 2651 2650
f 2647 2648 2652 2651
f 2648 2645 2649 2652
o Stock.23
v 0.524 0.417 0.083
v 0.524 0.414 0.113
v 0.496 0.423 0.113
v 0.496 0.426 0.083
v 0.580 0.578 0.092
v 0.580 0.575 0.129
v 0.545 0.587 0.13
v 0.545 0.59 0.093
usemtl Wood
s off
f 2656 2655 2654 2653
f 2657 2658 2659 2660
f 2653 2654 2658 2657
f 2654 2655 2659 2658
f 2655 2656 2660 2659
f 2656 2653 2657 2660
o Stock.23
v 0.581 0.58 0.092
v 0.581 0.577 0.129
v 0.544 0.585 0.13
v 0.544 0.588 0.093
v 0.622 0.742 0.101
v 0.622 0.738 0.146
v 0.578 0.748 0.147
v 0.578 0.752 0.102
usemtl Wood
s off
f 2664 2663 2662 2661
f 2665 2666 2667 2668
f 2661 2662 2666 2665
f 2662 2663 2667 2666
f 2663 2664 2668 2667
f 2664 2661 2665 2668
o Stock.23
v 0.622 0.744 0.101
v 0.622 0.74 0.146
v 0.578 0.746 0.147
v 0.578 0.75 0.102
v 0.649 0.906 0.111
v 0.649 0.902 0.163
v 0.596 0.909 0.163
v 0.596 0.913 0.111
usemtl Wood
s off
f 2672 2671 2670 2669
f 2673 2674 2675 2676
f 2669 2670 2674 2673
f 2670 2671 2675 2674
f 2671 2672 2676 2675
f 2672 2669 2673 2676
o Stock.23
v 0.649 0.908 0.111
v 0.649 0.904 0.163
v 0.596 0.907 0.163
v 0.596 0.911 0.111
v 0.660 1.071 0.12
v 0.660 1.066 0.18
v 0.600 1.069 0.18
v 0.600 1.074 0.12
usemtl Wood
s off
f 2680 2679 2678 2677
f 2681 2682 2683 2684
f 2677 2678 2682 2681
f 2678 2679 2683 2682
f 2679 2680 2684 2683
f 2680 2677 2681 2684
o Stock.23
v 0.660 1.074 0.12
v 0.660 1.069 0.18
v 0.600 1.066 0.18
v 0.600 1.071 0.12
v 0.649 1.236 0.137
v 0.649 1.232 0.189
v 0.596 1.229 0.189
v 0.596 1.233 0.137
usemtl Wood
s off
f 2688 2687 2686 2685
f 2689 2690 2691 2692
f 2685 2686 2690 2689
f 2686 2687 2691 2690
f 2687 2688 2692 2691
f 2688 2685 2689 2692
o Stock.23
v 0.649 1.238 0.137
v 0.649 1.234 0.189
v 0.596 1.227 0.189
v 0.596 1.231 0.137
v 0.622 1.4 0.154
v 0.622 1.396 0.199
v 0.578 1.39 0.198
v 0.578 1.394 0.153
usemtl Wood
s off
f 2696 2695 2694 2693
f 2697 2698 2699 2700
f 2693 2694 2698 2697
f 2694 2695 2699 2698
f 2695 2696 2700 2699
f 2696 2693 2697 2700
o Stock.23
v 0.622 1.402 0.154
v 0.622 1.398 0.199
v 0.578 1.388 0.198
v 0.578 1.392 0.153
v 0.581 1.563 0.171
v 0.581 1.56 0.208
v 0.544 1.552 0.207
v 0.544 1.555 0.17
usemtl Wood
s off
f 2704 2703 2702 2701
f 2705 2706 2707 2708
f 2701 2702 2706 2705
f 2702 2703 2707 2706
f 2703 2704 2708 2707
f 2704 2701 2705 2708
o Stock.23
v 0.580 1.565 0.171
v 0.580 1.562 0.208
v 0.545 1.55 0.207
v 0.545 1.553 0.17
v 0.524 1.726 0.187
v 0.524 1.723 0.217
v 0.496 1.714 0.217
v 0.496 1.717 0.187
usemtl Wood
s off
f 2712 2711 2710 2709
f 2713 2714 2715 2716
f 2709 2710 2714 2713
f 2710 2711 2715 2714
f 2711 2712 2716 2715
f 2712 2709 2713 2716
o Stock.23.Grip
v 0.664 1.008 0.11
v 0.664 1.002 0.18
v 0.594 1.002 0.18
v 0.594 1.008 0.11
v 0.664 1.138 0.12
v 0.664 1.132 0.19
v 0.594 1.132 0.19
v 0.594 1.138 0.12
usemtl WoodDark
s off
f 2720 2719 2718 2717
f 2721 2722 2723 2724
f 2717 2718 2722 2721
f 2718 2719 2723 2722
f 2719 2720 2724 2723
f 2720 2717 2721 2724
o Stock.23.String
v 0.516 0.42 0.092
v 0.516 0.42 0.104
v 0.504 0.42 0.104
v 0.504 0.42 0.092
v 0.516 1.72 0.196
v 0.516 1.72 0.208
v 0.504 1.72 0.208
v 0.504 1.72 0.196
usemtl Canvas
s off
f 2728 2727 2726 2725
f 2729 2730 2731 2732
f 2725 2726 2730 2729
f 2726 2727 2731 2730
f 2727 2728 2732 2731
f 2728 2725 2729 2732
o Ground
v -1.35 0 -1.85
v -2.3 0 -1.06
v -2.3 0 1.31
v -1.35 0 2.1
v 1.5 0 2.1
v 2.45 0 1.31
v 2.45 0 -1.06
v 1.5 0 -1.85
v -1.35 0.03 -1.85
v -2.3 0.03 -1.06
v -2.3 0.03 1.31
v -1.35 0.03 2.1
v 1.5 0.03 2.1
v 2.45 0.03 1.31
v 2.45 0.03 -1.06
v 1.5 0.03 -1.85
usemtl Dirt
s off
f 2740 2739 2738 2737 2736 2735 2734 2733
f 2741 2742 2743 2744 2745 2746 2747 2748
f 2733 2734 2742 2741
f 2734 2735 2743 2742
f 2735 2736 2744 2743
f 2736 2737 2745 2744
f 2737 2738 2746 2745
f 2738 2739 2747 2746
f 2739 2740 2748 2747
f 2740 2733 2741 2748
o Target.Leg
v 1.329 -0.009 -0.68
v 1.329 -0.009 -0.62
v 1.271 0.009 -0.62
v 1.271 0.009 -0.68
v 1.679 1.091 -0.68
v 1.679 1.091 -0.62
v 1.621 1.109 -0.62
v 1.621 1.109 -0.68
usemtl Wood
s off
f 2752 2751 2750 2749
f 2753 2754 2755 2756
f 2749 2750 2754 2753
f 2750 2751 2755 2754
f 2751 2752 2756 2755
f 2752 2749 2753 2756
o Target.Leg
v 2.029 0.009 -0.68
v 2.029 0.009 -0.62
v 1.971 -0.009 -0.62
v 1.971 -0.009 -0.68
v 1.679 1.109 -0.68
v 1.679 1.109 -0.62
v 1.621 1.091 -0.62
v 1.621 1.091 -0.68
usemtl Wood
s off
f 2760 2759 2758 2757
f 2761 2762 2763 2764
f 2757 2758 2762 2761
f 2758 2759 2763 2762
f 2759 2760 2764 2763
f 2760 2757 2761 2764
o Target.Leg
v 1.68 0.01 -1.078
v 1.68 -0.01 -1.022
v 1.62 -0.01 -1.022
v 1.62 0.01 -1.078
v 1.68 1.11 -0.678
v 1.68 1.09 -0.622
v 1.62 1.09 -0.622
v 1.62 1.11 -0.678
usemtl Wood
s off
f 2768 2767 2766 2765
f 2769 2770 2771 2772
f 2765 2766 2770 2769
f 2766 2767 2771 2770
f 2767 2768 2772 2771
f 2768 2765 2769 2772
o Target
v 2.042 1.028 -0.63
v 1.983 1.172 -0.63
v 1.872 1.283 -0.63
v 1.728 1.342 -0.63
v 1.572 1.342 -0.63
v 1.428 1.283 -0.63
v 1.317 1.172 -0.63
v 1.258 1.028 -0.63
v 1.258 0.872 -0.63
v 1.317 0.728 -0.63
v 1.428 0.617 -0.63
v 1.572 0.558 -0.63
v 1.728 0.558 -0.63
v 1.872 0.617 -0.63
v 1.983 0.728 -0.63
v 2.042 0.872 -0.63
v 2.042 1.028 -0.47
v 1.983 1.172 -0.47
v 1.872 1.283 -0.47
v 1.728 1.342 -0.47
v 1.572 1.342 -0.47
v 1.428 1.283 -0.47
v 1.317 1.172 -0.47
v 1.258 1.028 -0.47
v 1.258 0.872 -0.47
v 1.317 0.728 -0.47
v 1.428 0.617 -0.47
v 1.572 0.558 -0.47
v 1.728 0.558 -0.47
v 1.872 0.617 -0.47
v 1.983 0.728 -0.47
v 2.042 0.872 -0.47
usemtl Straw
s off
f 2788 2787 2786 2785 2784 2783 2782 2781 2780 2779 2778 2777 2776 2775 2774 2773
f 2789 2790 2791 2792 2793 2794 2795 2796 2797 2798 2799 2800 2801 2802 2803 2804
f 2773 2774 2790 2789
f 2774 2775 2791 2790
f 2775 2776 2792 2791
f 2776 2777 2793 2792
f 2777 2778 2794 2793
f 2778 2779 2795 2794
f 2779 2780 2796 2795
f 2780 2781 2797 2796
f 2781 2782 2798 2797
f 2782 2783 2799 2798
f 2783 2784 2800 2799
f 2784 2785 2801 2800
f 2785 2786 2802 2801
f 2786 2787 2803 2802
f 2787 2788 2804 2803
f 2788 2773 2789 2804
o Target.Ring
v 1.944 1.009 -0.47
v 1.899 1.117 -0.47
v 1.817 1.199 -0.47
v 1.709 1.244 -0.47
v 1.591 1.244 -0.47
v 1.483 1.199 -0.47
v 1.401 1.117 -0.47
v 1.356 1.009 -0.47
v 1.356 0.891 -0.47
v 1.401 0.783 -0.47
v 1.483 0.701 -0.47
v 1.591 0.656 -0.47
v 1.709 0.656 -0.47
v 1.817 0.701 -0.47
v 1.899 0.783 -0.47
v 1.944 0.891 -0.47
v 1.944 1.009 -0.46
v 1.899 1.117 -0.46
v 1.817 1.199 -0.46
v 1.709 1.244 -0.46
v 1.591 1.244 -0.46
v 1.483 1.199 -0.46
v 1.401 1.117 -0.46
v 1.356 1.009 -0.46
v 1.356 0.891 -0.46
v 1.401 0.783 -0.46
v 1.483 0.701 -0.46
v 1.591 0.656 -0.46
v 1.709 0.656 -0.46
v 1.817 0.701 -0.46
v 1.899 0.783 -0.46
v 1.944 0.891 -0.46
usemtl Paint
s off
f 2820 2819 2818 2817 2816 2815 2814 2813 2812 2811 2810 2809 2808 2807 2806 2805
f 2821 2822 2823 2824 2825 2826 2827 2828 2829 2830 2831 2832 2833 2834 2835 2836
f 2805 2806 2822 2821
f 2806 2807 2823 2822
f 2807 2808 2824 2823
f 2808 2809 2825 2824
f 2809 2810 2826 2825
f 2810 2811 2827 2826
f 2811 2812 2828 2827
f 2812 2813 2829 2828
f 2813 2814 2830 2829
f 2814 2815 2831 2830
f 2815 2816 2832 2831
f 2816 2817 2833 2832
f 2817 2818 2834 2833
f 2818 2819 2835 2834
f 2819 2820 2836 2835
f 2820 2805 2821 2836
o Target.Ring
v 1.846 0.989 -0.47
v 1.816 1.061 -0.47
v 1.761 1.116 -0.47
v 1.689 1.146 -0.47
v 1.611 1.146 -0.47
v 1.539 1.116 -0.47
v 1.484 1.061 -0.47
v 1.454 0.989 -0.47
v 1.454 0.911 -0.47
v 1.484 0.839 -0.47
v 1.539 0.784 -0.47
v 1.611 0.754 -0.47
v 1.689 0.754 -0.47
v 1.761 0.784 -0.47
v 1.816 0.839 -0.47
v 1.846 0.911 -0.47
v 1.846 0.989 -0.45
v 1.816 1.061 -0.45
v 1.761 1.116 -0.45
v 1.689 1.146 -0.45
v 1.611 1.146 -0.45
v 1.539 1.116 -0.45
v 1.484 1.061 -0.45
v 1.454 0.989 -0.45
v 1.454 0.911 -0.45
v 1.484 0.839 -0.45
v 1.539 0.784 -0.45
v 1.611 0.754 -0.45
v 1.689 0.754 -0.45
v 1.761 0.784 -0.45
v 1.816 0.839 -0.45
v 1.846 0.911 -0.45
usemtl Canvas
s off
f 2852 2851 2850 2849 2848 2847 2846 2845 2844 2843 2842 2841 2840 2839 2838 2837
f 2853 2854 2855 2856 2857 2858 2859 2860 2861 2862 2863 2864 2865 2866 2867 2868
f 2837 2838 2854 2853
f 2838 2839 2855 2854
f 2839 2840 2856 2855
f 2840 2841 2857 2856
f 2841 2842 2858 2857
f 2842 2843 2859 2858
f 2843 2844 2860 2859
f 2844 2845 2861 2860
f 2845 2846 2862 2861
f 2846 2847 2863 2862
f 2847 2848 2864 2863
f 2848 2849 2865 2864
f 2849 2850 2866 2865
f 2850 2851 2867 2866
f 2851 2852 2868 2867
f 2852 2837 2853 2868
o Target.Ring
v 1.758 0.971 -0.47
v 1.741 1.011 -0.47
v 1.711 1.041 -0.47
v 1.671 1.058 -0.47
v 1.629 1.058 -0.47
v 1.589 1.041 -0.47
v 1.559 1.011 -0.47
v 1.542 0.971 -0.47
v 1.542 0.929 -0.47
v 1.559 0.889 -0.47
v 1.589 0.859 -0.47
v 1.629 0.842 -0.47
v 1.671 0.842 -0.47
v 1.711 0.859 -0.47
v 1.741 0.889 -0.47
v 1.758 0.929 -0.47
v 1.758 0.971 -0.44
v 1.741 1.011 -0.44
v 1.711 1.041 -0.44
v 1.671 1.058 -0.44
v 1.629 1.058 -0.44
v 1.589 1.041 -0.44
v 1.559 1.011 -0.44
v 1.542 0.971 -0.44
v 1.542 0.929 -0.44
v 1.559 0.889 -0.44
v 1.589 0.859 -0.44
v 1.629 0.842 -0.44
v 1.671 0.842 -0.44
v 1.711 0.859 -0.44
v 1.741 0.889 -0.44
v 1.758 0.929 -0.44
usemtl Paint
s off
f 2884 2883 2882 2881 2880 2879 2878 2877 2876 2875 2874 2873 2872 2871 2870 2869
f 2885 2886 2887 2888 2889 2890 2891 2892 2893 2894 2895 2896 2897 2898 2899 2900
f 2869 2870 2886 2885
f 2870 2871 2887 2886
f 2871 2872 2888 2887
f 2872 2873 2889 2888
f 2873 2874 2890 2889
f 2874 2875 2891 2890
f 2875 2876 2892 2891
f 2876 2877 2893 2892
f 2877 2878 2894 2893
f 2878 2879 2895 2894
f 2879 2880 2896 2895
f 2880 2881 2897 2896
f 2881 2882 2898 2897
f 2882 2883 2899 2898
f 2883 2884 2900 2899
f 2884 2869 2885 2900
o Target.Ring
v 1.689 0.958 -0.47
v 1.683 0.972 -0.47
v 1.672 0.983 -0.47
v 1.658 0.989 -0.47
v 1.642 0.989 -0.47
v 1.628 0.983 -0.47
v 1.617 0.972 -0.47
v 1.611 0.958 -0.47
v 1.611 0.942 -0.47
v 1.617 0.928 -0.47
v 1.628 0.917 -0.47
v 1.642 0.911 -0.47
v 1.658 0.911 -0.47
v 1.672 0.917 -0.47
v 1.683 0.928 -0.47
v 1.689 0.942 -0.47
v 1.689 0.958 -0.43
v 1.683 0.972 -0.43
v 1.672 0.983 -0.43
v 1.658 0.989 -0.43
v 1.642 0.989 -0.43
v 1.628 0.983 -0.43
v 1.617 0.972 -0.43
v 1.611 0.958 -0.43
v 1.611 0.942 -0.43
v 1.617 0.928 -0.43
v 1.628 0.917 -0.43
v 1.642 0.911 -0.43
v 1.658 0.911 -0.43
v 1.672 0.917 -0.43
v 1.683 0.928 -0.43
v 1.689 0.942 -0.43
usemtl Gold
s off
f 2916 2915 2914 2913 2912 2911 2910 2909 2908 2907 2906 2905 2904 2903 2902 2901
f 2917 2918 2919 2920 2921 2922 2923 2924 2925 2926 2927 2928 2929 2930 2931 2932
f 2901 2902 2918 2917
f 2902 2903 2919 2918
f 2903 2904 2920 2919
f 2904 2905 2921 2920
f 2905 2906 2922 2921
f 2906 2907 2923 2922
f 2907 2908 2924 2923
f 2908 2909 2925 2924
f 2909 2910 2926 2925
f 2910 2911 2927 2926
f 2911 2912 2928 2927
f 2912 2913 2929 2928
f 2913 2914 2930 2929
f 2914 2915 2931 2930
f 2915 2916 2932 2931
f 2916 2901 2917 2932
o Spears.Rack
v 1.2 1.1 0.75
v 1.2 1.1 0.82
v 2.1 1.1 0.82
v 2.1 1.1 0.75
v 1.2 1.17 0.75
v 1.2 1.17 0.82
v 2.1 1.17 0.82
v 2.1 1.17 0.75
usemtl Wood
s off
f 2936 2935 2934 2933
f 2937 2938 2939 2940
f 2933 2934 2938 2937
f 2934 2935 2939 2938
f 2935 2936 2940 2939
f 2936 2933 2937 2940
o Spears.Post
v 1.15 0 0.73
v 1.15 0 0.83
v 1.25 0 0.83
v 1.25 0 0.73
v 1.15 1.2 0.73
v 1.15 1.2 0.83
v 1.25 1.2 0.83
v 1.25 1.2 0.73
usemtl Timber
s off
f 2944 2943 2942 2941
f 2945 2946 2947 2948
f 2941 2942 2946 2945
f 2942 2943 2947 2946
f 2943 2944 2948 2947
f 2944 2941 2945 2948
o Spears.Post
v 2.05 0 0.73
v 2.05 0 0.83
v 2.15 0 0.83
v 2.15 0 0.73
v 2.05 1.2 0.73
v 2.05 1.2 0.83
v 2.15 1.2 0.83
v 2.15 1.2 0.73
usemtl Timber
s off
f 2952 2951 2950 2949
f 2953 2954 2955 2956
f 2949 2950 2954 2953
f 2950 2951 2955 2954
f 2951 2952 2956 2955
f 2952 2949 2953 2956
o Spear
v 1.37 0.022 0.58
v 1.37 0.018 0.62
v 1.33 0.018 0.62
v 1.33 0.022 0.58
v 1.37 2.152 0.78
v 1.37 2.148 0.82
v 1.33 2.148 0.82
v 1.33 2.152 0.78
usemtl WoodLight
s off
f 2960 2959 2958 2957
f 2961 2962 2963 2964
f 2957 2958 2962 2961
f 2958 2959 2963 2962
f 2959 2960 2964 2963
f 2960 2957 2961 2964
o Spear.Head
v 1.39 2.153 0.76
v 1.39 2.147 0.84
v 1.31 2.147 0.84
v 1.31 2.153 0.76
v 1.353 2.38 0.818
v 1.353 2.38 0.822
v 1.348 2.38 0.822
v 1.348 2.38 0.818
usemtl Iron
s off
f 2968 2967 2966 2965
f 2969 2970 2971 2972
f 2965 2966 2970 2969
f 2966 2967 2971 2970
f 2967 2968 2972 2971
f 2968 2965 2969 2972
o Spear
v 1.59 0.022 0.58
v 1.59 0.018 0.62
v 1.55 0.018 0.62
v 1.55 0.022 0.58
v 1.59 2.152 0.78
v 1.59 2.148 0.82
v 1.55 2.148 0.82
v 1.55 2.152 0.78
usemtl WoodLight
s off
f 2976 2975 2974 2973
f 2977 2978 2979 2980
f 2973 2974 2978 2977
f 2974 2975 2979 2978
f 2975 2976 2980 2979
f 2976 2973 2977 2980
o Spear.Head
v 1.61 2.153 0.76
v 1.61 2.147 0.84
v 1.53 2.147 0.84
v 1.53 2.153 0.76
v 1.573 2.38 0.818
v 1.573 2.38 0.822
v 1.568 2.38 0.822
v 1.568 2.38 0.818
usemtl Iron
s off
f 2984 2983 2982 2981
f 2985 2986 2987 2988
f 2981 2982 2986 2985
f 2982 2983 2987 2986
f 2983 2984 2988 2987
f 2984 2981 2985 2988
o Spear
v 1.81 0.022 0.58
v 1.81 0.018 0.62
v 1.77 0.018 0.62
v 1.77 0.022 0.58
v 1.81 2.152 0.78
v 1.81 2.148 0.82
v 1.77 2.148 0.82
v 1.77 2.152 0.78
usemtl WoodLight
s off
f 2992 2991 2990 2989
f 2993 2994 2995 2996
f 2989 2990 2994 2993
f 2990 2991 2995 2994
f 2991 2992 2996 2995
f 2992 2989 2993 2996
o Spear.Head
v 1.83 2.153 0.76
v 1.83 2.147 0.84
v 1.75 2.147 0.84
v 1.75 2.153 0.76
v 1.792 2.38 0.818
v 1.792 2.38 0.822
v 1.788 2.38 0.822
v 1.788 2.38 0.818
usemtl Iron
s off
f 3000 2999 2998 2997
f 3001 3002 3003 3004
f 2997 2998 3002 3001
f 2998 2999 3003 3002
f 2999 3000 3004 3003
f 3000 2997 3001 3004
o Spear
v 2.03 0.022 0.58
v 2.03 0.018 0.62
v 1.99 0.018 0.62
v 1.99 0.022 0.58
v 2.03 2.152 0.78
v 2.03 2.148 0.82
v 1.99 2.148 0.82
v 1.99 2.152 0.78
usemtl WoodLight
s off
f 3008 3007 3006 3005
f 3009 3010 3011 3012
f 3005 3006 3010 3009
f 3006 3007 3011 3010
f 3007 3008 3012 3011
f 3008 3005 3009 3012
o Spear.Head
v 2.05 2.153 0.76
v 2.05 2.147 0.84
v 1.97 2.147 0.84
v 1.97 2.153 0.76
v 2.013 2.38 0.818
v 2.013 2.38 0.822
v 2.008 2.38 0.822
v 2.008 2.38 0.818
usemtl Iron
s off
f 3016 3015 3014 3013
f 3017 3018 3019 3020
f 3013 3014 3018 3017
f 3014 3015 3019 3018
f 3015 3016 3020 3019
f 3016 3013 3017 3020
o Barrel
v 1.944 0 1.663
v 1.87 0 1.765
v 1.75 0 1.804
v 1.63 0 1.765
v 1.556 0 1.663
v 1.556 0 1.537
v 1.63 0 1.435
v 1.75 0 1.396
v 1.87 0 1.435
v 1.944 0 1.537
v 1.978 0.375 1.674
v 1.891 0.375 1.794
v 1.75 0.375 1.84
v 1.609 0.375 1.794
v 1.522 0.375 1.674
v 1.522 0.375 1.526
v 1.609 0.375 1.406
v 1.75 0.375 1.36
v 1.891 0.375 1.406
v 1.978 0.375 1.526
usemtl Wood
s off
f 3030 3029 3028 3027 3026 3025 3024 3023 3022 3021
f 3031 3032 3033 3034 3035 3036 3037 3038 3039 3040
f 3021 3022 3032 3031
f 3022 3023 3033 3032
f 3023 3024 3034 3033
f 3024 3025 3035 3034
f 3025 3026 3036 3035
f 3026 3027 3037 3036
f 3027 3028 3038 3037
f 3028 3029 3039 3038
f 3029 3030 3040 3039
f 3030 3021 3031 3040
o Barrel
v 1.978 0.375 1.674
v 1.891 0.375 1.794
v 1.75 0.375 1.84
v 1.609 0.375 1.794
v 1.522 0.375 1.674
v 1.522 0.375 1.526
v 1.609 0.375 1.406
v 1.75 0.375 1.36
v 1.891 0.375 1.406
v 1.978 0.375 1.526
v 1.944 0.75 1.663
v 1.87 0.75 1.765
v 1.75 0.75 1.804
v 1.63 0.75 1.765
v 1.556 0.75 1.663
v 1.556 0.75 1.537
v 1.63 0.75 1.435
v 1.75 0.75 1.396
v 1.87 0.75 1.435
v 1.944 0.75 1.537
usemtl Wood
s off
f 3050 3049 3048 3047 3046 3045 3044 3043 3042 3041
f 3051 3052 3053 3054 3055 3056 3057 3058 3059 3060
f 3041 3042 3052 3051
f 3042 3043 3053 3052
f 3043 3044 3054 3053
f 3044 3045 3055 3054
f 3045 3046 3056 3055
f 3046 3047 3057 3056
f 3047 3048 3058 3057
f 3048 3049 3059 3058
f 3049 3050 3060 3059
f 3050 3041 3051 3060
o Barrel.Hoop
v 1.977 0.112 1.674
v 1.89 0.112 1.793
v 1.75 0.112 1.839
v 1.61 0.112 1.793
v 1.523 0.112 1.674
v 1.523 0.112 1.526
v 1.61 0.112 1.407
v 1.75 0.112 1.361
v 1.89 0.112 1.407
v 1.977 0.112 1.526
v 1.977 0.162 1.674
v 1.89 0.162 1.793
v 1.75 0.162 1.839
v 1.61 0.162 1.793
v 1.523 0.162 1.674
v 1.523 0.162 1.526
v 1.61 0.162 1.407
v 1.75 0.162 1.361
v 1.89 0.162 1.407
v 1.977 0.162 1.526
usemtl Iron
s off
f 3070 3069 3068 3067 3066 3065 3064 3063 3062 3061
f 3071 3072 3073 3074 3075 3076 3077 3078 3079 3080
f 3061 3062 3072 3071
f 3062 3063 3073 3072
f 3063 3064 3074 3073
f 3064 3065 3075 3074
f 3065 3066 3076 3075
f 3066 3067 3077 3076
f 3067 3068 3078 3077
f 3068 3069 3079 3078
f 3069 3070 3080 3079
f 3070 3061 3071 3080
o Barrel.Hoop
v 1.98 0.6 1.675
v 1.892 0.6 1.796
v 1.75 0.6 1.842
v 1.608 0.6 1.796
v 1.52 0.6 1.675
v 1.52 0.6 1.525
v 1.608 0.6 1.404
v 1.75 0.6 1.358
v 1.892 0.6 1.404
v 1.98 0.6 1.525
v 1.98 0.65 1.675
v 1.892 0.65 1.796
v 1.75 0.65 1.842
v 1.608 0.65 1.796
v 1.52 0.65 1.675
v 1.52 0.65 1.525
v 1.608 0.65 1.404
v 1.75 0.65 1.358
v 1.892 0.65 1.404
v 1.98 0.65 1.525
usemtl Iron
s off
f 3090 3089 3088 3087 3086 3085 3084 3083 3082 3081
f 3091 3092 3093 3094 3095 3096 3097 3098 3099 3100
f 3081 3082 3092 3091
f 3082 3083 3093 3092
f 3083 3084 3094 3093
f 3084 3085 3095 3094
f 3085 3086 3096 3095
f 3086 3087 3097 3096
f 3087 3088 3098 3097
f 3088 3089 3099 3098
f 3089 3090 3100 3099
f 3090 3081 3091 3100
o Barrel.Lid
v 1.928 0.75 1.658
v 1.86 0.75 1.751
v 1.75 0.75 1.787
v 1.64 0.75 1.751
v 1.572 0.75 1.658
v 1.572 0.75 1.542
v 1.64 0.75 1.449
v 1.75 0.75 1.413
v 1.86 0.75 1.449
v 1.928 0.75 1.542
v 1.928 0.77 1.658
v 1.86 0.77 1.751
v 1.75 0.77 1.787
v 1.64 0.77 1.751
v 1.572 0.77 1.658
v 1.572 0.77 1.542
v 1.64 0.77 1.449
v 1.75 0.77 1.413
v 1.86 0.77 1.449
v 1.928 0.77 1.542
usemtl WoodDark
s off
f 3110 3109 3108 3107 3106 3105 3104 3103 3102 3101
f 3111 3112 3113 3114 3115 3116 3117 3118 3119 3120
f 3101 3102 3112 3111
f 3102 3103 3113 3112
f 3103 3104 3114 3113
f 3104 3105 3115 3114
f 3105 3106 3116 3115
f 3106 3107 3117 3116
f 3107 3108 3118 3117
f 3108 3109 3119 3118
f 3109 3110 3120 3119
f 3110 3101 3111 3120
o Arrow
v 1.79 0.499 1.59
v 1.79 0.499 1.61
v 1.77 0.501 1.61
v 1.77 0.501 1.59
v 1.85 1.199 1.59
v 1.85 1.199 1.61
v 1.83 1.201 1.61
v 1.83 1.201 1.59
usemtl WoodLight
s off
f 3124 3123 3122 3121
f 3125 3126 3127 3128
f 3121 3122 3126 3125
f 3122 3123 3127 3126
f 3123 3124 3128 3127
f 3124 3121 3125 3128
o Arrow.Fletch
v 1.865 1.06 1.575
v 1.865 1.06 1.625
v 1.815 1.06 1.625
v 1.815 1.06 1.575
v 1.85 1.2 1.59
v 1.85 1.2 1.61
v 1.83 1.2 1.61
v 1.83 1.2 1.59
usemtl Feather
s off
f 3132 3131 3130 3129
f 3133 3134 3135 3136
f 3129 3130 3134 3133
f 3130 3131 3135 3134
f 3131 3132 3136 3135
f 3132 3129 3133 3136
o Arrow
v 1.701 0.501 1.644
v 1.701 0.5 1.664
v 1.681 0.499 1.664
v 1.681 0.5 1.644
v 1.657 1.251 1.685
v 1.657 1.25 1.705
v 1.637 1.249 1.705
v 1.637 1.25 1.685
usemtl WoodLight
s off
f 3140 3139 3138 3137
f 3141 3142 3143 3144
f 3137 3138 3142 3141
f 3138 3139 3143 3142
f 3139 3140 3144 3143
f 3140 3137 3141 3144
o Arrow.Fletch
v 1.672 1.11 1.67
v 1.672 1.11 1.72
v 1.622 1.11 1.72
v 1.622 1.11 1.67
v 1.657 1.25 1.685
v 1.657 1.25 1.705
v 1.637 1.25 1.705
v 1.637 1.25 1.685
usemtl Feather
s off
f 3148 3147 3146 3145
f 3149 3150 3151 3152
f 3145 3146 3150 3149
f 3146 3147 3151 3150
f 3147 3148 3152 3151
f 3148 3145 3149 3152
o Arrow
v 1.771 0.499 1.461
v 1.771 0.501 1.48
v 1.751 0.501 1.48
v 1.751 0.499 1.461
v 1.777 1.199 1.401
v 1.777 1.201 1.421
v 1.757 1.201 1.421
v 1.757 1.199 1.401
usemtl WoodLight
s off
f 3156 3155 3154 3153
f 3157 3158 3159 3160
f 3153 3154 3158 3157
f 3154 3155 3159 3158
f 3155 3156 3160 3159
f 3156 3153 3157 3160
o Arrow.Fletch
v 1.792 1.06 1.386
v 1.792 1.06 1.436
v 1.742 1.06 1.436
v 1.742 1.06 1.386
v 1.777 1.2 1.401
v 1.777 1.2 1.421
v 1.757 1.2 1.421
v 1.757 1.2 1.401
usemtl Feather
s off
f 3164 3163 3162 3161
f 3165 3166 3167 3168
f 3161 3162 3166 3165
f 3162 3163 3167 3166
f 3163 3164 3168 3167
f 3164 3161 3165 3168
o Arrow
v 1.778 0.5 1.614
v 1.778 0.499 1.634
v 1.758 0.5 1.634
v 1.758 0.501 1.614
v 1.815 1.25 1.661
v 1.815 1.249 1.681
v 1.795 1.25 1.681
v 1.795 1.251 1.661
usemtl WoodLight
s off
f 3172 3171 3170 3169
f 3173 3174 3175 3176
f 3169 3170 3174 3173
f 3170 3171 3175 3174
f 3171 3172 3176 3175
f 3172 3169 3173 3176
o Arrow.Fletch
v 1.83 1.11 1.646
v 1.83 1.11 1.696
v 1.78 1.11 1.696
v 1.78 1.11 1.646
v 1.815 1.25 1.661
v 1.815 1.25 1.681
v 1.795 1.25 1.681
v 1.795 1.25 1.661
usemtl Feather
s off
f 3180 3179 3178 3177
f 3181 3182 3183 3184
f 3177 3178 3182 3181
f 3178 3179 3183 3182
f 3179 3180 3184 3183
f 3180 3177 3181 3184
o Arrow
v 1.681 0.501 1.576
v 1.681 0.501 1.596
v 1.661 0.499 1.596
v 1.661 0.499 1.576
v 1.622 1.201 1.566
v 1.622 1.201 1.586
v 1.602 1.199 1.586
v 1.602 1.199 1.566
usemtl WoodLight
s off
f 3188 3187 3186 3185
f 3189 3190 3191 3192
f 3185 3186 3190 3189
f 3186 3187 3191 3190
f 3187 3188 3192 3191
f 3188 3185 3189 3192
o Arrow.Fletch
v 1.637 1.06 1.551
v 1.637 1.06 1.601
v 1.587 1.06 1.601
v 1.587 1.06 1.551
v 1.622 1.2 1.566
v 1.622 1.2 1.586
v 1.602 1.2 1.586
v 1.602 1.2 1.566
usemtl Feather
s off
f 3196 3195 3194 3193
f 3197 3198 3199 3200
f 3193 3194 3198 3197
f 3194 3195 3199 3198
f 3195 3196 3200 3199
f 3196 3193 3197 3200
o Arrow
v 1.87 0.499 1.52
v 1.87 0.5 1.54
v 1.85 0.501 1.54
v 1.85 0.5 1.52
v 1.92 1.249 1.488
v 1.92 1.25 1.508
v 1.9 1.251 1.508
v 1.9 1.25 1.488
usemtl WoodLight
s off
f 3204 3203 3202 3201
f 3205 3206 3207 3208
f 3201 3202 3206 3205
f 3202 3203 3207 3206
f 3203 3204 3208 3207
f 3204 3201 3205 3208
o Arrow.Fletch
v 1.935 1.11 1.473
v 1.935 1.11 1.523
v 1.885 1.11 1.523
v 1.885 1.11 1.473
v 1.92 1.25 1.488
v 1.92 1.25 1.508
v 1.9 1.25 1.508
v 1.9 1.25 1.488
usemtl Feather
s off
f 3212 3211 3210 3209
f 3213 3214 3215 3216
f 3209 3210 3214 3213
f 3210 3211 3215 3214
f 3211 3212 3216 3215
f 3212 3209 3213 3216
o Arrow
v 1.752 0.501 1.619
v 1.752 0.499 1.639
v 1.732 0.499 1.639
v 1.732 0.501 1.619
v 1.737 1.201 1.677
v 1.737 1.199 1.697
v 1.717 1.199 1.697
v 1.717 1.201 1.677
usemtl WoodLight
s off
f 3220 3219 3218 3217
f 3221 3222 3223 3224
f 3217 3218 3222 3221
f 3218 3219 3223 3222
f 3219 3220 3224 3223
f 3220 3217 3221 3224
o Arrow.Fletch
v 1.752 1.06 1.662
v 1.752 1.06 1.712
v 1.702 1.06 1.712
v 1.702 1.06 1.662
v 1.737 1.2 1.677
v 1.737 1.2 1.697
v 1.717 1.2 1.697
v 1.717 1.2 1.677
usemtl Feather
s off
f 3228 3227 3226 3225
f 3229 3230 3231 3232
f 3225 3226 3230 3229
f 3226 3227 3231 3230
f 3227 3228 3232 3231
f 3228 3225 3229 3232
o Arrow
v 1.723 0.5 1.519
v 1.723 0.501 1.539
v 1.703 0.5 1.539
v 1.703 0.499 1.519
v 1.695 1.25 1.466
v 1.695 1.251 1.486
v 1.676 1.25 1.486
v 1.676 1.249 1.466
usemtl WoodLight
s off
f 3236 3235 3234 3233
f 3237 3238 3239 3240
f 3233 3234 3238 3237
f 3234 3235 3239 3238
f 3235 3236 3240 3239
f 3236 3233 3237 3240
o Arrow.Fletch
v 1.711 1.11 1.451
v 1.711 1.11 1.501
v 1.661 1.11 1.501
v 1.661 1.11 1.451
v 1.696 1.25 1.466
v 1.696 1.25 1.486
v 1.676 1.25 1.486
v 1.676 1.25 1.466
usemtl Feather
s off
f 3244 3243 3242 3241
f 3245 3246 3247 3248
f 3241 3242 3246 3245
f 3242 3243 3247 3246
f 3243 3244 3248 3247
f 3244 3241 3245 3248
o Shield
v -1.272 0.364 1.4
v -1.326 0.498 1.4
v -1.44 0.588 1.4
v -1.584 0.608 1.4
v -1.718 0.554 1.4
v -1.808 0.44 1.4
v -1.828 0.296 1.4
v -1.774 0.162 1.4
v -1.66 0.072 1.4
v -1.516 0.052 1.4
v -1.382 0.106 1.4
v -1.292 0.22 1.4
v -1.272 0.364 1.45
v -1.326 0.498 1.45
v -1.44 0.588 1.45
v -1.584 0.608 1.45
v -1.718 0.554 1.45
v -1.808 0.44 1.45
v -1.828 0.296 1.45
v -1.774 0.162 1.45
v -1.66 0.072 1.45
v -1.516 0.052 1.45
v -1.382 0.106 1.45
v -1.292 0.22 1.45
usemtl Paint
s off
f 3260 3259 3258 3257 3256 3255 3254 3253 3252 3251 3250 3249
f 3261 3262 3263 3264 3265 3266 3267 3268 3269 3270 3271 3272
f 3249 3250 3262 3261
f 3250 3251 3263 3262
f 3251 3252 3264 3263
f 3252 3253 3265 3264
f 3253 3254 3266 3265
f 3254 3255 3267 3266
f 3255 3256 3268 3267
f 3256 3257 3269 3268
f 3257 3258 3270 3269
f 3258 3259 3271 3270
f 3259 3260 3272 3271
f 3260 3249 3261 3272
o Shield.Rim
v -1.252 0.366 1.39
v -1.31 0.51 1.39
v -1.432 0.606 1.39
v -1.586 0.628 1.39
v -1.73 0.57 1.39
v -1.826 0.448 1.39
v -1.848 0.294 1.39
v -1.79 0.15 1.39
v -1.668 0.054 1.39
v -1.514 0.032 1.39
v -1.37 0.09 1.39
v -1.274 0.212 1.39
v -1.252 0.366 1.43
v -1.31 0.51 1.43
v -1.432 0.606 1.43
v -1.586 0.628 1.43
v -1.73 0.57 1.43
v -1.826 0.448 1.43
v -1.848 0.294 1.43
v -1.79 0.15 1.43
v -1.668 0.054 1.43
v -1.514 0.032 1.43
v -1.37 0.09 1.43
v -1.274 0.212 1.43
usemtl Iron
s off
f 3284 3283 3282 3281 3280 3279 3278 3277 3276 3275 3274 3273
f 3285 3286 3287 3288 3289 3290 3291 3292 3293 3294 3295 3296
f 3273 3274 3286 3285
f 3274 3275 3287 3286
f 3275 3276 3288 3287
f 3276 3277 3289 3288
f 3277 3278 3290 3289
f 3278 3279 3291 3290
f 3279 3280 3292 3291
f 3280 3281 3293 3292
f 3281 3282 3294 3293
f 3282 3283 3295 3294
f 3283 3284 3296 3295
f 3284 3273 3285 3296
o Shield.Boss
v -1.485 0.357 1.45
v -1.523 0.395 1.45
v -1.577 0.395 1.45
v -1.615 0.357 1.45
v -1.615 0.303 1.45
v -1.577 0.265 1.45
v -1.523 0.265 1.45
v -1.485 0.303 1.45
v -1.485 0.357 1.5
v -1.523 0.395 1.5
v -1.577 0.395 1.5
v -1.615 0.357 1.5
v -1.615 0.303 1.5
v -1.577 0.265 1.5
v -1.523 0.265 1.5
v -1.485 0.303 1.5
usemtl Iron
s off
f 3304 3303 3302 3301 3300 3299 3298 3297
f 3305 3306 3307 3308 3309 3310 3311 3312
f 3297 3298 3306 3305
f 3298 3299 3307 3306
f 3299 3300 3308 3307
f 3300 3301 3309 3308
f 3301 3302 3310 3309
f 3302 3303 3311 3310
f 3303 3304 3312 3311
f 3304 3297 3305 3312
o Shield
v -0.725 0.38 1.4
v -0.786 0.511 1.4
v -0.906 0.594 1.4
v -1.05 0.605 1.4
v -1.181 0.544 1.4
v -1.264 0.424 1.4
v -1.275 0.28 1.4
v -1.214 0.149 1.4
v -1.094 0.066 1.4
v -0.95 0.055 1.4
v -0.819 0.116 1.4
v -0.736 0.236 1.4
v -0.725 0.38 1.45
v -0.786 0.511 1.45
v -0.906 0.594 1.45
v -1.05 0.605 1.45
v -1.181 0.544 1.45
v -1.264 0.424 1.45
v -1.275 0.28 1.45
v -1.214 0.149 1.45
v -1.094 0.066 1.45
v -0.95 0.055 1.45
v -0.819 0.116 1.45
v -0.736 0.236 1.45
usemtl Paint
s off
f 3324 3323 3322 3321 3320 3319 3318 3317 3316 3315 3314 3313
f 3325 3326 3327 3328 3329 3330 3331 3332 3333 3334 3335 3336
f 3313 3314 3326 3325
f 3314 3315 3327 3326
f 3315 3316 3328 3327
f 3316 3317 3329 3328
f 3317 3318 3330 3329
f 3318 3319 3331 3330
f 3319 3320 3332 3331
f 3320 3321 3333 3332
f 3321 3322 3334 3333
f 3322 3323 3335 3334
f 3323 3324 3336 3335
f 3324 3313 3325 3336
o Shield.Rim
v -0.705 0.384 1.39
v -0.771 0.524 1.39
v -0.899 0.612 1.39
v -1.054 0.625 1.39
v -1.194 0.559 1.39
v -1.282 0.431 1.39
v -1.295 0.276 1.39
v -1.229 0.136 1.39
v -1.101 0.048 1.39
v -0.946 0.035 1.39
v -0.806 0.101 1.39
v -0.718 0.229 1.39
v -0.705 0.384 1.43
v -0.771 0.524 1.43
v -0.899 0.612 1.43
v -1.054 0.625 1.43
v -1.194 0.559 1.43
v -1.282 0.431 1.43
v -1.295 0.276 1.43
v -1.229 0.136 1.43
v -1.101 0.048 1.43
v -0.946 0.035 1.43
v -0.806 0.101 1.43
v -0.718 0.229 1.43
usemtl Iron
s off
f 3348 3347 3346 3345 3344 3343 3342 3341 3340 3339 3338 3337
f 3349 3350 3351 3352 3353 3354 3355 3356 3357 3358 3359 3360
f 3337 3338 3350 3349
f 3338 3339 3351 3350
f 3339 3340 3352 3351
f 3340 3341 3353 3352
f 3341 3342 3354 3353
f 3342 3343 3355 3354
f 3343 3344 3356 3355
f 3344 3345 3357 3356
f 3345 3346 3358 3357
f 3346 3347 3359 3358
f 3347 3348 3360 3359
f 3348 3337 3349 3360
o Shield.Boss
v -0.935 0.357 1.45
v -0.973 0.395 1.45
v -1.027 0.395 1.45
v -1.065 0.357 1.45
v -1.065 0.303 1.45
v -1.027 0.265 1.45
v -0.973 0.265 1.45
v -0.935 0.303 1.45
v -0.935 0.357 1.5
v -0.973 0.395 1.5
v -1.027 0.395 1.5
v -1.065 0.357 1.5
v -1.065 0.303 1.5
v -1.027 0.265 1.5
v -0.973 0.265 1.5
v -0.935 0.303 1.5
usemtl Iron
s off
f 3368 3367 3366 3365 3364 3363 3362 3361
f 3369 3370 3371 3372 3373 3374 3375 3376
f 3361 3362 3370 3369
f 3362 3363 3371 3370
f 3363 3364 3372 3371
f 3364 3365 3373 3372
f 3365 3366 3374 3373
f 3366 3367 3375 3374
f 3367 3368 3376 3375
f 3368 3361 3369 3376
o Crate
v -2.2 0 1.35
v -2.2 0 1.75
v -1.8 0 1.75
v -1.8 0 1.35
v -2.2 0.4 1.35
v -2.2 0.4 1.75
v -1.8 0.4 1.75
v -1.8 0.4 1.35
usemtl WoodLight
s off
f 3380 3379 3378 3377
f 3381 3382 3383 3384
f 3377 3378 3382 3381
f 3378 3379 3383 3382
f 3379 3380 3384 3383
f 3380 3377 3381 3384
o Crate.Edge
v -2.21 0 1.34
v -2.21 0 1.4
v -2.15 0 1.4
v -2.15 0 1.34
v -2.21 0.4 1.34
v -2.21 0.4 1.4
v -2.15 0.4 1.4
v -2.15 0.4 1.34
usemtl Wood
s off
f 3388 3387 3386 3385
f 3389 3390 3391 3392
f 3385 3386 3390 3389
f 3386 3387 3391 3390
f 3387 3388 3392 3391
f 3388 3385 3389 3392
o Crate.Edge
v -2.21 0 1.7
v -2.21 0 1.76
v -2.15 0 1.76
v -2.15 0 1.7
v -2.21 0.4 1.7
v -2.21 0.4 1.76
v -2.15 0.4 1.76
v -2.15 0.4 1.7
usemtl Wood
s off
f 3396 3395 3394 3393
f 3397 3398 3399 3400
f 3393 3394 3398 3397
f 3394 3395 3399 3398
f 3395 3396 3400 3399
f 3396 3393 3397 3400
o Crate.Edge
v -1.85 0 1.34
v -1.85 0 1.4
v -1.79 0 1.4
v -1.79 0 1.34
v -1.85 0.4 1.34
v -1.85 0.4 1.4
v -1.79 0.4 1.4
v -1.79 0.4 1.34
usemtl Wood
s off
f 3404 3403 3402 3401
f 3405 3406 3407 3408
f 3401 3402 3406 3405
f 3402 3403 3407 3406
f 3403 3404 3408 3407
f 3404 3401 3405 3408
o Crate.Edge
v -1.85 0 1.7
v -1.85 0 1.76
v -1.79 0 1.76
v -1.79 0 1.7
v -1.85 0.4 1.7
v -1.85 0.4 1.76
v -1.79 0.4 1.76
v -1.79 0.4 1.7
usemtl Wood
s off
f 3412 3411 3410 3409
f 3413 3414 3415 3416
f 3409 3410 3414 3413
f 3410 3411 3415 3414
f 3411 3412 3416 3415
f 3412 3409 3413 3416
o Crate.Edge
v -2.21 -0.005 1.34
v -2.21 -0.005 1.4
v -1.79 -0.005 1.4
v -1.79 -0.005 1.34
v -2.21 0.05 1.34
v -2.21 0.05 1.4
v -1.79 0.05 1.4
v -1.79 0.05 1.34
usemtl Wood
s off
f 3420 3419 3418 3417
f 3421 3422 3423 3424
f 3417 3418 3422 3421
f 3418 3419 3423 3422
f 3419 3420 3424 3423
f 3420 3417 3421 3424
o Crate.Edge
v -2.21 -0.005 1.7
v -2.21 -0.005 1.76
v -1.79 -0.005 1.76
v -1.79 -0.005 1.7
v -2.21 0.05 1.7
v -2.21 0.05 1.76
v -1.79 0.05 1.76
v -1.79 0.05 1.7
usemtl Wood
s off
f 3428 3427 3426 3425
f 3429 3430 3431 3432
f 3425 3426 3430 3429
f 3426 3427 3431 3430
f 3427 3428 3432 3431
f 3428 3425 3429 3432
o Crate.Edge
v -2.21 0.35 1.34
v -2.21 0.35 1.4
v -1.79 0.35 1.4
v -1.79 0.35 1.34
v -2.21 0.405 1.34
v -2.21 0.405 1.4
v -1.79 0.405 1.4
v -1.79 0.405 1.34
usemtl Wood
s off
f 3436 3435 3434 3433
f 3437 3438 3439 3440
f 3433 3434 3438 3437
f 3434 3435 3439 3438
f 3435 3436 3440 3439
f 3436 3433 3437 3440
o Crate.Edge
v -2.21 0.35 1.7
v -2.21 0.35 1.76
v -1.79 0.35 1.76
v -1.79 0.35 1.7
v -2.21 0.405 1.7
v -2.21 0.405 1.76
v -1.79 0.405 1.76
v -1.79 0.405 1.7
usemtl Wood
s off
f 3444 3443 3442 3441
f 3445 3446 3447 3448
f 3441 3442 3446 3445
f 3442 3443 3447 3446
f 3443 3444 3448 3447
f 3444 3441 3445 3448
o Crate.Brace
v -2.168 0.068 1.78
v -2.168 0.068 1.73
v -2.132 0.032 1.73
v -2.132 0.032 1.78
v -1.868 0.368 1.78
v -1.868 0.368 1.73
v -1.832 0.332 1.73
v -1.832 0.332 1.78
usemtl Wood
s off
f 3452 3451 3450 3449
f 3453 3454 3455 3456
f 3449 3450 3454 3453
f 3450 3451 3455 3454
f 3451 3452 3456 3455
f 3452 3449 3453 3456
o Entry
v 0.22 0 1.9
v 0.22 0 1.95
v 0.28 0 1.95
v 0.28 0 1.9
v 0.22 0.05 1.9
v 0.22 0.05 1.95
v 0.28 0.05 1.95
v 0.28 0.05 1.9
usemtl Soot
s off
f 3460 3459 3458 3457
f 3461 3462 3463 3464
f 3457 3458 3462 3461
f 3458 3459 3463 3462
f 3459 3460 3464 3463
f 3460 3457 3461 3464
