# berry_bush_1.obj - Johannisbeerstrauch fuer procedurally-generated-map
# Einheiten: Meter, Y oben, Vorderseite nach +Z - so wie Blender ein Modell
# exportiert, das in der Vorderansicht zum Betrachter schaut.
# Material Paint (das Laub) bekommt eine je Strauch leicht andere Farbe.
mtllib berry_bush_1.mtl
o Mound
v 0.705 0 0.239
v 0.375 0 0.606
v -0.13 0 0.689
v -0.575 0 0.45
v -0.75 0 0
v -0.575 0 -0.45
v -0.13 0 -0.689
v 0.375 0 -0.606
v 0.705 0 -0.239
v 0.564 0.08 0.188
v 0.3 0.08 0.476
v -0.104 0.08 0.542
v -0.46 0.08 0.354
v -0.6 0.08 0
v -0.46 0.08 -0.354
v -0.104 0.08 -0.542
v 0.3 0.08 -0.476
v 0.564 0.08 -0.188
usemtl Soil
s off
f 9 8 7 6 5 4 3 2 1
f 10 11 12 13 14 15 16 17 18
f 1 2 11 10
f 2 3 12 11
f 3 4 13 12
f 4 5 14 13
f 5 6 15 14
f 6 7 16 15
f 7 8 17 16
f 8 9 18 17
f 9 1 10 18
o Leaves
v 0.261 0.4 0.299
v -0.026 0.4 0.396
v -0.298 0.4 0.262
v -0.395 0.4 -0.026
v -0.261 0.4 -0.299
v 0.026 0.4 -0.396
v 0.298 0.4 -0.262
v 0.395 0.4 0.026
v 0.475 0.73 0.543
v -0.047 0.73 0.721
v -0.541 0.73 0.477
v -0.718 0.73 -0.047
v -0.475 0.73 -0.543
v 0.047 0.73 -0.721
v 0.541 0.73 -0.477
v 0.718 0.73 0.047
usemtl Paint
s off
f 26 25 24 23 22 21 20 19
f 27 28 29 30 31 32 33 34
f 19 20 28 27
f 20 21 29 28
f 21 22 30 29
f 22 23 31 30
f 23 24 32 31
f 24 25 33 32
f 25 26 34 33
f 26 19 27 34
o Leaves
v 0.294 0.73 0.659
v -0.257 0.73 0.675
v -0.657 0.73 0.295
v -0.673 0.73 -0.258
v -0.294 0.73 -0.659
v 0.257 0.73 -0.675
v 0.657 0.73 -0.295
v 0.673 0.73 0.258
v 0.25 1.17 0.561
v -0.218 1.17 0.574
v -0.559 1.17 0.251
v -0.572 1.17 -0.219
v -0.25 1.17 -0.561
v 0.218 1.17 -0.574
v 0.559 1.17 -0.251
v 0.572 1.17 0.219
usemtl Paint
s off
f 42 41 40 39 38 37 36 35
f 43 44 45 46 47 48 49 50
f 35 36 44 43
f 36 37 45 44
f 37 38 46 45
f 38 39 47 46
f 39 40 48 47
f 40 41 49 48
f 41 42 50 49
f 42 35 43 50
o Leaves
v 0.074 1.17 0.61
v -0.378 1.17 0.483
v -0.608 1.17 0.074
v -0.482 1.17 -0.379
v -0.074 1.17 -0.61
v 0.378 1.17 -0.483
v 0.608 1.17 -0.074
v 0.482 1.17 0.379
v 0.026 1.5 0.215
v -0.133 1.5 0.171
v -0.214 1.5 0.026
v -0.17 1.5 -0.134
v -0.026 1.5 -0.215
v 0.133 1.5 -0.171
v 0.214 1.5 -0.026
v 0.17 1.5 0.134
usemtl Paint
s off
f 58 57 56 55 54 53 52 51
f 59 60 61 62 63 64 65 66
f 51 52 60 59
f 52 53 61 60
f 53 54 62 61
f 54 55 63 62
f 55 56 64 63
f 56 57 65 64
f 57 58 66 65
f 58 51 59 66
o Leaves
v -0.468 0.275 0.442
v -0.704 0.275 0.409
v -0.824 0.275 0.219
v -0.737 0.275 0.015
v -0.51 0.275 -0.05
v -0.312 0.275 0.073
v -0.294 0.275 0.292
v -0.402 0.53 0.639
v -0.831 0.53 0.581
v -1.049 0.53 0.235
v -0.891 0.53 -0.136
v -0.477 0.53 -0.255
v -0.118 0.53 -0.031
v -0.084 0.53 0.367
usemtl Paint
s off
f 73 72 71 70 69 68 67
f 74 75 76 77 78 79 80
f 67 68 75 74
f 68 69 76 75
f 69 70 77 76
f 70 71 78 77
f 71 72 79 78
f 72 73 80 79
f 73 67 74 80
o Leaves
v -0.549 0.53 0.66
v -0.941 0.53 0.487
v -1.038 0.53 0.098
v -0.768 0.53 -0.214
v -0.334 0.53 -0.215
v -0.063 0.53 0.097
v -0.159 0.53 0.486
v -0.549 0.87 0.591
v -0.882 0.87 0.444
v -0.964 0.87 0.114
v -0.735 0.87 -0.152
v -0.366 0.87 -0.152
v -0.136 0.87 0.113
v -0.217 0.87 0.443
usemtl Paint
s off
f 87 86 85 84 83 82 81
f 88 89 90 91 92 93 94
f 81 82 89 88
f 82 83 90 89
f 83 84 91 90
f 84 85 92 91
f 85 86 93 92
f 86 87 94 93
f 87 81 88 94
o Leaves
v -0.675 0.87 0.574
v -0.946 0.87 0.343
v -0.918 0.87 0.005
v -0.614 0.87 -0.187
v -0.261 0.87 -0.087
v -0.126 0.87 0.229
v -0.31 0.87 0.523
v -0.594 1.125 0.332
v -0.69 1.125 0.25
v -0.68 1.125 0.131
v -0.572 1.125 0.064
v -0.448 1.125 0.099
v -0.4 1.125 0.21
v -0.465 1.125 0.314
usemtl Paint
s off
f 101 100 99 98 97 96 95
f 102 103 104 105 106 107 108
f 95 96 103 102
f 96 97 104 103
f 97 98 105 104
f 98 99 106 105
f 99 100 107 106
f 100 101 108 107
f 101 95 102 108
o Leaves
v 0.611 0.275 0.161
v 0.37 0.275 0.107
v 0.264 0.275 -0.102
v 0.373 0.275 -0.31
v 0.616 0.275 -0.36
v 0.809 0.275 -0.214
v 0.807 0.275 0.018
v 0.662 0.53 0.374
v 0.223 0.53 0.277
v 0.03 0.53 -0.104
v 0.229 0.53 -0.482
v 0.67 0.53 -0.572
v 1.02 0.53 -0.307
v 1.017 0.53 0.114
usemtl Paint
s off
f 115 114 113 112 111 110 109
f 116 117 118 119 120 121 122
f 109 110 117 116
f 110 111 118 117
f 111 112 119 118
f 112 113 120 119
f 113 114 121 120
f 114 115 122 121
f 115 109 116 122
o Leaves
v 0.507 0.53 0.384
v 0.118 0.53 0.17
v 0.054 0.53 -0.247
v 0.364 0.53 -0.553
v 0.814 0.53 -0.518
v 1.065 0.53 -0.168
v 0.928 0.53 0.233
v 0.513 0.87 0.311
v 0.183 0.87 0.13
v 0.129 0.87 -0.225
v 0.392 0.87 -0.485
v 0.774 0.87 -0.456
v 0.988 0.87 -0.158
v 0.871 0.87 0.183
usemtl Paint
s off
f 129 128 127 126 125 124 123
f 130 131 132 133 134 135 136
f 123 124 131 130
f 124 125 132 131
f 125 126 133 132
f 126 127 134 133
f 127 128 135 134
f 128 129 136 135
f 129 123 130 136
o Leaves
v 0.385 0.87 0.283
v 0.126 0.87 0.018
v 0.187 0.87 -0.336
v 0.521 0.87 -0.512
v 0.877 0.87 -0.378
v 0.986 0.87 -0.035
v 0.767 0.87 0.259
v 0.492 1.125 0.035
v 0.401 1.125 -0.058
v 0.422 1.125 -0.183
v 0.54 1.125 -0.245
v 0.665 1.125 -0.198
v 0.704 1.125 -0.077
v 0.627 1.125 0.027
usemtl Paint
s off
f 143 142 141 140 139 138 137
f 144 145 146 147 148 149 150
f 137 138 145 144
f 138 139 146 145
f 139 140 147 146
f 140 141 148 147
f 141 142 149 148
f 142 143 150 149
f 143 137 144 150
o Leaves
v 0.346 0.245 0.706
v 0.155 0.245 0.806
v -0.041 0.245 0.713
v -0.092 0.245 0.498
v 0.038 0.245 0.322
v 0.253 0.245 0.318
v 0.39 0.245 0.488
v 0.507 0.47 0.833
v 0.158 0.47 1.015
v -0.197 0.47 0.846
v -0.291 0.47 0.455
v -0.053 0.47 0.135
v 0.338 0.47 0.128
v 0.587 0.47 0.438
usemtl Paint
s off
f 157 156 155 154 153 152 151
f 158 159 160 161 162 163 164
f 151 152 159 158
f 152 153 160 159
f 153 154 161 160
f 154 155 162 161
f 155 156 163 162
f 156 157 164 163
f 157 151 158 164
o Leaves
v 0.41 0.47 0.929
v 0.025 0.47 0.997
v -0.266 0.47 0.727
v -0.244 0.47 0.325
v 0.075 0.47 0.092
v 0.45 0.47 0.204
v 0.599 0.47 0.576
v 0.371 0.77 0.872
v 0.044 0.77 0.93
v -0.204 0.77 0.701
v -0.185 0.77 0.359
v 0.086 0.77 0.16
v 0.405 0.77 0.256
v 0.532 0.77 0.573
usemtl Paint
s off
f 171 170 169 168 167 166 165
f 172 173 174 175 176 177 178
f 165 166 173 172
f 166 167 174 173
f 167 168 175 174
f 168 169 176 175
f 169 170 177 176
f 170 171 178 177
f 171 165 172 178
o Leaves
v 0.269 0.77 0.925
v -0.06 0.77 0.88
v -0.231 0.77 0.586
v -0.115 0.77 0.265
v 0.201 0.77 0.158
v 0.478 0.77 0.347
v 0.508 0.77 0.688
v 0.192 0.995 0.683
v 0.076 0.995 0.667
v 0.016 0.995 0.563
v 0.057 0.995 0.449
v 0.168 0.995 0.412
v 0.266 0.995 0.478
v 0.276 0.995 0.599
usemtl Paint
s off
f 185 184 183 182 181 180 179
f 186 187 188 189 190 191 192
f 179 180 187 186
f 180 181 188 187
f 181 182 189 188
f 182 183 190 189
f 183 184 191 190
f 184 185 192 191
f 185 179 186 192
o Leaves
v -0.131 0.275 -0.286
v -0.282 0.275 -0.369
v -0.347 0.275 -0.537
v -0.297 0.275 -0.711
v -0.155 0.275 -0.81
v 0.013 0.275 -0.787
v 0.128 0.275 -0.653
v 0.136 0.275 -0.471
v 0.034 0.275 -0.326
v -0.156 0.5 -0.069
v -0.43 0.5 -0.221
v -0.549 0.5 -0.526
v -0.458 0.5 -0.843
v -0.2 0.5 -1.023
v 0.106 0.5 -0.981
v 0.315 0.5 -0.738
v 0.33 0.5 -0.407
v 0.144 0.5 -0.143
usemtl LeafDark
s off
f 201 200 199 198 197 196 195 194 193
f 202 203 204 205 206 207 208 209 210
f 193 194 203 202
f 194 195 204 203
f 195 196 205 204
f 196 197 206 205
f 197 198 207 206
f 198 199 208 207
f 199 200 209 208
f 200 201 210 209
f 201 193 202 210
o Leaves
v -0.286 0.5 -0.109
v -0.506 0.5 -0.341
v -0.536 0.5 -0.671
v -0.362 0.5 -0.944
v -0.065 0.5 -1.033
v 0.215 0.5 -0.896
v 0.348 0.5 -0.597
v 0.271 0.5 -0.276
v 0.021 0.5 -0.083
v -0.258 0.8 -0.175
v -0.445 0.8 -0.372
v -0.47 0.8 -0.652
v -0.323 0.8 -0.885
v -0.071 0.8 -0.961
v 0.168 0.8 -0.844
v 0.281 0.8 -0.59
v 0.216 0.8 -0.317
v 0.003 0.8 -0.153
usemtl LeafDark
s off
f 219 218 217 216 215 214 213 212 211
f 220 221 222 223 224 225 226 227 228
f 211 212 221 220
f 212 213 222 221
f 213 214 223 222
f 214 215 224 223
f 215 216 225 224
f 216 217 226 225
f 217 218 227 226
f 218 219 228 227
f 219 211 220 228
o Leaves
v -0.354 0.8 -0.242
v -0.478 0.8 -0.49
v -0.426 0.8 -0.766
v -0.221 0.8 -0.941
v 0.041 0.8 -0.933
v 0.236 0.8 -0.746
v 0.275 0.8 -0.467
v 0.138 0.8 -0.227
v -0.111 0.8 -0.138
v -0.19 1.025 -0.441
v -0.234 1.025 -0.529
v -0.215 1.025 -0.626
v -0.143 1.025 -0.688
v -0.05 1.025 -0.685
v 0.019 1.025 -0.619
v 0.032 1.025 -0.521
v -0.016 1.025 -0.436
v -0.104 1.025 -0.405
usemtl LeafDark
s off
f 237 236 235 234 233 232 231 230 229
f 238 239 240 241 242 243 244 245 246
f 229 230 239 238
f 230 231 240 239
f 231 232 241 240
f 232 233 242 241
f 233 234 243 242
f 234 235 244 243
f 235 236 245 244
f 236 237 246 245
f 237 229 238 246
o Leaves
v 0.307 1.175 0.02
v 0.21 1.175 0.128
v 0.061 1.175 0.152
v -0.069 1.175 0.081
v -0.12 1.175 -0.05
v -0.068 1.175 -0.182
v 0.062 1.175 -0.252
v 0.21 1.175 -0.227
v 0.307 1.175 -0.12
v 0.476 1.34 0.078
v 0.299 1.34 0.273
v 0.03 1.34 0.316
v -0.207 1.34 0.189
v -0.3 1.34 -0.051
v -0.206 1.34 -0.29
v 0.031 1.34 -0.417
v 0.301 1.34 -0.372
v 0.476 1.34 -0.176
usemtl Paint
s off
f 255 254 253 252 251 250 249 248 247
f 256 257 258 259 260 261 262 263 264
f 247 248 257 256
f 248 249 258 257
f 249 250 259 258
f 250 251 260 259
f 251 252 261 260
f 252 253 262 261
f 253 254 263 262
f 254 255 264 263
f 255 247 256 264
o Leaves
v 0.418 1.34 0.176
v 0.188 1.34 0.313
v -0.084 1.34 0.281
v -0.269 1.34 0.093
v -0.282 1.34 -0.161
v -0.116 1.34 -0.363
v 0.151 1.34 -0.419
v 0.394 1.34 -0.302
v 0.5 1.34 -0.067
v 0.37 1.56 0.142
v 0.175 1.56 0.259
v -0.056 1.56 0.231
v -0.214 1.56 0.072
v -0.225 1.56 -0.144
v -0.084 1.56 -0.316
v 0.143 1.56 -0.364
v 0.35 1.56 -0.264
v 0.44 1.56 -0.065
usemtl Paint
s off
f 273 272 271 270 269 268 267 266 265
f 274 275 276 277 278 279 280 281 282
f 265 266 275 274
f 266 267 276 275
f 267 268 277 276
f 268 269 278 277
f 269 270 279 278
f 270 271 280 279
f 271 272 281 280
f 272 273 282 281
f 273 265 274 282
o Leaves
v 0.297 1.56 0.208
v 0.073 1.56 0.265
v -0.138 1.56 0.176
v -0.238 1.56 -0.02
v -0.18 1.56 -0.229
v 0.009 1.56 -0.355
v 0.241 1.56 -0.338
v 0.407 1.56 -0.186
v 0.429 1.56 0.029
v 0.17 1.725 0.041
v 0.091 1.725 0.061
v 0.016 1.725 0.03
v -0.019 1.725 -0.039
v 0.001 1.725 -0.113
v 0.068 1.725 -0.158
v 0.15 1.725 -0.152
v 0.208 1.725 -0.098
v 0.216 1.725 -0.022
usemtl Paint
s off
f 291 290 289 288 287 286 285 284 283
f 292 293 294 295 296 297 298 299 300
f 283 284 293 292
f 284 285 294 293
f 285 286 295 294
f 286 287 296 295
f 287 288 297 296
f 288 289 298 297
f 289 290 299 298
f 290 291 300 299
f 291 283 292 300
o Stem
v 0.095 0.019 -0.089
v 0.12 0.031 -0.051
v 0.11 0 -0.017
v 0.078 -0.031 -0.034
v 0.069 -0.019 -0.078
v -0.302 0.33 0.082
v -0.282 0.34 0.112
v -0.29 0.315 0.14
v -0.315 0.29 0.126
v -0.323 0.3 0.09
usemtl Bark
s off
f 305 304 303 302 301
f 306 307 308 309 310
f 301 302 307 306
f 302 303 308 307
f 303 304 309 308
f 304 305 310 309
f 305 301 306 310
o Stem
v -0.299 0.328 0.081
v -0.278 0.336 0.112
v -0.292 0.315 0.14
v -0.32 0.294 0.127
v -0.324 0.302 0.09
v -0.493 0.538 0.162
v -0.48 0.543 0.181
v -0.488 0.53 0.199
v -0.506 0.517 0.191
v -0.509 0.522 0.168
usemtl Bark
s off
f 315 314 313 312 311
f 316 317 318 319 320
f 311 312 317 316
f 312 313 318 317
f 313 314 319 318
f 314 315 320 319
f 315 311 316 320
o Stem
v 0.073 0.016 0.152
v 0.038 0.026 0.123
v 0.044 0 0.084
v 0.083 -0.026 0.09
v 0.101 -0.016 0.132
v 0.307 0.328 -0.026
v 0.279 0.336 -0.05
v 0.284 0.315 -0.081
v 0.315 0.294 -0.076
v 0.329 0.302 -0.042
usemtl Bark
s off
f 325 324 323 322 321
f 326 327 328 329 330
f 321 322 327 326
f 322 323 328 327
f 323 324 329 328
f 324 325 330 329
f 325 321 326 330
o Stem
v 0.293 0.328 -0.027
v 0.279 0.335 -0.061
v 0.297 0.315 -0.086
v 0.323 0.295 -0.069
v 0.321 0.302 -0.032
v 0.489 0.538 -0.073
v 0.48 0.543 -0.094
v 0.491 0.53 -0.11
v 0.508 0.517 -0.099
v 0.506 0.522 -0.076
usemtl Bark
s off
f 335 334 333 332 331
f 336 337 338 339 340
f 331 332 337 336
f 332 333 338 337
f 333 334 339 338
f 334 335 340 339
f 335 331 336 340
o Stem
v -0.085 0.015 0.114
v -0.055 0.024 0.08
v -0.015 0 0.089
v -0.022 -0.024 0.128
v -0.065 -0.015 0.144
v 0.053 0.291 0.305
v 0.077 0.298 0.278
v 0.109 0.279 0.284
v 0.104 0.26 0.316
v 0.069 0.267 0.329
usemtl Bark
s off
f 345 344 343 342 341
f 346 347 348 349 350
f 341 342 347 346
f 342 343 348 347
f 343 344 349 348
f 344 345 350 349
f 345 341 346 350
o Stem
v 0.054 0.293 0.297
v 0.087 0.301 0.28
v 0.113 0.279 0.294
v 0.098 0.257 0.32
v 0.061 0.265 0.322
v 0.117 0.478 0.491
v 0.138 0.484 0.481
v 0.154 0.47 0.49
v 0.144 0.456 0.506
v 0.122 0.462 0.507
usemtl Bark
s off
f 355 354 353 352 351
f 356 357 358 359 360
f 351 352 357 356
f 352 353 358 357
f 353 354 359 358
f 354 355 360 359
f 355 351 356 360
o Leaf
v -0.781 0.785 0.498
v -0.678 0.785 0.581
v -0.709 0.662 0.619
v -0.812 0.662 0.536
v -0.88 0.816 0.711
v -0.865 0.816 0.723
v -0.87 0.798 0.729
v -0.885 0.798 0.717
usemtl LeafLight
s off
f 364 363 362 361
f 365 366 367 368
f 361 362 366 365
f 362 363 367 366
f 363 364 368 367
f 364 361 365 368
o Leaf
v 0.308 1.497 -0.291
v 0.193 1.497 -0.356
v 0.209 1.369 -0.384
v 0.323 1.369 -0.318
v 0.409 1.514 -0.581
v 0.393 1.514 -0.591
v 0.395 1.495 -0.595
v 0.411 1.495 -0.585
usemtl Paint
s off
f 372 371 370 369
f 373 374 375 376
f 369 370 374 373
f 370 371 375 374
f 371 372 376 375
f 372 369 373 376
o Leaf
v 0.517 0.997 0.382
v 0.576 0.997 0.264
v 0.589 0.866 0.271
v 0.53 0.866 0.389
v 0.792 0.97 0.456
v 0.8 0.97 0.439
v 0.802 0.951 0.44
v 0.793 0.951 0.457
usemtl Paint
s off
f 380 379 378 377
f 381 382 383 384
f 377 378 382 381
f 378 379 383 382
f 379 380 384 383
f 380 377 381 384
o Leaf
v -0.013 1.562 -0.319
v -0.128 1.562 -0.254
v -0.153 1.441 -0.299
v -0.038 1.441 -0.364
v -0.182 1.604 -0.504
v -0.199 1.604 -0.494
v -0.202 1.587 -0.501
v -0.185 1.587 -0.51
usemtl Paint
s off
f 388 387 386 385
f 389 390 391 392
f 385 386 390 389
f 386 387 391 390
f 387 388 392 391
f 388 385 389 392
o Leaf
v 0.32 1.021 -0.251
v 0.277 1.021 -0.126
v 0.202 0.916 -0.151
v 0.244 0.916 -0.276
v 0.085 1.124 -0.271
v 0.078 1.124 -0.252
v 0.068 1.109 -0.256
v 0.074 1.109 -0.274
usemtl LeafLight
s off
f 396 395 394 393
f 397 398 399 400
f 393 394 398 397
f 394 395 399 398
f 395 396 400 399
f 396 393 397 400
o Leaf
v -0.812 0.978 0.071
v -0.843 0.978 0.199
v -0.938 0.889 0.176
v -0.906 0.889 0.047
v -1.042 1.138 0.072
v -1.047 1.138 0.09
v -1.06 1.125 0.087
v -1.056 1.125 0.068
usemtl Paint
s off
f 404 403 402 401
f 405 406 407 408
f 401 402 406 405
f 402 403 407 406
f 403 404 408 407
f 404 401 405 408
o Leaf
v 0.24 1.408 -0.168
v 0.129 1.408 -0.24
v 0.184 1.325 -0.326
v 0.295 1.325 -0.254
v 0.289 1.536 -0.348
v 0.272 1.536 -0.358
v 0.28 1.524 -0.37
v 0.297 1.524 -0.36
usemtl Paint
s off
f 412 411 410 409
f 413 414 415 416
f 409 410 414 413
f 410 411 415 414
f 411 412 416 415
f 412 409 413 416
o Leaf
v -0.108 0.8 -0.928
v -0.237 0.8 -0.905
v -0.248 0.681 -0.961
v -0.118 0.681 -0.984
v -0.217 0.882 -1.214
v -0.236 0.882 -1.211
v -0.237 0.865 -1.219
v -0.218 0.865 -1.222
usemtl Paint
s off
f 420 419 418 417
f 421 422 423 424
f 417 418 422 421
f 418 419 423 422
f 419 420 424 423
f 420 417 421 424
o Leaf
v -0.129 0.835 0.514
v -0.11 0.835 0.645
v -0.215 0.757 0.66
v -0.235 0.757 0.529
v -0.31 1.002 0.598
v -0.307 1.002 0.617
v -0.323 0.991 0.619
v -0.326 0.991 0.6
usemtl LeafLight
s off
f 428 427 426 425
f 429 430 431 432
f 425 426 430 429
f 426 427 431 430
f 427 428 432 431
f 428 425 429 432
o Leaf
v -0.21 0.875 0.388
v -0.162 0.875 0.265
v -0.117 0.752 0.282
v -0.165 0.752 0.405
v 0.059 0.919 0.432
v 0.066 0.919 0.414
v 0.072 0.901 0.417
v 0.066 0.901 0.435
usemtl Paint
s off
f 436 435 434 433
f 437 438 439 440
f 433 434 438 437
f 434 435 439 438
f 435 436 440 439
f 436 433 437 440
o Leaf
v 0.195 0.805 0.889
v 0.319 0.805 0.843
v 0.342 0.691 0.906
v 0.218 0.691 0.952
v 0.333 0.882 1.099
v 0.351 0.882 1.093
v 0.354 0.865 1.102
v 0.336 0.865 1.108
usemtl Paint
s off
f 444 443 442 441
f 445 446 447 448
f 441 442 446 445
f 442 443 447 446
f 443 444 448 447
f 444 441 445 448
o Leaf
v 0.554 0.815 -0.509
v 0.423 0.815 -0.494
v 0.419 0.686 -0.522
v 0.55 0.686 -0.537
v 0.463 0.822 -0.795
v 0.444 0.822 -0.793
v 0.443 0.803 -0.797
v 0.462 0.803 -0.799
usemtl Paint
s off
f 452 451 450 449
f 453 454 455 456
f 449 450 454 453
f 450 451 455 454
f 451 452 456 455
f 452 449 453 456
o Leaf
v -0.131 0.966 -0.37
v -0.002 0.966 -0.398
v 0.02 0.884 -0.297
v -0.109 0.884 -0.269
v -0.036 1.115 -0.196
v -0.017 1.115 -0.2
v -0.014 1.103 -0.185
v -0.033 1.103 -0.181
usemtl LeafLight
s off
f 460 459 458 457
f 461 462 463 464
f 457 458 462 461
f 458 459 463 462
f 459 460 464 463
f 460 457 461 464
o Leaf
v -0.692 0.726 0.571
v -0.563 0.726 0.599
v -0.567 0.596 0.618
v -0.696 0.596 0.59
v -0.696 0.713 0.859
v -0.677 0.713 0.863
v -0.678 0.694 0.866
v -0.696 0.694 0.862
usemtl Paint
s off
f 468 467 466 465
f 469 470 471 472
f 465 466 470 469
f 466 467 471 470
f 467 468 472 471
f 468 465 469 472
o Leaf
v -0.097 0.945 -0.345
v 0.027 0.945 -0.391
v 0.065 0.873 -0.287
v -0.059 0.873 -0.241
v 0.008 1.071 -0.225
v 0.026 1.071 -0.232
v 0.031 1.061 -0.216
v 0.013 1.061 -0.21
usemtl Paint
s off
f 476 475 474 473
f 477 478 479 480
f 473 474 478 477
f 474 475 479 478
f 475 476 480 479
f 476 473 477 480
o Leaf
v 0.222 0.841 0.838
v 0.343 0.841 0.785
v 0.378 0.742 0.866
v 0.256 0.742 0.918
v 0.348 0.934 0.989
v 0.366 0.934 0.981
v 0.371 0.919 0.993
v 0.353 0.919 1.001
usemtl Paint
s off
f 484 483 482 481
f 485 486 487 488
f 481 482 486 485
f 482 483 487 486
f 483 484 488 487
f 484 481 485 488
o Leaf
v 0.25 0.945 0.453
v 0.122 0.945 0.423
v 0.148 0.878 0.312
v 0.277 0.878 0.343
v 0.232 1.101 0.286
v 0.214 1.101 0.282
v 0.217 1.091 0.266
v 0.236 1.091 0.27
usemtl LeafLight
s off
f 492 491 490 489
f 493 494 495 496
f 489 490 494 493
f 490 491 495 494
f 491 492 496 495
f 492 489 493 496
o Leaf
v -0.52 1.161 0.274
v -0.426 1.161 0.367
v -0.473 1.047 0.414
v -0.567 1.047 0.321
v -0.638 1.227 0.474
v -0.624 1.227 0.487
v -0.631 1.21 0.494
v -0.645 1.21 0.481
usemtl Paint
s off
f 500 499 498 497
f 501 502 503 504
f 497 498 502 501
f 498 499 503 502
f 499 500 504 503
f 500 497 501 504
o Leaf
v -0.068 0.895 0.616
v -0.021 0.895 0.74
v -0.106 0.799 0.772
v -0.153 0.799 0.648
v -0.256 1.03 0.748
v -0.249 1.03 0.766
v -0.262 1.016 0.77
v -0.269 1.016 0.752
usemtl Paint
s off
f 508 507 506 505
f 509 510 511 512
f 505 506 510 509
f 506 507 511 510
f 507 508 512 511
f 508 505 509 512
o Leaf
v 0.156 0.716 0.939
v 0.286 0.716 0.915
v 0.292 0.589 0.952
v 0.163 0.589 0.976
v 0.254 0.726 1.161
v 0.273 0.726 1.158
v 0.274 0.708 1.163
v 0.255 0.708 1.167
usemtl Paint
s off
f 516 515 514 513
f 517 518 519 520
f 513 514 518 517
f 514 515 519 518
f 515 516 520 519
f 516 513 517 520
o Leaf
v -0.148 0.839 0.594
v -0.103 0.839 0.719
v -0.176 0.731 0.745
v -0.22 0.731 0.62
v -0.335 0.925 0.721
v -0.328 0.925 0.739
v -0.339 0.91 0.743
v -0.345 0.91 0.725
usemtl LeafLight
s off
f 524 523 522 521
f 525 526 527 528
f 521 522 526 525
f 522 523 527 526
f 523 524 528 527
f 524 521 525 528
o Leaf
v 0.151 0.775 -0.312
v 0.12 0.775 -0.184
v 0.095 0.646 -0.19
v 0.126 0.646 -0.318
v -0.143 0.776 -0.325
v -0.147 0.776 -0.306
v -0.151 0.757 -0.307
v -0.146 0.757 -0.326
usemtl Paint
s off
f 532 531 530 529
f 533 534 535 536
f 529 530 534 533
f 530 531 535 534
f 531 532 536 535
f 532 529 533 536
o Leaf
v -0.314 1.012 0.131
v -0.314 1.013 0.263
v -0.435 1.065 0.262
v -0.435 1.064 0.13
v -0.272 1.25 0.185
v -0.272 1.251 0.204
v -0.29 1.258 0.204
v -0.29 1.258 0.185
usemtl Paint
s off
f 540 539 538 537
f 541 542 543 544
f 537 538 542 541
f 538 539 543 542
f 539 540 544 543
f 540 537 541 544
o Leaf
v -0.184 0.911 0.265
v -0.185 0.911 0.133
v -0.126 0.793 0.133
v -0.125 0.793 0.265
v 0.026 0.954 0.208
v 0.026 0.954 0.188
v 0.034 0.936 0.188
v 0.034 0.936 0.208
usemtl Paint
s off
f 548 547 546 545
f 549 550 551 552
f 545 546 550 549
f 546 547 551 550
f 547 548 552 551
f 548 545 549 552
o Leaf
v 0.236 0.907 0.715
v 0.236 0.859 0.838
v 0.105 0.864 0.84
v 0.105 0.912 0.718
v 0.192 1.149 0.871
v 0.192 1.142 0.889
v 0.173 1.142 0.889
v 0.173 1.149 0.872
usemtl LeafLight
s off
f 556 555 554 553
f 557 558 559 560
f 553 554 558 557
f 554 555 559 558
f 555 556 560 559
f 556 553 557 560
o Leaf
v -0.771 0.977 0.381
v -0.653 0.977 0.44
v -0.698 0.891 0.53
v -0.816 0.891 0.471
v -0.819 1.148 0.602
v -0.802 1.148 0.611
v -0.809 1.135 0.624
v -0.826 1.135 0.615
usemtl Paint
s off
f 564 563 562 561
f 565 566 567 568
f 561 562 566 565
f 562 563 567 566
f 563 564 568 567
f 564 561 565 568
o Leaf
v 0.139 0.947 0.598
v 0.139 0.92 0.727
v 0.008 0.903 0.724
v 0.008 0.93 0.594
v 0.051 1.168 0.702
v 0.051 1.165 0.72
v 0.032 1.162 0.72
v 0.032 1.166 0.701
usemtl Paint
s off
f 572 571 570 569
f 573 574 575 576
f 569 570 574 573
f 570 571 575 574
f 571 572 576 575
f 572 569 573 576
o Leaf
v -0.324 0.817 -0.818
v -0.41 0.817 -0.718
v -0.458 0.701 -0.759
v -0.372 0.701 -0.859
v -0.516 0.864 -0.908
v -0.528 0.864 -0.893
v -0.535 0.848 -0.899
v -0.523 0.848 -0.914
usemtl Paint
s off
f 580 579 578 577
f 581 582 583 584
f 577 578 582 581
f 578 579 583 582
f 579 580 584 583
f 580 577 581 584
o Leaf
v 0.766 0.869 -0.43
v 0.646 0.869 -0.485
v 0.661 0.742 -0.519
v 0.781 0.742 -0.464
v 0.832 0.891 -0.708
v 0.814 0.891 -0.716
v 0.816 0.873 -0.721
v 0.834 0.873 -0.713
usemtl LeafLight
s off
f 588 587 586 585
f 589 590 591 592
f 585 586 590 589
f 586 587 591 590
f 587 588 592 591
f 588 585 589 592
o Leaf
v -0.055 0.708 -0.135
v 0.064 0.708 -0.193
v 0.084 0.584 -0.151
v -0.035 0.584 -0.093
v 0.084 0.724 0.022
v 0.101 0.724 0.013
v 0.104 0.706 0.02
v 0.087 0.706 0.028
usemtl Paint
s off
f 596 595 594 593
f 597 598 599 600
f 593 594 598 597
f 594 595 599 598
f 595 596 600 599
f 596 593 597 600
o Leaf
v -0.55 1.074 0.316
v -0.437 1.074 0.249
v -0.378 1.009 0.348
v -0.492 1.009 0.415
v -0.428 1.215 0.411
v -0.412 1.215 0.401
v -0.403 1.206 0.416
v -0.42 1.206 0.426
usemtl Paint
s off
f 604 603 602 601
f 605 606 607 608
f 601 602 606 605
f 602 603 607 606
f 603 604 608 607
f 604 601 605 608
o Leaf
v -0.96 0.83 0.137
v -0.959 0.83 0.269
v -0.998 0.703 0.269
v -0.999 0.703 0.137
v -1.197 0.842 0.195
v -1.197 0.842 0.214
v -1.202 0.824 0.214
v -1.203 0.824 0.195
usemtl Paint
s off
f 612 611 610 609
f 613 614 615 616
f 609 610 614 613
f 610 611 615 614
f 611 612 616 615
f 612 609 613 616
o Leaf
v 0.396 0.721 0.258
v 0.281 0.721 0.193
v 0.304 0.597 0.153
v 0.418 0.597 0.219
v 0.467 0.75 0.019
v 0.45 0.75 0.01
v 0.454 0.732 0.004
v 0.47 0.732 0.014
usemtl LeafLight
s off
f 620 619 618 617
f 621 622 623 624
f 617 618 622 621
f 618 619 623 622
f 619 620 624 623
f 620 617 621 624
o Leaf
v -0.194 0.72 -0.949
v -0.314 0.72 -0.894
v -0.328 0.592 -0.925
v -0.208 0.592 -0.98
v -0.346 0.727 -1.145
v -0.363 0.727 -1.137
v -0.365 0.708 -1.142
v -0.348 0.708 -1.15
usemtl Paint
s off
f 628 627 626 625
f 629 630 631 632
f 625 626 630 629
f 626 627 631 630
f 627 628 632 631
f 628 625 629 632
o Leaf
v -0.295 0.859 -0.777
v -0.377 0.859 -0.674
v -0.453 0.768 -0.733
v -0.371 0.768 -0.837
v -0.501 1.008 -0.868
v -0.513 1.008 -0.853
v -0.524 0.995 -0.862
v -0.512 0.995 -0.877
usemtl Paint
s off
f 636 635 634 633
f 637 638 639 640
f 633 634 638 637
f 634 635 639 638
f 635 636 640 639
f 636 633 637 640
o Leaf
v -0.787 0.833 -0.13
v -0.86 0.833 -0.02
v -0.896 0.709 -0.044
v -0.824 0.709 -0.154
v -1.014 0.855 -0.211
v -1.025 0.855 -0.195
v -1.03 0.837 -0.199
v -1.019 0.837 -0.215
usemtl Paint
s off
f 644 643 642 641
f 645 646 647 648
f 641 642 646 645
f 642 643 647 646
f 643 644 648 647
f 644 641 645 648
o Leaf
v 0.396 0.774 -0.493
v 0.277 0.774 -0.436
v 0.268 0.644 -0.454
v 0.387 0.644 -0.512
v 0.226 0.759 -0.715
v 0.209 0.759 -0.707
v 0.208 0.74 -0.709
v 0.225 0.74 -0.718
usemtl LeafLight
s off
f 652 651 650 649
f 653 654 655 656
f 649 650 654 653
f 650 651 655 654
f 651 652 656 655
f 652 649 653 656
o Leaf
v 0.234 0.981 -0.029
v 0.291 0.981 0.09
v 0.226 0.87 0.121
v 0.169 0.87 0.002
v 0.067 1.052 0.113
v 0.075 1.052 0.131
v 0.065 1.036 0.135
v 0.057 1.036 0.118
usemtl Paint
s off
f 660 659 658 657
f 661 662 663 664
f 657 658 662 661
f 658 659 663 662
f 659 660 664 663
f 660 657 661 664
o Leaf
v -0.666 0.88 0.516
v -0.536 0.88 0.538
v -0.55 0.778 0.621
v -0.68 0.778 0.6
v -0.642 0.967 0.715
v -0.623 0.967 0.719
v -0.625 0.952 0.731
v -0.644 0.952 0.728
usemtl Paint
s off
f 668 667 666 665
f 669 670 671 672
f 665 666 670 669
f 666 667 671 670
f 667 668 672 671
f 668 665 669 672
o Leaf
v 0.604 0.793 -0.497
v 0.472 0.793 -0.493
v 0.471 0.673 -0.548
v 0.603 0.673 -0.552
v 0.542 0.818 -0.685
v 0.523 0.818 -0.685
v 0.523 0.801 -0.693
v 0.542 0.801 -0.693
usemtl Paint
s off
f 676 675 674 673
f 677 678 679 680
f 673 674 678 677
f 674 675 679 678
f 675 676 680 679
f 676 673 677 680
o Berry.0
v 0.626 1.153 0.208
v 0.586 1.153 0.221
v 0.561 1.153 0.187
v 0.586 1.153 0.153
v 0.626 1.153 0.166
v 0.638 1.204 0.217
v 0.581 1.204 0.236
v 0.546 1.204 0.187
v 0.581 1.204 0.139
v 0.638 1.204 0.157
usemtl RedDark
s off
f 685 684 683 682 681
f 686 687 688 689 690
f 681 682 687 686
f 682 683 688 687
f 683 684 689 688
f 684 685 690 689
f 685 681 686 690
o Berry.0
v 0.638 1.204 0.217
v 0.581 1.204 0.236
v 0.546 1.204 0.187
v 0.581 1.204 0.139
v 0.638 1.204 0.157
v 0.616 1.25 0.201
v 0.59 1.25 0.209
v 0.574 1.25 0.187
v 0.59 1.25 0.165
v 0.616 1.25 0.174
usemtl RedDark
s off
f 695 694 693 692 691
f 696 697 698 699 700
f 691 692 697 696
f 692 693 698 697
f 693 694 699 698
f 694 695 700 699
f 695 691 696 700
o Berry.0.Shine
v 0.582 1.227 0.208
v 0.582 1.227 0.225
v 0.602 1.227 0.225
v 0.602 1.227 0.208
v 0.582 1.242 0.208
v 0.582 1.242 0.225
v 0.602 1.242 0.225
v 0.602 1.242 0.208
usemtl Shine
s off
f 704 703 702 701
f 705 706 707 708
f 701 702 706 705
f 702 703 707 706
f 703 704 708 707
f 704 701 705 708
o Berry.1
v 0.677 1.073 0.232
v 0.636 1.073 0.245
v 0.611 1.073 0.21
v 0.636 1.073 0.176
v 0.677 1.073 0.189
v 0.689 1.125 0.241
v 0.631 1.125 0.26
v 0.595 1.125 0.21
v 0.631 1.125 0.161
v 0.689 1.125 0.18
usemtl Red
s off
f 713 712 711 710 709
f 714 715 716 717 718
f 709 710 715 714
f 710 711 716 715
f 711 712 717 716
f 712 713 718 717
f 713 709 714 718
o Berry.1
v 0.689 1.125 0.241
v 0.631 1.125 0.26
v 0.595 1.125 0.21
v 0.631 1.125 0.161
v 0.689 1.125 0.18
v 0.666 1.172 0.224
v 0.64 1.172 0.233
v 0.624 1.172 0.21
v 0.64 1.172 0.188
v 0.666 1.172 0.197
usemtl Red
s off
f 723 722 721 720 719
f 724 725 726 727 728
f 719 720 725 724
f 720 721 726 725
f 721 722 727 726
f 722 723 728 727
f 723 719 724 728
o Berry.2
v 0.645 1.068 0.24
v 0.607 1.068 0.253
v 0.583 1.068 0.22
v 0.607 1.068 0.188
v 0.645 1.068 0.2
v 0.657 1.117 0.249
v 0.602 1.117 0.267
v 0.569 1.117 0.22
v 0.602 1.117 0.174
v 0.657 1.117 0.191
usemtl RedDark
s off
f 733 732 731 730 729
f 734 735 736 737 738
f 729 730 735 734
f 730 731 736 735
f 731 732 737 736
f 732 733 738 737
f 733 729 734 738
o Berry.2
v 0.657 1.117 0.249
v 0.602 1.117 0.267
v 0.569 1.117 0.22
v 0.602 1.117 0.174
v 0.657 1.117 0.191
v 0.635 1.161 0.233
v 0.611 1.161 0.241
v 0.596 1.161 0.22
v 0.611 1.161 0.199
v 0.635 1.161 0.207
usemtl RedDark
s off
f 743 742 741 740 739
f 744 745 746 747 748
f 739 740 745 744
f 740 741 746 745
f 741 742 747 746
f 742 743 748 747
f 743 739 744 748
o Berry.3
v -0.412 0.691 -0.23
v -0.451 0.691 -0.217
v -0.476 0.691 -0.25
v -0.451 0.691 -0.284
v -0.412 0.691 -0.271
v -0.399 0.742 -0.221
v -0.456 0.742 -0.202
v -0.491 0.742 -0.25
v -0.456 0.742 -0.299
v -0.399 0.742 -0.28
usemtl Red
s off
f 753 752 751 750 749
f 754 755 756 757 758
f 749 750 755 754
f 750 751 756 755
f 751 752 757 756
f 752 753 758 757
f 753 749 754 758
o Berry.3
v -0.399 0.742 -0.221
v -0.456 0.742 -0.202
v -0.491 0.742 -0.25
v -0.456 0.742 -0.299
v -0.399 0.742 -0.28
v -0.422 0.787 -0.237
v -0.447 0.787 -0.229
v -0.463 0.787 -0.25
v -0.447 0.787 -0.272
v -0.422 0.787 -0.264
usemtl Red
s off
f 763 762 761 760 759
f 764 765 766 767 768
f 759 760 765 764
f 760 761 766 765
f 761 762 767 766
f 762 763 768 767
f 763 759 764 768
o Berry.3.Shine
v -0.455 0.765 -0.23
v -0.455 0.765 -0.213
v -0.435 0.765 -0.213
v -0.435 0.765 -0.23
v -0.455 0.78 -0.23
v -0.455 0.78 -0.213
v -0.435 0.78 -0.213
v -0.435 0.78 -0.23
usemtl Shine
s off
f 772 771 770 769
f 773 774 775 776
f 769 770 774 773
f 770 771 775 774
f 771 772 776 775
f 772 769 773 776
o Berry.4
v -0.437 0.57 -0.171
v -0.483 0.57 -0.156
v -0.511 0.57 -0.195
v -0.483 0.57 -0.233
v -0.437 0.57 -0.219
v -0.423 0.628 -0.16
v -0.488 0.628 -0.139
v -0.529 0.628 -0.195
v -0.488 0.628 -0.25
v -0.423 0.628 -0.229
usemtl RedDark
s off
f 781 780 779 778 777
f 782 783 784 785 786
f 777 778 783 782
f 778 779 784 783
f 779 780 785 784
f 780 781 786 785
f 781 777 782 786
o Berry.4
v -0.423 0.628 -0.16
v -0.488 0.628 -0.139
v -0.529 0.628 -0.195
v -0.488 0.628 -0.25
v -0.423 0.628 -0.229
v -0.449 0.68 -0.179
v -0.478 0.68 -0.17
v -0.497 0.68 -0.195
v -0.478 0.68 -0.22
v -0.449 0.68 -0.21
usemtl RedDark
s off
f 791 790 789 788 787
f 792 793 794 795 796
f 787 788 793 792
f 788 789 794 793
f 789 790 795 794
f 790 791 796 795
f 791 787 792 796
o Berry.5
v -0.378 0.609 -0.217
v -0.418 0.609 -0.204
v -0.443 0.609 -0.238
v -0.418 0.609 -0.272
v -0.378 0.609 -0.259
v -0.366 0.66 -0.208
v -0.423 0.66 -0.189
v -0.459 0.66 -0.238
v -0.423 0.66 -0.287
v -0.366 0.66 -0.268
usemtl Red
s off
f 801 800 799 798 797
f 802 803 804 805 806
f 797 798 803 802
f 798 799 804 803
f 799 800 805 804
f 800 801 806 805
f 801 797 802 806
o Berry.5
v -0.366 0.66 -0.208
v -0.423 0.66 -0.189
v -0.459 0.66 -0.238
v -0.423 0.66 -0.287
v -0.366 0.66 -0.268
v -0.389 0.707 -0.224
v -0.414 0.707 -0.216
v -0.43 0.707 -0.238
v -0.414 0.707 -0.26
v -0.389 0.707 -0.252
usemtl Red
s off
f 811 810 809 808 807
f 812 813 814 815 816
f 807 808 813 812
f 808 809 814 813
f 809 810 815 814
f 810 811 816 815
f 811 807 812 816
o Berry.6
v -0.404 0.649 -0.303
v -0.452 0.649 -0.288
v -0.481 0.649 -0.328
v -0.452 0.649 -0.369
v -0.404 0.649 -0.353
v -0.39 0.71 -0.293
v -0.457 0.71 -0.271
v -0.499 0.71 -0.328
v -0.457 0.71 -0.386
v -0.39 0.71 -0.364
usemtl Red
s off
f 821 820 819 818 817
f 822 823 824 825 826
f 817 818 823 822
f 818 819 824 823
f 819 820 825 824
f 820 821 826 825
f 821 817 822 826
o Berry.6
v -0.39 0.71 -0.293
v -0.457 0.71 -0.271
v -0.499 0.71 -0.328
v -0.457 0.71 -0.386
v -0.39 0.71 -0.364
v -0.417 0.764 -0.312
v -0.447 0.764 -0.302
v -0.466 0.764 -0.328
v -0.447 0.764 -0.354
v -0.417 0.764 -0.344
usemtl Red
s off
f 831 830 829 828 827
f 832 833 834 835 836
f 827 828 833 832
f 828 829 834 833
f 829 830 835 834
f 830 831 836 835
f 831 827 832 836
o Berry.7
v -0.418 0.622 -0.23
v -0.466 0.622 -0.214
v -0.496 0.622 -0.255
v -0.466 0.622 -0.296
v -0.418 0.622 -0.28
v -0.403 0.683 -0.219
v -0.472 0.683 -0.197
v -0.514 0.683 -0.255
v -0.472 0.683 -0.313
v -0.403 0.683 -0.291
usemtl Red
s off
f 841 840 839 838 837
f 842 843 844 845 846
f 837 838 843 842
f 838 839 844 843
f 839 840 845 844
f 840 841 846 845
f 841 837 842 846
o Berry.7
v -0.403 0.683 -0.219
v -0.472 0.683 -0.197
v -0.514 0.683 -0.255
v -0.472 0.683 -0.313
v -0.403 0.683 -0.291
v -0.431 0.738 -0.239
v -0.462 0.738 -0.229
v -0.481 0.738 -0.255
v -0.462 0.738 -0.281
v -0.431 0.738 -0.271
usemtl Red
s off
f 851 850 849 848 847
f 852 853 854 855 856
f 847 848 853 852
f 848 849 854 853
f 849 850 855 854
f 850 851 856 855
f 851 847 852 856
o Berry.8
v -0.127 1.383 0.259
v -0.168 1.383 0.273
v -0.193 1.383 0.238
v -0.168 1.383 0.203
v -0.127 1.383 0.216
v -0.114 1.435 0.269
v -0.173 1.435 0.288
v -0.209 1.435 0.238
v -0.173 1.435 0.188
v -0.114 1.435 0.207
usemtl RedDark
s off
f 861 860 859 858 857
f 862 863 864 865 866
f 857 858 863 862
f 858 859 864 863
f 859 860 865 864
f 860 861 866 865
f 861 857 862 866
o Berry.8
v -0.114 1.435 0.269
v -0.173 1.435 0.288
v -0.209 1.435 0.238
v -0.173 1.435 0.188
v -0.114 1.435 0.207
v -0.137 1.483 0.252
v -0.164 1.483 0.26
v -0.18 1.483 0.238
v -0.164 1.483 0.215
v -0.137 1.483 0.224
usemtl RedDark
s off
f 871 870 869 868 867
f 872 873 874 875 876
f 867 868 873 872
f 868 869 874 873
f 869 870 875 874
f 870 871 876 875
f 871 867 872 876
o Berry.8.Shine
v -0.172 1.459 0.259
v -0.172 1.459 0.277
v -0.151 1.459 0.277
v -0.151 1.459 0.259
v -0.172 1.475 0.259
v -0.172 1.475 0.277
v -0.151 1.475 0.277
v -0.151 1.475 0.259
usemtl Shine
s off
f 880 879 878 877
f 881 882 883 884
f 877 878 882 881
f 878 879 883 882
f 879 880 884 883
f 880 877 881 884
o Berry.9
v -0.073 1.277 0.273
v -0.115 1.277 0.287
v -0.141 1.277 0.251
v -0.115 1.277 0.215
v -0.073 1.277 0.229
v -0.06 1.331 0.282
v -0.12 1.331 0.302
v -0.157 1.331 0.251
v -0.12 1.331 0.199
v -0.06 1.331 0.219
usemtl RedDark
s off
f 889 888 887 886 885
f 890 891 892 893 894
f 885 886 891 890
f 886 887 892 891
f 887 888 893 892
f 888 889 894 893
f 889 885 890 894
o Berry.9
v -0.06 1.331 0.282
v -0.12 1.331 0.302
v -0.157 1.331 0.251
v -0.12 1.331 0.199
v -0.06 1.331 0.219
v -0.084 1.379 0.265
v -0.111 1.379 0.274
v -0.127 1.379 0.251
v -0.111 1.379 0.228
v -0.084 1.379 0.236
usemtl RedDark
s off
f 899 898 897 896 895
f 900 901 902 903 904
f 895 896 901 900
f 896 897 902 901
f 897 898 903 902
f 898 899 904 903
f 899 895 900 904
o Berry.10
v -0.088 1.262 0.283
v -0.131 1.262 0.297
v -0.158 1.262 0.261
v -0.131 1.262 0.224
v -0.088 1.262 0.238
v -0.075 1.317 0.293
v -0.136 1.317 0.313
v -0.174 1.317 0.261
v -0.136 1.317 0.208
v -0.075 1.317 0.228
usemtl Red
s off
f 909 908 907 906 905
f 910 911 912 913 914
f 905 906 911 910
f 906 907 912 911
f 907 908 913 912
f 908 909 914 913
f 909 905 910 914
o Berry.10
v -0.075 1.317 0.293
v -0.136 1.317 0.313
v -0.174 1.317 0.261
v -0.136 1.317 0.208
v -0.075 1.317 0.228
v -0.099 1.366 0.275
v -0.127 1.366 0.284
v -0.144 1.366 0.261
v -0.127 1.366 0.237
v -0.099 1.366 0.246
usemtl Red
s off
f 919 918 917 916 915
f 920 921 922 923 924
f 915 916 921 920
f 916 917 922 921
f 917 918 923 922
f 918 919 924 923
f 919 915 920 924
o Berry.11
v -0.164 1.338 0.295
v -0.208 1.338 0.31
v -0.236 1.338 0.272
v -0.208 1.338 0.234
v -0.164 1.338 0.249
v -0.15 1.394 0.305
v -0.214 1.394 0.326
v -0.253 1.394 0.272
v -0.214 1.394 0.218
v -0.15 1.394 0.239
usemtl RedDark
s off
f 929 928 927 926 925
f 930 931 932 933 934
f 925 926 931 930
f 926 927 932 931
f 927 928 933 932
f 928 929 934 933
f 929 925 930 934
o Berry.11
v -0.15 1.394 0.305
v -0.214 1.394 0.326
v -0.253 1.394 0.272
v -0.214 1.394 0.218
v -0.15 1.394 0.239
v -0.175 1.445 0.287
v -0.204 1.445 0.296
v -0.222 1.445 0.272
v -0.204 1.445 0.248
v -0.175 1.445 0.257
usemtl RedDark
s off
f 939 938 937 936 935
f 940 941 942 943 944
f 935 936 941 940
f 936 937 942 941
f 937 938 943 942
f 938 939 944 943
f 939 935 940 944
o Berry.12
v 0.149 0.75 -0.907
v 0.104 0.75 -0.892
v 0.075 0.75 -0.931
v 0.104 0.75 -0.97
v 0.149 0.75 -0.955
v 0.164 0.808 -0.897
v 0.098 0.808 -0.876
v 0.058 0.808 -0.931
v 0.098 0.808 -0.987
v 0.164 0.808 -0.966
usemtl Red
s off
f 949 948 947 946 945
f 950 951 952 953 954
f 945 946 951 950
f 946 947 952 951
f 947 948 953 952
f 948 949 954 953
f 949 945 950 954
o Berry.12
v 0.164 0.808 -0.897
v 0.098 0.808 -0.876
v 0.058 0.808 -0.931
v 0.098 0.808 -0.987
v 0.164 0.808 -0.966
v 0.138 0.861 -0.916
v 0.108 0.861 -0.906
v 0.09 0.861 -0.931
v 0.108 0.861 -0.956
v 0.138 0.861 -0.947
usemtl Red
s off
f 959 958 957 956 955
f 960 961 962 963 964
f 955 956 961 960
f 956 957 962 961
f 957 958 963 962
f 958 959 964 963
f 959 955 960 964
o Berry.12.Shine
v 0.099 0.835 -0.908
v 0.099 0.835 -0.887
v 0.122 0.835 -0.887
v 0.122 0.835 -0.908
v 0.099 0.852 -0.908
v 0.099 0.852 -0.887
v 0.122 0.852 -0.887
v 0.122 0.852 -0.908
usemtl Shine
s off
f 968 967 966 965
f 969 970 971 972
f 965 966 970 969
f 966 967 971 970
f 967 968 972 971
f 968 965 969 972
o Berry.13
v 0.075 0.679 -0.833
v 0.029 0.679 -0.818
v 0.001 0.679 -0.857
v 0.029 0.679 -0.895
v 0.075 0.679 -0.881
v 0.089 0.737 -0.823
v 0.024 0.737 -0.802
v -0.016 0.737 -0.857
v 0.024 0.737 -0.912
v 0.089 0.737 -0.891
usemtl RedDark
s off
f 977 976 975 974 973
f 978 979 980 981 982
f 973 974 979 978
f 974 975 980 979
f 975 976 981 980
f 976 977 982 981
f 977 973 978 982
o Berry.13
v 0.089 0.737 -0.823
v 0.024 0.737 -0.802
v -0.016 0.737 -0.857
v 0.024 0.737 -0.912
v 0.089 0.737 -0.891
v 0.063 0.789 -0.841
v 0.034 0.789 -0.832
v 0.016 0.789 -0.857
v 0.034 0.789 -0.882
v 0.063 0.789 -0.872
usemtl RedDark
s off
f 987 986 985 984 983
f 988 989 990 991 992
f 983 984 989 988
f 984 985 990 989
f 985 986 991 990
f 986 987 992 991
f 987 983 988 992
o Berry.14
v 0.085 0.704 -0.838
v 0.042 0.704 -0.824
v 0.015 0.704 -0.861
v 0.042 0.704 -0.898
v 0.085 0.704 -0.884
v 0.099 0.76 -0.828
v 0.037 0.76 -0.808
v -0.002 0.76 -0.861
v 0.037 0.76 -0.914
v 0.099 0.76 -0.894
usemtl RedDark
s off
f 997 996 995 994 993
f 998 999 1000 1001 1002
f 993 994 999 998
f 994 995 1000 999
f 995 996 1001 1000
f 996 997 1002 1001
f 997 993 998 1002
o Berry.14
v 0.099 0.76 -0.828
v 0.037 0.76 -0.808
v -0.002 0.76 -0.861
v 0.037 0.76 -0.914
v 0.099 0.76 -0.894
v 0.074 0.81 -0.846
v 0.046 0.81 -0.837
v 0.029 0.81 -0.861
v 0.046 0.81 -0.885
v 0.074 0.81 -0.876
usemtl RedDark
s off
f 1007 1006 1005 1004 1003
f 1008 1009 1010 1011 1012
f 1003 1004 1009 1008
f 1004 1005 1010 1009
f 1005 1006 1011 1010
f 1006 1007 1012 1011
f 1007 1003 1008 1012
o Berry.15
v 0.1 0.675 -0.87
v 0.051 0.675 -0.854
v 0.02 0.675 -0.896
v 0.051 0.675 -0.938
v 0.1 0.675 -0.922
v 0.115 0.738 -0.859
v 0.045 0.738 -0.836
v 0.001 0.738 -0.896
v 0.045 0.738 -0.956
v 0.115 0.738 -0.933
usemtl Red
s off
f 1017 1016 1015 1014 1013
f 1018 1019 1020 1021 1022
f 1013 1014 1019 1018
f 1014 1015 1020 1019
f 1015 1016 1021 1020
f 1016 1017 1022 1021
f 1017 1013 1018 1022
o Berry.15
v 0.115 0.738 -0.859
v 0.045 0.738 -0.836
v 0.001 0.738 -0.896
v 0.045 0.738 -0.956
v 0.115 0.738 -0.933
v 0.087 0.795 -0.88
v 0.055 0.795 -0.869
v 0.036 0.795 -0.896
v 0.055 0.795 -0.923
v 0.087 0.795 -0.913
usemtl Red
s off
f 1027 1026 1025 1024 1023
f 1028 1029 1030 1031 1032
f 1023 1024 1029 1028
f 1024 1025 1030 1029
f 1025 1026 1031 1030
f 1026 1027 1032 1031
f 1027 1023 1028 1032
o Berry.16
v 0.479 0.525 0.236
v 0.442 0.525 0.248
v 0.419 0.525 0.217
v 0.442 0.525 0.185
v 0.479 0.525 0.197
v 0.491 0.572 0.245
v 0.438 0.572 0.262
v 0.405 0.572 0.217
v 0.438 0.572 0.172
v 0.491 0.572 0.189
usemtl Red
s off
f 1037 1036 1035 1034 1033
f 1038 1039 1040 1041 1042
f 1033 1034 1039 1038
f 1034 1035 1040 1039
f 1035 1036 1041 1040
f 1036 1037 1042 1041
f 1037 1033 1038 1042
o Berry.16
v 0.491 0.572 0.245
v 0.438 0.572 0.262
v 0.405 0.572 0.217
v 0.438 0.572 0.172
v 0.491 0.572 0.189
v 0.47 0.615 0.229
v 0.446 0.615 0.237
v 0.431 0.615 0.217
v 0.446 0.615 0.197
v 0.47 0.615 0.204
usemtl Red
s off
f 1047 1046 1045 1044 1043
f 1048 1049 1050 1051 1052
f 1043 1044 1049 1048
f 1044 1045 1050 1049
f 1045 1046 1051 1050
f 1046 1047 1052 1051
f 1047 1043 1048 1052
o Berry.16.Shine
v 0.438 0.593 0.236
v 0.438 0.593 0.252
v 0.457 0.593 0.252
v 0.457 0.593 0.236
v 0.438 0.608 0.236
v 0.438 0.608 0.252
v 0.457 0.608 0.252
v 0.457 0.608 0.236
usemtl Shine
s off
f 1056 1055 1054 1053
f 1057 1058 1059 1060
f 1053 1054 1058 1057
f 1054 1055 1059 1058
f 1055 1056 1060 1059
f 1056 1053 1057 1060
o Berry.17
v 0.403 0.49 0.286
v 0.363 0.49 0.299
v 0.339 0.49 0.265
v 0.363 0.49 0.231
v 0.403 0.49 0.244
v 0.416 0.542 0.295
v 0.358 0.542 0.314
v 0.323 0.542 0.265
v 0.358 0.542 0.216
v 0.416 0.542 0.235
usemtl Red
s off
f 1065 1064 1063 1062 1061
f 1066 1067 1068 1069 1070
f 1061 1062 1067 1066
f 1062 1063 1068 1067
f 1063 1064 1069 1068
f 1064 1065 1070 1069
f 1065 1061 1066 1070
o Berry.17
v 0.416 0.542 0.295
v 0.358 0.542 0.314
v 0.323 0.542 0.265
v 0.358 0.542 0.216
v 0.416 0.542 0.235
v 0.393 0.588 0.278
v 0.367 0.588 0.287
v 0.351 0.588 0.265
v 0.367 0.588 0.243
v 0.393 0.588 0.251
usemtl Red
s off
f 1075 1074 1073 1072 1071
f 1076 1077 1078 1079 1080
f 1071 1072 1077 1076
f 1072 1073 1078 1077
f 1073 1074 1079 1078
f 1074 1075 1080 1079
f 1075 1071 1076 1080
o Berry.18
v 0.448 0.481 0.199
v 0.403 0.481 0.214
v 0.375 0.481 0.175
v 0.403 0.481 0.137
v 0.448 0.481 0.152
v 0.462 0.538 0.209
v 0.398 0.538 0.23
v 0.358 0.538 0.175
v 0.398 0.538 0.121
v 0.462 0.538 0.142
usemtl Red
s off
f 1085 1084 1083 1082 1081
f 1086 1087 1088 1089 1090
f 1081 1082 1087 1086
f 1082 1083 1088 1087
f 1083 1084 1089 1088
f 1084 1085 1090 1089
f 1085 1081 1086 1090
o Berry.18
v 0.462 0.538 0.209
v 0.398 0.538 0.23
v 0.358 0.538 0.175
v 0.398 0.538 0.121
v 0.462 0.538 0.142
v 0.437 0.59 0.191
v 0.408 0.59 0.2
v 0.39 0.59 0.175
v 0.408 0.59 0.151
v 0.437 0.59 0.16
usemtl Red
s off
f 1095 1094 1093 1092 1091
f 1096 1097 1098 1099 1100
f 1091 1092 1097 1096
f 1092 1093 1098 1097
f 1093 1094 1099 1098
f 1094 1095 1100 1099
f 1095 1091 1096 1100
o Berry.19
v 0.428 0.454 0.166
v 0.382 0.454 0.181
v 0.354 0.454 0.142
v 0.382 0.454 0.103
v 0.428 0.454 0.118
v 0.442 0.513 0.176
v 0.377 0.513 0.197
v 0.336 0.513 0.142
v 0.377 0.513 0.086
v 0.442 0.513 0.107
usemtl Red
s off
f 1105 1104 1103 1102 1101
f 1106 1107 1108 1109 1110
f 1101 1102 1107 1106
f 1102 1103 1108 1107
f 1103 1104 1109 1108
f 1104 1105 1110 1109
f 1105 1101 1106 1110
o Berry.19
v 0.442 0.513 0.176
v 0.377 0.513 0.197
v 0.336 0.513 0.142
v 0.377 0.513 0.086
v 0.442 0.513 0.107
v 0.416 0.565 0.157
v 0.387 0.565 0.167
v 0.369 0.565 0.142
v 0.387 0.565 0.117
v 0.416 0.565 0.126
usemtl Red
s off
f 1115 1114 1113 1112 1111
f 1116 1117 1118 1119 1120
f 1111 1112 1117 1116
f 1112 1113 1118 1117
f 1113 1114 1119 1118
f 1114 1115 1120 1119
f 1115 1111 1116 1120
o Berry.20
v 0.411 0.418 0.23
v 0.368 0.418 0.244
v 0.341 0.418 0.207
v 0.368 0.418 0.171
v 0.411 0.418 0.185
v 0.424 0.473 0.24
v 0.363 0.473 0.26
v 0.325 0.473 0.207
v 0.363 0.473 0.155
v 0.424 0.473 0.175
usemtl Red
s off
f 1125 1124 1123 1122 1121
f 1126 1127 1128 1129 1130
f 1121 1122 1127 1126
f 1122 1123 1128 1127
f 1123 1124 1129 1128
f 1124 1125 1130 1129
f 1125 1121 1126 1130
o Berry.20
v 0.424 0.473 0.24
v 0.363 0.473 0.26
v 0.325 0.473 0.207
v 0.363 0.473 0.155
v 0.424 0.473 0.175
v 0.4 0.522 0.222
v 0.372 0.522 0.231
v 0.355 0.522 0.207
v 0.372 0.522 0.184
v 0.4 0.522 0.193
usemtl Red
s off
f 1135 1134 1133 1132 1131
f 1136 1137 1138 1139 1140
f 1131 1132 1137 1136
f 1132 1133 1138 1137
f 1133 1134 1139 1138
f 1134 1135 1140 1139
f 1135 1131 1136 1140
o Berry.21
v 0.605 0.486 0.676
v 0.562 0.486 0.69
v 0.535 0.486 0.654
v 0.562 0.486 0.617
v 0.605 0.486 0.631
v 0.618 0.542 0.686
v 0.556 0.542 0.706
v 0.518 0.542 0.654
v 0.556 0.542 0.601
v 0.618 0.542 0.621
usemtl RedDark
s off
f 1145 1144 1143 1142 1141
f 1146 1147 1148 1149 1150
f 1141 1142 1147 1146
f 1142 1143 1148 1147
f 1143 1144 1149 1148
f 1144 1145 1150 1149
f 1145 1141 1146 1150
o Berry.21
v 0.618 0.542 0.686
v 0.556 0.542 0.706
v 0.518 0.542 0.654
v 0.556 0.542 0.601
v 0.618 0.542 0.621
v 0.594 0.592 0.668
v 0.566 0.592 0.677
v 0.549 0.592 0.654
v 0.566 0.592 0.63
v 0.594 0.592 0.639
usemtl RedDark
s off
f 1155 1154 1153 1152 1151
f 1156 1157 1158 1159 1160
f 1151 1152 1157 1156
f 1152 1153 1158 1157
f 1153 1154 1159 1158
f 1154 1155 1160 1159
f 1155 1151 1156 1160
o Berry.21.Shine
v 0.557 0.567 0.676
v 0.557 0.567 0.695
v 0.579 0.567 0.695
v 0.579 0.567 0.676
v 0.557 0.583 0.676
v 0.557 0.583 0.695
v 0.579 0.583 0.695
v 0.579 0.583 0.676
usemtl Shine
s off
f 1164 1163 1162 1161
f 1165 1166 1167 1168
f 1161 1162 1166 1165
f 1162 1163 1167 1166
f 1163 1164 1168 1167
f 1164 1161 1165 1168
o Berry.22
v 0.592 0.459 0.738
v 0.549 0.459 0.752
v 0.522 0.459 0.715
v 0.549 0.459 0.678
v 0.592 0.459 0.692
v 0.605 0.514 0.747
v 0.544 0.514 0.767
v 0.505 0.514 0.715
v 0.544 0.514 0.662
v 0.605 0.514 0.682
usemtl Red
s off
f 1173 1172 1171 1170 1169
f 1174 1175 1176 1177 1178
f 1169 1170 1175 1174
f 1170 1171 1176 1175
f 1171 1172 1177 1176
f 1172 1173 1178 1177
f 1173 1169 1174 1178
o Berry.22
v 0.605 0.514 0.747
v 0.544 0.514 0.767
v 0.505 0.514 0.715
v 0.544 0.514 0.662
v 0.605 0.514 0.682
v 0.581 0.563 0.729
v 0.553 0.563 0.738
v 0.536 0.563 0.715
v 0.553 0.563 0.691
v 0.581 0.563 0.7
usemtl Red
s off
f 1183 1182 1181 1180 1179
f 1184 1185 1186 1187 1188
f 1179 1180 1185 1184
f 1180 1181 1186 1185
f 1181 1182 1187 1186
f 1182 1183 1188 1187
f 1183 1179 1184 1188
o Berry.23
v 0.672 0.384 0.607
v 0.632 0.384 0.62
v 0.607 0.384 0.586
v 0.632 0.384 0.552
v 0.672 0.384 0.565
v 0.684 0.435 0.616
v 0.627 0.435 0.634
v 0.592 0.435 0.586
v 0.627 0.435 0.537
v 0.684 0.435 0.556
usemtl Red
s off
f 1193 1192 1191 1190 1189
f 1194 1195 1196 1197 1198
f 1189 1190 1195 1194
f 1190 1191 1196 1195
f 1191 1192 1197 1196
f 1192 1193 1198 1197
f 1193 1189 1194 1198
o Berry.23
v 0.684 0.435 0.616
v 0.627 0.435 0.634
v 0.592 0.435 0.586
v 0.627 0.435 0.537
v 0.684 0.435 0.556
v 0.661 0.481 0.599
v 0.636 0.481 0.608
v 0.62 0.481 0.586
v 0.636 0.481 0.564
v 0.661 0.481 0.572
usemtl Red
s off
f 1203 1202 1201 1200 1199
f 1204 1205 1206 1207 1208
f 1199 1200 1205 1204
f 1200 1201 1206 1205
f 1201 1202 1207 1206
f 1202 1203 1208 1207
f 1203 1199 1204 1208
o Berry.24
v 0.639 0.431 0.756
v 0.597 0.431 0.77
v 0.57 0.431 0.733
v 0.597 0.431 0.697
v 0.639 0.431 0.711
v 0.653 0.486 0.766
v 0.592 0.486 0.785
v 0.554 0.486 0.733
v 0.592 0.486 0.682
v 0.653 0.486 0.701
usemtl Red
s off
f 1213 1212 1211 1210 1209
f 1214 1215 1216 1217 1218
f 1209 1210 1215 1214
f 1210 1211 1216 1215
f 1211 1212 1217 1216
f 1212 1213 1218 1217
f 1213 1209 1214 1218
o Berry.24
v 0.653 0.486 0.766
v 0.592 0.486 0.785
v 0.554 0.486 0.733
v 0.592 0.486 0.682
v 0.653 0.486 0.701
v 0.628 0.535 0.748
v 0.601 0.535 0.757
v 0.584 0.535 0.733
v 0.601 0.535 0.71
v 0.628 0.535 0.719
usemtl Red
s off
f 1223 1222 1221 1220 1219
f 1224 1225 1226 1227 1228
f 1219 1220 1225 1224
f 1220 1221 1226 1225
f 1221 1222 1227 1226
f 1222 1223 1228 1227
f 1223 1219 1224 1228
o Berry.25
v 0.58 1.219 -0.111
v 0.531 1.219 -0.095
v 0.501 1.219 -0.137
v 0.531 1.219 -0.178
v 0.58 1.219 -0.162
v 0.595 1.282 -0.1
v 0.525 1.282 -0.077
v 0.482 1.282 -0.137
v 0.525 1.282 -0.196
v 0.595 1.282 -0.173
usemtl Red
s off
f 1233 1232 1231 1230 1229
f 1234 1235 1236 1237 1238
f 1229 1230 1235 1234
f 1230 1231 1236 1235
f 1231 1232 1237 1236
f 1232 1233 1238 1237
f 1233 1229 1234 1238
o Berry.25
v 0.595 1.282 -0.1
v 0.525 1.282 -0.077
v 0.482 1.282 -0.137
v 0.525 1.282 -0.196
v 0.595 1.282 -0.173
v 0.567 1.338 -0.12
v 0.536 1.338 -0.11
v 0.516 1.338 -0.137
v 0.536 1.338 -0.163
v 0.567 1.338 -0.153
usemtl Red
s off
f 1243 1242 1241 1240 1239
f 1244 1245 1246 1247 1248
f 1239 1240 1245 1244
f 1240 1241 1246 1245
f 1241 1242 1247 1246
f 1242 1243 1248 1247
f 1243 1239 1244 1248
o Berry.25.Shine
v 0.526 1.31 -0.112
v 0.526 1.31 -0.09
v 0.551 1.31 -0.09
v 0.551 1.31 -0.112
v 0.526 1.329 -0.112
v 0.526 1.329 -0.09
v 0.551 1.329 -0.09
v 0.551 1.329 -0.112
usemtl Shine
s off
f 1252 1251 1250 1249
f 1253 1254 1255 1256
f 1249 1250 1254 1253
f 1250 1251 1255 1254
f 1251 1252 1256 1255
f 1252 1249 1253 1256
o Berry.26
v 0.565 1.132 -0.072
v 0.528 1.132 -0.06
v 0.505 1.132 -0.092
v 0.528 1.132 -0.124
v 0.565 1.132 -0.112
v 0.577 1.18 -0.064
v 0.523 1.18 -0.047
v 0.49 1.18 -0.092
v 0.523 1.18 -0.137
v 0.577 1.18 -0.12
usemtl RedDark
s off
f 1261 1260 1259 1258 1257
f 1262 1263 1264 1265 1266
f 1257 1258 1263 1262
f 1258 1259 1264 1263
f 1259 1260 1265 1264
f 1260 1261 1266 1265
f 1261 1257 1262 1266
o Berry.26
v 0.577 1.18 -0.064
v 0.523 1.18 -0.047
v 0.49 1.18 -0.092
v 0.523 1.18 -0.137
v 0.577 1.18 -0.12
v 0.555 1.223 -0.079
v 0.531 1.223 -0.072
v 0.517 1.223 -0.092
v 0.531 1.223 -0.112
v 0.555 1.223 -0.105
usemtl RedDark
s off
f 1271 1270 1269 1268 1267
f 1272 1273 1274 1275 1276
f 1267 1268 1273 1272
f 1268 1269 1274 1273
f 1269 1270 1275 1274
f 1270 1271 1276 1275
f 1271 1267 1272 1276
o Berry.27
v 0.525 1.216 -0.092
v 0.488 1.216 -0.08
v 0.465 1.216 -0.111
v 0.488 1.216 -0.142
v 0.525 1.216 -0.13
v 0.536 1.263 -0.083
v 0.483 1.263 -0.066
v 0.451 1.263 -0.111
v 0.483 1.263 -0.156
v 0.536 1.263 -0.139
usemtl Red
s off
f 1281 1280 1279 1278 1277
f 1282 1283 1284 1285 1286
f 1277 1278 1283 1282
f 1278 1279 1284 1283
f 1279 1280 1285 1284
f 1280 1281 1286 1285
f 1281 1277 1282 1286
o Berry.27
v 0.536 1.263 -0.083
v 0.483 1.263 -0.066
v 0.451 1.263 -0.111
v 0.483 1.263 -0.156
v 0.536 1.263 -0.139
v 0.515 1.305 -0.098
v 0.491 1.305 -0.091
v 0.477 1.305 -0.111
v 0.491 1.305 -0.131
v 0.515 1.305 -0.123
usemtl Red
s off
f 1291 1290 1289 1288 1287
f 1292 1293 1294 1295 1296
f 1287 1288 1293 1292
f 1288 1289 1294 1293
f 1289 1290 1295 1294
f 1290 1291 1296 1295
f 1291 1287 1292 1296
o Berry.28
v 0.519 1.192 -0.059
v 0.476 1.192 -0.045
v 0.45 1.192 -0.082
v 0.476 1.192 -0.119
v 0.519 1.192 -0.105
v 0.533 1.248 -0.049
v 0.471 1.248 -0.029
v 0.433 1.248 -0.082
v 0.471 1.248 -0.134
v 0.533 1.248 -0.114
usemtl RedDark
s off
f 1301 1300 1299 1298 1297
f 1302 1303 1304 1305 1306
f 1297 1298 1303 1302
f 1298 1299 1304 1303
f 1299 1300 1305 1304
f 1300 1301 1306 1305
f 1301 1297 1302 1306
o Berry.28
v 0.533 1.248 -0.049
v 0.471 1.248 -0.029
v 0.433 1.248 -0.082
v 0.471 1.248 -0.134
v 0.533 1.248 -0.114
v 0.508 1.297 -0.067
v 0.481 1.297 -0.058
v 0.463 1.297 -0.082
v 0.481 1.297 -0.105
v 0.508 1.297 -0.096
usemtl RedDark
s off
f 1311 1310 1309 1308 1307
f 1312 1313 1314 1315 1316
f 1307 1308 1313 1312
f 1308 1309 1314 1313
f 1309 1310 1315 1314
f 1310 1311 1316 1315
f 1311 1307 1312 1316
o Berry.29
v 0.651 1.207 -0.109
v 0.613 1.207 -0.096
v 0.59 1.207 -0.129
v 0.613 1.207 -0.161
v 0.651 1.207 -0.149
v 0.663 1.256 -0.1
v 0.609 1.256 -0.083
v 0.575 1.256 -0.129
v 0.609 1.256 -0.175
v 0.663 1.256 -0.158
usemtl Red
s off
f 1321 1320 1319 1318 1317
f 1322 1323 1324 1325 1326
f 1317 1318 1323 1322
f 1318 1319 1324 1323
f 1319 1320 1325 1324
f 1320 1321 1326 1325
f 1321 1317 1322 1326
o Berry.29
v 0.663 1.256 -0.1
v 0.609 1.256 -0.083
v 0.575 1.256 -0.129
v 0.609 1.256 -0.175
v 0.663 1.256 -0.158
v 0.642 1.3 -0.116
v 0.617 1.3 -0.108
v 0.602 1.3 -0.129
v 0.617 1.3 -0.15
v 0.642 1.3 -0.142
usemtl Red
s off
f 1331 1330 1329 1328 1327
f 1332 1333 1334 1335 1336
f 1327 1328 1333 1332
f 1328 1329 1334 1333
f 1329 1330 1335 1334
f 1330 1331 1336 1335
f 1331 1327 1332 1336
o Berry.30
v -0.069 0.65 0.203
v -0.116 0.65 0.218
v -0.145 0.65 0.178
v -0.116 0.65 0.138
v -0.069 0.65 0.153
v -0.054 0.71 0.214
v -0.122 0.71 0.235
v -0.163 0.71 0.178
v -0.122 0.71 0.121
v -0.054 0.71 0.143
usemtl Red
s off
f 1341 1340 1339 1338 1337
f 1342 1343 1344 1345 1346
f 1337 1338 1343 1342
f 1338 1339 1344 1343
f 1339 1340 1345 1344
f 1340 1341 1346 1345
f 1341 1337 1342 1346
o Berry.30
v -0.054 0.71 0.214
v -0.122 0.71 0.235
v -0.163 0.71 0.178
v -0.122 0.71 0.121
v -0.054 0.71 0.143
v -0.081 0.764 0.194
v -0.111 0.764 0.204
v -0.13 0.764 0.178
v -0.111 0.764 0.152
v -0.081 0.764 0.162
usemtl Red
s off
f 1351 1350 1349 1348 1347
f 1352 1353 1354 1355 1356
f 1347 1348 1353 1352
f 1348 1349 1354 1353
f 1349 1350 1355 1354
f 1350 1351 1356 1355
f 1351 1347 1352 1356
o Berry.30.Shine
v -0.121 0.737 0.202
v -0.121 0.737 0.223
v -0.097 0.737 0.223
v -0.097 0.737 0.202
v -0.121 0.755 0.202
v -0.121 0.755 0.223
v -0.097 0.755 0.223
v -0.097 0.755 0.202
usemtl Shine
s off
f 1360 1359 1358 1357
f 1361 1362 1363 1364
f 1357 1358 1362 1361
f 1358 1359 1363 1362
f 1359 1360 1364 1363
f 1360 1357 1361 1364
o Berry.31
v -0.062 0.597 0.25
v -0.102 0.597 0.263
v -0.127 0.597 0.229
v -0.102 0.597 0.195
v -0.062 0.597 0.208
v -0.05 0.648 0.259
v -0.107 0.648 0.277
v -0.142 0.648 0.229
v -0.107 0.648 0.18
v -0.05 0.648 0.199
usemtl RedDark
s off
f 1369 1368 1367 1366 1365
f 1370 1371 1372 1373 1374
f 1365 1366 1371 1370
f 1366 1367 1372 1371
f 1367 1368 1373 1372
f 1368 1369 1374 1373
f 1369 1365 1370 1374
o Berry.31
v -0.05 0.648 0.259
v -0.107 0.648 0.277
v -0.142 0.648 0.229
v -0.107 0.648 0.18
v -0.05 0.648 0.199
v -0.073 0.694 0.242
v -0.098 0.694 0.251
v -0.114 0.694 0.229
v -0.098 0.694 0.207
v -0.073 0.694 0.215
usemtl RedDark
s off
f 1379 1378 1377 1376 1375
f 1380 1381 1382 1383 1384
f 1375 1376 1381 1380
f 1376 1377 1382 1381
f 1377 1378 1383 1382
f 1378 1379 1384 1383
f 1379 1375 1380 1384
o Berry.32
v -0.045 0.648 0.156
v -0.091 0.648 0.171
v -0.12 0.648 0.132
v -0.091 0.648 0.092
v -0.045 0.648 0.107
v -0.03 0.707 0.167
v -0.097 0.707 0.188
v -0.138 0.707 0.132
v -0.097 0.707 0.075
v -0.03 0.707 0.097
usemtl Red
s off
f 1389 1388 1387 1386 1385
f 1390 1391 1392 1393 1394
f 1385 1386 1391 1390
f 1386 1387 1392 1391
f 1387 1388 1393 1392
f 1388 1389 1394 1393
f 1389 1385 1390 1394
o Berry.32
v -0.03 0.707 0.167
v -0.097 0.707 0.188
v -0.138 0.707 0.132
v -0.097 0.707 0.075
v -0.03 0.707 0.097
v -0.057 0.761 0.148
v -0.087 0.761 0.157
v -0.105 0.761 0.132
v -0.087 0.761 0.106
v -0.057 0.761 0.116
usemtl Red
s off
f 1399 1398 1397 1396 1395
f 1400 1401 1402 1403 1404
f 1395 1396 1401 1400
f 1396 1397 1402 1401
f 1397 1398 1403 1402
f 1398 1399 1404 1403
f 1399 1395 1400 1404
o Berry.33
v -0.085 0.626 0.212
v -0.127 0.626 0.226
v -0.153 0.626 0.19
v -0.127 0.626 0.154
v -0.085 0.626 0.168
v -0.072 0.68 0.222
v -0.132 0.68 0.241
v -0.17 0.68 0.19
v -0.132 0.68 0.139
v -0.072 0.68 0.158
usemtl Red
s off
f 1409 1408 1407 1406 1405
f 1410 1411 1412 1413 1414
f 1405 1406 1411 1410
f 1406 1407 1412 1411
f 1407 1408 1413 1412
f 1408 1409 1414 1413
f 1409 1405 1410 1414
o Berry.33
v -0.072 0.68 0.222
v -0.132 0.68 0.241
v -0.17 0.68 0.19
v -0.132 0.68 0.139
v -0.072 0.68 0.158
v -0.096 0.729 0.204
v -0.123 0.729 0.213
v -0.14 0.729 0.19
v -0.123 0.729 0.167
v -0.096 0.729 0.176
usemtl Red
s off
f 1419 1418 1417 1416 1415
f 1420 1421 1422 1423 1424
f 1415 1416 1421 1420
f 1416 1417 1422 1421
f 1417 1418 1423 1422
f 1418 1419 1424 1423
f 1419 1415 1420 1424
o Berry.34
v -0.044 0.497 0.958
v -0.081 0.497 0.97
v -0.105 0.497 0.938
v -0.081 0.497 0.906
v -0.044 0.497 0.918
v -0.032 0.545 0.966
v -0.086 0.545 0.984
v -0.119 0.545 0.938
v -0.086 0.545 0.892
v -0.032 0.545 0.91
usemtl RedDark
s off
f 1429 1428 1427 1426 1425
f 1430 1431 1432 1433 1434
f 1425 1426 1431 1430
f 1426 1427 1432 1431
f 1427 1428 1433 1432
f 1428 1429 1434 1433
f 1429 1425 1430 1434
o Berry.34
v -0.032 0.545 0.966
v -0.086 0.545 0.984
v -0.119 0.545 0.938
v -0.086 0.545 0.892
v -0.032 0.545 0.91
v -0.053 0.589 0.951
v -0.078 0.589 0.958
v -0.092 0.589 0.938
v -0.078 0.589 0.917
v -0.053 0.589 0.925
usemtl RedDark
s off
f 1439 1438 1437 1436 1435
f 1440 1441 1442 1443 1444
f 1435 1436 1441 1440
f 1436 1437 1442 1441
f 1437 1438 1443 1442
f 1438 1439 1444 1443
f 1439 1435 1440 1444
o Berry.34.Shine
v -0.085 0.567 0.957
v -0.085 0.567 0.974
v -0.066 0.567 0.974
v -0.066 0.567 0.957
v -0.085 0.581 0.957
v -0.085 0.581 0.974
v -0.066 0.581 0.974
v -0.066 0.581 0.957
usemtl Shine
s off
f 1448 1447 1446 1445
f 1449 1450 1451 1452
f 1445 1446 1450 1449
f 1446 1447 1451 1450
f 1447 1448 1452 1451
f 1448 1445 1449 1452
o Berry.35
v -0.048 0.387 0.967
v -0.087 0.387 0.979
v -0.111 0.387 0.946
v -0.087 0.387 0.914
v -0.048 0.387 0.926
v -0.036 0.436 0.975
v -0.091 0.436 0.993
v -0.125 0.436 0.946
v -0.091 0.436 0.899
v -0.036 0.436 0.917
usemtl Red
s off
f 1457 1456 1455 1454 1453
f 1458 1459 1460 1461 1462
f 1453 1454 1459 1458
f 1454 1455 1460 1459
f 1455 1456 1461 1460
f 1456 1457 1462 1461
f 1457 1453 1458 1462
o Berry.35
v -0.036 0.436 0.975
v -0.091 0.436 0.993
v -0.125 0.436 0.946
v -0.091 0.436 0.899
v -0.036 0.436 0.917
v -0.058 0.481 0.96
v -0.083 0.481 0.968
v -0.098 0.481 0.946
v -0.083 0.481 0.925
v -0.058 0.481 0.933
usemtl Red
s off
f 1467 1466 1465 1464 1463
f 1468 1469 1470 1471 1472
f 1463 1464 1469 1468
f 1464 1465 1470 1469
f 1465 1466 1471 1470
f 1466 1467 1472 1471
f 1467 1463 1468 1472
o Berry.36
v -0.085 0.492 0.908
v -0.124 0.492 0.921
v -0.149 0.492 0.887
v -0.124 0.492 0.854
v -0.085 0.492 0.867
v -0.073 0.543 0.917
v -0.129 0.543 0.935
v -0.164 0.543 0.887
v -0.129 0.543 0.839
v -0.073 0.543 0.858
usemtl RedDark
s off
f 1477 1476 1475 1474 1473
f 1478 1479 1480 1481 1482
f 1473 1474 1479 1478
f 1474 1475 1480 1479
f 1475 1476 1481 1480
f 1476 1477 1482 1481
f 1477 1473 1478 1482
o Berry.36
v -0.073 0.543 0.917
v -0.129 0.543 0.935
v -0.164 0.543 0.887
v -0.129 0.543 0.839
v -0.073 0.543 0.858
v -0.095 0.588 0.901
v -0.12 0.588 0.909
v -0.136 0.588 0.887
v -0.12 0.588 0.866
v -0.095 0.588 0.874
usemtl RedDark
s off
f 1487 1486 1485 1484 1483
f 1488 1489 1490 1491 1492
f 1483 1484 1489 1488
f 1484 1485 1490 1489
f 1485 1486 1491 1490
f 1486 1487 1492 1491
f 1487 1483 1488 1492
o Berry.37
v -0.02 0.378 0.914
v -0.057 0.378 0.926
v -0.08 0.378 0.895
v -0.057 0.378 0.863
v -0.02 0.378 0.875
v -0.008 0.426 0.923
v -0.062 0.426 0.94
v -0.095 0.426 0.895
v -0.062 0.426 0.849
v -0.008 0.426 0.867
usemtl Red
s off
f 1497 1496 1495 1494 1493
f 1498 1499 1500 1501 1502
f 1493 1494 1499 1498
f 1494 1495 1500 1499
f 1495 1496 1501 1500
f 1496 1497 1502 1501
f 1497 1493 1498 1502
o Berry.37
v -0.008 0.426 0.923
v -0.062 0.426 0.94
v -0.095 0.426 0.895
v -0.062 0.426 0.849
v -0.008 0.426 0.867
v -0.03 0.469 0.907
v -0.054 0.469 0.915
v -0.069 0.469 0.895
v -0.054 0.469 0.874
v -0.03 0.469 0.882
usemtl Red
s off
f 1507 1506 1505 1504 1503
f 1508 1509 1510 1511 1512
f 1503 1504 1509 1508
f 1504 1505 1510 1509
f 1505 1506 1511 1510
f 1506 1507 1512 1511
f 1507 1503 1508 1512
o Berry.38
v 0.028 0.448 0.995
v -0.019 0.448 1.01
v -0.048 0.448 0.97
v -0.019 0.448 0.93
v 0.028 0.448 0.945
v 0.043 0.508 1.005
v -0.024 0.508 1.027
v -0.066 0.508 0.97
v -0.024 0.508 0.913
v 0.043 0.508 0.935
usemtl Red
s off
f 1517 1516 1515 1514 1513
f 1518 1519 1520 1521 1522
f 1513 1514 1519 1518
f 1514 1515 1520 1519
f 1515 1516 1521 1520
f 1516 1517 1522 1521
f 1517 1513 1518 1522
o Berry.38
v 0.043 0.508 1.005
v -0.024 0.508 1.027
v -0.066 0.508 0.97
v -0.024 0.508 0.913
v 0.043 0.508 0.935
v 0.016 0.562 0.986
v -0.014 0.562 0.996
v -0.033 0.562 0.97
v -0.014 0.562 0.944
v 0.016 0.562 0.954
usemtl Red
s off
f 1527 1526 1525 1524 1523
f 1528 1529 1530 1531 1532
f 1523 1524 1529 1528
f 1524 1525 1530 1529
f 1525 1526 1531 1530
f 1526 1527 1532 1531
f 1527 1523 1528 1532
o Berry.39
v 0.178 1.54 -0.356
v 0.131 1.54 -0.341
v 0.102 1.54 -0.381
v 0.131 1.54 -0.42
v 0.178 1.54 -0.405
v 0.193 1.6 -0.345
v 0.126 1.6 -0.324
v 0.085 1.6 -0.381
v 0.126 1.6 -0.438
v 0.193 1.6 -0.416
usemtl Red
s off
f 1537 1536 1535 1534 1533
f 1538 1539 1540 1541 1542
f 1533 1534 1539 1538
f 1534 1535 1540 1539
f 1535 1536 1541 1540
f 1536 1537 1542 1541
f 1537 1533 1538 1542
o Berry.39
v 0.193 1.6 -0.345
v 0.126 1.6 -0.324
v 0.085 1.6 -0.381
v 0.126 1.6 -0.438
v 0.193 1.6 -0.416
v 0.166 1.654 -0.365
v 0.136 1.654 -0.355
v 0.117 1.654 -0.381
v 0.136 1.654 -0.406
v 0.166 1.654 -0.396
usemtl Red
s off
f 1547 1546 1545 1544 1543
f 1548 1549 1550 1551 1552
f 1543 1544 1549 1548
f 1544 1545 1550 1549
f 1545 1546 1551 1550
f 1546 1547 1552 1551
f 1547 1543 1548 1552
o Berry.39.Shine
v 0.126 1.627 -0.357
v 0.126 1.627 -0.336
v 0.15 1.627 -0.336
v 0.15 1.627 -0.357
v 0.126 1.645 -0.357
v 0.126 1.645 -0.336
v 0.15 1.645 -0.336
v 0.15 1.645 -0.357
usemtl Shine
s off
f 1556 1555 1554 1553
f 1557 1558 1559 1560
f 1553 1554 1558 1557
f 1554 1555 1559 1558
f 1555 1556 1560 1559
f 1556 1553 1557 1560
o Berry.40
v 0.093 1.443 -0.305
v 0.053 1.443 -0.292
v 0.027 1.443 -0.326
v 0.053 1.443 -0.361
v 0.093 1.443 -0.348
v 0.106 1.496 -0.296
v 0.048 1.496 -0.277
v 0.012 1.496 -0.326
v 0.048 1.496 -0.376
v 0.106 1.496 -0.357
usemtl RedDark
s off
f 1565 1564 1563 1562 1561
f 1566 1567 1568 1569 1570
f 1561 1562 1567 1566
f 1562 1563 1568 1567
f 1563 1564 1569 1568
f 1564 1565 1570 1569
f 1565 1561 1566 1570
o Berry.40
v 0.106 1.496 -0.296
v 0.048 1.496 -0.277
v 0.012 1.496 -0.326
v 0.048 1.496 -0.376
v 0.106 1.496 -0.357
v 0.083 1.542 -0.313
v 0.057 1.542 -0.304
v 0.04 1.542 -0.326
v 0.057 1.542 -0.349
v 0.083 1.542 -0.34
usemtl RedDark
s off
f 1575 1574 1573 1572 1571
f 1576 1577 1578 1579 1580
f 1571 1572 1577 1576
f 1572 1573 1578 1577
f 1573 1574 1579 1578
f 1574 1575 1580 1579
f 1575 1571 1576 1580
o Berry.41
v 0.141 1.509 -0.373
v 0.1 1.509 -0.36
v 0.075 1.509 -0.394
v 0.1 1.509 -0.429
v 0.141 1.509 -0.415
v 0.153 1.561 -0.364
v 0.096 1.561 -0.345
v 0.06 1.561 -0.394
v 0.096 1.561 -0.443
v 0.153 1.561 -0.425
usemtl Red
s off
f 1585 1584 1583 1582 1581
f 1586 1587 1588 1589 1590
f 1581 1582 1587 1586
f 1582 1583 1588 1587
f 1583 1584 1589 1588
f 1584 1585 1590 1589
f 1585 1581 1586 1590
o Berry.41
v 0.153 1.561 -0.364
v 0.096 1.561 -0.345
v 0.06 1.561 -0.394
v 0.096 1.561 -0.443
v 0.153 1.561 -0.425
v 0.13 1.608 -0.38
v 0.104 1.608 -0.372
v 0.088 1.608 -0.394
v 0.104 1.608 -0.416
v 0.13 1.608 -0.408
usemtl Red
s off
f 1595 1594 1593 1592 1591
f 1596 1597 1598 1599 1600
f 1591 1592 1597 1596
f 1592 1593 1598 1597
f 1593 1594 1599 1598
f 1594 1595 1600 1599
f 1595 1591 1596 1600
o Berry.42
v -0.027 0.462 0.188
v -0.066 0.462 0.2
v -0.091 0.462 0.167
v -0.066 0.462 0.133
v -0.027 0.462 0.146
v -0.014 0.513 0.197
v -0.071 0.513 0.215
v -0.106 0.513 0.167
v -0.071 0.513 0.118
v -0.014 0.513 0.137
usemtl Red
s off
f 1605 1604 1603 1602 1601
f 1606 1607 1608 1609 1610
f 1601 1602 1607 1606
f 1602 1603 1608 1607
f 1603 1604 1609 1608
f 1604 1605 1610 1609
f 1605 1601 1606 1610
o Berry.42
v -0.014 0.513 0.197
v -0.071 0.513 0.215
v -0.106 0.513 0.167
v -0.071 0.513 0.118
v -0.014 0.513 0.137
v -0.037 0.558 0.18
v -0.062 0.558 0.188
v -0.078 0.558 0.167
v -0.062 0.558 0.145
v -0.037 0.558 0.153
usemtl Red
s off
f 1615 1614 1613 1612 1611
f 1616 1617 1618 1619 1620
f 1611 1612 1617 1616
f 1612 1613 1618 1617
f 1613 1614 1619 1618
f 1614 1615 1620 1619
f 1615 1611 1616 1620
o Berry.42.Shine
v -0.071 0.536 0.187
v -0.071 0.536 0.205
v -0.05 0.536 0.205
v -0.05 0.536 0.187
v -0.071 0.551 0.187
v -0.071 0.551 0.205
v -0.05 0.551 0.205
v -0.05 0.551 0.187
usemtl Shine
s off
f 1624 1623 1622 1621
f 1625 1626 1627 1628
f 1621 1622 1626 1625
f 1622 1623 1627 1626
f 1623 1624 1628 1627
f 1624 1621 1625 1628
o Berry.43
v -0.027 0.437 0.114
v -0.067 0.437 0.127
v -0.092 0.437 0.093
v -0.067 0.437 0.059
v -0.027 0.437 0.072
v -0.015 0.488 0.123
v -0.072 0.488 0.142
v -0.108 0.488 0.093
v -0.072 0.488 0.044
v -0.015 0.488 0.063
usemtl Red
s off
f 1633 1632 1631 1630 1629
f 1634 1635 1636 1637 1638
f 1629 1630 1635 1634
f 1630 1631 1636 1635
f 1631 1632 1637 1636
f 1632 1633 1638 1637
f 1633 1629 1634 1638
o Berry.43
v -0.015 0.488 0.123
v -0.072 0.488 0.142
v -0.108 0.488 0.093
v -0.072 0.488 0.044
v -0.015 0.488 0.063
v -0.038 0.534 0.106
v -0.063 0.534 0.115
v -0.079 0.534 0.093
v -0.063 0.534 0.071
v -0.038 0.534 0.079
usemtl Red
s off
f 1643 1642 1641 1640 1639
f 1644 1645 1646 1647 1648
f 1639 1640 1645 1644
f 1640 1641 1646 1645
f 1641 1642 1647 1646
f 1642 1643 1648 1647
f 1643 1639 1644 1648
o Berry.44
v -0.03 0.359 0.256
v -0.076 0.359 0.271
v -0.105 0.359 0.232
v -0.076 0.359 0.192
v -0.03 0.359 0.207
v -0.015 0.419 0.267
v -0.082 0.419 0.288
v -0.123 0.419 0.232
v -0.082 0.419 0.175
v -0.015 0.419 0.197
usemtl Red
s off
f 1653 1652 1651 1650 1649
f 1654 1655 1656 1657 1658
f 1649 1650 1655 1654
f 1650 1651 1656 1655
f 1651 1652 1657 1656
f 1652 1653 1658 1657
f 1653 1649 1654 1658
o Berry.44
v -0.015 0.419 0.267
v -0.082 0.419 0.288
v -0.123 0.419 0.232
v -0.082 0.419 0.175
v -0.015 0.419 0.197
v -0.042 0.472 0.247
v -0.072 0.472 0.257
v -0.09 0.472 0.232
v -0.072 0.472 0.206
v -0.042 0.472 0.216
usemtl Red
s off
f 1663 1662 1661 1660 1659
f 1664 1665 1666 1667 1668
f 1659 1660 1665 1664
f 1660 1661 1666 1665
f 1661 1662 1667 1666
f 1662 1663 1668 1667
f 1663 1659 1664 1668
o Berry.45
v 0.039 0.398 0.231
v -0.008 0.398 0.246
v -0.037 0.398 0.206
v -0.008 0.398 0.166
v 0.039 0.398 0.181
v 0.054 0.458 0.241
v -0.013 0.458 0.263
v -0.055 0.458 0.206
v -0.013 0.458 0.149
v 0.054 0.458 0.171
usemtl Red
s off
f 1673 1672 1671 1670 1669
f 1674 1675 1676 1677 1678
f 1669 1670 1675 1674
f 1670 1671 1676 1675
f 1671 1672 1677 1676
f 1672 1673 1678 1677
f 1673 1669 1674 1678
o Berry.45
v 0.054 0.458 0.241
v -0.013 0.458 0.263
v -0.055 0.458 0.206
v -0.013 0.458 0.149
v 0.054 0.458 0.171
v 0.027 0.512 0.222
v -0.003 0.512 0.232
v -0.022 0.512 0.206
v -0.003 0.512 0.18
v 0.027 0.512 0.19
usemtl Red
s off
f 1683 1682 1681 1680 1679
f 1684 1685 1686 1687 1688
f 1679 1680 1685 1684
f 1680 1681 1686 1685
f 1681 1682 1687 1686
f 1682 1683 1688 1687
f 1683 1679 1684 1688
o Berry.46
v 0.435 1.383 0.221
v 0.389 1.383 0.236
v 0.361 1.383 0.197
v 0.389 1.383 0.158
v 0.435 1.383 0.173
v 0.449 1.441 0.231
v 0.384 1.441 0.253
v 0.343 1.441 0.197
v 0.384 1.441 0.141
v 0.449 1.441 0.163
usemtl Red
s off
f 1693 1692 1691 1690 1689
f 1694 1695 1696 1697 1698
f 1689 1690 1695 1694
f 1690 1691 1696 1695
f 1691 1692 1697 1696
f 1692 1693 1698 1697
f 1693 1689 1694 1698
o Berry.46
v 0.449 1.441 0.231
v 0.384 1.441 0.253
v 0.343 1.441 0.197
v 0.384 1.441 0.141
v 0.449 1.441 0.163
v 0.423 1.494 0.212
v 0.394 1.494 0.222
v 0.375 1.494 0.197
v 0.394 1.494 0.172
v 0.423 1.494 0.182
usemtl Red
s off
f 1703 1702 1701 1700 1699
f 1704 1705 1706 1707 1708
f 1699 1700 1705 1704
f 1700 1701 1706 1705
f 1701 1702 1707 1706
f 1702 1703 1708 1707
f 1703 1699 1704 1708
o Berry.46.Shine
v 0.384 1.468 0.22
v 0.384 1.468 0.241
v 0.408 1.468 0.241
v 0.408 1.468 0.22
v 0.384 1.485 0.22
v 0.384 1.485 0.241
v 0.408 1.485 0.241
v 0.408 1.485 0.22
usemtl Shine
s off
f 1712 1711 1710 1709
f 1713 1714 1715 1716
f 1709 1710 1714 1713
f 1710 1711 1715 1714
f 1711 1712 1716 1715
f 1712 1709 1713 1716
o Berry.47
v 0.471 1.336 0.153
v 0.431 1.336 0.166
v 0.406 1.336 0.132
v 0.431 1.336 0.098
v 0.471 1.336 0.111
v 0.484 1.387 0.162
v 0.426 1.387 0.181
v 0.391 1.387 0.132
v 0.426 1.387 0.083
v 0.484 1.387 0.102
usemtl Red
s off
f 1721 1720 1719 1718 1717
f 1722 1723 1724 1725 1726
f 1717 1718 1723 1722
f 1718 1719 1724 1723
f 1719 1720 1725 1724
f 1720 1721 1726 1725
f 1721 1717 1722 1726
o Berry.47
v 0.484 1.387 0.162
v 0.426 1.387 0.181
v 0.391 1.387 0.132
v 0.426 1.387 0.083
v 0.484 1.387 0.102
v 0.461 1.434 0.146
v 0.435 1.434 0.154
v 0.419 1.434 0.132
v 0.435 1.434 0.11
v 0.461 1.434 0.119
usemtl Red
s off
f 1731 1730 1729 1728 1727
f 1732 1733 1734 1735 1736
f 1727 1728 1733 1732
f 1728 1729 1734 1733
f 1729 1730 1735 1734
f 1730 1731 1736 1735
f 1731 1727 1732 1736
o Berry.48
v 0.462 1.304 0.154
v 0.425 1.304 0.166
v 0.402 1.304 0.134
v 0.425 1.304 0.102
v 0.462 1.304 0.114
v 0.474 1.352 0.162
v 0.421 1.352 0.179
v 0.388 1.352 0.134
v 0.421 1.352 0.089
v 0.474 1.352 0.106
usemtl Red
s off
f 1741 1740 1739 1738 1737
f 1742 1743 1744 1745 1746
f 1737 1738 1743 1742
f 1738 1739 1744 1743
f 1739 1740 1745 1744
f 1740 1741 1746 1745
f 1741 1737 1742 1746
o Berry.48
v 0.474 1.352 0.162
v 0.421 1.352 0.179
v 0.388 1.352 0.134
v 0.421 1.352 0.089
v 0.474 1.352 0.106
v 0.453 1.394 0.147
v 0.429 1.394 0.154
v 0.414 1.394 0.134
v 0.429 1.394 0.114
v 0.453 1.394 0.121
usemtl Red
s off
f 1751 1750 1749 1748 1747
f 1752 1753 1754 1755 1756
f 1747 1748 1753 1752
f 1748 1749 1754 1753
f 1749 1750 1755 1754
f 1750 1751 1756 1755
f 1751 1747 1752 1756
o Berry.49
v 0.408 1.29 0.295
v 0.366 1.29 0.309
v 0.339 1.29 0.273
v 0.366 1.29 0.237
v 0.408 1.29 0.25
v 0.421 1.344 0.304
v 0.361 1.344 0.324
v 0.323 1.344 0.273
v 0.361 1.344 0.221
v 0.421 1.344 0.241
usemtl Red
s off
f 1761 1760 1759 1758 1757
f 1762 1763 1764 1765 1766
f 1757 1758 1763 1762
f 1758 1759 1764 1763
f 1759 1760 1765 1764
f 1760 1761 1766 1765
f 1761 1757 1762 1766
o Berry.49
v 0.421 1.344 0.304
v 0.361 1.344 0.324
v 0.323 1.344 0.273
v 0.361 1.344 0.221
v 0.421 1.344 0.241
v 0.397 1.393 0.287
v 0.37 1.393 0.296
v 0.353 1.393 0.273
v 0.37 1.393 0.249
v 0.397 1.393 0.258
usemtl Red
s off
f 1771 1770 1769 1768 1767
f 1772 1773 1774 1775 1776
f 1767 1768 1773 1772
f 1768 1769 1774 1773
f 1769 1770 1775 1774
f 1770 1771 1776 1775
f 1771 1767 1772 1776
o Berry.50
v 0.186 1.66 0.097
v 0.138 1.66 0.112
v 0.109 1.66 0.072
v 0.138 1.66 0.032
v 0.186 1.66 0.047
v 0.2 1.72 0.108
v 0.133 1.72 0.13
v 0.091 1.72 0.072
v 0.133 1.72 0.015
v 0.2 1.72 0.037
usemtl Red
s off
f 1781 1780 1779 1778 1777
f 1782 1783 1784 1785 1786
f 1777 1778 1783 1782
f 1778 1779 1784 1783
f 1779 1780 1785 1784
f 1780 1781 1786 1785
f 1781 1777 1782 1786
o Berry.50
v 0.2 1.72 0.108
v 0.133 1.72 0.13
v 0.091 1.72 0.072
v 0.133 1.72 0.015
v 0.2 1.72 0.037
v 0.173 1.774 0.088
v 0.143 1.774 0.098
v 0.124 1.774 0.072
v 0.143 1.774 0.046
v 0.173 1.774 0.056
usemtl Red
s off
f 1791 1790 1789 1788 1787
f 1792 1793 1794 1795 1796
f 1787 1788 1793 1792
f 1788 1789 1794 1793
f 1789 1790 1795 1794
f 1790 1791 1796 1795
f 1791 1787 1792 1796
o Berry.50.Shine
v 0.133 1.747 0.096
v 0.133 1.747 0.117
v 0.158 1.747 0.117
v 0.158 1.747 0.096
v 0.133 1.765 0.096
v 0.133 1.765 0.117
v 0.158 1.765 0.117
v 0.158 1.765 0.096
usemtl Shine
s off
f 1800 1799 1798 1797
f 1801 1802 1803 1804
f 1797 1798 1802 1801
f 1798 1799 1803 1802
f 1799 1800 1804 1803
f 1800 1797 1801 1804
o Berry.51
v 0.135 1.586 0.017
v 0.087 1.586 0.033
v 0.058 1.586 -0.007
v 0.087 1.586 -0.047
v 0.135 1.586 -0.032
v 0.149 1.646 0.028
v 0.082 1.646 0.05
v 0.04 1.646 -0.007
v 0.082 1.646 -0.065
v 0.149 1.646 -0.043
usemtl RedDark
s off
f 1809 1808 1807 1806 1805
f 1810 1811 1812 1813 1814
f 1805 1806 1811 1810
f 1806 1807 1812 1811
f 1807 1808 1813 1812
f 1808 1809 1814 1813
f 1809 1805 1810 1814
o Berry.51
v 0.149 1.646 0.028
v 0.082 1.646 0.05
v 0.04 1.646 -0.007
v 0.082 1.646 -0.065
v 0.149 1.646 -0.043
v 0.122 1.7 0.008
v 0.092 1.7 0.018
v 0.073 1.7 -0.007
v 0.092 1.7 -0.033
v 0.122 1.7 -0.023
usemtl RedDark
s off
f 1819 1818 1817 1816 1815
f 1820 1821 1822 1823 1824
f 1815 1816 1821 1820
f 1816 1817 1822 1821
f 1817 1818 1823 1822
f 1818 1819 1824 1823
f 1819 1815 1820 1824
o Berry.52
v 0.141 1.636 0.132
v 0.105 1.636 0.144
v 0.082 1.636 0.113
v 0.105 1.636 0.082
v 0.141 1.636 0.094
v 0.153 1.682 0.141
v 0.1 1.682 0.158
v 0.068 1.682 0.113
v 0.1 1.682 0.069
v 0.153 1.682 0.086
usemtl Red
s off
f 1829 1828 1827 1826 1825
f 1830 1831 1832 1833 1834
f 1825 1826 1831 1830
f 1826 1827 1832 1831
f 1827 1828 1833 1832
f 1828 1829 1834 1833
f 1829 1825 1830 1834
o Berry.52
v 0.153 1.682 0.141
v 0.1 1.682 0.158
v 0.068 1.682 0.113
v 0.1 1.682 0.069
v 0.153 1.682 0.086
v 0.132 1.724 0.126
v 0.108 1.724 0.133
v 0.094 1.724 0.113
v 0.108 1.724 0.093
v 0.132 1.724 0.101
usemtl Red
s off
f 1839 1838 1837 1836 1835
f 1840 1841 1842 1843 1844
f 1835 1836 1841 1840
f 1836 1837 1842 1841
f 1837 1838 1843 1842
f 1838 1839 1844 1843
f 1839 1835 1840 1844
o Berry.53
v 0.202 1.552 0.076
v 0.156 1.552 0.091
v 0.128 1.552 0.052
v 0.156 1.552 0.013
v 0.202 1.552 0.028
v 0.217 1.611 0.087
v 0.151 1.611 0.108
v 0.11 1.611 0.052
v 0.151 1.611 -0.004
v 0.217 1.611 0.017
usemtl Red
s off
f 1849 1848 1847 1846 1845
f 1850 1851 1852 1853 1854
f 1845 1846 1851 1850
f 1846 1847 1852 1851
f 1847 1848 1853 1852
f 1848 1849 1854 1853
f 1849 1845 1850 1854
o Berry.53
v 0.217 1.611 0.087
v 0.151 1.611 0.108
v 0.11 1.611 0.052
v 0.151 1.611 -0.004
v 0.217 1.611 0.017
v 0.191 1.663 0.067
v 0.161 1.663 0.077
v 0.143 1.663 0.052
v 0.161 1.663 0.027
v 0.191 1.663 0.036
usemtl Red
s off
f 1859 1858 1857 1856 1855
f 1860 1861 1862 1863 1864
f 1855 1856 1861 1860
f 1856 1857 1862 1861
f 1857 1858 1863 1862
f 1858 1859 1864 1863
f 1859 1855 1860 1864
o Berry.54
v 0.117 1.551 0.125
v 0.074 1.551 0.139
v 0.047 1.551 0.102
v 0.074 1.551 0.066
v 0.117 1.551 0.08
v 0.13 1.606 0.135
v 0.069 1.606 0.155
v 0.031 1.606 0.102
v 0.069 1.606 0.05
v 0.13 1.606 0.07
usemtl RedDark
s off
f 1869 1868 1867 1866 1865
f 1870 1871 1872 1873 1874
f 1865 1866 1871 1870
f 1866 1867 1872 1871
f 1867 1868 1873 1872
f 1868 1869 1874 1873
f 1869 1865 1870 1874
o Berry.54
v 0.13 1.606 0.135
v 0.069 1.606 0.155
v 0.031 1.606 0.102
v 0.069 1.606 0.05
v 0.13 1.606 0.07
v 0.106 1.655 0.117
v 0.078 1.655 0.126
v 0.061 1.655 0.102
v 0.078 1.655 0.079
v 0.106 1.655 0.088
usemtl RedDark
s off
f 1879 1878 1877 1876 1875
f 1880 1881 1882 1883 1884
f 1875 1876 1881 1880
f 1876 1877 1882 1881
f 1877 1878 1883 1882
f 1878 1879 1884 1883
f 1879 1875 1880 1884
o Berry.55
v -0.014 0.832 -0.904
v -0.06 0.832 -0.889
v -0.088 0.832 -0.928
v -0.06 0.832 -0.967
v -0.014 0.832 -0.952
v 0 0.891 -0.893
v -0.065 0.891 -0.872
v -0.106 0.891 -0.928
v -0.065 0.891 -0.984
v 0 0.891 -0.962
usemtl Red
s off
f 1889 1888 1887 1886 1885
f 1890 1891 1892 1893 1894
f 1885 1886 1891 1890
f 1886 1887 1892 1891
f 1887 1888 1893 1892
f 1888 1889 1894 1893
f 1889 1885 1890 1894
o Berry.55
v 0 0.891 -0.893
v -0.065 0.891 -0.872
v -0.106 0.891 -0.928
v -0.065 0.891 -0.984
v 0 0.891 -0.962
v -0.026 0.944 -0.912
v -0.055 0.944 -0.903
v -0.074 0.944 -0.928
v -0.055 0.944 -0.953
v -0.026 0.944 -0.943
usemtl Red
s off
f 1899 1898 1897 1896 1895
f 1900 1901 1902 1903 1904
f 1895 1896 1901 1900
f 1896 1897 1902 1901
f 1897 1898 1903 1902
f 1898 1899 1904 1903
f 1899 1895 1900 1904
o Berry.55.Shine
v -0.065 0.917 -0.904
v -0.065 0.917 -0.884
v -0.041 0.917 -0.884
v -0.041 0.917 -0.904
v -0.065 0.935 -0.904
v -0.065 0.935 -0.884
v -0.041 0.935 -0.884
v -0.041 0.935 -0.904
usemtl Shine
s off
f 1908 1907 1906 1905
f 1909 1910 1911 1912
f 1905 1906 1910 1909
f 1906 1907 1911 1910
f 1907 1908 1912 1911
f 1908 1905 1909 1912
o Berry.56
v -0.052 0.792 -0.89
v -0.1 0.792 -0.875
v -0.13 0.792 -0.915
v -0.1 0.792 -0.956
v -0.052 0.792 -0.94
v -0.038 0.853 -0.88
v -0.106 0.853 -0.857
v -0.148 0.853 -0.915
v -0.106 0.853 -0.973
v -0.038 0.853 -0.951
usemtl RedDark
s off
f 1917 1916 1915 1914 1913
f 1918 1919 1920 1921 1922
f 1913 1914 1919 1918
f 1914 1915 1920 1919
f 1915 1916 1921 1920
f 1916 1917 1922 1921
f 1917 1913 1918 1922
o Berry.56
v -0.038 0.853 -0.88
v -0.106 0.853 -0.857
v -0.148 0.853 -0.915
v -0.106 0.853 -0.973
v -0.038 0.853 -0.951
v -0.065 0.908 -0.899
v -0.095 0.908 -0.889
v -0.114 0.908 -0.915
v -0.095 0.908 -0.941
v -0.065 0.908 -0.931
usemtl RedDark
s off
f 1927 1926 1925 1924 1923
f 1928 1929 1930 1931 1932
f 1923 1924 1929 1928
f 1924 1925 1930 1929
f 1925 1926 1931 1930
f 1926 1927 1932 1931
f 1927 1923 1928 1932
o Berry.57
v -0.069 0.796 -0.976
v -0.117 0.796 -0.961
v -0.146 0.796 -1.001
v -0.117 0.796 -1.042
v -0.069 0.796 -1.026
v -0.055 0.857 -0.966
v -0.122 0.857 -0.944
v -0.164 0.857 -1.001
v -0.122 0.857 -1.059
v -0.055 0.857 -1.037
usemtl RedDark
s off
f 1937 1936 1935 1934 1933
f 1938 1939 1940 1941 1942
f 1933 1934 1939 1938
f 1934 1935 1940 1939
f 1935 1936 1941 1940
f 1936 1937 1942 1941
f 1937 1933 1938 1942
o Berry.57
v -0.055 0.857 -0.966
v -0.122 0.857 -0.944
v -0.164 0.857 -1.001
v -0.122 0.857 -1.059
v -0.055 0.857 -1.037
v -0.082 0.912 -0.985
v -0.112 0.912 -0.975
v -0.131 0.912 -1.001
v -0.112 0.912 -1.027
v -0.082 0.912 -1.017
usemtl RedDark
s off
f 1947 1946 1945 1944 1943
f 1948 1949 1950 1951 1952
f 1943 1944 1949 1948
f 1944 1945 1950 1949
f 1945 1946 1951 1950
f 1946 1947 1952 1951
f 1947 1943 1948 1952
o Berry.58
v 0.059 0.782 -0.844
v 0.019 0.782 -0.831
v -0.005 0.782 -0.865
v 0.019 0.782 -0.899
v 0.059 0.782 -0.886
v 0.072 0.833 -0.835
v 0.015 0.833 -0.816
v -0.021 0.833 -0.865
v 0.015 0.833 -0.913
v 0.072 0.833 -0.895
usemtl Red
s off
f 1957 1956 1955 1954 1953
f 1958 1959 1960 1961 1962
f 1953 1954 1959 1958
f 1954 1955 1960 1959
f 1955 1956 1961 1960
f 1956 1957 1962 1961
f 1957 1953 1958 1962
o Berry.58
v 0.072 0.833 -0.835
v 0.015 0.833 -0.816
v -0.021 0.833 -0.865
v 0.015 0.833 -0.913
v 0.072 0.833 -0.895
v 0.049 0.879 -0.851
v 0.023 0.879 -0.843
v 0.007 0.879 -0.865
v 0.023 0.879 -0.887
v 0.049 0.879 -0.878
usemtl Red
s off
f 1967 1966 1965 1964 1963
f 1968 1969 1970 1971 1972
f 1963 1964 1969 1968
f 1964 1965 1970 1969
f 1965 1966 1971 1970
f 1966 1967 1972 1971
f 1967 1963 1968 1972
o Berry.59
v 0.578 0.738 -0.553
v 0.537 0.738 -0.54
v 0.513 0.738 -0.575
v 0.537 0.738 -0.609
v 0.578 0.738 -0.596
v 0.59 0.79 -0.544
v 0.533 0.79 -0.526
v 0.497 0.79 -0.575
v 0.533 0.79 -0.623
v 0.59 0.79 -0.605
usemtl Red
s off
f 1977 1976 1975 1974 1973
f 1978 1979 1980 1981 1982
f 1973 1974 1979 1978
f 1974 1975 1980 1979
f 1975 1976 1981 1980
f 1976 1977 1982 1981
f 1977 1973 1978 1982
o Berry.59
v 0.59 0.79 -0.544
v 0.533 0.79 -0.526
v 0.497 0.79 -0.575
v 0.533 0.79 -0.623
v 0.59 0.79 -0.605
v 0.567 0.836 -0.561
v 0.541 0.836 -0.553
v 0.525 0.836 -0.575
v 0.541 0.836 -0.597
v 0.567 0.836 -0.588
usemtl Red
s off
f 1987 1986 1985 1984 1983
f 1988 1989 1990 1991 1992
f 1983 1984 1989 1988
f 1984 1985 1990 1989
f 1985 1986 1991 1990
f 1986 1987 1992 1991
f 1987 1983 1988 1992
o Berry.59.Shine
v 0.533 0.813 -0.554
v 0.533 0.813 -0.536
v 0.554 0.813 -0.536
v 0.554 0.813 -0.554
v 0.533 0.828 -0.554
v 0.533 0.828 -0.536
v 0.554 0.828 -0.536
v 0.554 0.828 -0.554
usemtl Shine
s off
f 1996 1995 1994 1993
f 1997 1998 1999 2000
f 1993 1994 1998 1997
f 1994 1995 1999 1998
f 1995 1996 2000 1999
f 1996 1993 1997 2000
o Berry.60
v 0.524 0.682 -0.536
v 0.486 0.682 -0.523
v 0.463 0.682 -0.555
v 0.486 0.682 -0.587
v 0.524 0.682 -0.575
v 0.535 0.73 -0.527
v 0.481 0.73 -0.51
v 0.448 0.73 -0.555
v 0.481 0.73 -0.601
v 0.535 0.73 -0.584
usemtl Red
s off
f 2005 2004 2003 2002 2001
f 2006 2007 2008 2009 2010
f 2001 2002 2007 2006
f 2002 2003 2008 2007
f 2003 2004 2009 2008
f 2004 2005 2010 2009
f 2005 2001 2006 2010
o Berry.60
v 0.535 0.73 -0.527
v 0.481 0.73 -0.51
v 0.448 0.73 -0.555
v 0.481 0.73 -0.601
v 0.535 0.73 -0.584
v 0.514 0.773 -0.543
v 0.49 0.773 -0.535
v 0.475 0.773 -0.555
v 0.49 0.773 -0.576
v 0.514 0.773 -0.568
usemtl Red
s off
f 2015 2014 2013 2012 2011
f 2016 2017 2018 2019 2020
f 2011 2012 2017 2016
f 2012 2013 2018 2017
f 2013 2014 2019 2018
f 2014 2015 2020 2019
f 2015 2011 2016 2020
o Berry.61
v 0.548 0.68 -0.599
v 0.499 0.68 -0.583
v 0.469 0.68 -0.624
v 0.499 0.68 -0.665
v 0.548 0.68 -0.65
v 0.563 0.742 -0.588
v 0.494 0.742 -0.566
v 0.451 0.742 -0.624
v 0.494 0.742 -0.683
v 0.563 0.742 -0.661
usemtl RedDark
s off
f 2025 2024 2023 2022 2021
f 2026 2027 2028 2029 2030
f 2021 2022 2027 2026
f 2022 2023 2028 2027
f 2023 2024 2029 2028
f 2024 2025 2030 2029
f 2025 2021 2026 2030
o Berry.61
v 0.563 0.742 -0.588
v 0.494 0.742 -0.566
v 0.451 0.742 -0.624
v 0.494 0.742 -0.683
v 0.563 0.742 -0.661
v 0.535 0.797 -0.608
v 0.504 0.797 -0.598
v 0.485 0.797 -0.624
v 0.504 0.797 -0.651
v 0.535 0.797 -0.641
usemtl RedDark
s off
f 2035 2034 2033 2032 2031
f 2036 2037 2038 2039 2040
f 2031 2032 2037 2036
f 2032 2033 2038 2037
f 2033 2034 2039 2038
f 2034 2035 2040 2039
f 2035 2031 2036 2040
o Berry.62
v 0.61 0.701 -0.573
v 0.573 0.701 -0.56
v 0.55 0.701 -0.592
v 0.573 0.701 -0.624
v 0.61 0.701 -0.612
v 0.621 0.748 -0.564
v 0.568 0.748 -0.547
v 0.535 0.748 -0.592
v 0.568 0.748 -0.637
v 0.621 0.748 -0.62
usemtl Red
s off
f 2045 2044 2043 2042 2041
f 2046 2047 2048 2049 2050
f 2041 2042 2047 2046
f 2042 2043 2048 2047
f 2043 2044 2049 2048
f 2044 2045 2050 2049
f 2045 2041 2046 2050
o Berry.62
v 0.621 0.748 -0.564
v 0.568 0.748 -0.547
v 0.535 0.748 -0.592
v 0.568 0.748 -0.637
v 0.621 0.748 -0.62
v 0.6 0.791 -0.58
v 0.576 0.791 -0.572
v 0.562 0.791 -0.592
v 0.576 0.791 -0.612
v 0.6 0.791 -0.605
usemtl Red
s off
f 2055 2054 2053 2052 2051
f 2056 2057 2058 2059 2060
f 2051 2052 2057 2056
f 2052 2053 2058 2057
f 2053 2054 2059 2058
f 2054 2055 2060 2059
f 2055 2051 2056 2060
o Berry.63
v 0.11 0.825 -0.664
v 0.068 0.825 -0.65
v 0.042 0.825 -0.686
v 0.068 0.825 -0.722
v 0.11 0.825 -0.708
v 0.123 0.879 -0.654
v 0.063 0.879 -0.635
v 0.026 0.879 -0.686
v 0.063 0.879 -0.737
v 0.123 0.879 -0.718
usemtl RedDark
s off
f 2065 2064 2063 2062 2061
f 2066 2067 2068 2069 2070
f 2061 2062 2067 2066
f 2062 2063 2068 2067
f 2063 2064 2069 2068
f 2064 2065 2070 2069
f 2065 2061 2066 2070
o Berry.63
v 0.123 0.879 -0.654
v 0.063 0.879 -0.635
v 0.026 0.879 -0.686
v 0.063 0.879 -0.737
v 0.123 0.879 -0.718
v 0.099 0.928 -0.672
v 0.072 0.928 -0.663
v 0.055 0.928 -0.686
v 0.072 0.928 -0.709
v 0.099 0.928 -0.7
usemtl RedDark
s off
f 2075 2074 2073 2072 2071
f 2076 2077 2078 2079 2080
f 2071 2072 2077 2076
f 2072 2073 2078 2077
f 2073 2074 2079 2078
f 2074 2075 2080 2079
f 2075 2071 2076 2080
o Berry.63.Shine
v 0.063 0.904 -0.665
v 0.063 0.904 -0.646
v 0.085 0.904 -0.646
v 0.085 0.904 -0.665
v 0.063 0.92 -0.665
v 0.063 0.92 -0.646
v 0.085 0.92 -0.646
v 0.085 0.92 -0.665
usemtl Shine
s off
f 2084 2083 2082 2081
f 2085 2086 2087 2088
f 2081 2082 2086 2085
f 2082 2083 2087 2086
f 2083 2084 2088 2087
f 2084 2081 2085 2088
o Berry.64
v 0.028 0.734 -0.599
v -0.014 0.734 -0.585
v -0.04 0.734 -0.621
v -0.014 0.734 -0.657
v 0.028 0.734 -0.643
v 0.041 0.787 -0.59
v -0.019 0.787 -0.57
v -0.056 0.787 -0.621
v -0.019 0.787 -0.672
v 0.041 0.787 -0.653
usemtl RedDark
s off
f 2093 2092 2091 2090 2089
f 2094 2095 2096 2097 2098
f 2089 2090 2095 2094
f 2090 2091 2096 2095
f 2091 2092 2097 2096
f 2092 2093 2098 2097
f 2093 2089 2094 2098
o Berry.64
v 0.041 0.787 -0.59
v -0.019 0.787 -0.57
v -0.056 0.787 -0.621
v -0.019 0.787 -0.672
v 0.041 0.787 -0.653
v 0.017 0.836 -0.607
v -0.01 0.836 -0.598
v -0.027 0.836 -0.621
v -0.01 0.836 -0.644
v 0.017 0.836 -0.635
usemtl RedDark
s off
f 2103 2102 2101 2100 2099
f 2104 2105 2106 2107 2108
f 2099 2100 2105 2104
f 2100 2101 2106 2105
f 2101 2102 2107 2106
f 2102 2103 2108 2107
f 2103 2099 2104 2108
o Berry.65
v 0.124 0.736 -0.675
v 0.075 0.736 -0.659
v 0.044 0.736 -0.701
v 0.075 0.736 -0.743
v 0.124 0.736 -0.727
v 0.139 0.8 -0.664
v 0.069 0.8 -0.641
v 0.025 0.8 -0.701
v 0.069 0.8 -0.761
v 0.139 0.8 -0.738
usemtl RedDark
s off
f 2113 2112 2111 2110 2109
f 2114 2115 2116 2117 2118
f 2109 2110 2115 2114
f 2110 2111 2116 2115
f 2111 2112 2117 2116
f 2112 2113 2118 2117
f 2113 2109 2114 2118
o Berry.65
v 0.139 0.8 -0.664
v 0.069 0.8 -0.641
v 0.025 0.8 -0.701
v 0.069 0.8 -0.761
v 0.139 0.8 -0.738
v 0.111 0.857 -0.684
v 0.079 0.857 -0.674
v 0.06 0.857 -0.701
v 0.079 0.857 -0.728
v 0.111 0.857 -0.718
usemtl RedDark
s off
f 2123 2122 2121 2120 2119
f 2124 2125 2126 2127 2128
f 2119 2120 2125 2124
f 2120 2121 2126 2125
f 2121 2122 2127 2126
f 2122 2123 2128 2127
f 2123 2119 2124 2128
o Berry.66
v 0.4 1.496 0.232
v 0.357 1.496 0.246
v 0.331 1.496 0.21
v 0.357 1.496 0.173
v 0.4 1.496 0.187
v 0.413 1.551 0.242
v 0.352 1.551 0.262
v 0.314 1.551 0.21
v 0.352 1.551 0.157
v 0.413 1.551 0.177
usemtl Red
s off
f 2133 2132 2131 2130 2129
f 2134 2135 2136 2137 2138
f 2129 2130 2135 2134
f 2130 2131 2136 2135
f 2131 2132 2137 2136
f 2132 2133 2138 2137
f 2133 2129 2134 2138
o Berry.66
v 0.413 1.551 0.242
v 0.352 1.551 0.262
v 0.314 1.551 0.21
v 0.352 1.551 0.157
v 0.413 1.551 0.177
v 0.389 1.6 0.224
v 0.361 1.6 0.233
v 0.344 1.6 0.21
v 0.361 1.6 0.186
v 0.389 1.6 0.195
usemtl Red
s off
f 2143 2142 2141 2140 2139
f 2144 2145 2146 2147 2148
f 2139 2140 2145 2144
f 2140 2141 2146 2145
f 2141 2142 2147 2146
f 2142 2143 2148 2147
f 2143 2139 2144 2148
o Berry.66.Shine
v 0.353 1.576 0.231
v 0.353 1.576 0.251
v 0.375 1.576 0.251
v 0.375 1.576 0.231
v 0.353 1.592 0.231
v 0.353 1.592 0.251
v 0.375 1.592 0.251
v 0.375 1.592 0.231
usemtl Shine
s off
f 2152 2151 2150 2149
f 2153 2154 2155 2156
f 2149 2150 2154 2153
f 2150 2151 2155 2154
f 2151 2152 2156 2155
f 2152 2149 2153 2156
o Berry.67
v 0.351 1.425 0.252
v 0.304 1.425 0.267
v 0.275 1.425 0.227
v 0.304 1.425 0.187
v 0.351 1.425 0.203
v 0.366 1.485 0.263
v 0.298 1.485 0.285
v 0.257 1.485 0.227
v 0.298 1.485 0.17
v 0.366 1.485 0.192
usemtl Red
s off
f 2161 2160 2159 2158 2157
f 2162 2163 2164 2165 2166
f 2157 2158 2163 2162
f 2158 2159 2164 2163
f 2159 2160 2165 2164
f 2160 2161 2166 2165
f 2161 2157 2162 2166
o Berry.67
v 0.366 1.485 0.263
v 0.298 1.485 0.285
v 0.257 1.485 0.227
v 0.298 1.485 0.17
v 0.366 1.485 0.192
v 0.339 1.539 0.243
v 0.309 1.539 0.253
v 0.29 1.539 0.227
v 0.309 1.539 0.202
v 0.339 1.539 0.212
usemtl Red
s off
f 2171 2170 2169 2168 2167
f 2172 2173 2174 2175 2176
f 2167 2168 2173 2172
f 2168 2169 2174 2173
f 2169 2170 2175 2174
f 2170 2171 2176 2175
f 2171 2167 2172 2176
o Berry.68
v 0.342 1.47 0.271
v 0.304 1.47 0.283
v 0.28 1.47 0.251
v 0.304 1.47 0.219
v 0.342 1.47 0.231
v 0.354 1.519 0.28
v 0.299 1.519 0.297
v 0.266 1.519 0.251
v 0.299 1.519 0.205
v 0.354 1.519 0.222
usemtl RedDark
s off
f 2181 2180 2179 2178 2177
f 2182 2183 2184 2185 2186
f 2177 2178 2183 2182
f 2178 2179 2184 2183
f 2179 2180 2185 2184
f 2180 2181 2186 2185
f 2181 2177 2182 2186
o Berry.68
v 0.354 1.519 0.28
v 0.299 1.519 0.297
v 0.266 1.519 0.251
v 0.299 1.519 0.205
v 0.354 1.519 0.222
v 0.332 1.563 0.264
v 0.308 1.563 0.272
v 0.293 1.563 0.251
v 0.308 1.563 0.23
v 0.332 1.563 0.238
usemtl RedDark
s off
f 2191 2190 2189 2188 2187
f 2192 2193 2194 2195 2196
f 2187 2188 2193 2192
f 2188 2189 2194 2193
f 2189 2190 2195 2194
f 2190 2191 2196 2195
f 2191 2187 2192 2196
o Berry.69
v -0.751 1.007 0.368
v -0.789 1.007 0.381
v -0.812 1.007 0.349
v -0.789 1.007 0.317
v -0.751 1.007 0.329
v -0.74 1.055 0.377
v -0.793 1.055 0.394
v -0.827 1.055 0.349
v -0.793 1.055 0.303
v -0.74 1.055 0.32
usemtl Red
s off
f 2201 2200 2199 2198 2197
f 2202 2203 2204 2205 2206
f 2197 2198 2203 2202
f 2198 2199 2204 2203
f 2199 2200 2205 2204
f 2200 2201 2206 2205
f 2201 2197 2202 2206
o Berry.69
v -0.74 1.055 0.377
v -0.793 1.055 0.394
v -0.827 1.055 0.349
v -0.793 1.055 0.303
v -0.74 1.055 0.32
v -0.761 1.098 0.361
v -0.785 1.098 0.369
v -0.8 1.098 0.349
v -0.785 1.098 0.328
v -0.761 1.098 0.336
usemtl Red
s off
f 2211 2210 2209 2208 2207
f 2212 2213 2214 2215 2216
f 2207 2208 2213 2212
f 2208 2209 2214 2213
f 2209 2210 2215 2214
f 2210 2211 2216 2215
f 2211 2207 2212 2216
o Berry.69.Shine
v -0.793 1.077 0.368
v -0.793 1.077 0.385
v -0.774 1.077 0.385
v -0.774 1.077 0.368
v -0.793 1.091 0.368
v -0.793 1.091 0.385
v -0.774 1.091 0.385
v -0.774 1.091 0.368
usemtl Shine
s off
f 2220 2219 2218 2217
f 2221 2222 2223 2224
f 2217 2218 2222 2221
f 2218 2219 2223 2222
f 2219 2220 2224 2223
f 2220 2217 2221 2224
o Berry.70
v -0.68 0.924 0.423
v -0.727 0.924 0.439
v -0.757 0.924 0.398
v -0.727 0.924 0.358
v -0.68 0.924 0.373
v -0.665 0.985 0.434
v -0.733 0.985 0.456
v -0.775 0.985 0.398
v -0.733 0.985 0.34
v -0.665 0.985 0.363
usemtl Red
s off
f 2229 2228 2227 2226 2225
f 2230 2231 2232 2233 2234
f 2225 2226 2231 2230
f 2226 2227 2232 2231
f 2227 2228 2233 2232
f 2228 2229 2234 2233
f 2229 2225 2230 2234
o Berry.70
v -0.665 0.985 0.434
v -0.733 0.985 0.456
v -0.775 0.985 0.398
v -0.733 0.985 0.34
v -0.665 0.985 0.363
v -0.692 1.04 0.414
v -0.723 1.04 0.424
v -0.741 1.04 0.398
v -0.723 1.04 0.372
v -0.692 1.04 0.382
usemtl Red
s off
f 2239 2238 2237 2236 2235
f 2240 2241 2242 2243 2244
f 2235 2236 2241 2240
f 2236 2237 2242 2241
f 2237 2238 2243 2242
f 2238 2239 2244 2243
f 2239 2235 2240 2244
o Berry.71
v -0.746 0.963 0.355
v -0.789 0.963 0.369
v -0.816 0.963 0.332
v -0.789 0.963 0.295
v -0.746 0.963 0.31
v -0.732 1.018 0.365
v -0.794 1.018 0.385
v -0.832 1.018 0.332
v -0.794 1.018 0.28
v -0.732 1.018 0.3
usemtl Red
s off
f 2249 2248 2247 2246 2245
f 2250 2251 2252 2253 2254
f 2245 2246 2251 2250
f 2246 2247 2252 2251
f 2247 2248 2253 2252
f 2248 2249 2254 2253
f 2249 2245 2250 2254
o Berry.71
v -0.732 1.018 0.365
v -0.794 1.018 0.385
v -0.832 1.018 0.332
v -0.794 1.018 0.28
v -0.732 1.018 0.3
v -0.757 1.068 0.347
v -0.785 1.068 0.356
v -0.802 1.068 0.332
v -0.785 1.068 0.309
v -0.757 1.068 0.318
usemtl Red
s off
f 2259 2258 2257 2256 2255
f 2260 2261 2262 2263 2264
f 2255 2256 2261 2260
f 2256 2257 2262 2261
f 2257 2258 2263 2262
f 2258 2259 2264 2263
f 2259 2255 2260 2264
o Berry.72
v -0.303 0.738 -0.149
v -0.346 0.738 -0.135
v -0.372 0.738 -0.171
v -0.346 0.738 -0.208
v -0.303 0.738 -0.194
v -0.29 0.792 -0.139
v -0.351 0.792 -0.119
v -0.389 0.792 -0.171
v -0.351 0.792 -0.223
v -0.29 0.792 -0.203
usemtl Red
s off
f 2269 2268 2267 2266 2265
f 2270 2271 2272 2273 2274
f 2265 2266 2271 2270
f 2266 2267 2272 2271
f 2267 2268 2273 2272
f 2268 2269 2274 2273
f 2269 2265 2270 2274
o Berry.72
v -0.29 0.792 -0.139
v -0.351 0.792 -0.119
v -0.389 0.792 -0.171
v -0.351 0.792 -0.223
v -0.29 0.792 -0.203
v -0.314 0.841 -0.157
v -0.342 0.841 -0.148
v -0.359 0.841 -0.171
v -0.342 0.841 -0.195
v -0.314 0.841 -0.186
usemtl Red
s off
f 2279 2278 2277 2276 2275
f 2280 2281 2282 2283 2284
f 2275 2276 2281 2280
f 2276 2277 2282 2281
f 2277 2278 2283 2282
f 2278 2279 2284 2283
f 2279 2275 2280 2284
o Berry.72.Shine
v -0.35 0.817 -0.149
v -0.35 0.817 -0.13
v -0.329 0.817 -0.13
v -0.329 0.817 -0.149
v -0.35 0.833 -0.149
v -0.35 0.833 -0.13
v -0.329 0.833 -0.13
v -0.329 0.833 -0.149
usemtl Shine
s off
f 2288 2287 2286 2285
f 2289 2290 2291 2292
f 2285 2286 2290 2289
f 2286 2287 2291 2290
f 2287 2288 2292 2291
f 2288 2285 2289 2292
o Berry.73
v -0.301 0.716 -0.11
v -0.344 0.716 -0.096
v -0.37 0.716 -0.132
v -0.344 0.716 -0.168
v -0.301 0.716 -0.155
v -0.288 0.77 -0.101
v -0.349 0.77 -0.081
v -0.386 0.77 -0.132
v -0.349 0.77 -0.184
v -0.288 0.77 -0.164
usemtl Red
s off
f 2297 2296 2295 2294 2293
f 2298 2299 2300 2301 2302
f 2293 2294 2299 2298
f 2294 2295 2300 2299
f 2295 2296 2301 2300
f 2296 2297 2302 2301
f 2297 2293 2298 2302
o Berry.73
v -0.288 0.77 -0.101
v -0.349 0.77 -0.081
v -0.386 0.77 -0.132
v -0.349 0.77 -0.184
v -0.288 0.77 -0.164
v -0.312 0.819 -0.118
v -0.34 0.819 -0.109
v -0.356 0.819 -0.132
v -0.34 0.819 -0.156
v -0.312 0.819 -0.147
usemtl Red
s off
f 2307 2306 2305 2304 2303
f 2308 2309 2310 2311 2312
f 2303 2304 2309 2308
f 2304 2305 2310 2309
f 2305 2306 2311 2310
f 2306 2307 2312 2311
f 2307 2303 2308 2312
o Berry.74
v -0.321 0.689 -0.083
v -0.369 0.689 -0.067
v -0.399 0.689 -0.108
v -0.369 0.689 -0.149
v -0.321 0.689 -0.133
v -0.306 0.751 -0.072
v -0.375 0.751 -0.049
v -0.417 0.751 -0.108
v -0.375 0.751 -0.166
v -0.306 0.751 -0.144
usemtl Red
s off
f 2317 2316 2315 2314 2313
f 2318 2319 2320 2321 2322
f 2313 2314 2319 2318
f 2314 2315 2320 2319
f 2315 2316 2321 2320
f 2316 2317 2322 2321
f 2317 2313 2318 2322
o Berry.74
v -0.306 0.751 -0.072
v -0.375 0.751 -0.049
v -0.417 0.751 -0.108
v -0.375 0.751 -0.166
v -0.306 0.751 -0.144
v -0.333 0.806 -0.092
v -0.364 0.806 -0.082
v -0.383 0.806 -0.108
v -0.364 0.806 -0.134
v -0.333 0.806 -0.124
usemtl Red
s off
f 2327 2326 2325 2324 2323
f 2328 2329 2330 2331 2332
f 2323 2324 2329 2328
f 2324 2325 2330 2329
f 2325 2326 2331 2330
f 2326 2327 2332 2331
f 2327 2323 2328 2332
o Berry.75
v -0.32 0.726 -0.084
v -0.364 0.726 -0.07
v -0.39 0.726 -0.107
v -0.364 0.726 -0.144
v -0.32 0.726 -0.13
v -0.306 0.782 -0.074
v -0.369 0.782 -0.054
v -0.407 0.782 -0.107
v -0.369 0.782 -0.16
v -0.306 0.782 -0.14
usemtl Red
s off
f 2337 2336 2335 2334 2333
f 2338 2339 2340 2341 2342
f 2333 2334 2339 2338
f 2334 2335 2340 2339
f 2335 2336 2341 2340
f 2336 2337 2342 2341
f 2337 2333 2338 2342
o Berry.75
v -0.306 0.782 -0.074
v -0.369 0.782 -0.054
v -0.407 0.782 -0.107
v -0.369 0.782 -0.16
v -0.306 0.782 -0.14
v -0.331 0.832 -0.092
v -0.359 0.832 -0.083
v -0.377 0.832 -0.107
v -0.359 0.832 -0.131
v -0.331 0.832 -0.122
usemtl Red
s off
f 2347 2346 2345 2344 2343
f 2348 2349 2350 2351 2352
f 2343 2344 2349 2348
f 2344 2345 2350 2349
f 2345 2346 2351 2350
f 2346 2347 2352 2351
f 2347 2343 2348 2352
o Berry.76
v -0.259 0.644 -0.162
v -0.296 0.644 -0.15
v -0.319 0.644 -0.181
v -0.296 0.644 -0.213
v -0.259 0.644 -0.201
v -0.248 0.691 -0.153
v -0.3 0.691 -0.136
v -0.333 0.691 -0.181
v -0.3 0.691 -0.226
v -0.248 0.691 -0.209
usemtl Red
s off
f 2357 2356 2355 2354 2353
f 2358 2359 2360 2361 2362
f 2353 2354 2359 2358
f 2354 2355 2360 2359
f 2355 2356 2361 2360
f 2356 2357 2362 2361
f 2357 2353 2358 2362
o Berry.76
v -0.248 0.691 -0.153
v -0.3 0.691 -0.136
v -0.333 0.691 -0.181
v -0.3 0.691 -0.226
v -0.248 0.691 -0.209
v -0.269 0.734 -0.169
v -0.292 0.734 -0.161
v -0.307 0.734 -0.181
v -0.292 0.734 -0.201
v -0.269 0.734 -0.194
usemtl Red
s off
f 2367 2366 2365 2364 2363
f 2368 2369 2370 2371 2372
f 2363 2364 2369 2368
f 2364 2365 2370 2369
f 2365 2366 2371 2370
f 2366 2367 2372 2371
f 2367 2363 2368 2372
o Berry.77
v 0.315 0.538 1.005
v 0.278 0.538 1.017
v 0.255 0.538 0.986
v 0.278 0.538 0.954
v 0.315 0.538 0.966
v 0.327 0.586 1.014
v 0.274 0.586 1.031
v 0.241 0.586 0.986
v 0.274 0.586 0.94
v 0.327 0.586 0.958
usemtl RedDark
s off
f 2377 2376 2375 2374 2373
f 2378 2379 2380 2381 2382
f 2373 2374 2379 2378
f 2374 2375 2380 2379
f 2375 2376 2381 2380
f 2376 2377 2382 2381
f 2377 2373 2378 2382
o Berry.77
v 0.327 0.586 1.014
v 0.274 0.586 1.031
v 0.241 0.586 0.986
v 0.274 0.586 0.94
v 0.327 0.586 0.958
v 0.306 0.629 0.998
v 0.282 0.629 1.006
v 0.267 0.629 0.986
v 0.282 0.629 0.965
v 0.306 0.629 0.973
usemtl RedDark
s off
f 2387 2386 2385 2384 2383
f 2388 2389 2390 2391 2392
f 2383 2384 2389 2388
f 2384 2385 2390 2389
f 2385 2386 2391 2390
f 2386 2387 2392 2391
f 2387 2383 2388 2392
o Berry.77.Shine
v 0.274 0.607 1.005
v 0.274 0.607 1.021
v 0.293 0.607 1.021
v 0.293 0.607 1.005
v 0.274 0.622 1.005
v 0.274 0.622 1.021
v 0.293 0.622 1.021
v 0.293 0.622 1.005
usemtl Shine
s off
f 2396 2395 2394 2393
f 2397 2398 2399 2400
f 2393 2394 2398 2397
f 2394 2395 2399 2398
f 2395 2396 2400 2399
f 2396 2393 2397 2400
o Berry.78
v 0.283 0.522 0.965
v 0.236 0.522 0.98
v 0.207 0.522 0.94
v 0.236 0.522 0.9
v 0.283 0.522 0.916
v 0.297 0.582 0.975
v 0.23 0.582 0.997
v 0.189 0.582 0.94
v 0.23 0.582 0.883
v 0.297 0.582 0.905
usemtl RedDark
s off
f 2405 2404 2403 2402 2401
f 2406 2407 2408 2409 2410
f 2401 2402 2407 2406
f 2402 2403 2408 2407
f 2403 2404 2409 2408
f 2404 2405 2410 2409
f 2405 2401 2406 2410
o Berry.78
v 0.297 0.582 0.975
v 0.23 0.582 0.997
v 0.189 0.582 0.94
v 0.23 0.582 0.883
v 0.297 0.582 0.905
v 0.271 0.636 0.956
v 0.241 0.636 0.966
v 0.222 0.636 0.94
v 0.241 0.636 0.915
v 0.271 0.636 0.924
usemtl RedDark
s off
f 2415 2414 2413 2412 2411
f 2416 2417 2418 2419 2420
f 2411 2412 2417 2416
f 2412 2413 2418 2417
f 2413 2414 2419 2418
f 2414 2415 2420 2419
f 2415 2411 2416 2420
o Berry.79
v 0.399 0.443 0.944
v 0.354 0.443 0.959
v 0.326 0.443 0.92
v 0.354 0.443 0.882
v 0.399 0.443 0.897
v 0.413 0.501 0.955
v 0.348 0.501 0.976
v 0.308 0.501 0.92
v 0.348 0.501 0.865
v 0.413 0.501 0.886
usemtl Red
s off
f 2425 2424 2423 2422 2421
f 2426 2427 2428 2429 2430
f 2421 2422 2427 2426
f 2422 2423 2428 2427
f 2423 2424 2429 2428
f 2424 2425 2430 2429
f 2425 2421 2426 2430
o Berry.79
v 0.413 0.501 0.955
v 0.348 0.501 0.976
v 0.308 0.501 0.92
v 0.348 0.501 0.865
v 0.413 0.501 0.886
v 0.387 0.553 0.936
v 0.358 0.553 0.945
v 0.34 0.553 0.92
v 0.358 0.553 0.896
v 0.387 0.553 0.905
usemtl Red
s off
f 2435 2434 2433 2432 2431
f 2436 2437 2438 2439 2440
f 2431 2432 2437 2436
f 2432 2433 2438 2437
f 2433 2434 2439 2438
f 2434 2435 2440 2439
f 2435 2431 2436 2440
o Berry.80
v 0.318 0.442 0.982
v 0.277 0.442 0.995
v 0.252 0.442 0.96
v 0.277 0.442 0.926
v 0.318 0.442 0.939
v 0.33 0.493 0.991
v 0.273 0.493 1.009
v 0.237 0.493 0.96
v 0.273 0.493 0.911
v 0.33 0.493 0.93
usemtl Red
s off
f 2445 2444 2443 2442 2441
f 2446 2447 2448 2449 2450
f 2441 2442 2447 2446
f 2442 2443 2448 2447
f 2443 2444 2449 2448
f 2444 2445 2450 2449
f 2445 2441 2446 2450
o Berry.80
v 0.33 0.493 0.991
v 0.273 0.493 1.009
v 0.237 0.493 0.96
v 0.273 0.493 0.911
v 0.33 0.493 0.93
v 0.307 0.54 0.974
v 0.281 0.54 0.982
v 0.265 0.54 0.96
v 0.281 0.54 0.938
v 0.307 0.54 0.947
usemtl Red
s off
f 2455 2454 2453 2452 2451
f 2456 2457 2458 2459 2460
f 2451 2452 2457 2456
f 2452 2453 2458 2457
f 2453 2454 2459 2458
f 2454 2455 2460 2459
f 2455 2451 2456 2460
o Berry.81
v 0.403 0.478 0.991
v 0.355 0.478 1.007
v 0.325 0.478 0.966
v 0.355 0.478 0.924
v 0.403 0.478 0.94
v 0.418 0.54 1.002
v 0.349 0.54 1.025
v 0.306 0.54 0.966
v 0.349 0.54 0.907
v 0.418 0.54 0.929
usemtl RedDark
s off
f 2465 2464 2463 2462 2461
f 2466 2467 2468 2469 2470
f 2461 2462 2467 2466
f 2462 2463 2468 2467
f 2463 2464 2469 2468
f 2464 2465 2470 2469
f 2465 2461 2466 2470
o Berry.81
v 0.418 0.54 1.002
v 0.349 0.54 1.025
v 0.306 0.54 0.966
v 0.349 0.54 0.907
v 0.418 0.54 0.929
v 0.391 0.596 0.982
v 0.359 0.596 0.992
v 0.34 0.596 0.966
v 0.359 0.596 0.939
v 0.391 0.596 0.949
usemtl RedDark
s off
f 2475 2474 2473 2472 2471
f 2476 2477 2478 2479 2480
f 2471 2472 2477 2476
f 2472 2473 2478 2477
f 2473 2474 2479 2478
f 2474 2475 2480 2479
f 2475 2471 2476 2480
o Berry.82
v 0.028 0.789 -0.117
v -0.017 0.789 -0.102
v -0.045 0.789 -0.141
v -0.017 0.789 -0.179
v 0.028 0.789 -0.164
v 0.042 0.846 -0.107
v -0.022 0.846 -0.086
v -0.062 0.846 -0.141
v -0.022 0.846 -0.195
v 0.042 0.846 -0.175
usemtl Red
s off
f 2485 2484 2483 2482 2481
f 2486 2487 2488 2489 2490
f 2481 2482 2487 2486
f 2482 2483 2488 2487
f 2483 2484 2489 2488
f 2484 2485 2490 2489
f 2485 2481 2486 2490
o Berry.82
v 0.042 0.846 -0.107
v -0.022 0.846 -0.086
v -0.062 0.846 -0.141
v -0.022 0.846 -0.195
v 0.042 0.846 -0.175
v 0.017 0.898 -0.125
v -0.012 0.898 -0.116
v -0.03 0.898 -0.141
v -0.012 0.898 -0.165
v 0.017 0.898 -0.156
usemtl Red
s off
f 2495 2494 2493 2492 2491
f 2496 2497 2498 2499 2500
f 2491 2492 2497 2496
f 2492 2493 2498 2497
f 2493 2494 2499 2498
f 2494 2495 2500 2499
f 2495 2491 2496 2500
o Berry.82.Shine
v -0.022 0.872 -0.118
v -0.022 0.872 -0.097
v 0.001 0.872 -0.097
v 0.001 0.872 -0.118
v -0.022 0.889 -0.118
v -0.022 0.889 -0.097
v 0.001 0.889 -0.097
v 0.001 0.889 -0.118
usemtl Shine
s off
f 2504 2503 2502 2501
f 2505 2506 2507 2508
f 2501 2502 2506 2505
f 2502 2503 2507 2506
f 2503 2504 2508 2507
f 2504 2501 2505 2508
o Berry.83
v 0.067 0.67 -0.143
v 0.022 0.67 -0.128
v -0.006 0.67 -0.167
v 0.022 0.67 -0.206
v 0.067 0.67 -0.191
v 0.082 0.728 -0.133
v 0.016 0.728 -0.112
v -0.024 0.728 -0.167
v 0.016 0.728 -0.223
v 0.082 0.728 -0.202
usemtl Red
s off
f 2513 2512 2511 2510 2509
f 2514 2515 2516 2517 2518
f 2509 2510 2515 2514
f 2510 2511 2516 2515
f 2511 2512 2517 2516
f 2512 2513 2518 2517
f 2513 2509 2514 2518
o Berry.83
v 0.082 0.728 -0.133
v 0.016 0.728 -0.112
v -0.024 0.728 -0.167
v 0.016 0.728 -0.223
v 0.082 0.728 -0.202
v 0.056 0.781 -0.152
v 0.026 0.781 -0.142
v 0.008 0.781 -0.167
v 0.026 0.781 -0.192
v 0.056 0.781 -0.183
usemtl Red
s off
f 2523 2522 2521 2520 2519
f 2524 2525 2526 2527 2528
f 2519 2520 2525 2524
f 2520 2521 2526 2525
f 2521 2522 2527 2526
f 2522 2523 2528 2527
f 2523 2519 2524 2528
o Berry.84
v 0.052 0.73 -0.044
v 0.011 0.73 -0.031
v -0.014 0.73 -0.066
v 0.011 0.73 -0.101
v 0.052 0.73 -0.087
v 0.065 0.783 -0.035
v 0.006 0.783 -0.016
v -0.03 0.783 -0.066
v 0.006 0.783 -0.116
v 0.065 0.783 -0.097
usemtl Red
s off
f 2533 2532 2531 2530 2529
f 2534 2535 2536 2537 2538
f 2529 2530 2535 2534
f 2530 2531 2536 2535
f 2531 2532 2537 2536
f 2532 2533 2538 2537
f 2533 2529 2534 2538
o Berry.84
v 0.065 0.783 -0.035
v 0.006 0.783 -0.016
v -0.03 0.783 -0.066
v 0.006 0.783 -0.116
v 0.065 0.783 -0.097
v 0.042 0.83 -0.052
v 0.015 0.83 -0.043
v -0.001 0.83 -0.066
v 0.015 0.83 -0.088
v 0.042 0.83 -0.08
usemtl Red
s off
f 2543 2542 2541 2540 2539
f 2544 2545 2546 2547 2548
f 2539 2540 2545 2544
f 2540 2541 2546 2545
f 2541 2542 2547 2546
f 2542 2543 2548 2547
f 2543 2539 2544 2548
o Berry.85
v 0.099 0.77 -0.174
v 0.053 0.77 -0.159
v 0.024 0.77 -0.198
v 0.053 0.77 -0.238
v 0.099 0.77 -0.223
v 0.114 0.829 -0.163
v 0.047 0.829 -0.142
v 0.006 0.829 -0.198
v 0.047 0.829 -0.255
v 0.114 0.829 -0.233
usemtl Red
s off
f 2553 2552 2551 2550 2549
f 2554 2555 2556 2557 2558
f 2549 2550 2555 2554
f 2550 2551 2556 2555
f 2551 2552 2557 2556
f 2552 2553 2558 2557
f 2553 2549 2554 2558
o Berry.85
v 0.114 0.829 -0.163
v 0.047 0.829 -0.142
v 0.006 0.829 -0.198
v 0.047 0.829 -0.255
v 0.114 0.829 -0.233
v 0.087 0.883 -0.182
v 0.057 0.883 -0.173
v 0.039 0.883 -0.198
v 0.057 0.883 -0.223
v 0.087 0.883 -0.214
usemtl Red
s off
f 2563 2562 2561 2560 2559
f 2564 2565 2566 2567 2568
f 2559 2560 2565 2564
f 2560 2561 2566 2565
f 2561 2562 2567 2566
f 2562 2563 2568 2567
f 2563 2559 2564 2568
o Berry.86
v -0.646 0.954 0.191
v -0.684 0.954 0.203
v -0.708 0.954 0.171
v -0.684 0.954 0.138
v -0.646 0.954 0.15
v -0.634 1.003 0.2
v -0.689 1.003 0.218
v -0.723 1.003 0.171
v -0.689 1.003 0.124
v -0.634 1.003 0.142
usemtl RedDark
s off
f 2573 2572 2571 2570 2569
f 2574 2575 2576 2577 2578
f 2569 2570 2575 2574
f 2570 2571 2576 2575
f 2571 2572 2577 2576
f 2572 2573 2578 2577
f 2573 2569 2574 2578
o Berry.86
v -0.634 1.003 0.2
v -0.689 1.003 0.218
v -0.723 1.003 0.171
v -0.689 1.003 0.124
v -0.634 1.003 0.142
v -0.656 1.048 0.184
v -0.681 1.048 0.192
v -0.696 1.048 0.171
v -0.681 1.048 0.15
v -0.656 1.048 0.158
usemtl RedDark
s off
f 2583 2582 2581 2580 2579
f 2584 2585 2586 2587 2588
f 2579 2580 2585 2584
f 2580 2581 2586 2585
f 2581 2582 2587 2586
f 2582 2583 2588 2587
f 2583 2579 2584 2588
o Berry.86.Shine
v -0.688 1.026 0.19
v -0.688 1.026 0.208
v -0.669 1.026 0.208
v -0.669 1.026 0.19
v -0.688 1.04 0.19
v -0.688 1.04 0.208
v -0.669 1.04 0.208
v -0.669 1.04 0.19
usemtl Shine
s off
f 2592 2591 2590 2589
f 2593 2594 2595 2596
f 2589 2590 2594 2593
f 2590 2591 2595 2594
f 2591 2592 2596 2595
f 2592 2589 2593 2596
o Berry.87
v -0.57 0.891 0.113
v -0.612 0.891 0.127
v -0.637 0.891 0.092
v -0.612 0.891 0.056
v -0.57 0.891 0.07
v -0.558 0.944 0.123
v -0.617 0.944 0.142
v -0.653 0.944 0.092
v -0.617 0.944 0.041
v -0.558 0.944 0.06
usemtl Red
s off
f 2601 2600 2599 2598 2597
f 2602 2603 2604 2605 2606
f 2597 2598 2603 2602
f 2598 2599 2604 2603
f 2599 2600 2605 2604
f 2600 2601 2606 2605
f 2601 2597 2602 2606
o Berry.87
v -0.558 0.944 0.123
v -0.617 0.944 0.142
v -0.653 0.944 0.092
v -0.617 0.944 0.041
v -0.558 0.944 0.06
v -0.581 0.991 0.106
v -0.608 0.991 0.114
v -0.624 0.991 0.092
v -0.608 0.991 0.069
v -0.581 0.991 0.078
usemtl Red
s off
f 2611 2610 2609 2608 2607
f 2612 2613 2614 2615 2616
f 2607 2608 2613 2612
f 2608 2609 2614 2613
f 2609 2610 2615 2614
f 2610 2611 2616 2615
f 2611 2607 2612 2616
o Berry.88
v -0.665 0.929 0.126
v -0.71 0.929 0.141
v -0.738 0.929 0.102
v -0.71 0.929 0.064
v -0.665 0.929 0.079
v -0.651 0.987 0.136
v -0.715 0.987 0.157
v -0.755 0.987 0.102
v -0.715 0.987 0.048
v -0.651 0.987 0.069
usemtl Red
s off
f 2621 2620 2619 2618 2617
f 2622 2623 2624 2625 2626
f 2617 2618 2623 2622
f 2618 2619 2624 2623
f 2619 2620 2625 2624
f 2620 2621 2626 2625
f 2621 2617 2622 2626
o Berry.88
v -0.651 0.987 0.136
v -0.715 0.987 0.157
v -0.755 0.987 0.102
v -0.715 0.987 0.048
v -0.651 0.987 0.069
v -0.677 1.038 0.118
v -0.706 1.038 0.127
v -0.723 1.038 0.102
v -0.706 1.038 0.078
v -0.677 1.038 0.087
usemtl Red
s off
f 2631 2630 2629 2628 2627
f 2632 2633 2634 2635 2636
f 2627 2628 2633 2632
f 2628 2629 2634 2633
f 2629 2630 2635 2634
f 2630 2631 2636 2635
f 2631 2627 2632 2636
o Berry.89
v 0.656 -0.005 -0.697
v 0.617 -0.005 -0.684
v 0.593 -0.005 -0.717
v 0.617 -0.005 -0.751
v 0.656 -0.005 -0.738
v 0.668 0.045 -0.688
v 0.612 0.045 -0.67
v 0.578 0.045 -0.717
v 0.612 0.045 -0.765
v 0.668 0.045 -0.747
usemtl Red
s off
f 2641 2640 2639 2638 2637
f 2642 2643 2644 2645 2646
f 2637 2638 2643 2642
f 2638 2639 2644 2643
f 2639 2640 2645 2644
f 2640 2641 2646 2645
f 2641 2637 2642 2646
o Berry.89
v 0.668 0.045 -0.688
v 0.612 0.045 -0.67
v 0.578 0.045 -0.717
v 0.612 0.045 -0.765
v 0.668 0.045 -0.747
v 0.646 0.09 -0.704
v 0.621 0.09 -0.696
v 0.605 0.09 -0.717
v 0.621 0.09 -0.739
v 0.646 0.09 -0.731
usemtl Red
s off
f 2651 2650 2649 2648 2647
f 2652 2653 2654 2655 2656
f 2647 2648 2653 2652
f 2648 2649 2654 2653
f 2649 2650 2655 2654
f 2650 2651 2656 2655
f 2651 2647 2652 2656
o Berry.90
v -0.858 -0.005 0.32
v -0.897 -0.005 0.333
v -0.922 -0.005 0.299
v -0.897 -0.005 0.266
v -0.858 -0.005 0.279
v -0.846 0.045 0.329
v -0.902 0.045 0.347
v -0.937 0.045 0.299
v -0.902 0.045 0.252
v -0.846 0.045 0.27
usemtl RedDark
s off
f 2661 2660 2659 2658 2657
f 2662 2663 2664 2665 2666
f 2657 2658 2663 2662
f 2658 2659 2664 2663
f 2659 2660 2665 2664
f 2660 2661 2666 2665
f 2661 2657 2662 2666
o Berry.90
v -0.846 0.045 0.329
v -0.902 0.045 0.347
v -0.937 0.045 0.299
v -0.902 0.045 0.252
v -0.846 0.045 0.27
v -0.868 0.09 0.313
v -0.894 0.09 0.321
v -0.909 0.09 0.299
v -0.894 0.09 0.278
v -0.868 0.09 0.286
usemtl RedDark
s off
f 2671 2670 2669 2668 2667
f 2672 2673 2674 2675 2676
f 2667 2668 2673 2672
f 2668 2669 2674 2673
f 2669 2670 2675 2674
f 2670 2671 2676 2675
f 2671 2667 2672 2676
o Fallen.Leaf
v -0.946 0 0.4
v -0.926 0 0.342
v -0.832 0 0.337
v -0.794 0 0.391
v -0.865 0 0.43
v -0.946 0.015 0.4
v -0.926 0.015 0.342
v -0.832 0.015 0.337
v -0.794 0.015 0.391
v -0.865 0.015 0.43
usemtl LeafDry
s off
f 2681 2680 2679 2678 2677
f 2682 2683 2684 2685 2686
f 2677 2678 2683 2682
f 2678 2679 2684 2683
f 2679 2680 2685 2684
f 2680 2681 2686 2685
f 2681 2677 2682 2686
o Berry.91
v 0.708 -0.005 -0.583
v 0.669 -0.005 -0.57
v 0.645 -0.005 -0.603
v 0.669 -0.005 -0.636
v 0.708 -0.005 -0.624
v 0.72 0.045 -0.574
v 0.664 0.045 -0.556
v 0.63 0.045 -0.603
v 0.664 0.045 -0.651
v 0.72 0.045 -0.633
usemtl RedDark
s off
f 2691 2690 2689 2688 2687
f 2692 2693 2694 2695 2696
f 2687 2688 2693 2692
f 2688 2689 2694 2693
f 2689 2690 2695 2694
f 2690 2691 2696 2695
f 2691 2687 2692 2696
o Berry.91
v 0.72 0.045 -0.574
v 0.664 0.045 -0.556
v 0.63 0.045 -0.603
v 0.664 0.045 -0.651
v 0.72 0.045 -0.633
v 0.698 0.09 -0.59
v 0.673 0.09 -0.582
v 0.657 0.09 -0.603
v 0.673 0.09 -0.625
v 0.698 0.09 -0.616
usemtl RedDark
s off
f 2701 2700 2699 2698 2697
f 2702 2703 2704 2705 2706
f 2697 2698 2703 2702
f 2698 2699 2704 2703
f 2699 2700 2705 2704
f 2700 2701 2706 2705
f 2701 2697 2702 2706
o Berry.92
v -0.191 -0.005 -0.637
v -0.23 -0.005 -0.625
v -0.254 -0.005 -0.658
v -0.23 -0.005 -0.691
v -0.191 -0.005 -0.679
v -0.179 0.045 -0.629
v -0.235 0.045 -0.61
v -0.269 0.045 -0.658
v -0.235 0.045 -0.705
v -0.179 0.045 -0.687
usemtl Red
s off
f 2711 2710 2709 2708 2707
f 2712 2713 2714 2715 2716
f 2707 2708 2713 2712
f 2708 2709 2714 2713
f 2709 2710 2715 2714
f 2710 2711 2716 2715
f 2711 2707 2712 2716
o Berry.92
v -0.179 0.045 -0.629
v -0.235 0.045 -0.61
v -0.269 0.045 -0.658
v -0.235 0.045 -0.705
v -0.179 0.045 -0.687
v -0.201 0.09 -0.645
v -0.226 0.09 -0.637
v -0.242 0.09 -0.658
v -0.226 0.09 -0.679
v -0.201 0.09 -0.671
usemtl Red
s off
f 2721 2720 2719 2718 2717
f 2722 2723 2724 2725 2726
f 2717 2718 2723 2722
f 2718 2719 2724 2723
f 2719 2720 2725 2724
f 2720 2721 2726 2725
f 2721 2717 2722 2726
o Fallen.Leaf
v 0.364 0 0.801
v 0.272 0 0.788
v 0.263 0 0.73
v 0.349 0 0.706
v 0.411 0 0.75
v 0.364 0.015 0.801
v 0.272 0.015 0.788
v 0.263 0.015 0.73
v 0.349 0.015 0.706
v 0.411 0.015 0.75
usemtl LeafDry
s off
f 2731 2730 2729 2728 2727
f 2732 2733 2734 2735 2736
f 2727 2728 2733 2732
f 2728 2729 2734 2733
f 2729 2730 2735 2734
f 2730 2731 2736 2735
f 2731 2727 2732 2736
