# berry_bush_3.obj - Heidelbeerstrauch fuer procedurally-generated-map
# Einheiten: Meter, Y oben, Vorderseite nach +Z - so wie Blender ein Modell
# exportiert, das in der Vorderansicht zum Betrachter schaut.
# Material Paint (das Laub) bekommt eine je Strauch leicht andere Farbe.
mtllib berry_bush_3.mtl
o Leaves
v 0.146 0.05 0.232
v -0.037 0.05 0.271
v -0.204 0.05 0.184
v -0.275 0.05 0.01
v -0.217 0.05 -0.168
v -0.058 0.05 -0.267
v 0.128 0.05 -0.242
v 0.255 0.05 -0.103
v 0.262 0.05 0.084
v 0.266 0.262 0.421
v -0.068 0.262 0.493
v -0.371 0.262 0.334
v -0.5 0.262 0.019
v -0.395 0.262 -0.305
v -0.105 0.262 -0.486
v 0.233 0.262 -0.44
v 0.463 0.262 -0.188
v 0.476 0.262 0.152
usemtl Paint
s off
f 9 8 7 6 5 4 3 2 1
f 10 11 12 13 14 15 16 17 18
f 1 2 11 10
f 2 3 12 11
f 3 4 13 12
f 4 5 14 13
f 5 6 15 14
f 6 7 16 15
f 7 8 17 16
f 8 9 18 17
f 9 1 10 18
o Leaves
v 0.129 0.262 0.48
v -0.212 0.262 0.451
v -0.453 0.262 0.21
v -0.483 0.262 -0.129
v -0.287 0.262 -0.407
v 0.044 0.262 -0.495
v 0.354 0.262 -0.351
v 0.498 0.262 -0.043
v 0.409 0.262 0.285
v 0.11 0.544 0.408
v -0.18 0.544 0.383
v -0.385 0.544 0.178
v -0.41 0.544 -0.11
v -0.244 0.544 -0.346
v 0.037 0.544 -0.421
v 0.301 0.544 -0.299
v 0.423 0.544 -0.037
v 0.348 0.544 0.243
usemtl Paint
s off
f 27 26 25 24 23 22 21 20 19
f 28 29 30 31 32 33 34 35 36
f 19 20 29 28
f 20 21 30 29
f 21 22 31 30
f 22 23 32 31
f 23 24 33 32
f 24 25 34 33
f 25 26 35 34
f 26 27 36 35
f 27 19 28 36
o Leaves
v -0.016 0.544 0.422
v -0.286 0.544 0.313
v -0.421 0.544 0.057
v -0.36 0.544 -0.225
v -0.13 0.544 -0.402
v 0.161 0.544 -0.391
v 0.376 0.544 -0.197
v 0.415 0.544 0.089
v 0.26 0.544 0.334
v -0.006 0.755 0.149
v -0.101 0.755 0.11
v -0.149 0.755 0.02
v -0.127 0.755 -0.08
v -0.046 0.755 -0.142
v 0.057 0.755 -0.138
v 0.133 0.755 -0.07
v 0.147 0.755 0.032
v 0.092 0.755 0.118
usemtl Paint
s off
f 45 44 43 42 41 40 39 38 37
f 46 47 48 49 50 51 52 53 54
f 37 38 47 46
f 38 39 48 47
f 39 40 49 48
f 40 41 50 49
f 41 42 51 50
f 42 43 52 51
f 43 44 53 52
f 44 45 54 53
f 45 37 46 54
o Stem
v 0.015 0 -0.02
v 0.024 0 0.008
v 0 0 0.025
v -0.024 0 0.008
v -0.015 0 -0.02
v 0.015 0.18 -0.02
v 0.024 0.18 0.008
v 0 0.18 0.025
v -0.024 0.18 0.008
v -0.015 0.18 -0.02
usemtl Bark
s off
f 59 58 57 56 55
f 60 61 62 63 64
f 55 56 61 60
f 56 57 62 61
f 57 58 63 62
f 58 59 64 63
f 59 55 60 64
o Leaves
v -0.817 0.05 0.264
v -0.77 0.05 0.126
v -0.635 0.05 0.06
v -0.491 0.05 0.106
v -0.423 0.05 0.236
v -0.47 0.05 0.374
v -0.605 0.05 0.44
v -0.749 0.05 0.394
v -0.979 0.216 0.276
v -0.893 0.216 0.025
v -0.647 0.216 -0.095
v -0.385 0.216 -0.012
v -0.261 0.216 0.224
v -0.347 0.216 0.475
v -0.593 0.216 0.595
v -0.855 0.216 0.512
usemtl Paint
s off
f 72 71 70 69 68 67 66 65
f 73 74 75 76 77 78 79 80
f 65 66 74 73
f 66 67 75 74
f 67 68 76 75
f 68 69 77 76
f 69 70 78 77
f 70 71 79 78
f 71 72 80 79
f 72 65 73 80
o Leaves
v -0.971 0.216 0.173
v -0.811 0.216 -0.043
v -0.54 0.216 -0.087
v -0.315 0.216 0.066
v -0.269 0.216 0.327
v -0.429 0.216 0.543
v -0.7 0.216 0.587
v -0.925 0.216 0.434
v -0.918 0.437 0.185
v -0.783 0.437 0.001
v -0.552 0.437 -0.036
v -0.361 0.437 0.094
v -0.322 0.437 0.315
v -0.457 0.437 0.499
v -0.688 0.437 0.536
v -0.879 0.437 0.406
usemtl Paint
s off
f 88 87 86 85 84 83 82 81
f 89 90 91 92 93 94 95 96
f 81 82 90 89
f 82 83 91 90
f 83 84 92 91
f 84 85 93 92
f 85 86 94 93
f 86 87 95 94
f 87 88 96 95
f 88 81 89 96
o Leaves
v -0.885 0.437 0.103
v -0.699 0.437 -0.034
v -0.467 0.437 -0.004
v -0.324 0.437 0.174
v -0.355 0.437 0.397
v -0.541 0.437 0.534
v -0.773 0.437 0.504
v -0.916 0.437 0.326
v -0.713 0.603 0.198
v -0.648 0.603 0.15
v -0.566 0.603 0.16
v -0.516 0.603 0.223
v -0.527 0.603 0.302
v -0.592 0.603 0.35
v -0.674 0.603 0.34
v -0.724 0.603 0.277
usemtl Paint
s off
f 104 103 102 101 100 99 98 97
f 105 106 107 108 109 110 111 112
f 97 98 106 105
f 98 99 107 106
f 99 100 108 107
f 100 101 109 108
f 101 102 110 109
f 102 103 111 110
f 103 104 112 111
f 104 97 105 112
o Stem
v -0.605 0.002 0.23
v -0.596 0.001 0.258
v -0.62 -0.001 0.275
v -0.644 -0.002 0.258
v -0.635 0 0.23
v -0.618 0.182 0.235
v -0.609 0.181 0.263
v -0.632 0.179 0.28
v -0.656 0.178 0.263
v -0.647 0.18 0.235
usemtl Bark
s off
f 117 116 115 114 113
f 118 119 120 121 122
f 113 114 119 118
f 114 115 120 119
f 115 116 121 120
f 116 117 122 121
f 117 113 118 122
o Leaves
v 0.813 0.05 0.211
v 0.728 0.05 0.348
v 0.583 0.05 0.393
v 0.446 0.05 0.324
v 0.381 0.05 0.173
v 0.419 0.05 0.012
v 0.541 0.05 -0.085
v 0.691 0.05 -0.072
v 0.799 0.05 0.045
v 0.987 0.228 0.261
v 0.832 0.228 0.511
v 0.569 0.228 0.592
v 0.32 0.228 0.466
v 0.202 0.228 0.193
v 0.27 0.228 -0.101
v 0.493 0.228 -0.277
v 0.766 0.228 -0.253
v 0.961 0.228 -0.041
usemtl LeafDark
s off
f 131 130 129 128 127 126 125 124 123
f 132 133 134 135 136 137 138 139 140
f 123 124 133 132
f 124 125 134 133
f 125 126 135 134
f 126 127 136 135
f 127 128 137 136
f 128 129 138 137
f 129 130 139 138
f 130 131 140 139
f 131 123 132 140
o Leaves
v 0.94 0.228 0.383
v 0.726 0.228 0.571
v 0.452 0.228 0.562
v 0.248 0.228 0.36
v 0.208 0.228 0.06
v 0.352 0.228 -0.198
v 0.612 0.228 -0.293
v 0.866 0.228 -0.181
v 0.996 0.228 0.086
v 0.889 0.466 0.348
v 0.707 0.466 0.508
v 0.474 0.466 0.5
v 0.301 0.466 0.329
v 0.267 0.466 0.074
v 0.389 0.466 -0.146
v 0.61 0.466 -0.227
v 0.826 0.466 -0.131
v 0.936 0.466 0.095
usemtl LeafDark
s off
f 149 148 147 146 145 144 143 142 141
f 150 151 152 153 154 155 156 157 158
f 141 142 151 150
f 142 143 152 151
f 143 144 153 152
f 144 145 154 153
f 145 146 155 154
f 146 147 156 155
f 147 148 157 156
f 148 149 158 157
f 149 141 150 158
o Leaves
v 0.824 0.466 0.434
v 0.607 0.466 0.527
v 0.387 0.466 0.443
v 0.266 0.466 0.223
v 0.302 0.466 -0.032
v 0.477 0.466 -0.201
v 0.71 0.466 -0.207
v 0.891 0.466 -0.045
v 0.936 0.466 0.208
v 0.679 0.644 0.25
v 0.602 0.644 0.283
v 0.525 0.644 0.254
v 0.482 0.644 0.176
v 0.495 0.644 0.086
v 0.557 0.644 0.026
v 0.639 0.644 0.024
v 0.703 0.644 0.081
v 0.719 0.644 0.171
usemtl LeafDark
s off
f 167 166 165 164 163 162 161 160 159
f 168 169 170 171 172 173 174 175 176
f 159 160 169 168
f 160 161 170 169
f 161 162 171 170
f 162 163 172 171
f 163 164 173 172
f 164 165 174 173
f 165 166 175 174
f 166 167 176 175
f 167 159 168 176
o Stem
v 0.615 -0.001 0.13
v 0.624 -0.002 0.158
v 0.6 0 0.175
v 0.576 0.001 0.158
v 0.585 0.001 0.13
v 0.627 0.179 0.133
v 0.636 0.178 0.161
v 0.612 0.18 0.178
v 0.588 0.181 0.161
v 0.597 0.181 0.133
usemtl Bark
s off
f 181 180 179 178 177
f 182 183 184 185 186
f 177 178 183 182
f 178 179 184 183
f 179 180 185 184
f 180 181 186 185
f 181 177 182 186
o Leaves
v 0.225 0.05 -0.373
v 0.086 0.05 -0.408
v 0 0.05 -0.533
v 0.008 0.05 -0.689
v 0.105 0.05 -0.804
v 0.247 0.05 -0.823
v 0.367 0.05 -0.737
v 0.409 0.05 -0.588
v 0.353 0.05 -0.444
v 0.246 0.233 -0.187
v -0.007 0.233 -0.252
v -0.163 0.233 -0.479
v -0.15 0.233 -0.763
v 0.028 0.233 -0.97
v 0.286 0.233 -1.005
v 0.504 0.233 -0.85
v 0.579 0.233 -0.578
v 0.478 0.233 -0.316
usemtl Paint
s off
f 195 194 193 192 191 190 189 188 187
f 196 197 198 199 200 201 202 203 204
f 187 188 197 196
f 188 189 198 197
f 189 190 199 198
f 190 191 200 199
f 191 192 201 200
f 192 193 202 201
f 193 194 203 202
f 194 195 204 203
f 195 187 196 204
o Leaves
v 0.133 0.233 -0.191
v -0.092 0.233 -0.334
v -0.18 0.233 -0.602
v -0.09 0.233 -0.868
v 0.135 0.233 -1.01
v 0.391 0.233 -0.959
v 0.558 0.233 -0.741
v 0.557 0.233 -0.456
v 0.389 0.233 -0.239
v 0.143 0.477 -0.252
v -0.048 0.477 -0.374
v -0.123 0.477 -0.601
v -0.047 0.477 -0.828
v 0.145 0.477 -0.948
v 0.363 0.477 -0.905
v 0.504 0.477 -0.72
v 0.503 0.477 -0.478
v 0.36 0.477 -0.293
usemtl Paint
s off
f 213 212 211 210 209 208 207 206 205
f 214 215 216 217 218 219 220 221 222
f 205 206 215 214
f 206 207 216 215
f 207 208 217 216
f 208 209 218 217
f 209 210 219 218
f 210 211 220 219
f 211 212 221 220
f 212 213 222 221
f 213 205 214 222
o Leaves
v 0.051 0.477 -0.286
v -0.098 0.477 -0.464
v -0.108 0.477 -0.706
v 0.026 0.477 -0.898
v 0.242 0.477 -0.95
v 0.438 0.477 -0.839
v 0.523 0.477 -0.616
v 0.457 0.477 -0.385
v 0.27 0.477 -0.255
v 0.148 0.66 -0.489
v 0.095 0.66 -0.552
v 0.091 0.66 -0.637
v 0.139 0.66 -0.705
v 0.215 0.66 -0.724
v 0.284 0.66 -0.684
v 0.314 0.66 -0.606
v 0.291 0.66 -0.524
v 0.225 0.66 -0.478
usemtl Paint
s off
f 231 230 229 228 227 226 225 224 223
f 232 233 234 235 236 237 238 239 240
f 223 224 233 232
f 224 225 234 233
f 225 226 235 234
f 226 227 236 235
f 227 228 237 236
f 228 229 238 237
f 229 230 239 238
f 230 231 240 239
f 231 223 232 240
o Stem
v 0.215 -0.002 -0.62
v 0.224 0 -0.592
v 0.2 0.002 -0.575
v 0.176 0.001 -0.592
v 0.185 -0.001 -0.62
v 0.219 0.178 -0.632
v 0.228 0.18 -0.604
v 0.204 0.182 -0.587
v 0.18 0.181 -0.604
v 0.189 0.179 -0.632
usemtl Bark
s off
f 245 244 243 242 241
f 246 247 248 249 250
f 241 242 247 246
f 242 243 248 247
f 243 244 249 248
f 244 245 250 249
f 245 241 246 250
o Leaves
v -0.119 0.05 0.738
v -0.183 0.05 0.876
v -0.316 0.05 0.923
v -0.439 0.05 0.851
v -0.481 0.05 0.702
v -0.417 0.05 0.564
v -0.284 0.05 0.517
v -0.161 0.05 0.589
v 0.029 0.194 0.752
v -0.088 0.194 1.003
v -0.329 0.194 1.088
v -0.553 0.194 0.958
v -0.629 0.194 0.688
v -0.512 0.194 0.437
v -0.271 0.194 0.352
v -0.047 0.194 0.482
usemtl Paint
s off
f 258 257 256 255 254 253 252 251
f 259 260 261 262 263 264 265 266
f 251 252 260 259
f 252 253 261 260
f 253 254 262 261
f 254 255 263 262
f 255 256 264 263
f 256 257 265 264
f 257 258 266 265
f 258 251 259 266
o Leaves
v 0.006 0.194 0.86
v -0.172 0.194 1.061
v -0.424 0.194 1.062
v -0.604 0.194 0.864
v -0.606 0.194 0.58
v -0.428 0.194 0.379
v -0.176 0.194 0.378
v 0.004 0.194 0.576
v -0.04 0.387 0.839
v -0.191 0.387 1.01
v -0.406 0.387 1.011
v -0.559 0.387 0.842
v -0.56 0.387 0.601
v -0.409 0.387 0.43
v -0.194 0.387 0.429
v -0.041 0.387 0.598
usemtl Paint
s off
f 274 273 272 271 270 269 268 267
f 275 276 277 278 279 280 281 282
f 267 268 276 275
f 268 269 277 276
f 269 270 278 277
f 270 271 279 278
f 271 272 280 279
f 272 273 281 280
f 273 274 282 281
f 274 267 275 282
o Leaves
v -0.083 0.387 0.919
v -0.272 0.387 1.033
v -0.478 0.387 0.963
v -0.579 0.387 0.751
v -0.517 0.387 0.521
v -0.328 0.387 0.407
v -0.122 0.387 0.477
v -0.021 0.387 0.689
v -0.223 0.531 0.79
v -0.29 0.531 0.83
v -0.363 0.531 0.806
v -0.399 0.531 0.731
v -0.377 0.531 0.65
v -0.31 0.531 0.61
v -0.237 0.531 0.634
v -0.201 0.531 0.709
usemtl Paint
s off
f 290 289 288 287 286 285 284 283
f 291 292 293 294 295 296 297 298
f 283 284 292 291
f 284 285 293 292
f 285 286 294 293
f 286 287 295 294
f 287 288 296 295
f 288 289 297 296
f 289 290 298 297
f 290 283 291 298
o Stem
v -0.285 0.002 0.7
v -0.276 0 0.728
v -0.3 -0.002 0.745
v -0.324 -0.001 0.728
v -0.315 0.001 0.7
v -0.291 0.182 0.714
v -0.282 0.18 0.742
v -0.306 0.178 0.759
v -0.33 0.179 0.742
v -0.321 0.181 0.714
usemtl Bark
s off
f 303 302 301 300 299
f 304 305 306 307 308
f 299 300 305 304
f 300 301 306 305
f 301 302 307 306
f 302 303 308 307
f 303 299 304 308
o Leaves
v 0.725 0.05 -0.387
v 0.619 0.05 -0.353
v 0.513 0.05 -0.388
v 0.457 0.05 -0.475
v 0.478 0.05 -0.574
v 0.564 0.05 -0.638
v 0.677 0.05 -0.638
v 0.763 0.05 -0.573
v 0.782 0.05 -0.474
v 0.812 0.188 -0.295
v 0.619 0.188 -0.233
v 0.426 0.188 -0.296
v 0.324 0.188 -0.455
v 0.361 0.188 -0.635
v 0.519 0.188 -0.751
v 0.724 0.188 -0.751
v 0.881 0.188 -0.632
v 0.915 0.188 -0.452
usemtl LeafDark
s off
f 317 316 315 314 313 312 311 310 309
f 318 319 320 321 322 323 324 325 326
f 309 310 319 318
f 310 311 320 319
f 311 312 321 320
f 312 313 322 321
f 313 314 323 322
f 314 315 324 323
f 315 316 325 324
f 316 317 326 325
f 317 309 318 326
o Leaves
v 0.735 0.188 -0.253
v 0.53 0.188 -0.245
v 0.367 0.188 -0.356
v 0.323 0.188 -0.535
v 0.417 0.188 -0.697
v 0.607 0.188 -0.767
v 0.802 0.188 -0.712
v 0.913 0.188 -0.558
v 0.886 0.188 -0.377
v 0.718 0.372 -0.29
v 0.543 0.372 -0.283
v 0.405 0.372 -0.378
v 0.367 0.372 -0.53
v 0.448 0.372 -0.667
v 0.609 0.372 -0.727
v 0.775 0.372 -0.68
v 0.869 0.372 -0.549
v 0.846 0.372 -0.395
usemtl LeafDark
s off
f 335 334 333 332 331 330 329 328 327
f 336 337 338 339 340 341 342 343 344
f 327 328 337 336
f 328 329 338 337
f 329 330 339 338
f 330 331 340 339
f 331 332 341 340
f 332 333 342 341
f 333 334 343 342
f 334 335 344 343
f 335 327 336 344
o Leaves
v 0.644 0.372 -0.274
v 0.475 0.372 -0.313
v 0.374 0.372 -0.44
v 0.388 0.372 -0.595
v 0.511 0.372 -0.705
v 0.685 0.372 -0.72
v 0.828 0.372 -0.631
v 0.874 0.372 -0.482
v 0.801 0.372 -0.34
v 0.628 0.509 -0.42
v 0.569 0.509 -0.434
v 0.533 0.509 -0.479
v 0.538 0.509 -0.533
v 0.581 0.509 -0.572
v 0.643 0.509 -0.578
v 0.693 0.509 -0.546
v 0.71 0.509 -0.493
v 0.684 0.509 -0.444
usemtl LeafDark
s off
f 353 352 351 350 349 348 347 346 345
f 354 355 356 357 358 359 360 361 362
f 345 346 355 354
f 346 347 356 355
f 347 348 357 356
f 348 349 358 357
f 349 350 359 358
f 350 351 360 359
f 351 352 361 360
f 352 353 362 361
f 353 345 354 362
o Stem
v 0.635 -0.002 -0.52
v 0.644 -0.001 -0.492
v 0.62 0.001 -0.475
v 0.596 0.002 -0.492
v 0.605 0 -0.52
v 0.647 0.178 -0.53
v 0.656 0.179 -0.502
v 0.632 0.181 -0.485
v 0.609 0.182 -0.502
v 0.618 0.18 -0.53
usemtl Bark
s off
f 367 366 365 364 363
f 368 369 370 371 372
f 363 364 369 368
f 364 365 370 369
f 365 366 371 370
f 366 367 372 371
f 367 363 368 372
o Leaves
v -0.819 0.05 -0.401
v -0.811 0.05 -0.519
v -0.728 0.05 -0.604
v -0.609 0.05 -0.617
v -0.508 0.05 -0.552
v -0.474 0.05 -0.439
v -0.523 0.05 -0.331
v -0.63 0.05 -0.279
v -0.747 0.05 -0.307
v -0.957 0.19 -0.362
v -0.943 0.19 -0.575
v -0.792 0.19 -0.73
v -0.575 0.19 -0.754
v -0.392 0.19 -0.636
v -0.331 0.19 -0.43
v -0.418 0.19 -0.234
v -0.615 0.19 -0.139
v -0.827 0.19 -0.189
usemtl Paint
s off
f 381 380 379 378 377 376 375 374 373
f 382 383 384 385 386 387 388 389 390
f 373 374 383 382
f 374 375 384 383
f 375 376 385 384
f 376 377 386 385
f 377 378 387 386
f 378 379 388 387
f 379 380 389 388
f 380 381 390 389
f 381 373 382 390
o Leaves
v -0.97 0.19 -0.454
v -0.892 0.19 -0.655
v -0.701 0.19 -0.759
v -0.486 0.19 -0.719
v -0.348 0.19 -0.553
v -0.351 0.19 -0.339
v -0.494 0.19 -0.177
v -0.71 0.19 -0.143
v -0.898 0.19 -0.252
v -0.922 0.377 -0.454
v -0.856 0.377 -0.624
v -0.693 0.377 -0.713
v -0.511 0.377 -0.679
v -0.393 0.377 -0.537
v -0.396 0.377 -0.355
v -0.517 0.377 -0.218
v -0.701 0.377 -0.189
v -0.861 0.377 -0.282
usemtl Paint
s off
f 399 398 397 396 395 394 393 392 391
f 400 401 402 403 404 405 406 407 408
f 391 392 401 400
f 392 393 402 401
f 393 394 403 402
f 394 395 404 403
f 395 396 405 404
f 396 397 406 405
f 397 398 407 406
f 398 399 408 407
f 399 391 400 408
o Leaves
v -0.909 0.377 -0.532
v -0.794 0.377 -0.676
v -0.612 0.377 -0.713
v -0.448 0.377 -0.628
v -0.378 0.377 -0.459
v -0.436 0.377 -0.286
v -0.593 0.377 -0.19
v -0.778 0.377 -0.215
v -0.902 0.377 -0.35
v -0.741 0.517 -0.479
v -0.701 0.517 -0.53
v -0.637 0.517 -0.543
v -0.579 0.517 -0.513
v -0.554 0.517 -0.453
v -0.574 0.517 -0.392
v -0.63 0.517 -0.358
v -0.695 0.517 -0.367
v -0.739 0.517 -0.415
usemtl Paint
s off
f 417 416 415 414 413 412 411 410 409
f 418 419 420 421 422 423 424 425 426
f 409 410 419 418
f 410 411 420 419
f 411 412 421 420
f 412 413 422 421
f 413 414 423 422
f 414 415 424 423
f 415 416 425 424
f 416 417 426 425
f 417 409 418 426
o Stem
v -0.635 0 -0.47
v -0.626 0.002 -0.442
v -0.65 0.001 -0.425
v -0.674 -0.001 -0.442
v -0.665 -0.002 -0.47
v -0.648 0.18 -0.479
v -0.639 0.182 -0.451
v -0.663 0.181 -0.434
v -0.687 0.179 -0.451
v -0.678 0.178 -0.479
usemtl Bark
s off
f 431 430 429 428 427
f 432 433 434 435 436
f 427 428 433 432
f 428 429 434 433
f 429 430 435 434
f 430 431 436 435
f 431 427 432 436
o Leaf
v 0.682 0.424 -0.633
v 0.595 0.424 -0.645
v 0.604 0.367 -0.71
v 0.691 0.367 -0.699
v 0.665 0.532 -0.781
v 0.652 0.532 -0.783
v 0.653 0.524 -0.792
v 0.666 0.524 -0.79
usemtl LeafLight
s off
f 440 439 438 437
f 441 442 443 444
f 437 438 442 441
f 438 439 443 442
f 439 440 444 443
f 440 437 441 444
o Leaf
v -0.517 0.482 0.467
v -0.448 0.482 0.413
v -0.423 0.404 0.444
v -0.492 0.404 0.499
v -0.387 0.523 0.571
v -0.377 0.523 0.563
v -0.374 0.511 0.568
v -0.384 0.511 0.576
usemtl Paint
s off
f 448 447 446 445
f 449 450 451 452
f 445 446 450 449
f 446 447 451 450
f 447 448 452 451
f 448 445 449 452
o Leaf
v 0.8 0.456 -0.12
v 0.729 0.456 -0.172
v 0.75 0.376 -0.201
v 0.821 0.376 -0.149
v 0.844 0.47 -0.244
v 0.834 0.47 -0.252
v 0.837 0.458 -0.256
v 0.847 0.458 -0.248
usemtl Paint
s off
f 456 455 454 453
f 457 458 459 460
f 453 454 458 457
f 454 455 459 458
f 455 456 460 459
f 456 453 457 460
o Leaf
v 0.49 0.437 0.501
v 0.577 0.437 0.513
v 0.574 0.352 0.535
v 0.487 0.352 0.524
v 0.501 0.449 0.695
v 0.514 0.449 0.697
v 0.514 0.437 0.7
v 0.501 0.437 0.699
usemtl Paint
s off
f 464 463 462 461
f 465 466 467 468
f 461 462 466 465
f 462 463 467 466
f 463 464 468 467
f 464 461 465 468
o Leaf
v 0.076 0.588 -0.461
v 0.149 0.588 -0.413
v 0.116 0.526 -0.361
v 0.042 0.526 -0.409
v 0.038 0.659 -0.335
v 0.049 0.659 -0.328
v 0.044 0.65 -0.32
v 0.033 0.65 -0.327
usemtl LeafLight
s off
f 472 471 470 469
f 473 474 475 476
f 469 470 474 473
f 470 471 475 474
f 471 472 476 475
f 472 469 473 476
o Leaf
v -0.9 0.347 0.135
v -0.918 0.347 0.221
v -0.94 0.262 0.217
v -0.923 0.262 0.13
v -1.077 0.354 0.138
v -1.08 0.354 0.151
v -1.083 0.342 0.15
v -1.08 0.342 0.137
usemtl Paint
s off
f 480 479 478 477
f 481 482 483 484
f 477 478 482 481
f 478 479 483 482
f 479 480 484 483
f 480 477 481 484
o Leaf
v -0.062 0.456 0.423
v 0.026 0.456 0.428
v 0.025 0.37 0.447
v -0.063 0.37 0.443
v -0.033 0.456 0.598
v -0.02 0.456 0.598
v -0.02 0.443 0.601
v -0.033 0.443 0.601
usemtl Paint
s off
f 488 487 486 485
f 489 490 491 492
f 485 486 490 489
f 486 487 491 490
f 487 488 492 491
f 488 485 489 492
o Leaf
v -0.859 0.366 -0.344
v -0.816 0.366 -0.267
v -0.856 0.291 -0.245
v -0.899 0.291 -0.322
v -0.967 0.41 -0.24
v -0.961 0.41 -0.229
v -0.967 0.399 -0.226
v -0.973 0.399 -0.237
usemtl Paint
s off
f 496 495 494 493
f 497 498 499 500
f 493 494 498 497
f 494 495 499 498
f 495 496 500 499
f 496 493 497 500
o Leaf
v -0.549 0.484 0.048
v -0.636 0.484 0.034
v -0.626 0.424 -0.029
v -0.539 0.424 -0.015
v -0.564 0.573 -0.092
v -0.577 0.573 -0.094
v -0.576 0.564 -0.103
v -0.563 0.564 -0.101
usemtl LeafLight
s off
f 504 503 502 501
f 505 506 507 508
f 501 502 506 505
f 502 503 507 506
f 503 504 508 507
f 504 501 505 508
o Leaf
v -0.857 0.37 0.08
v -0.899 0.37 0.157
v -0.93 0.289 0.141
v -0.888 0.289 0.063
v -0.99 0.385 0.052
v -0.996 0.385 0.063
v -1.001 0.374 0.061
v -0.995 0.374 0.049
usemtl Paint
s off
f 512 511 510 509
f 513 514 515 516
f 509 510 514 513
f 510 511 515 514
f 511 512 516 515
f 512 509 513 516
o Leaf
v 0.535 0.451 0.501
v 0.623 0.451 0.506
v 0.621 0.369 0.537
v 0.533 0.369 0.531
v 0.563 0.467 0.651
v 0.576 0.467 0.652
v 0.575 0.455 0.657
v 0.563 0.455 0.656
usemtl Paint
s off
f 520 519 518 517
f 521 522 523 524
f 517 518 522 521
f 518 519 523 522
f 519 520 524 523
f 520 517 521 524
o Leaf
v -0.654 0.47 0.482
v -0.566 0.47 0.478
v -0.564 0.4 0.532
v -0.652 0.4 0.535
v -0.611 0.548 0.645
v -0.598 0.548 0.645
v -0.598 0.538 0.653
v -0.61 0.538 0.653
usemtl Paint
s off
f 528 527 526 525
f 529 530 531 532
f 525 526 530 529
f 526 527 531 530
f 527 528 532 531
f 528 525 529 532
o Leaf
v 0.232 0.458 -0.279
v 0.319 0.458 -0.293
v 0.326 0.381 -0.252
v 0.239 0.381 -0.238
v 0.297 0.509 -0.116
v 0.309 0.509 -0.118
v 0.31 0.497 -0.112
v 0.298 0.497 -0.11
usemtl LeafLight
s off
f 536 535 534 533
f 537 538 539 540
f 533 534 538 537
f 534 535 539 538
f 535 536 540 539
f 536 533 537 540
o Leaf
v -0.05 0.414 0.43
v 0.038 0.414 0.431
v 0.038 0.327 0.441
v -0.05 0.327 0.44
v -0.014 0.396 0.597
v -0.002 0.396 0.598
v -0.002 0.383 0.599
v -0.014 0.383 0.599
usemtl Paint
s off
f 544 543 542 541
f 545 546 547 548
f 541 542 546 545
f 542 543 547 546
f 543 544 548 547
f 544 541 545 548
o Leaf
v -0.663 0.399 -0.67
v -0.744 0.399 -0.634
v -0.766 0.331 -0.685
v -0.686 0.331 -0.721
v -0.746 0.448 -0.763
v -0.758 0.448 -0.758
v -0.761 0.438 -0.765
v -0.749 0.438 -0.77
usemtl Paint
s off
f 552 551 550 549
f 553 554 555 556
f 549 550 554 553
f 550 551 555 554
f 551 552 556 555
f 552 549 553 556
o Leaf
v 0.741 0.465 -0.166
v 0.657 0.465 -0.193
v 0.666 0.382 -0.222
v 0.75 0.382 -0.195
v 0.761 0.492 -0.354
v 0.749 0.492 -0.358
v 0.75 0.48 -0.362
v 0.762 0.48 -0.358
usemtl Paint
s off
f 560 559 558 557
f 561 562 563 564
f 557 558 562 561
f 558 559 563 562
f 559 560 564 563
f 560 557 561 564
o Leaf
v -0.477 0.456 0.753
v -0.42 0.456 0.82
v -0.475 0.408 0.868
v -0.533 0.408 0.802
v -0.542 0.569 0.859
v -0.533 0.569 0.869
v -0.541 0.562 0.876
v -0.55 0.562 0.866
usemtl LeafLight
s off
f 568 567 566 565
f 569 570 571 572
f 565 566 570 569
f 566 567 571 570
f 567 568 572 571
f 568 565 569 572
o Leaf
v 0.371 0.538 -0.103
v 0.342 0.538 -0.186
v 0.388 0.465 -0.203
v 0.418 0.465 -0.12
v 0.504 0.596 -0.191
v 0.5 0.596 -0.203
v 0.506 0.585 -0.205
v 0.511 0.585 -0.193
usemtl Paint
s off
f 576 575 574 573
f 577 578 579 580
f 573 574 578 577
f 574 575 579 578
f 575 576 580 579
f 576 573 577 580
o Leaf
v -0.883 0.372 -0.515
v -0.893 0.372 -0.428
v -0.934 0.295 -0.432
v -0.924 0.295 -0.52
v -1.027 0.405 -0.494
v -1.029 0.405 -0.481
v -1.034 0.393 -0.482
v -1.033 0.393 -0.495
usemtl Paint
s off
f 584 583 582 581
f 585 586 587 588
f 581 582 586 585
f 582 583 587 586
f 583 584 588 587
f 584 581 585 588
o Leaf
v 0.378 0.544 0.05
v 0.364 0.544 0.137
v 0.313 0.473 0.128
v 0.327 0.473 0.042
v 0.22 0.609 0.062
v 0.218 0.609 0.075
v 0.211 0.599 0.073
v 0.213 0.599 0.061
usemtl Paint
s off
f 592 591 590 589
f 593 594 595 596
f 589 590 594 593
f 590 591 595 594
f 591 592 596 595
f 592 589 593 596
o Leaf
v 0.712 0.477 0.461
v 0.788 0.477 0.415
v 0.809 0.399 0.451
v 0.734 0.399 0.496
v 0.828 0.519 0.579
v 0.838 0.519 0.573
v 0.842 0.508 0.578
v 0.831 0.508 0.584
usemtl LeafLight
s off
f 600 599 598 597
f 601 602 603 604
f 597 598 602 601
f 598 599 603 602
f 599 600 604 603
f 600 597 601 604
o Leaf
v -0.87 0.362 0.408
v -0.809 0.362 0.471
v -0.83 0.279 0.492
v -0.891 0.279 0.428
v -0.958 0.378 0.545
v -0.949 0.378 0.554
v -0.952 0.366 0.557
v -0.961 0.366 0.548
usemtl Paint
s off
f 608 607 606 605
f 609 610 611 612
f 605 606 610 609
f 606 607 611 610
f 607 608 612 611
f 608 605 609 612
o Leaf
v 0.262 0.542 0.273
v 0.331 0.542 0.217
v 0.359 0.467 0.252
v 0.291 0.467 0.308
v 0.392 0.593 0.373
v 0.402 0.593 0.365
v 0.406 0.582 0.37
v 0.396 0.582 0.378
usemtl Paint
s off
f 616 615 614 613
f 617 618 619 620
f 613 614 618 617
f 614 615 619 618
f 615 616 620 619
f 616 613 617 620
o Leaf
v 0.475 0.594 0.109
v 0.478 0.594 0.197
v 0.405 0.545 0.199
v 0.402 0.545 0.111
v 0.357 0.704 0.15
v 0.358 0.704 0.163
v 0.347 0.697 0.163
v 0.347 0.697 0.15
usemtl Paint
s off
f 624 623 622 621
f 625 626 627 628
f 621 622 626 625
f 622 623 627 626
f 623 624 628 627
f 624 621 625 628
o Leaf
v 0.235 0.554 -0.31
v 0.156 0.554 -0.348
v 0.171 0.474 -0.381
v 0.251 0.474 -0.343
v 0.276 0.59 -0.484
v 0.265 0.59 -0.489
v 0.267 0.579 -0.494
v 0.278 0.579 -0.488
usemtl LeafLight
s off
f 632 631 630 629
f 633 634 635 636
f 629 630 634 633
f 630 631 635 634
f 631 632 636 635
f 632 629 633 636
o Leaf
v -0.912 0.32 -0.465
v -0.902 0.32 -0.378
v -0.933 0.237 -0.374
v -0.943 0.237 -0.462
v -1.099 0.351 -0.406
v -1.098 0.351 -0.393
v -1.102 0.339 -0.393
v -1.104 0.339 -0.405
usemtl Paint
s off
f 640 639 638 637
f 641 642 643 644
f 637 638 642 641
f 638 639 643 642
f 639 640 644 643
f 640 637 641 644
o Leaf
v -0.521 0.379 -0.019
v -0.608 0.379 -0.034
v -0.603 0.295 -0.062
v -0.516 0.295 -0.047
v -0.531 0.393 -0.183
v -0.543 0.393 -0.185
v -0.543 0.381 -0.189
v -0.53 0.381 -0.187
usemtl Paint
s off
f 648 647 646 645
f 649 650 651 652
f 645 646 650 649
f 646 647 651 650
f 647 648 652 651
f 648 645 649 652
o Leaf
v -0.065 0.321 0.872
v -0.027 0.321 0.793
v -0.008 0.236 0.802
v -0.046 0.236 0.881
v 0.09 0.32 0.904
v 0.095 0.32 0.892
v 0.098 0.308 0.893
v 0.093 0.308 0.905
usemtl Paint
s off
f 656 655 654 653
f 657 658 659 660
f 653 654 658 657
f 654 655 659 658
f 655 656 660 659
f 656 653 657 660
o Leaf
v -0.847 0.33 -0.619
v -0.887 0.33 -0.541
v -0.918 0.249 -0.557
v -0.878 0.249 -0.635
v -1.027 0.368 -0.67
v -1.033 0.368 -0.659
v -1.037 0.357 -0.661
v -1.032 0.357 -0.673
usemtl LeafLight
s off
f 664 663 662 661
f 665 666 667 668
f 661 662 666 665
f 662 663 667 666
f 663 664 668 667
f 664 661 665 668
o Leaf
v 0.581 0.467 -0.477
v 0.581 0.454 -0.39
v 0.496 0.434 -0.393
v 0.496 0.447 -0.48
v 0.502 0.635 -0.415
v 0.502 0.634 -0.403
v 0.489 0.631 -0.403
v 0.489 0.633 -0.416
usemtl Paint
s off
f 672 671 670 669
f 673 674 675 676
f 669 670 674 673
f 670 671 675 674
f 671 672 676 675
f 672 669 673 676
o Leaf
v 0.198 0.532 0.346
v 0.271 0.532 0.297
v 0.288 0.45 0.322
v 0.215 0.45 0.372
v 0.331 0.559 0.476
v 0.341 0.559 0.469
v 0.344 0.547 0.472
v 0.333 0.547 0.479
usemtl Paint
s off
f 680 679 678 677
f 681 682 683 684
f 677 678 682 681
f 678 679 683 682
f 679 680 684 683
f 680 677 681 684
o Leaf
v -0.407 0.342 -0.554
v -0.466 0.342 -0.618
v -0.444 0.26 -0.639
v -0.384 0.26 -0.574
v -0.318 0.36 -0.687
v -0.326 0.36 -0.696
v -0.323 0.348 -0.699
v -0.315 0.348 -0.69
usemtl Paint
s off
f 688 687 686 685
f 689 690 691 692
f 685 686 690 689
f 686 687 691 690
f 687 688 692 691
f 688 685 689 692
o Leaf
v -0.483 0.33 -0.251
v -0.424 0.33 -0.315
v -0.406 0.246 -0.3
v -0.466 0.246 -0.235
v -0.338 0.337 -0.169
v -0.329 0.337 -0.178
v -0.327 0.324 -0.176
v -0.335 0.324 -0.166
usemtl LeafLight
s off
f 696 695 694 693
f 697 698 699 700
f 693 694 698 697
f 694 695 699 698
f 695 696 700 699
f 696 693 697 700
o Leaf
v 0.812 0.549 0.166
v 0.8 0.549 0.079
v 0.87 0.497 0.069
v 0.882 0.497 0.156
v 0.936 0.661 0.111
v 0.935 0.661 0.098
v 0.945 0.654 0.097
v 0.946 0.654 0.11
usemtl Paint
s off
f 704 703 702 701
f 705 706 707 708
f 701 702 706 705
f 702 703 707 706
f 703 704 708 707
f 704 701 705 708
o Berry.180
v 0.388 0.287 -0.34
v 0.348 0.287 -0.327
v 0.323 0.287 -0.361
v 0.348 0.287 -0.395
v 0.388 0.287 -0.382
v 0.4 0.338 -0.331
v 0.343 0.338 -0.313
v 0.308 0.338 -0.361
v 0.343 0.338 -0.409
v 0.4 0.338 -0.391
usemtl Blue
s off
f 713 712 711 710 709
f 714 715 716 717 718
f 709 710 715 714
f 710 711 716 715
f 711 712 717 716
f 712 713 718 717
f 713 709 714 718
o Berry.180
v 0.4 0.338 -0.331
v 0.343 0.338 -0.313
v 0.308 0.338 -0.361
v 0.343 0.338 -0.409
v 0.4 0.338 -0.391
v 0.377 0.383 -0.347
v 0.352 0.383 -0.339
v 0.336 0.383 -0.361
v 0.352 0.383 -0.383
v 0.377 0.383 -0.374
usemtl Blue
s off
f 723 722 721 720 719
f 724 725 726 727 728
f 719 720 725 724
f 720 721 726 725
f 721 722 727 726
f 722 723 728 727
f 723 719 724 728
o Berry.180.Shine
v 0.344 0.36 -0.341
v 0.344 0.36 -0.323
v 0.364 0.36 -0.323
v 0.364 0.36 -0.341
v 0.344 0.376 -0.341
v 0.344 0.376 -0.323
v 0.364 0.376 -0.323
v 0.364 0.376 -0.341
usemtl Shine
s off
f 732 731 730 729
f 733 734 735 736
f 729 730 734 733
f 730 731 735 734
f 731 732 736 735
f 732 729 733 736
o Berry.181
v 0.398 0.207 -0.408
v 0.355 0.207 -0.395
v 0.329 0.207 -0.431
v 0.355 0.207 -0.467
v 0.398 0.207 -0.453
v 0.411 0.261 -0.399
v 0.35 0.261 -0.379
v 0.313 0.261 -0.431
v 0.35 0.261 -0.482
v 0.411 0.261 -0.462
usemtl Blue
s off
f 741 740 739 738 737
f 742 743 744 745 746
f 737 738 743 742
f 738 739 744 743
f 739 740 745 744
f 740 741 746 745
f 741 737 742 746
o Berry.181
v 0.411 0.261 -0.399
v 0.35 0.261 -0.379
v 0.313 0.261 -0.431
v 0.35 0.261 -0.482
v 0.411 0.261 -0.462
v 0.387 0.309 -0.416
v 0.359 0.309 -0.407
v 0.343 0.309 -0.431
v 0.359 0.309 -0.454
v 0.387 0.309 -0.445
usemtl Blue
s off
f 751 750 749 748 747
f 752 753 754 755 756
f 747 748 753 752
f 748 749 754 753
f 749 750 755 754
f 750 751 756 755
f 751 747 752 756
o Berry.182
v -0.275 0.415 0.198
v -0.319 0.415 0.213
v -0.346 0.415 0.175
v -0.319 0.415 0.138
v -0.275 0.415 0.152
v -0.262 0.471 0.208
v -0.325 0.471 0.229
v -0.363 0.471 0.175
v -0.325 0.471 0.122
v -0.262 0.471 0.142
usemtl BlueDark
s off
f 761 760 759 758 757
f 762 763 764 765 766
f 757 758 763 762
f 758 759 764 763
f 759 760 765 764
f 760 761 766 765
f 761 757 762 766
o Berry.182
v -0.262 0.471 0.208
v -0.325 0.471 0.229
v -0.363 0.471 0.175
v -0.325 0.471 0.122
v -0.262 0.471 0.142
v -0.287 0.522 0.19
v -0.315 0.522 0.199
v -0.332 0.522 0.175
v -0.315 0.522 0.151
v -0.287 0.522 0.16
usemtl BlueDark
s off
f 771 770 769 768 767
f 772 773 774 775 776
f 767 768 773 772
f 768 769 774 773
f 769 770 775 774
f 770 771 776 775
f 771 767 772 776
o Berry.182.Shine
v -0.324 0.496 0.198
v -0.324 0.496 0.217
v -0.302 0.496 0.217
v -0.302 0.496 0.198
v -0.324 0.513 0.198
v -0.324 0.513 0.217
v -0.302 0.513 0.217
v -0.302 0.513 0.198
usemtl Shine
s off
f 780 779 778 777
f 781 782 783 784
f 777 778 782 781
f 778 779 783 782
f 779 780 784 783
f 780 777 781 784
o Berry.183
v -0.229 0.338 0.266
v -0.272 0.338 0.28
v -0.299 0.338 0.243
v -0.272 0.338 0.206
v -0.229 0.338 0.22
v -0.216 0.393 0.276
v -0.277 0.393 0.296
v -0.315 0.393 0.243
v -0.277 0.393 0.191
v -0.216 0.393 0.211
usemtl BlueDark
s off
f 789 788 787 786 785
f 790 791 792 793 794
f 785 786 791 790
f 786 787 792 791
f 787 788 793 792
f 788 789 794 793
f 789 785 790 794
o Berry.183
v -0.216 0.393 0.276
v -0.277 0.393 0.296
v -0.315 0.393 0.243
v -0.277 0.393 0.191
v -0.216 0.393 0.211
v -0.24 0.443 0.258
v -0.268 0.443 0.267
v -0.285 0.443 0.243
v -0.268 0.443 0.22
v -0.24 0.443 0.229
usemtl BlueDark
s off
f 799 798 797 796 795
f 800 801 802 803 804
f 795 796 801 800
f 796 797 802 801
f 797 798 803 802
f 798 799 804 803
f 799 795 800 804
o Berry.184
v -0.729 0.368 -0.675
v -0.774 0.368 -0.661
v -0.802 0.368 -0.699
v -0.774 0.368 -0.737
v -0.729 0.368 -0.722
v -0.716 0.425 -0.665
v -0.779 0.425 -0.644
v -0.819 0.425 -0.699
v -0.779 0.425 -0.753
v -0.716 0.425 -0.732
usemtl Blue
s off
f 809 808 807 806 805
f 810 811 812 813 814
f 805 806 811 810
f 806 807 812 811
f 807 808 813 812
f 808 809 814 813
f 809 805 810 814
o Berry.184
v -0.716 0.425 -0.665
v -0.779 0.425 -0.644
v -0.819 0.425 -0.699
v -0.779 0.425 -0.753
v -0.716 0.425 -0.732
v -0.741 0.476 -0.683
v -0.77 0.476 -0.674
v -0.787 0.476 -0.699
v -0.77 0.476 -0.723
v -0.741 0.476 -0.714
usemtl Blue
s off
f 819 818 817 816 815
f 820 821 822 823 824
f 815 816 821 820
f 816 817 822 821
f 817 818 823 822
f 818 819 824 823
f 819 815 820 824
o Berry.184.Shine
v -0.779 0.451 -0.676
v -0.779 0.451 -0.656
v -0.756 0.451 -0.656
v -0.756 0.451 -0.676
v -0.779 0.468 -0.676
v -0.779 0.468 -0.656
v -0.756 0.468 -0.656
v -0.756 0.468 -0.676
usemtl Shine
s off
f 828 827 826 825
f 829 830 831 832
f 825 826 830 829
f 826 827 831 830
f 827 828 832 831
f 828 825 829 832
o Berry.185
v -0.786 0.343 -0.638
v -0.825 0.343 -0.625
v -0.849 0.343 -0.658
v -0.825 0.343 -0.691
v -0.786 0.343 -0.679
v -0.774 0.393 -0.629
v -0.83 0.393 -0.611
v -0.864 0.393 -0.658
v -0.83 0.393 -0.705
v -0.774 0.393 -0.687
usemtl BlueDark
s off
f 837 836 835 834 833
f 838 839 840 841 842
f 833 834 839 838
f 834 835 840 839
f 835 836 841 840
f 836 837 842 841
f 837 833 838 842
o Berry.185
v -0.774 0.393 -0.629
v -0.83 0.393 -0.611
v -0.864 0.393 -0.658
v -0.83 0.393 -0.705
v -0.774 0.393 -0.687
v -0.796 0.437 -0.645
v -0.821 0.437 -0.637
v -0.837 0.437 -0.658
v -0.821 0.437 -0.679
v -0.796 0.437 -0.671
usemtl BlueDark
s off
f 847 846 845 844 843
f 848 849 850 851 852
f 843 844 849 848
f 844 845 850 849
f 845 846 851 850
f 846 847 852 851
f 847 843 848 852
o Berry.186
v -0.7 0.327 -0.717
v -0.741 0.327 -0.703
v -0.767 0.327 -0.739
v -0.741 0.327 -0.774
v -0.7 0.327 -0.76
v -0.687 0.379 -0.707
v -0.746 0.379 -0.688
v -0.783 0.379 -0.739
v -0.746 0.379 -0.789
v -0.687 0.379 -0.77
usemtl Blue
s off
f 857 856 855 854 853
f 858 859 860 861 862
f 853 854 859 858
f 854 855 860 859
f 855 856 861 860
f 856 857 862 861
f 857 853 858 862
o Berry.186
v -0.687 0.379 -0.707
v -0.746 0.379 -0.688
v -0.783 0.379 -0.739
v -0.746 0.379 -0.789
v -0.687 0.379 -0.77
v -0.711 0.427 -0.725
v -0.737 0.427 -0.716
v -0.754 0.427 -0.739
v -0.737 0.427 -0.761
v -0.711 0.427 -0.753
usemtl Blue
s off
f 867 866 865 864 863
f 868 869 870 871 872
f 863 864 869 868
f 864 865 870 869
f 865 866 871 870
f 866 867 872 871
f 867 863 868 872
o Berry.187
v 0.481 0.343 0.576
v 0.446 0.343 0.587
v 0.424 0.343 0.558
v 0.446 0.343 0.528
v 0.481 0.343 0.539
v 0.492 0.388 0.584
v 0.442 0.388 0.6
v 0.41 0.388 0.558
v 0.442 0.388 0.515
v 0.492 0.388 0.531
usemtl Blue
s off
f 877 876 875 874 873
f 878 879 880 881 882
f 873 874 879 878
f 874 875 880 879
f 875 876 881 880
f 876 877 882 881
f 877 873 878 882
o Berry.187
v 0.492 0.388 0.584
v 0.442 0.388 0.6
v 0.41 0.388 0.558
v 0.442 0.388 0.515
v 0.492 0.388 0.531
v 0.472 0.428 0.569
v 0.449 0.428 0.577
v 0.435 0.428 0.558
v 0.449 0.428 0.538
v 0.472 0.428 0.546
usemtl Blue
s off
f 887 886 885 884 883
f 888 889 890 891 892
f 883 884 889 888
f 884 885 890 889
f 885 886 891 890
f 886 887 892 891
f 887 883 888 892
o Berry.187.Shine
v 0.442 0.408 0.576
v 0.442 0.408 0.591
v 0.46 0.408 0.591
v 0.46 0.408 0.576
v 0.442 0.422 0.576
v 0.442 0.422 0.591
v 0.46 0.422 0.591
v 0.46 0.422 0.576
usemtl Shine
s off
f 896 895 894 893
f 897 898 899 900
f 893 894 898 897
f 894 895 899 898
f 895 896 900 899
f 896 893 897 900
o Berry.188
v 0.487 0.332 0.58
v 0.454 0.332 0.591
v 0.433 0.332 0.563
v 0.454 0.332 0.534
v 0.487 0.332 0.545
v 0.498 0.375 0.588
v 0.45 0.375 0.604
v 0.42 0.375 0.563
v 0.45 0.375 0.522
v 0.498 0.375 0.537
usemtl BlueDark
s off
f 905 904 903 902 901
f 906 907 908 909 910
f 901 902 907 906
f 902 903 908 907
f 903 904 909 908
f 904 905 910 909
f 905 901 906 910
o Berry.188
v 0.498 0.375 0.588
v 0.45 0.375 0.604
v 0.42 0.375 0.563
v 0.45 0.375 0.522
v 0.498 0.375 0.537
v 0.479 0.413 0.574
v 0.457 0.413 0.581
v 0.444 0.413 0.563
v 0.457 0.413 0.544
v 0.479 0.413 0.551
usemtl BlueDark
s off
f 915 914 913 912 911
f 916 917 918 919 920
f 911 912 917 916
f 912 913 918 917
f 913 914 919 918
f 914 915 920 919
f 915 911 916 920
o Berry.189
v 0.447 0.317 0.584
v 0.411 0.317 0.596
v 0.389 0.317 0.565
v 0.411 0.317 0.535
v 0.447 0.317 0.546
v 0.458 0.363 0.592
v 0.407 0.363 0.609
v 0.375 0.363 0.565
v 0.407 0.363 0.521
v 0.458 0.363 0.538
usemtl Blue
s off
f 925 924 923 922 921
f 926 927 928 929 930
f 921 922 927 926
f 922 923 928 927
f 923 924 929 928
f 924 925 930 929
f 925 921 926 930
o Berry.189
v 0.458 0.363 0.592
v 0.407 0.363 0.609
v 0.375 0.363 0.565
v 0.407 0.363 0.521
v 0.458 0.363 0.538
v 0.438 0.404 0.577
v 0.415 0.404 0.585
v 0.401 0.404 0.565
v 0.415 0.404 0.545
v 0.438 0.404 0.553
usemtl Blue
s off
f 935 934 933 932 931
f 936 937 938 939 940
f 931 932 937 936
f 932 933 938 937
f 933 934 939 938
f 934 935 940 939
f 935 931 936 940
o Berry.190
v 0.943 0.205 -0.537
v 0.907 0.205 -0.525
v 0.885 0.205 -0.555
v 0.907 0.205 -0.586
v 0.943 0.205 -0.574
v 0.954 0.251 -0.529
v 0.903 0.251 -0.512
v 0.871 0.251 -0.555
v 0.903 0.251 -0.599
v 0.954 0.251 -0.582
usemtl Blue
s off
f 945 944 943 942 941
f 946 947 948 949 950
f 941 942 947 946
f 942 943 948 947
f 943 944 949 948
f 944 945 950 949
f 945 941 946 950
o Berry.190
v 0.954 0.251 -0.529
v 0.903 0.251 -0.512
v 0.871 0.251 -0.555
v 0.903 0.251 -0.599
v 0.954 0.251 -0.582
v 0.933 0.292 -0.543
v 0.91 0.292 -0.536
v 0.896 0.292 -0.555
v 0.91 0.292 -0.575
v 0.933 0.292 -0.568
usemtl Blue
s off
f 955 954 953 952 951
f 956 957 958 959 960
f 951 952 957 956
f 952 953 958 957
f 953 954 959 958
f 954 955 960 959
f 955 951 956 960
o Berry.190.Shine
v 0.903 0.271 -0.537
v 0.903 0.271 -0.521
v 0.921 0.271 -0.521
v 0.921 0.271 -0.537
v 0.903 0.285 -0.537
v 0.903 0.285 -0.521
v 0.921 0.285 -0.521
v 0.921 0.285 -0.537
usemtl Shine
s off
f 964 963 962 961
f 965 966 967 968
f 961 962 966 965
f 962 963 967 966
f 963 964 968 967
f 964 961 965 968
o Berry.191
v 0.886 0.151 -0.472
v 0.849 0.151 -0.46
v 0.826 0.151 -0.491
v 0.849 0.151 -0.523
v 0.886 0.151 -0.511
v 0.898 0.198 -0.464
v 0.845 0.198 -0.446
v 0.812 0.198 -0.491
v 0.845 0.198 -0.536
v 0.898 0.198 -0.519
usemtl Blue
s off
f 973 972 971 970 969
f 974 975 976 977 978
f 969 970 975 974
f 970 971 976 975
f 971 972 977 976
f 972 973 978 977
f 973 969 974 978
o Berry.191
v 0.898 0.198 -0.464
v 0.845 0.198 -0.446
v 0.812 0.198 -0.491
v 0.845 0.198 -0.536
v 0.898 0.198 -0.519
v 0.877 0.24 -0.479
v 0.853 0.24 -0.471
v 0.838 0.24 -0.491
v 0.853 0.24 -0.511
v 0.877 0.24 -0.504
usemtl Blue
s off
f 983 982 981 980 979
f 984 985 986 987 988
f 979 980 985 984
f 980 981 986 985
f 981 982 987 986
f 982 983 988 987
f 983 979 984 988
o Berry.192
v 0.513 0.324 -0.247
v 0.472 0.324 -0.234
v 0.447 0.324 -0.269
v 0.472 0.324 -0.303
v 0.513 0.324 -0.29
v 0.525 0.375 -0.238
v 0.468 0.375 -0.219
v 0.432 0.375 -0.269
v 0.468 0.375 -0.318
v 0.525 0.375 -0.299
usemtl Blue
s off
f 993 992 991 990 989
f 994 995 996 997 998
f 989 990 995 994
f 990 991 996 995
f 991 992 997 996
f 992 993 998 997
f 993 989 994 998
o Berry.192
v 0.525 0.375 -0.238
v 0.468 0.375 -0.219
v 0.432 0.375 -0.269
v 0.468 0.375 -0.318
v 0.525 0.375 -0.299
v 0.502 0.422 -0.255
v 0.476 0.422 -0.246
v 0.46 0.422 -0.269
v 0.476 0.422 -0.291
v 0.502 0.422 -0.282
usemtl Blue
s off
f 1003 1002 1001 1000 999
f 1004 1005 1006 1007 1008
f 999 1000 1005 1004
f 1000 1001 1006 1005
f 1001 1002 1007 1006
f 1002 1003 1008 1007
f 1003 999 1004 1008
o Berry.192.Shine
v 0.468 0.399 -0.248
v 0.468 0.399 -0.23
v 0.489 0.399 -0.23
v 0.489 0.399 -0.248
v 0.468 0.414 -0.248
v 0.468 0.414 -0.23
v 0.489 0.414 -0.23
v 0.489 0.414 -0.248
usemtl Shine
s off
f 1012 1011 1010 1009
f 1013 1014 1015 1016
f 1009 1010 1014 1013
f 1010 1011 1015 1014
f 1011 1012 1016 1015
f 1012 1009 1013 1016
o Berry.193
v 0.572 0.268 -0.291
v 0.531 0.268 -0.278
v 0.507 0.268 -0.312
v 0.531 0.268 -0.346
v 0.572 0.268 -0.333
v 0.584 0.32 -0.282
v 0.527 0.32 -0.263
v 0.491 0.32 -0.312
v 0.527 0.32 -0.361
v 0.584 0.32 -0.342
usemtl Blue
s off
f 1021 1020 1019 1018 1017
f 1022 1023 1024 1025 1026
f 1017 1018 1023 1022
f 1018 1019 1024 1023
f 1019 1020 1025 1024
f 1020 1021 1026 1025
f 1021 1017 1022 1026
o Berry.193
v 0.584 0.32 -0.282
v 0.527 0.32 -0.263
v 0.491 0.32 -0.312
v 0.527 0.32 -0.361
v 0.584 0.32 -0.342
v 0.561 0.366 -0.298
v 0.535 0.366 -0.29
v 0.519 0.366 -0.312
v 0.535 0.366 -0.334
v 0.561 0.366 -0.325
usemtl Blue
s off
f 1031 1030 1029 1028 1027
f 1032 1033 1034 1035 1036
f 1027 1028 1033 1032
f 1028 1029 1034 1033
f 1029 1030 1035 1034
f 1030 1031 1036 1035
f 1031 1027 1032 1036
o Berry.194
v 0.582 0.261 -0.272
v 0.542 0.261 -0.259
v 0.517 0.261 -0.294
v 0.542 0.261 -0.328
v 0.582 0.261 -0.315
v 0.594 0.312 -0.263
v 0.537 0.312 -0.245
v 0.501 0.312 -0.294
v 0.537 0.312 -0.342
v 0.594 0.312 -0.324
usemtl Blue
s off
f 1041 1040 1039 1038 1037
f 1042 1043 1044 1045 1046
f 1037 1038 1043 1042
f 1038 1039 1044 1043
f 1039 1040 1045 1044
f 1040 1041 1046 1045
f 1041 1037 1042 1046
o Berry.194
v 0.594 0.312 -0.263
v 0.537 0.312 -0.245
v 0.501 0.312 -0.294
v 0.537 0.312 -0.342
v 0.594 0.312 -0.324
v 0.571 0.358 -0.28
v 0.546 0.358 -0.272
v 0.53 0.358 -0.294
v 0.546 0.358 -0.315
v 0.571 0.358 -0.307
usemtl Blue
s off
f 1051 1050 1049 1048 1047
f 1052 1053 1054 1055 1056
f 1047 1048 1053 1052
f 1048 1049 1054 1053
f 1049 1050 1055 1054
f 1050 1051 1056 1055
f 1051 1047 1052 1056
o Berry.195
v 0.492 0.266 -0.324
v 0.457 0.266 -0.312
v 0.436 0.266 -0.342
v 0.457 0.266 -0.371
v 0.492 0.266 -0.36
v 0.503 0.311 -0.316
v 0.453 0.311 -0.3
v 0.422 0.311 -0.342
v 0.453 0.311 -0.384
v 0.503 0.311 -0.368
usemtl Blue
s off
f 1061 1060 1059 1058 1057
f 1062 1063 1064 1065 1066
f 1057 1058 1063 1062
f 1058 1059 1064 1063
f 1059 1060 1065 1064
f 1060 1061 1066 1065
f 1061 1057 1062 1066
o Berry.195
v 0.503 0.311 -0.316
v 0.453 0.311 -0.3
v 0.422 0.311 -0.342
v 0.453 0.311 -0.384
v 0.503 0.311 -0.368
v 0.483 0.351 -0.33
v 0.461 0.351 -0.323
v 0.447 0.351 -0.342
v 0.461 0.351 -0.361
v 0.483 0.351 -0.354
usemtl Blue
s off
f 1071 1070 1069 1068 1067
f 1072 1073 1074 1075 1076
f 1067 1068 1073 1072
f 1068 1069 1074 1073
f 1069 1070 1075 1074
f 1070 1071 1076 1075
f 1071 1067 1072 1076
o Berry.196
v 0.037 0.274 0.892
v -0.007 0.274 0.906
v -0.034 0.274 0.868
v -0.007 0.274 0.831
v 0.037 0.274 0.845
v 0.051 0.33 0.901
v -0.012 0.33 0.922
v -0.051 0.33 0.868
v -0.012 0.33 0.815
v 0.051 0.33 0.835
usemtl Blue
s off
f 1081 1080 1079 1078 1077
f 1082 1083 1084 1085 1086
f 1077 1078 1083 1082
f 1078 1079 1084 1083
f 1079 1080 1085 1084
f 1080 1081 1086 1085
f 1081 1077 1082 1086
o Berry.196
v 0.051 0.33 0.901
v -0.012 0.33 0.922
v -0.051 0.33 0.868
v -0.012 0.33 0.815
v 0.051 0.33 0.835
v 0.026 0.381 0.883
v -0.003 0.381 0.892
v -0.02 0.381 0.868
v -0.003 0.381 0.844
v 0.026 0.381 0.853
usemtl Blue
s off
f 1091 1090 1089 1088 1087
f 1092 1093 1094 1095 1096
f 1087 1088 1093 1092
f 1088 1089 1094 1093
f 1089 1090 1095 1094
f 1090 1091 1096 1095
f 1091 1087 1092 1096
o Berry.196.Shine
v -0.012 0.356 0.891
v -0.012 0.356 0.911
v 0.011 0.356 0.911
v 0.011 0.356 0.891
v -0.012 0.373 0.891
v -0.012 0.373 0.911
v 0.011 0.373 0.911
v 0.011 0.373 0.891
usemtl Shine
s off
f 1100 1099 1098 1097
f 1101 1102 1103 1104
f 1097 1098 1102 1101
f 1098 1099 1103 1102
f 1099 1100 1104 1103
f 1100 1097 1101 1104
o Berry.197
v 0.074 0.246 0.866
v 0.031 0.246 0.88
v 0.005 0.246 0.844
v 0.031 0.246 0.807
v 0.074 0.246 0.821
v 0.087 0.301 0.876
v 0.026 0.301 0.895
v -0.011 0.301 0.844
v 0.026 0.301 0.792
v 0.087 0.301 0.811
usemtl BlueDark
s off
f 1109 1108 1107 1106 1105
f 1110 1111 1112 1113 1114
f 1105 1106 1111 1110
f 1106 1107 1112 1111
f 1107 1108 1113 1112
f 1108 1109 1114 1113
f 1109 1105 1110 1114
o Berry.197
v 0.087 0.301 0.876
v 0.026 0.301 0.895
v -0.011 0.301 0.844
v 0.026 0.301 0.792
v 0.087 0.301 0.811
v 0.063 0.35 0.858
v 0.036 0.35 0.867
v 0.019 0.35 0.844
v 0.036 0.35 0.82
v 0.063 0.35 0.829
usemtl BlueDark
s off
f 1119 1118 1117 1116 1115
f 1120 1121 1122 1123 1124
f 1115 1116 1121 1120
f 1116 1117 1122 1121
f 1117 1118 1123 1122
f 1118 1119 1124 1123
f 1119 1115 1120 1124
o Berry.198
v 0.321 0.256 -0.187
v 0.283 0.256 -0.175
v 0.26 0.256 -0.207
v 0.283 0.256 -0.24
v 0.321 0.256 -0.227
v 0.333 0.304 -0.179
v 0.279 0.304 -0.161
v 0.245 0.304 -0.207
v 0.279 0.304 -0.253
v 0.333 0.304 -0.236
usemtl BlueDark
s off
f 1129 1128 1127 1126 1125
f 1130 1131 1132 1133 1134
f 1125 1126 1131 1130
f 1126 1127 1132 1131
f 1127 1128 1133 1132
f 1128 1129 1134 1133
f 1129 1125 1130 1134
o Berry.198
v 0.333 0.304 -0.179
v 0.279 0.304 -0.161
v 0.245 0.304 -0.207
v 0.279 0.304 -0.253
v 0.333 0.304 -0.236
v 0.311 0.348 -0.194
v 0.287 0.348 -0.186
v 0.272 0.348 -0.207
v 0.287 0.348 -0.228
v 0.311 0.348 -0.22
usemtl BlueDark
s off
f 1139 1138 1137 1136 1135
f 1140 1141 1142 1143 1144
f 1135 1136 1141 1140
f 1136 1137 1142 1141
f 1137 1138 1143 1142
f 1138 1139 1144 1143
f 1139 1135 1140 1144
o Berry.198.Shine
v 0.279 0.326 -0.188
v 0.279 0.326 -0.171
v 0.299 0.326 -0.171
v 0.299 0.326 -0.188
v 0.279 0.341 -0.188
v 0.279 0.341 -0.171
v 0.299 0.341 -0.171
v 0.299 0.341 -0.188
usemtl Shine
s off
f 1148 1147 1146 1145
f 1149 1150 1151 1152
f 1145 1146 1150 1149
f 1146 1147 1151 1150
f 1147 1148 1152 1151
f 1148 1145 1149 1152
o Berry.199
v 0.322 0.21 -0.212
v 0.283 0.21 -0.199
v 0.258 0.21 -0.233
v 0.283 0.21 -0.267
v 0.322 0.21 -0.254
v 0.335 0.261 -0.203
v 0.278 0.261 -0.185
v 0.243 0.261 -0.233
v 0.278 0.261 -0.281
v 0.335 0.261 -0.263
usemtl Blue
s off
f 1157 1156 1155 1154 1153
f 1158 1159 1160 1161 1162
f 1153 1154 1159 1158
f 1154 1155 1160 1159
f 1155 1156 1161 1160
f 1156 1157 1162 1161
f 1157 1153 1158 1162
o Berry.199
v 0.335 0.261 -0.203
v 0.278 0.261 -0.185
v 0.243 0.261 -0.233
v 0.278 0.261 -0.281
v 0.335 0.261 -0.263
v 0.312 0.306 -0.22
v 0.287 0.306 -0.212
v 0.271 0.306 -0.233
v 0.287 0.306 -0.255
v 0.312 0.306 -0.247
usemtl Blue
s off
f 1167 1166 1165 1164 1163
f 1168 1169 1170 1171 1172
f 1163 1164 1169 1168
f 1164 1165 1170 1169
f 1165 1166 1171 1170
f 1166 1167 1172 1171
f 1167 1163 1168 1172
o Berry.200
v 0.319 0.184 -0.174
v 0.28 0.184 -0.161
v 0.256 0.184 -0.194
v 0.28 0.184 -0.227
v 0.319 0.184 -0.215
v 0.331 0.234 -0.165
v 0.276 0.234 -0.147
v 0.241 0.234 -0.194
v 0.276 0.234 -0.242
v 0.331 0.234 -0.224
usemtl Blue
s off
f 1177 1176 1175 1174 1173
f 1178 1179 1180 1181 1182
f 1173 1174 1179 1178
f 1174 1175 1180 1179
f 1175 1176 1181 1180
f 1176 1177 1182 1181
f 1177 1173 1178 1182
o Berry.200
v 0.331 0.234 -0.165
v 0.276 0.234 -0.147
v 0.241 0.234 -0.194
v 0.276 0.234 -0.242
v 0.331 0.234 -0.224
v 0.309 0.279 -0.181
v 0.284 0.279 -0.173
v 0.268 0.279 -0.194
v 0.284 0.279 -0.216
v 0.309 0.279 -0.207
usemtl Blue
s off
f 1187 1186 1185 1184 1183
f 1188 1189 1190 1191 1192
f 1183 1184 1189 1188
f 1184 1185 1190 1189
f 1185 1186 1191 1190
f 1186 1187 1192 1191
f 1187 1183 1188 1192
o Berry.201
v -0.156 0.349 1.061
v -0.2 0.349 1.076
v -0.227 0.349 1.038
v -0.2 0.349 1.001
v -0.156 0.349 1.016
v -0.142 0.405 1.071
v -0.205 0.405 1.092
v -0.243 0.405 1.038
v -0.205 0.405 0.985
v -0.142 0.405 1.006
usemtl Blue
s off
f 1197 1196 1195 1194 1193
f 1198 1199 1200 1201 1202
f 1193 1194 1199 1198
f 1194 1195 1200 1199
f 1195 1196 1201 1200
f 1196 1197 1202 1201
f 1197 1193 1198 1202
o Berry.201
v -0.142 0.405 1.071
v -0.205 0.405 1.092
v -0.243 0.405 1.038
v -0.205 0.405 0.985
v -0.142 0.405 1.006
v -0.167 0.455 1.053
v -0.195 0.455 1.062
v -0.213 0.455 1.038
v -0.195 0.455 1.015
v -0.167 0.455 1.024
usemtl Blue
s off
f 1207 1206 1205 1204 1203
f 1208 1209 1210 1211 1212
f 1203 1204 1209 1208
f 1204 1205 1210 1209
f 1205 1206 1211 1210
f 1206 1207 1212 1211
f 1207 1203 1208 1212
o Berry.201.Shine
v -0.204 0.43 1.061
v -0.204 0.43 1.08
v -0.182 0.43 1.08
v -0.182 0.43 1.061
v -0.204 0.447 1.061
v -0.204 0.447 1.08
v -0.182 0.447 1.08
v -0.182 0.447 1.061
usemtl Shine
s off
f 1216 1215 1214 1213
f 1217 1218 1219 1220
f 1213 1214 1218 1217
f 1214 1215 1219 1218
f 1215 1216 1220 1219
f 1216 1213 1217 1220
o Berry.202
v -0.234 0.286 1.054
v -0.267 0.286 1.065
v -0.288 0.286 1.036
v -0.267 0.286 1.007
v -0.234 0.286 1.018
v -0.223 0.33 1.061
v -0.271 0.33 1.077
v -0.301 0.33 1.036
v -0.271 0.33 0.995
v -0.223 0.33 1.01
usemtl BlueDark
s off
f 1225 1224 1223 1222 1221
f 1226 1227 1228 1229 1230
f 1221 1222 1227 1226
f 1222 1223 1228 1227
f 1223 1224 1229 1228
f 1224 1225 1230 1229
f 1225 1221 1226 1230
o Berry.202
v -0.223 0.33 1.061
v -0.271 0.33 1.077
v -0.301 0.33 1.036
v -0.271 0.33 0.995
v -0.223 0.33 1.01
v -0.242 0.368 1.047
v -0.264 0.368 1.054
v -0.277 0.368 1.036
v -0.264 0.368 1.017
v -0.242 0.368 1.024
usemtl BlueDark
s off
f 1235 1234 1233 1232 1231
f 1236 1237 1238 1239 1240
f 1231 1232 1237 1236
f 1232 1233 1238 1237
f 1233 1234 1239 1238
f 1234 1235 1240 1239
f 1235 1231 1236 1240
o Berry.203
v -0.135 0.308 1.036
v -0.169 0.308 1.048
v -0.191 0.308 1.018
v -0.169 0.308 0.989
v -0.135 0.308 1
v -0.124 0.352 1.044
v -0.173 0.352 1.06
v -0.204 0.352 1.018
v -0.173 0.352 0.976
v -0.124 0.352 0.992
usemtl Blue
s off
f 1245 1244 1243 1242 1241
f 1246 1247 1248 1249 1250
f 1241 1242 1247 1246
f 1242 1243 1248 1247
f 1243 1244 1249 1248
f 1244 1245 1250 1249
f 1245 1241 1246 1250
o Berry.203
v -0.124 0.352 1.044
v -0.173 0.352 1.06
v -0.204 0.352 1.018
v -0.173 0.352 0.976
v -0.124 0.352 0.992
v -0.144 0.392 1.03
v -0.166 0.392 1.037
v -0.18 0.392 1.018
v -0.166 0.392 1
v -0.144 0.392 1.007
usemtl Blue
s off
f 1255 1254 1253 1252 1251
f 1256 1257 1258 1259 1260
f 1251 1252 1257 1256
f 1252 1253 1258 1257
f 1253 1254 1259 1258
f 1254 1255 1260 1259
f 1255 1251 1256 1260
o Berry.204
v 0.474 0.543 -0.502
v 0.436 0.543 -0.49
v 0.413 0.543 -0.522
v 0.436 0.543 -0.554
v 0.474 0.543 -0.542
v 0.485 0.591 -0.494
v 0.431 0.591 -0.476
v 0.398 0.591 -0.522
v 0.431 0.591 -0.568
v 0.485 0.591 -0.551
usemtl BlueDark
s off
f 1265 1264 1263 1262 1261
f 1266 1267 1268 1269 1270
f 1261 1262 1267 1266
f 1262 1263 1268 1267
f 1263 1264 1269 1268
f 1264 1265 1270 1269
f 1265 1261 1266 1270
o Berry.204
v 0.485 0.591 -0.494
v 0.431 0.591 -0.476
v 0.398 0.591 -0.522
v 0.431 0.591 -0.568
v 0.485 0.591 -0.551
v 0.464 0.635 -0.51
v 0.44 0.635 -0.502
v 0.425 0.635 -0.522
v 0.44 0.635 -0.543
v 0.464 0.635 -0.535
usemtl BlueDark
s off
f 1275 1274 1273 1272 1271
f 1276 1277 1278 1279 1280
f 1271 1272 1277 1276
f 1272 1273 1278 1277
f 1273 1274 1279 1278
f 1274 1275 1280 1279
f 1275 1271 1276 1280
o Berry.204.Shine
v 0.432 0.613 -0.503
v 0.432 0.613 -0.486
v 0.451 0.613 -0.486
v 0.451 0.613 -0.503
v 0.432 0.628 -0.503
v 0.432 0.628 -0.486
v 0.451 0.628 -0.486
v 0.451 0.628 -0.503
usemtl Shine
s off
f 1284 1283 1282 1281
f 1285 1286 1287 1288
f 1281 1282 1286 1285
f 1282 1283 1287 1286
f 1283 1284 1288 1287
f 1284 1281 1285 1288
o Berry.205
v 0.411 0.51 -0.487
v 0.374 0.51 -0.475
v 0.352 0.51 -0.506
v 0.374 0.51 -0.537
v 0.411 0.51 -0.525
v 0.422 0.557 -0.479
v 0.37 0.557 -0.462
v 0.338 0.557 -0.506
v 0.37 0.557 -0.551
v 0.422 0.557 -0.534
usemtl Blue
s off
f 1293 1292 1291 1290 1289
f 1294 1295 1296 1297 1298
f 1289 1290 1295 1294
f 1290 1291 1296 1295
f 1291 1292 1297 1296
f 1292 1293 1298 1297
f 1293 1289 1294 1298
o Berry.205
v 0.422 0.557 -0.479
v 0.37 0.557 -0.462
v 0.338 0.557 -0.506
v 0.37 0.557 -0.551
v 0.422 0.557 -0.534
v 0.401 0.599 -0.494
v 0.378 0.599 -0.486
v 0.363 0.599 -0.506
v 0.378 0.599 -0.526
v 0.401 0.599 -0.519
usemtl Blue
s off
f 1303 1302 1301 1300 1299
f 1304 1305 1306 1307 1308
f 1299 1300 1305 1304
f 1300 1301 1306 1305
f 1301 1302 1307 1306
f 1302 1303 1308 1307
f 1303 1299 1304 1308
o Berry.206
v 0.472 0.532 -0.489
v 0.438 0.532 -0.478
v 0.416 0.532 -0.507
v 0.438 0.532 -0.537
v 0.472 0.532 -0.526
v 0.483 0.576 -0.481
v 0.434 0.576 -0.465
v 0.403 0.576 -0.507
v 0.434 0.576 -0.55
v 0.483 0.576 -0.533
usemtl Blue
s off
f 1313 1312 1311 1310 1309
f 1314 1315 1316 1317 1318
f 1309 1310 1315 1314
f 1310 1311 1316 1315
f 1311 1312 1317 1316
f 1312 1313 1318 1317
f 1313 1309 1314 1318
o Berry.206
v 0.483 0.576 -0.481
v 0.434 0.576 -0.465
v 0.403 0.576 -0.507
v 0.434 0.576 -0.55
v 0.483 0.576 -0.533
v 0.464 0.616 -0.496
v 0.441 0.616 -0.488
v 0.427 0.616 -0.507
v 0.441 0.616 -0.526
v 0.464 0.616 -0.519
usemtl Blue
s off
f 1323 1322 1321 1320 1319
f 1324 1325 1326 1327 1328
f 1319 1320 1325 1324
f 1320 1321 1326 1325
f 1321 1322 1327 1326
f 1322 1323 1328 1327
f 1323 1319 1324 1328
o Berry.207
v 0.485 0.528 -0.575
v 0.449 0.528 -0.563
v 0.427 0.528 -0.594
v 0.449 0.528 -0.624
v 0.485 0.528 -0.612
v 0.496 0.574 -0.567
v 0.445 0.574 -0.55
v 0.414 0.574 -0.594
v 0.445 0.574 -0.637
v 0.496 0.574 -0.62
usemtl Blue
s off
f 1333 1332 1331 1330 1329
f 1334 1335 1336 1337 1338
f 1329 1330 1335 1334
f 1330 1331 1336 1335
f 1331 1332 1337 1336
f 1332 1333 1338 1337
f 1333 1329 1334 1338
o Berry.207
v 0.496 0.574 -0.567
v 0.445 0.574 -0.55
v 0.414 0.574 -0.594
v 0.445 0.574 -0.637
v 0.496 0.574 -0.62
v 0.476 0.615 -0.582
v 0.453 0.615 -0.574
v 0.439 0.615 -0.594
v 0.453 0.615 -0.613
v 0.476 0.615 -0.606
usemtl Blue
s off
f 1343 1342 1341 1340 1339
f 1344 1345 1346 1347 1348
f 1339 1340 1345 1344
f 1340 1341 1346 1345
f 1341 1342 1347 1346
f 1342 1343 1348 1347
f 1343 1339 1344 1348
o Berry.208
v -0.142 0.252 -0.539
v -0.182 0.252 -0.526
v -0.207 0.252 -0.56
v -0.182 0.252 -0.594
v -0.142 0.252 -0.581
v -0.13 0.304 -0.53
v -0.187 0.304 -0.511
v -0.223 0.304 -0.56
v -0.187 0.304 -0.609
v -0.13 0.304 -0.59
usemtl Blue
s off
f 1353 1352 1351 1350 1349
f 1354 1355 1356 1357 1358
f 1349 1350 1355 1354
f 1350 1351 1356 1355
f 1351 1352 1357 1356
f 1352 1353 1358 1357
f 1353 1349 1354 1358
o Berry.208
v -0.13 0.304 -0.53
v -0.187 0.304 -0.511
v -0.223 0.304 -0.56
v -0.187 0.304 -0.609
v -0.13 0.304 -0.59
v -0.153 0.35 -0.547
v -0.179 0.35 -0.538
v -0.194 0.35 -0.56
v -0.179 0.35 -0.582
v -0.153 0.35 -0.574
usemtl Blue
s off
f 1363 1362 1361 1360 1359
f 1364 1365 1366 1367 1368
f 1359 1360 1365 1364
f 1360 1361 1366 1365
f 1361 1362 1367 1366
f 1362 1363 1368 1367
f 1363 1359 1364 1368
o Berry.208.Shine
v -0.187 0.327 -0.54
v -0.187 0.327 -0.522
v -0.166 0.327 -0.522
v -0.166 0.327 -0.54
v -0.187 0.342 -0.54
v -0.187 0.342 -0.522
v -0.166 0.342 -0.522
v -0.166 0.342 -0.54
usemtl Shine
s off
f 1372 1371 1370 1369
f 1373 1374 1375 1376
f 1369 1370 1374 1373
f 1370 1371 1375 1374
f 1371 1372 1376 1375
f 1372 1369 1373 1376
o Berry.209
v -0.186 0.192 -0.576
v -0.231 0.192 -0.562
v -0.259 0.192 -0.6
v -0.231 0.192 -0.638
v -0.186 0.192 -0.623
v -0.173 0.249 -0.566
v -0.236 0.249 -0.545
v -0.276 0.249 -0.6
v -0.236 0.249 -0.654
v -0.173 0.249 -0.633
usemtl BlueDark
s off
f 1381 1380 1379 1378 1377
f 1382 1383 1384 1385 1386
f 1377 1378 1383 1382
f 1378 1379 1384 1383
f 1379 1380 1385 1384
f 1380 1381 1386 1385
f 1381 1377 1382 1386
o Berry.209
v -0.173 0.249 -0.566
v -0.236 0.249 -0.545
v -0.276 0.249 -0.6
v -0.236 0.249 -0.654
v -0.173 0.249 -0.633
v -0.198 0.301 -0.585
v -0.227 0.301 -0.575
v -0.244 0.301 -0.6
v -0.227 0.301 -0.624
v -0.198 0.301 -0.615
usemtl BlueDark
s off
f 1391 1390 1389 1388 1387
f 1392 1393 1394 1395 1396
f 1387 1388 1393 1392
f 1388 1389 1394 1393
f 1389 1390 1395 1394
f 1390 1391 1396 1395
f 1391 1387 1392 1396
o Berry.210
v -0.129 0.231 -0.581
v -0.166 0.231 -0.569
v -0.189 0.231 -0.601
v -0.166 0.231 -0.632
v -0.129 0.231 -0.62
v -0.118 0.278 -0.573
v -0.171 0.278 -0.556
v -0.203 0.278 -0.601
v -0.171 0.278 -0.646
v -0.118 0.278 -0.629
usemtl Blue
s off
f 1401 1400 1399 1398 1397
f 1402 1403 1404 1405 1406
f 1397 1398 1403 1402
f 1398 1399 1404 1403
f 1399 1400 1405 1404
f 1400 1401 1406 1405
f 1401 1397 1402 1406
o Berry.210
v -0.118 0.278 -0.573
v -0.171 0.278 -0.556
v -0.203 0.278 -0.601
v -0.171 0.278 -0.646
v -0.118 0.278 -0.629
v -0.139 0.321 -0.588
v -0.163 0.321 -0.58
v -0.177 0.321 -0.601
v -0.163 0.321 -0.621
v -0.139 0.321 -0.613
usemtl Blue
s off
f 1411 1410 1409 1408 1407
f 1412 1413 1414 1415 1416
f 1407 1408 1413 1412
f 1408 1409 1414 1413
f 1409 1410 1415 1414
f 1410 1411 1416 1415
f 1411 1407 1412 1416
o Berry.211
v 0.534 0.285 -0.819
v 0.498 0.285 -0.808
v 0.476 0.285 -0.838
v 0.498 0.285 -0.869
v 0.534 0.285 -0.857
v 0.545 0.331 -0.811
v 0.494 0.331 -0.795
v 0.462 0.331 -0.838
v 0.494 0.331 -0.882
v 0.545 0.331 -0.865
usemtl Blue
s off
f 1421 1420 1419 1418 1417
f 1422 1423 1424 1425 1426
f 1417 1418 1423 1422
f 1418 1419 1424 1423
f 1419 1420 1425 1424
f 1420 1421 1426 1425
f 1421 1417 1422 1426
o Berry.211
v 0.545 0.331 -0.811
v 0.494 0.331 -0.795
v 0.462 0.331 -0.838
v 0.494 0.331 -0.882
v 0.545 0.331 -0.865
v 0.525 0.372 -0.826
v 0.502 0.372 -0.819
v 0.488 0.372 -0.838
v 0.502 0.372 -0.858
v 0.525 0.372 -0.85
usemtl Blue
s off
f 1431 1430 1429 1428 1427
f 1432 1433 1434 1435 1436
f 1427 1428 1433 1432
f 1428 1429 1434 1433
f 1429 1430 1435 1434
f 1430 1431 1436 1435
f 1431 1427 1432 1436
o Berry.211.Shine
v 0.494 0.352 -0.82
v 0.494 0.352 -0.804
v 0.513 0.352 -0.804
v 0.513 0.352 -0.82
v 0.494 0.365 -0.82
v 0.494 0.365 -0.804
v 0.513 0.365 -0.804
v 0.513 0.365 -0.82
usemtl Shine
s off
f 1440 1439 1438 1437
f 1441 1442 1443 1444
f 1437 1438 1442 1441
f 1438 1439 1443 1442
f 1439 1440 1444 1443
f 1440 1437 1441 1444
o Berry.212
v 0.517 0.261 -0.793
v 0.483 0.261 -0.782
v 0.462 0.261 -0.811
v 0.483 0.261 -0.839
v 0.517 0.261 -0.828
v 0.527 0.304 -0.785
v 0.479 0.304 -0.77
v 0.45 0.304 -0.811
v 0.479 0.304 -0.851
v 0.527 0.304 -0.836
usemtl Blue
s off
f 1449 1448 1447 1446 1445
f 1450 1451 1452 1453 1454
f 1445 1446 1451 1450
f 1446 1447 1452 1451
f 1447 1448 1453 1452
f 1448 1449 1454 1453
f 1449 1445 1450 1454
o Berry.212
v 0.527 0.304 -0.785
v 0.479 0.304 -0.77
v 0.45 0.304 -0.811
v 0.479 0.304 -0.851
v 0.527 0.304 -0.836
v 0.508 0.343 -0.799
v 0.486 0.343 -0.792
v 0.473 0.343 -0.811
v 0.486 0.343 -0.829
v 0.508 0.343 -0.822
usemtl Blue
s off
f 1459 1458 1457 1456 1455
f 1460 1461 1462 1463 1464
f 1455 1456 1461 1460
f 1456 1457 1462 1461
f 1457 1458 1463 1462
f 1458 1459 1464 1463
f 1459 1455 1460 1464
o Berry.213
v 0.573 0.251 -0.868
v 0.532 0.251 -0.854
v 0.507 0.251 -0.889
v 0.532 0.251 -0.924
v 0.573 0.251 -0.91
v 0.586 0.303 -0.859
v 0.528 0.303 -0.84
v 0.492 0.303 -0.889
v 0.528 0.303 -0.938
v 0.586 0.303 -0.919
usemtl BlueDark
s off
f 1469 1468 1467 1466 1465
f 1470 1471 1472 1473 1474
f 1465 1466 1471 1470
f 1466 1467 1472 1471
f 1467 1468 1473 1472
f 1468 1469 1474 1473
f 1469 1465 1470 1474
o Berry.213
v 0.586 0.303 -0.859
v 0.528 0.303 -0.84
v 0.492 0.303 -0.889
v 0.528 0.303 -0.938
v 0.586 0.303 -0.919
v 0.562 0.35 -0.875
v 0.536 0.35 -0.867
v 0.52 0.35 -0.889
v 0.536 0.35 -0.911
v 0.562 0.35 -0.903
usemtl BlueDark
s off
f 1479 1478 1477 1476 1475
f 1480 1481 1482 1483 1484
f 1475 1476 1481 1480
f 1476 1477 1482 1481
f 1477 1478 1483 1482
f 1478 1479 1484 1483
f 1479 1475 1480 1484
o Berry.214
v -0.153 0.177 0.413
v -0.188 0.177 0.425
v -0.21 0.177 0.395
v -0.188 0.177 0.364
v -0.153 0.177 0.376
v -0.142 0.222 0.421
v -0.193 0.222 0.438
v -0.224 0.222 0.395
v -0.193 0.222 0.351
v -0.142 0.222 0.368
usemtl BlueDark
s off
f 1489 1488 1487 1486 1485
f 1490 1491 1492 1493 1494
f 1485 1486 1491 1490
f 1486 1487 1492 1491
f 1487 1488 1493 1492
f 1488 1489 1494 1493
f 1489 1485 1490 1494
o Berry.214
v -0.142 0.222 0.421
v -0.193 0.222 0.438
v -0.224 0.222 0.395
v -0.193 0.222 0.351
v -0.142 0.222 0.368
v -0.162 0.263 0.407
v -0.185 0.263 0.414
v -0.199 0.263 0.395
v -0.185 0.263 0.375
v -0.162 0.263 0.383
usemtl BlueDark
s off
f 1499 1498 1497 1496 1495
f 1500 1501 1502 1503 1504
f 1495 1496 1501 1500
f 1496 1497 1502 1501
f 1497 1498 1503 1502
f 1498 1499 1504 1503
f 1499 1495 1500 1504
o Berry.214.Shine
v -0.192 0.243 0.413
v -0.192 0.243 0.429
v -0.174 0.243 0.429
v -0.174 0.243 0.413
v -0.192 0.257 0.413
v -0.192 0.257 0.429
v -0.174 0.257 0.429
v -0.174 0.257 0.413
usemtl Shine
s off
f 1508 1507 1506 1505
f 1509 1510 1511 1512
f 1505 1506 1510 1509
f 1506 1507 1511 1510
f 1507 1508 1512 1511
f 1508 1505 1509 1512
o Berry.215
v -0.169 0.076 0.373
v -0.207 0.076 0.385
v -0.23 0.076 0.353
v -0.207 0.076 0.321
v -0.169 0.076 0.333
v -0.157 0.124 0.381
v -0.211 0.124 0.399
v -0.245 0.124 0.353
v -0.211 0.124 0.307
v -0.157 0.124 0.325
usemtl Blue
s off
f 1517 1516 1515 1514 1513
f 1518 1519 1520 1521 1522
f 1513 1514 1519 1518
f 1514 1515 1520 1519
f 1515 1516 1521 1520
f 1516 1517 1522 1521
f 1517 1513 1518 1522
o Berry.215
v -0.157 0.124 0.381
v -0.211 0.124 0.399
v -0.245 0.124 0.353
v -0.211 0.124 0.307
v -0.157 0.124 0.325
v -0.179 0.168 0.366
v -0.203 0.168 0.374
v -0.218 0.168 0.353
v -0.203 0.168 0.332
v -0.179 0.168 0.34
usemtl Blue
s off
f 1527 1526 1525 1524 1523
f 1528 1529 1530 1531 1532
f 1523 1524 1529 1528
f 1524 1525 1530 1529
f 1525 1526 1531 1530
f 1526 1527 1532 1531
f 1527 1523 1528 1532
o Berry.216
v -0.188 0.15 0.418
v -0.232 0.15 0.432
v -0.26 0.15 0.395
v -0.232 0.15 0.357
v -0.188 0.15 0.371
v -0.174 0.207 0.428
v -0.238 0.207 0.448
v -0.277 0.207 0.395
v -0.238 0.207 0.341
v -0.174 0.207 0.361
usemtl Blue
s off
f 1537 1536 1535 1534 1533
f 1538 1539 1540 1541 1542
f 1533 1534 1539 1538
f 1534 1535 1540 1539
f 1535 1536 1541 1540
f 1536 1537 1542 1541
f 1537 1533 1538 1542
o Berry.216
v -0.174 0.207 0.428
v -0.238 0.207 0.448
v -0.277 0.207 0.395
v -0.238 0.207 0.341
v -0.174 0.207 0.361
v -0.2 0.258 0.41
v -0.228 0.258 0.419
v -0.246 0.258 0.395
v -0.228 0.258 0.371
v -0.2 0.258 0.38
usemtl Blue
s off
f 1547 1546 1545 1544 1543
f 1548 1549 1550 1551 1552
f 1543 1544 1549 1548
f 1544 1545 1550 1549
f 1545 1546 1551 1550
f 1546 1547 1552 1551
f 1547 1543 1548 1552
o Berry.217
v -0.509 0.409 -0.64
v -0.546 0.409 -0.628
v -0.569 0.409 -0.66
v -0.546 0.409 -0.691
v -0.509 0.409 -0.679
v -0.498 0.456 -0.632
v -0.55 0.456 -0.615
v -0.583 0.456 -0.66
v -0.55 0.456 -0.705
v -0.498 0.456 -0.687
usemtl Blue
s off
f 1557 1556 1555 1554 1553
f 1558 1559 1560 1561 1562
f 1553 1554 1559 1558
f 1554 1555 1560 1559
f 1555 1556 1561 1560
f 1556 1557 1562 1561
f 1557 1553 1558 1562
o Berry.217
v -0.498 0.456 -0.632
v -0.55 0.456 -0.615
v -0.583 0.456 -0.66
v -0.55 0.456 -0.705
v -0.498 0.456 -0.687
v -0.519 0.498 -0.647
v -0.542 0.498 -0.639
v -0.557 0.498 -0.66
v -0.542 0.498 -0.68
v -0.519 0.498 -0.672
usemtl Blue
s off
f 1567 1566 1565 1564 1563
f 1568 1569 1570 1571 1572
f 1563 1564 1569 1568
f 1564 1565 1570 1569
f 1565 1566 1571 1570
f 1566 1567 1572 1571
f 1567 1563 1568 1572
o Berry.217.Shine
v -0.55 0.477 -0.641
v -0.55 0.477 -0.624
v -0.531 0.477 -0.624
v -0.531 0.477 -0.641
v -0.55 0.491 -0.641
v -0.55 0.491 -0.624
v -0.531 0.491 -0.624
v -0.531 0.491 -0.641
usemtl Shine
s off
f 1576 1575 1574 1573
f 1577 1578 1579 1580
f 1573 1574 1578 1577
f 1574 1575 1579 1578
f 1575 1576 1580 1579
f 1576 1573 1577 1580
o Berry.218
v -0.494 0.306 -0.708
v -0.534 0.306 -0.694
v -0.559 0.306 -0.729
v -0.534 0.306 -0.763
v -0.494 0.306 -0.75
v -0.481 0.357 -0.698
v -0.539 0.357 -0.68
v -0.575 0.357 -0.729
v -0.539 0.357 -0.778
v -0.481 0.357 -0.759
usemtl Blue
s off
f 1585 1584 1583 1582 1581
f 1586 1587 1588 1589 1590
f 1581 1582 1587 1586
f 1582 1583 1588 1587
f 1583 1584 1589 1588
f 1584 1585 1590 1589
f 1585 1581 1586 1590
o Berry.218
v -0.481 0.357 -0.698
v -0.539 0.357 -0.68
v -0.575 0.357 -0.729
v -0.539 0.357 -0.778
v -0.481 0.357 -0.759
v -0.504 0.404 -0.715
v -0.53 0.404 -0.707
v -0.546 0.404 -0.729
v -0.53 0.404 -0.751
v -0.504 0.404 -0.742
usemtl Blue
s off
f 1595 1594 1593 1592 1591
f 1596 1597 1598 1599 1600
f 1591 1592 1597 1596
f 1592 1593 1598 1597
f 1593 1594 1599 1598
f 1594 1595 1600 1599
f 1595 1591 1596 1600
o Berry.219
v -0.473 0.407 -0.678
v -0.51 0.407 -0.666
v -0.532 0.407 -0.697
v -0.51 0.407 -0.728
v -0.473 0.407 -0.716
v -0.461 0.454 -0.669
v -0.514 0.454 -0.652
v -0.546 0.454 -0.697
v -0.514 0.454 -0.742
v -0.461 0.454 -0.725
usemtl Blue
s off
f 1605 1604 1603 1602 1601
f 1606 1607 1608 1609 1610
f 1601 1602 1607 1606
f 1602 1603 1608 1607
f 1603 1604 1609 1608
f 1604 1605 1610 1609
f 1605 1601 1606 1610
o Berry.219
v -0.461 0.454 -0.669
v -0.514 0.454 -0.652
v -0.546 0.454 -0.697
v -0.514 0.454 -0.742
v -0.461 0.454 -0.725
v -0.482 0.496 -0.685
v -0.506 0.496 -0.677
v -0.521 0.496 -0.697
v -0.506 0.496 -0.717
v -0.482 0.496 -0.709
usemtl Blue
s off
f 1615 1614 1613 1612 1611
f 1616 1617 1618 1619 1620
f 1611 1612 1617 1616
f 1612 1613 1618 1617
f 1613 1614 1619 1618
f 1614 1615 1620 1619
f 1615 1611 1616 1620
o Berry.220
v -0.483 0.377 -0.575
v -0.518 0.377 -0.563
v -0.539 0.377 -0.593
v -0.518 0.377 -0.622
v -0.483 0.377 -0.611
v -0.472 0.421 -0.567
v -0.522 0.421 -0.551
v -0.552 0.421 -0.593
v -0.522 0.421 -0.635
v -0.472 0.421 -0.619
usemtl Blue
s off
f 1625 1624 1623 1622 1621
f 1626 1627 1628 1629 1630
f 1621 1622 1627 1626
f 1622 1623 1628 1627
f 1623 1624 1629 1628
f 1624 1625 1630 1629
f 1625 1621 1626 1630
o Berry.220
v -0.472 0.421 -0.567
v -0.522 0.421 -0.551
v -0.552 0.421 -0.593
v -0.522 0.421 -0.635
v -0.472 0.421 -0.619
v -0.492 0.461 -0.581
v -0.514 0.461 -0.574
v -0.528 0.461 -0.593
v -0.514 0.461 -0.612
v -0.492 0.461 -0.604
usemtl Blue
s off
f 1635 1634 1633 1632 1631
f 1636 1637 1638 1639 1640
f 1631 1632 1637 1636
f 1632 1633 1638 1637
f 1633 1634 1639 1638
f 1634 1635 1640 1639
f 1635 1631 1636 1640
o Berry.221
v 0.643 0.442 -0.62
v 0.604 0.442 -0.607
v 0.58 0.442 -0.64
v 0.604 0.442 -0.673
v 0.643 0.442 -0.661
v 0.655 0.492 -0.611
v 0.599 0.492 -0.593
v 0.565 0.492 -0.64
v 0.599 0.492 -0.687
v 0.655 0.492 -0.669
usemtl Blue
s off
f 1645 1644 1643 1642 1641
f 1646 1647 1648 1649 1650
f 1641 1642 1647 1646
f 1642 1643 1648 1647
f 1643 1644 1649 1648
f 1644 1645 1650 1649
f 1645 1641 1646 1650
o Berry.221
v 0.655 0.492 -0.611
v 0.599 0.492 -0.593
v 0.565 0.492 -0.64
v 0.599 0.492 -0.687
v 0.655 0.492 -0.669
v 0.633 0.536 -0.627
v 0.608 0.536 -0.619
v 0.592 0.536 -0.64
v 0.608 0.536 -0.661
v 0.633 0.536 -0.653
usemtl Blue
s off
f 1655 1654 1653 1652 1651
f 1656 1657 1658 1659 1660
f 1651 1652 1657 1656
f 1652 1653 1658 1657
f 1653 1654 1659 1658
f 1654 1655 1660 1659
f 1655 1651 1656 1660
o Berry.221.Shine
v 0.6 0.514 -0.62
v 0.6 0.514 -0.603
v 0.62 0.514 -0.603
v 0.62 0.514 -0.62
v 0.6 0.529 -0.62
v 0.6 0.529 -0.603
v 0.62 0.529 -0.603
v 0.62 0.529 -0.62
usemtl Shine
s off
f 1664 1663 1662 1661
f 1665 1666 1667 1668
f 1661 1662 1666 1665
f 1662 1663 1667 1666
f 1663 1664 1668 1667
f 1664 1661 1665 1668
o Berry.222
v 0.565 0.412 -0.651
v 0.53 0.412 -0.64
v 0.509 0.412 -0.669
v 0.53 0.412 -0.698
v 0.565 0.412 -0.687
v 0.575 0.456 -0.643
v 0.526 0.456 -0.627
v 0.496 0.456 -0.669
v 0.526 0.456 -0.711
v 0.575 0.456 -0.695
usemtl Blue
s off
f 1673 1672 1671 1670 1669
f 1674 1675 1676 1677 1678
f 1669 1670 1675 1674
f 1670 1671 1676 1675
f 1671 1672 1677 1676
f 1672 1673 1678 1677
f 1673 1669 1674 1678
o Berry.222
v 0.575 0.456 -0.643
v 0.526 0.456 -0.627
v 0.496 0.456 -0.669
v 0.526 0.456 -0.711
v 0.575 0.456 -0.695
v 0.556 0.495 -0.657
v 0.534 0.495 -0.65
v 0.52 0.495 -0.669
v 0.534 0.495 -0.688
v 0.556 0.495 -0.681
usemtl Blue
s off
f 1683 1682 1681 1680 1679
f 1684 1685 1686 1687 1688
f 1679 1680 1685 1684
f 1680 1681 1686 1685
f 1681 1682 1687 1686
f 1682 1683 1688 1687
f 1683 1679 1684 1688
o Berry.223
v 0.675 0.355 -0.609
v 0.636 0.355 -0.596
v 0.611 0.355 -0.63
v 0.636 0.355 -0.663
v 0.675 0.355 -0.65
v 0.687 0.406 -0.6
v 0.631 0.406 -0.582
v 0.596 0.406 -0.63
v 0.631 0.406 -0.678
v 0.687 0.406 -0.659
usemtl Blue
s off
f 1693 1692 1691 1690 1689
f 1694 1695 1696 1697 1698
f 1689 1690 1695 1694
f 1690 1691 1696 1695
f 1691 1692 1697 1696
f 1692 1693 1698 1697
f 1693 1689 1694 1698
o Berry.223
v 0.687 0.406 -0.6
v 0.631 0.406 -0.582
v 0.596 0.406 -0.63
v 0.631 0.406 -0.678
v 0.687 0.406 -0.659
v 0.665 0.451 -0.616
v 0.64 0.451 -0.608
v 0.624 0.451 -0.63
v 0.64 0.451 -0.651
v 0.665 0.451 -0.643
usemtl Blue
s off
f 1703 1702 1701 1700 1699
f 1704 1705 1706 1707 1708
f 1699 1700 1705 1704
f 1700 1701 1706 1705
f 1701 1702 1707 1706
f 1702 1703 1708 1707
f 1703 1699 1704 1708
o Berry.224
v 0.668 0.455 -0.222
v 0.634 0.455 -0.211
v 0.614 0.455 -0.24
v 0.634 0.455 -0.268
v 0.668 0.455 -0.258
v 0.678 0.498 -0.215
v 0.63 0.498 -0.199
v 0.601 0.498 -0.24
v 0.63 0.498 -0.281
v 0.678 0.498 -0.265
usemtl Blue
s off
f 1713 1712 1711 1710 1709
f 1714 1715 1716 1717 1718
f 1709 1710 1715 1714
f 1710 1711 1716 1715
f 1711 1712 1717 1716
f 1712 1713 1718 1717
f 1713 1709 1714 1718
o Berry.224
v 0.678 0.498 -0.215
v 0.63 0.498 -0.199
v 0.601 0.498 -0.24
v 0.63 0.498 -0.281
v 0.678 0.498 -0.265
v 0.659 0.536 -0.229
v 0.638 0.536 -0.222
v 0.624 0.536 -0.24
v 0.638 0.536 -0.258
v 0.659 0.536 -0.251
usemtl Blue
s off
f 1723 1722 1721 1720 1719
f 1724 1725 1726 1727 1728
f 1719 1720 1725 1724
f 1720 1721 1726 1725
f 1721 1722 1727 1726
f 1722 1723 1728 1727
f 1723 1719 1724 1728
o Berry.224.Shine
v 0.631 0.517 -0.223
v 0.631 0.517 -0.208
v 0.648 0.517 -0.208
v 0.648 0.517 -0.223
v 0.631 0.53 -0.223
v 0.631 0.53 -0.208
v 0.648 0.53 -0.208
v 0.648 0.53 -0.223
usemtl Shine
s off
f 1732 1731 1730 1729
f 1733 1734 1735 1736
f 1729 1730 1734 1733
f 1730 1731 1735 1734
f 1731 1732 1736 1735
f 1732 1729 1733 1736
o Berry.225
v 0.721 0.371 -0.227
v 0.683 0.371 -0.214
v 0.66 0.371 -0.246
v 0.683 0.371 -0.278
v 0.721 0.371 -0.266
v 0.733 0.419 -0.218
v 0.679 0.419 -0.201
v 0.646 0.419 -0.246
v 0.679 0.419 -0.292
v 0.733 0.419 -0.275
usemtl Blue
s off
f 1741 1740 1739 1738 1737
f 1742 1743 1744 1745 1746
f 1737 1738 1743 1742
f 1738 1739 1744 1743
f 1739 1740 1745 1744
f 1740 1741 1746 1745
f 1741 1737 1742 1746
o Berry.225
v 0.733 0.419 -0.218
v 0.679 0.419 -0.201
v 0.646 0.419 -0.246
v 0.679 0.419 -0.292
v 0.733 0.419 -0.275
v 0.711 0.462 -0.234
v 0.687 0.462 -0.226
v 0.672 0.462 -0.246
v 0.687 0.462 -0.267
v 0.711 0.462 -0.259
usemtl Blue
s off
f 1751 1750 1749 1748 1747
f 1752 1753 1754 1755 1756
f 1747 1748 1753 1752
f 1748 1749 1754 1753
f 1749 1750 1755 1754
f 1750 1751 1756 1755
f 1751 1747 1752 1756
o Berry.226
v 0.635 0.44 -0.177
v 0.593 0.44 -0.163
v 0.567 0.44 -0.199
v 0.593 0.44 -0.234
v 0.635 0.44 -0.221
v 0.648 0.494 -0.167
v 0.588 0.494 -0.148
v 0.551 0.494 -0.199
v 0.588 0.494 -0.25
v 0.648 0.494 -0.23
usemtl BlueDark
s off
f 1761 1760 1759 1758 1757
f 1762 1763 1764 1765 1766
f 1757 1758 1763 1762
f 1758 1759 1764 1763
f 1759 1760 1765 1764
f 1760 1761 1766 1765
f 1761 1757 1762 1766
o Berry.226
v 0.648 0.494 -0.167
v 0.588 0.494 -0.148
v 0.551 0.494 -0.199
v 0.588 0.494 -0.25
v 0.648 0.494 -0.23
v 0.625 0.542 -0.185
v 0.598 0.542 -0.176
v 0.581 0.542 -0.199
v 0.598 0.542 -0.222
v 0.625 0.542 -0.213
usemtl BlueDark
s off
f 1771 1770 1769 1768 1767
f 1772 1773 1774 1775 1776
f 1767 1768 1773 1772
f 1768 1769 1774 1773
f 1769 1770 1775 1774
f 1770 1771 1776 1775
f 1771 1767 1772 1776
o Berry.227
v -0.436 0.275 -0.174
v -0.47 0.275 -0.163
v -0.491 0.275 -0.192
v -0.47 0.275 -0.221
v -0.436 0.275 -0.21
v -0.426 0.318 -0.167
v -0.474 0.318 -0.151
v -0.503 0.318 -0.192
v -0.474 0.318 -0.233
v -0.426 0.318 -0.217
usemtl BlueDark
s off
f 1781 1780 1779 1778 1777
f 1782 1783 1784 1785 1786
f 1777 1778 1783 1782
f 1778 1779 1784 1783
f 1779 1780 1785 1784
f 1780 1781 1786 1785
f 1781 1777 1782 1786
o Berry.227
v -0.426 0.318 -0.167
v -0.474 0.318 -0.151
v -0.503 0.318 -0.192
v -0.474 0.318 -0.233
v -0.426 0.318 -0.217
v -0.445 0.357 -0.181
v -0.467 0.357 -0.174
v -0.48 0.357 -0.192
v -0.467 0.357 -0.21
v -0.445 0.357 -0.203
usemtl BlueDark
s off
f 1791 1790 1789 1788 1787
f 1792 1793 1794 1795 1796
f 1787 1788 1793 1792
f 1788 1789 1794 1793
f 1789 1790 1795 1794
f 1790 1791 1796 1795
f 1791 1787 1792 1796
o Berry.227.Shine
v -0.473 0.338 -0.175
v -0.473 0.338 -0.16
v -0.456 0.338 -0.16
v -0.456 0.338 -0.175
v -0.473 0.35 -0.175
v -0.473 0.35 -0.16
v -0.456 0.35 -0.16
v -0.456 0.35 -0.175
usemtl Shine
s off
f 1800 1799 1798 1797
f 1801 1802 1803 1804
f 1797 1798 1802 1801
f 1798 1799 1803 1802
f 1799 1800 1804 1803
f 1800 1797 1801 1804
o Berry.228
v -0.421 0.239 -0.157
v -0.463 0.239 -0.143
v -0.49 0.239 -0.179
v -0.463 0.239 -0.215
v -0.421 0.239 -0.201
v -0.408 0.293 -0.147
v -0.468 0.293 -0.127
v -0.506 0.293 -0.179
v -0.468 0.293 -0.23
v -0.408 0.293 -0.211
usemtl Blue
s off
f 1809 1808 1807 1806 1805
f 1810 1811 1812 1813 1814
f 1805 1806 1811 1810
f 1806 1807 1812 1811
f 1807 1808 1813 1812
f 1808 1809 1814 1813
f 1809 1805 1810 1814
o Berry.228
v -0.408 0.293 -0.147
v -0.468 0.293 -0.127
v -0.506 0.293 -0.179
v -0.468 0.293 -0.23
v -0.408 0.293 -0.211
v -0.432 0.342 -0.165
v -0.459 0.342 -0.156
v -0.476 0.342 -0.179
v -0.459 0.342 -0.202
v -0.432 0.342 -0.193
usemtl Blue
s off
f 1819 1818 1817 1816 1815
f 1820 1821 1822 1823 1824
f 1815 1816 1821 1820
f 1816 1817 1822 1821
f 1817 1818 1823 1822
f 1818 1819 1824 1823
f 1819 1815 1820 1824
o Berry.229
v 0.17 0.497 -0.244
v 0.136 0.497 -0.233
v 0.115 0.497 -0.262
v 0.136 0.497 -0.291
v 0.17 0.497 -0.28
v 0.181 0.54 -0.236
v 0.132 0.54 -0.221
v 0.102 0.54 -0.262
v 0.132 0.54 -0.303
v 0.181 0.54 -0.287
usemtl Blue
s off
f 1829 1828 1827 1826 1825
f 1830 1831 1832 1833 1834
f 1825 1826 1831 1830
f 1826 1827 1832 1831
f 1827 1828 1833 1832
f 1828 1829 1834 1833
f 1829 1825 1830 1834
o Berry.229
v 0.181 0.54 -0.236
v 0.132 0.54 -0.221
v 0.102 0.54 -0.262
v 0.132 0.54 -0.303
v 0.181 0.54 -0.287
v 0.162 0.579 -0.25
v 0.14 0.579 -0.243
v 0.126 0.579 -0.262
v 0.14 0.579 -0.28
v 0.162 0.579 -0.273
usemtl Blue
s off
f 1839 1838 1837 1836 1835
f 1840 1841 1842 1843 1844
f 1835 1836 1841 1840
f 1836 1837 1842 1841
f 1837 1838 1843 1842
f 1838 1839 1844 1843
f 1839 1835 1840 1844
o Berry.229.Shine
v 0.133 0.56 -0.244
v 0.133 0.56 -0.229
v 0.15 0.56 -0.229
v 0.15 0.56 -0.244
v 0.133 0.573 -0.244
v 0.133 0.573 -0.229
v 0.15 0.573 -0.229
v 0.15 0.573 -0.244
usemtl Shine
s off
f 1848 1847 1846 1845
f 1849 1850 1851 1852
f 1845 1846 1850 1849
f 1846 1847 1851 1850
f 1847 1848 1852 1851
f 1848 1845 1849 1852
o Berry.230
v 0.124 0.485 -0.296
v 0.09 0.485 -0.285
v 0.07 0.485 -0.313
v 0.09 0.485 -0.342
v 0.124 0.485 -0.331
v 0.134 0.528 -0.288
v 0.086 0.528 -0.273
v 0.057 0.528 -0.313
v 0.086 0.528 -0.354
v 0.134 0.528 -0.339
usemtl Blue
s off
f 1857 1856 1855 1854 1853
f 1858 1859 1860 1861 1862
f 1853 1854 1859 1858
f 1854 1855 1860 1859
f 1855 1856 1861 1860
f 1856 1857 1862 1861
f 1857 1853 1858 1862
o Berry.230
v 0.134 0.528 -0.288
v 0.086 0.528 -0.273
v 0.057 0.528 -0.313
v 0.086 0.528 -0.354
v 0.134 0.528 -0.339
v 0.115 0.567 -0.302
v 0.094 0.567 -0.295
v 0.08 0.567 -0.313
v 0.094 0.567 -0.332
v 0.115 0.567 -0.325
usemtl Blue
s off
f 1867 1866 1865 1864 1863
f 1868 1869 1870 1871 1872
f 1863 1864 1869 1868
f 1864 1865 1870 1869
f 1865 1866 1871 1870
f 1866 1867 1872 1871
f 1867 1863 1868 1872
o Berry.231
v -0.319 0.232 -0.539
v -0.355 0.232 -0.527
v -0.377 0.232 -0.558
v -0.355 0.232 -0.588
v -0.319 0.232 -0.577
v -0.307 0.278 -0.53
v -0.359 0.278 -0.514
v -0.391 0.278 -0.558
v -0.359 0.278 -0.602
v -0.307 0.278 -0.585
usemtl BlueDark
s off
f 1877 1876 1875 1874 1873
f 1878 1879 1880 1881 1882
f 1873 1874 1879 1878
f 1874 1875 1880 1879
f 1875 1876 1881 1880
f 1876 1877 1882 1881
f 1877 1873 1878 1882
o Berry.231
v -0.307 0.278 -0.53
v -0.359 0.278 -0.514
v -0.391 0.278 -0.558
v -0.359 0.278 -0.602
v -0.307 0.278 -0.585
v -0.328 0.32 -0.545
v -0.351 0.32 -0.538
v -0.366 0.32 -0.558
v -0.351 0.32 -0.577
v -0.328 0.32 -0.57
usemtl BlueDark
s off
f 1887 1886 1885 1884 1883
f 1888 1889 1890 1891 1892
f 1883 1884 1889 1888
f 1884 1885 1890 1889
f 1885 1886 1891 1890
f 1886 1887 1892 1891
f 1887 1883 1888 1892
o Berry.231.Shine
v -0.359 0.299 -0.539
v -0.359 0.299 -0.523
v -0.34 0.299 -0.523
v -0.34 0.299 -0.539
v -0.359 0.313 -0.539
v -0.359 0.313 -0.523
v -0.34 0.313 -0.523
v -0.34 0.313 -0.539
usemtl Shine
s off
f 1896 1895 1894 1893
f 1897 1898 1899 1900
f 1893 1894 1898 1897
f 1894 1895 1899 1898
f 1895 1896 1900 1899
f 1896 1893 1897 1900
o Berry.232
v -0.306 0.152 -0.53
v -0.34 0.152 -0.519
v -0.361 0.152 -0.548
v -0.34 0.152 -0.576
v -0.306 0.152 -0.565
v -0.296 0.196 -0.522
v -0.344 0.196 -0.506
v -0.374 0.196 -0.548
v -0.344 0.196 -0.589
v -0.296 0.196 -0.573
usemtl Blue
s off
f 1905 1904 1903 1902 1901
f 1906 1907 1908 1909 1910
f 1901 1902 1907 1906
f 1902 1903 1908 1907
f 1903 1904 1909 1908
f 1904 1905 1910 1909
f 1905 1901 1906 1910
o Berry.232
v -0.296 0.196 -0.522
v -0.344 0.196 -0.506
v -0.374 0.196 -0.548
v -0.344 0.196 -0.589
v -0.296 0.196 -0.573
v -0.315 0.235 -0.536
v -0.337 0.235 -0.529
v -0.35 0.235 -0.548
v -0.337 0.235 -0.566
v -0.315 0.235 -0.559
usemtl Blue
s off
f 1915 1914 1913 1912 1911
f 1916 1917 1918 1919 1920
f 1911 1912 1917 1916
f 1912 1913 1918 1917
f 1913 1914 1919 1918
f 1914 1915 1920 1919
f 1915 1911 1916 1920
o Berry.233
v -0.904 0.331 -0.544
v -0.944 0.331 -0.531
v -0.969 0.331 -0.566
v -0.944 0.331 -0.6
v -0.904 0.331 -0.587
v -0.892 0.383 -0.535
v -0.949 0.383 -0.517
v -0.985 0.383 -0.566
v -0.949 0.383 -0.615
v -0.892 0.383 -0.596
usemtl Blue
s off
f 1925 1924 1923 1922 1921
f 1926 1927 1928 1929 1930
f 1921 1922 1927 1926
f 1922 1923 1928 1927
f 1923 1924 1929 1928
f 1924 1925 1930 1929
f 1925 1921 1926 1930
o Berry.233
v -0.892 0.383 -0.535
v -0.949 0.383 -0.517
v -0.985 0.383 -0.566
v -0.949 0.383 -0.615
v -0.892 0.383 -0.596
v -0.914 0.429 -0.552
v -0.94 0.429 -0.544
v -0.956 0.429 -0.566
v -0.94 0.429 -0.588
v -0.914 0.429 -0.579
usemtl Blue
s off
f 1935 1934 1933 1932 1931
f 1936 1937 1938 1939 1940
f 1931 1932 1937 1936
f 1932 1933 1938 1937
f 1933 1934 1939 1938
f 1934 1935 1940 1939
f 1935 1931 1936 1940
o Berry.233.Shine
v -0.949 0.406 -0.545
v -0.949 0.406 -0.527
v -0.928 0.406 -0.527
v -0.928 0.406 -0.545
v -0.949 0.422 -0.545
v -0.949 0.422 -0.527
v -0.928 0.422 -0.527
v -0.928 0.422 -0.545
usemtl Shine
s off
f 1944 1943 1942 1941
f 1945 1946 1947 1948
f 1941 1942 1946 1945
f 1942 1943 1947 1946
f 1943 1944 1948 1947
f 1944 1941 1945 1948
o Berry.234
v -0.834 0.276 -0.614
v -0.878 0.276 -0.6
v -0.906 0.276 -0.638
v -0.878 0.276 -0.675
v -0.834 0.276 -0.661
v -0.82 0.332 -0.604
v -0.884 0.332 -0.584
v -0.923 0.332 -0.638
v -0.884 0.332 -0.691
v -0.82 0.332 -0.671
usemtl BlueDark
s off
f 1953 1952 1951 1950 1949
f 1954 1955 1956 1957 1958
f 1949 1950 1955 1954
f 1950 1951 1956 1955
f 1951 1952 1957 1956
f 1952 1953 1958 1957
f 1953 1949 1954 1958
o Berry.234
v -0.82 0.332 -0.604
v -0.884 0.332 -0.584
v -0.923 0.332 -0.638
v -0.884 0.332 -0.691
v -0.82 0.332 -0.671
v -0.846 0.383 -0.623
v -0.874 0.383 -0.613
v -0.891 0.383 -0.638
v -0.874 0.383 -0.662
v -0.846 0.383 -0.652
usemtl BlueDark
s off
f 1963 1962 1961 1960 1959
f 1964 1965 1966 1967 1968
f 1959 1960 1965 1964
f 1960 1961 1966 1965
f 1961 1962 1967 1966
f 1962 1963 1968 1967
f 1963 1959 1964 1968
o Berry.235
v -0.954 0.267 -0.482
v -0.997 0.267 -0.468
v -1.024 0.267 -0.505
v -0.997 0.267 -0.542
v -0.954 0.267 -0.528
v -0.941 0.322 -0.473
v -1.003 0.322 -0.453
v -1.041 0.322 -0.505
v -1.003 0.322 -0.558
v -0.941 0.322 -0.538
usemtl Blue
s off
f 1973 1972 1971 1970 1969
f 1974 1975 1976 1977 1978
f 1969 1970 1975 1974
f 1970 1971 1976 1975
f 1971 1972 1977 1976
f 1972 1973 1978 1977
f 1973 1969 1974 1978
o Berry.235
v -0.941 0.322 -0.473
v -1.003 0.322 -0.453
v -1.041 0.322 -0.505
v -1.003 0.322 -0.558
v -0.941 0.322 -0.538
v -0.965 0.372 -0.49
v -0.993 0.372 -0.481
v -1.01 0.372 -0.505
v -0.993 0.372 -0.529
v -0.965 0.372 -0.52
usemtl Blue
s off
f 1983 1982 1981 1980 1979
f 1984 1985 1986 1987 1988
f 1979 1980 1985 1984
f 1980 1981 1986 1985
f 1981 1982 1987 1986
f 1982 1983 1988 1987
f 1983 1979 1984 1988
o Berry.236
v -0.851 0.274 -0.496
v -0.893 0.274 -0.482
v -0.919 0.274 -0.518
v -0.893 0.274 -0.555
v -0.851 0.274 -0.541
v -0.837 0.328 -0.487
v -0.898 0.328 -0.467
v -0.935 0.328 -0.518
v -0.898 0.328 -0.57
v -0.837 0.328 -0.55
usemtl Blue
s off
f 1993 1992 1991 1990 1989
f 1994 1995 1996 1997 1998
f 1989 1990 1995 1994
f 1990 1991 1996 1995
f 1991 1992 1997 1996
f 1992 1993 1998 1997
f 1993 1989 1994 1998
o Berry.236
v -0.837 0.328 -0.487
v -0.898 0.328 -0.467
v -0.935 0.328 -0.518
v -0.898 0.328 -0.57
v -0.837 0.328 -0.55
v -0.862 0.377 -0.504
v -0.889 0.377 -0.495
v -0.906 0.377 -0.518
v -0.889 0.377 -0.542
v -0.862 0.377 -0.533
usemtl Blue
s off
f 2003 2002 2001 2000 1999
f 2004 2005 2006 2007 2008
f 1999 2000 2005 2004
f 2000 2001 2006 2005
f 2001 2002 2007 2006
f 2002 2003 2008 2007
f 2003 1999 2004 2008
o Berry.237
v -0.548 0.346 0.895
v -0.591 0.346 0.909
v -0.617 0.346 0.873
v -0.591 0.346 0.836
v -0.548 0.346 0.85
v -0.535 0.4 0.904
v -0.596 0.4 0.924
v -0.634 0.4 0.873
v -0.596 0.4 0.821
v -0.535 0.4 0.841
usemtl Blue
s off
f 2013 2012 2011 2010 2009
f 2014 2015 2016 2017 2018
f 2009 2010 2015 2014
f 2010 2011 2016 2015
f 2011 2012 2017 2016
f 2012 2013 2018 2017
f 2013 2009 2014 2018
o Berry.237
v -0.535 0.4 0.904
v -0.596 0.4 0.924
v -0.634 0.4 0.873
v -0.596 0.4 0.821
v -0.535 0.4 0.841
v -0.559 0.449 0.887
v -0.587 0.449 0.896
v -0.604 0.449 0.873
v -0.587 0.449 0.849
v -0.559 0.449 0.858
usemtl Blue
s off
f 2023 2022 2021 2020 2019
f 2024 2025 2026 2027 2028
f 2019 2020 2025 2024
f 2020 2021 2026 2025
f 2021 2022 2027 2026
f 2022 2023 2028 2027
f 2023 2019 2024 2028
o Berry.237.Shine
v -0.596 0.425 0.894
v -0.596 0.425 0.913
v -0.574 0.425 0.913
v -0.574 0.425 0.894
v -0.596 0.441 0.894
v -0.596 0.441 0.913
v -0.574 0.441 0.913
v -0.574 0.441 0.894
usemtl Shine
s off
f 2032 2031 2030 2029
f 2033 2034 2035 2036
f 2029 2030 2034 2033
f 2030 2031 2035 2034
f 2031 2032 2036 2035
f 2032 2029 2033 2036
o Berry.238
v -0.501 0.257 0.856
v -0.536 0.257 0.868
v -0.557 0.257 0.838
v -0.536 0.257 0.809
v -0.501 0.257 0.82
v -0.49 0.302 0.864
v -0.54 0.302 0.88
v -0.57 0.302 0.838
v -0.54 0.302 0.796
v -0.49 0.302 0.812
usemtl BlueDark
s off
f 2041 2040 2039 2038 2037
f 2042 2043 2044 2045 2046
f 2037 2038 2043 2042
f 2038 2039 2044 2043
f 2039 2040 2045 2044
f 2040 2041 2046 2045
f 2041 2037 2042 2046
o Berry.238
v -0.49 0.302 0.864
v -0.54 0.302 0.88
v -0.57 0.302 0.838
v -0.54 0.302 0.796
v -0.49 0.302 0.812
v -0.51 0.342 0.85
v -0.532 0.342 0.857
v -0.546 0.342 0.838
v -0.532 0.342 0.819
v -0.51 0.342 0.826
usemtl BlueDark
s off
f 2051 2050 2049 2048 2047
f 2052 2053 2054 2055 2056
f 2047 2048 2053 2052
f 2048 2049 2054 2053
f 2049 2050 2055 2054
f 2050 2051 2056 2055
f 2051 2047 2052 2056
o Berry.239
v -0.567 0.341 0.942
v -0.61 0.341 0.956
v -0.636 0.341 0.92
v -0.61 0.341 0.884
v -0.567 0.341 0.898
v -0.554 0.396 0.952
v -0.615 0.396 0.972
v -0.652 0.396 0.92
v -0.615 0.396 0.868
v -0.554 0.396 0.888
usemtl BlueDark
s off
f 2061 2060 2059 2058 2057
f 2062 2063 2064 2065 2066
f 2057 2058 2063 2062
f 2058 2059 2064 2063
f 2059 2060 2065 2064
f 2060 2061 2066 2065
f 2061 2057 2062 2066
o Berry.239
v -0.554 0.396 0.952
v -0.615 0.396 0.972
v -0.652 0.396 0.92
v -0.615 0.396 0.868
v -0.554 0.396 0.888
v -0.578 0.445 0.934
v -0.606 0.445 0.943
v -0.623 0.445 0.92
v -0.606 0.445 0.897
v -0.578 0.445 0.906
usemtl BlueDark
s off
f 2071 2070 2069 2068 2067
f 2072 2073 2074 2075 2076
f 2067 2068 2073 2072
f 2068 2069 2074 2073
f 2069 2070 2075 2074
f 2070 2071 2076 2075
f 2071 2067 2072 2076
o Berry.240
v -0.437 0.391 -0.246
v -0.472 0.391 -0.235
v -0.493 0.391 -0.264
v -0.472 0.391 -0.294
v -0.437 0.391 -0.282
v -0.426 0.435 -0.238
v -0.476 0.435 -0.222
v -0.506 0.435 -0.264
v -0.476 0.435 -0.306
v -0.426 0.435 -0.29
usemtl BlueDark
s off
f 2081 2080 2079 2078 2077
f 2082 2083 2084 2085 2086
f 2077 2078 2083 2082
f 2078 2079 2084 2083
f 2079 2080 2085 2084
f 2080 2081 2086 2085
f 2081 2077 2082 2086
o Berry.240
v -0.426 0.435 -0.238
v -0.476 0.435 -0.222
v -0.506 0.435 -0.264
v -0.476 0.435 -0.306
v -0.426 0.435 -0.29
v -0.446 0.475 -0.252
v -0.468 0.475 -0.245
v -0.482 0.475 -0.264
v -0.468 0.475 -0.283
v -0.446 0.475 -0.276
usemtl BlueDark
s off
f 2091 2090 2089 2088 2087
f 2092 2093 2094 2095 2096
f 2087 2088 2093 2092
f 2088 2089 2094 2093
f 2089 2090 2095 2094
f 2090 2091 2096 2095
f 2091 2087 2092 2096
o Berry.240.Shine
v -0.475 0.455 -0.246
v -0.475 0.455 -0.231
v -0.458 0.455 -0.231
v -0.458 0.455 -0.246
v -0.475 0.469 -0.246
v -0.475 0.469 -0.231
v -0.458 0.469 -0.231
v -0.458 0.469 -0.246
usemtl Shine
s off
f 2100 2099 2098 2097
f 2101 2102 2103 2104
f 2097 2098 2102 2101
f 2098 2099 2103 2102
f 2099 2100 2104 2103
f 2100 2097 2101 2104
o Berry.241
v -0.5 0.335 -0.215
v -0.543 0.335 -0.201
v -0.569 0.335 -0.237
v -0.543 0.335 -0.273
v -0.5 0.335 -0.259
v -0.487 0.389 -0.206
v -0.548 0.389 -0.186
v -0.585 0.389 -0.237
v -0.548 0.389 -0.288
v -0.487 0.389 -0.269
usemtl Blue
s off
f 2109 2108 2107 2106 2105
f 2110 2111 2112 2113 2114
f 2105 2106 2111 2110
f 2106 2107 2112 2111
f 2107 2108 2113 2112
f 2108 2109 2114 2113
f 2109 2105 2110 2114
o Berry.241
v -0.487 0.389 -0.206
v -0.548 0.389 -0.186
v -0.585 0.389 -0.237
v -0.548 0.389 -0.288
v -0.487 0.389 -0.269
v -0.511 0.438 -0.223
v -0.538 0.438 -0.214
v -0.555 0.438 -0.237
v -0.538 0.438 -0.26
v -0.511 0.438 -0.251
usemtl Blue
s off
f 2119 2118 2117 2116 2115
f 2120 2121 2122 2123 2124
f 2115 2116 2121 2120
f 2116 2117 2122 2121
f 2117 2118 2123 2122
f 2118 2119 2124 2123
f 2119 2115 2120 2124
o Berry.242
v -0.412 0.326 -0.292
v -0.455 0.326 -0.278
v -0.481 0.326 -0.314
v -0.455 0.326 -0.351
v -0.412 0.326 -0.337
v -0.399 0.38 -0.282
v -0.46 0.38 -0.262
v -0.498 0.38 -0.314
v -0.46 0.38 -0.366
v -0.399 0.38 -0.346
usemtl BlueDark
s off
f 2129 2128 2127 2126 2125
f 2130 2131 2132 2133 2134
f 2125 2126 2131 2130
f 2126 2127 2132 2131
f 2127 2128 2133 2132
f 2128 2129 2134 2133
f 2129 2125 2130 2134
o Berry.242
v -0.399 0.38 -0.282
v -0.46 0.38 -0.262
v -0.498 0.38 -0.314
v -0.46 0.38 -0.366
v -0.399 0.38 -0.346
v -0.423 0.429 -0.3
v -0.451 0.429 -0.291
v -0.468 0.429 -0.314
v -0.451 0.429 -0.338
v -0.423 0.429 -0.329
usemtl BlueDark
s off
f 2139 2138 2137 2136 2135
f 2140 2141 2142 2143 2144
f 2135 2136 2141 2140
f 2136 2137 2142 2141
f 2137 2138 2143 2142
f 2138 2139 2144 2143
f 2139 2135 2140 2144
o Berry.243
v -0.381 0.345 -0.242
v -0.418 0.345 -0.23
v -0.441 0.345 -0.261
v -0.418 0.345 -0.293
v -0.381 0.345 -0.281
v -0.37 0.392 -0.233
v -0.423 0.392 -0.216
v -0.455 0.392 -0.261
v -0.423 0.392 -0.306
v -0.37 0.392 -0.289
usemtl Blue
s off
f 2149 2148 2147 2146 2145
f 2150 2151 2152 2153 2154
f 2145 2146 2151 2150
f 2146 2147 2152 2151
f 2147 2148 2153 2152
f 2148 2149 2154 2153
f 2149 2145 2150 2154
o Berry.243
v -0.37 0.392 -0.233
v -0.423 0.392 -0.216
v -0.455 0.392 -0.261
v -0.423 0.392 -0.306
v -0.37 0.392 -0.289
v -0.391 0.435 -0.249
v -0.415 0.435 -0.241
v -0.429 0.435 -0.261
v -0.415 0.435 -0.282
v -0.391 0.435 -0.274
usemtl Blue
s off
f 2159 2158 2157 2156 2155
f 2160 2161 2162 2163 2164
f 2155 2156 2161 2160
f 2156 2157 2162 2161
f 2157 2158 2163 2162
f 2158 2159 2164 2163
f 2159 2155 2160 2164
o Berry.244
v -0.327 0.457 0.149
v -0.363 0.457 0.16
v -0.385 0.457 0.13
v -0.363 0.457 0.099
v -0.327 0.457 0.111
v -0.316 0.503 0.157
v -0.367 0.503 0.174
v -0.399 0.503 0.13
v -0.367 0.503 0.086
v -0.316 0.503 0.102
usemtl BlueDark
s off
f 2169 2168 2167 2166 2165
f 2170 2171 2172 2173 2174
f 2165 2166 2171 2170
f 2166 2167 2172 2171
f 2167 2168 2173 2172
f 2168 2169 2174 2173
f 2169 2165 2170 2174
o Berry.244
v -0.316 0.503 0.157
v -0.367 0.503 0.174
v -0.399 0.503 0.13
v -0.367 0.503 0.086
v -0.316 0.503 0.102
v -0.336 0.545 0.142
v -0.36 0.545 0.149
v -0.374 0.545 0.13
v -0.36 0.545 0.11
v -0.336 0.545 0.117
usemtl BlueDark
s off
f 2179 2178 2177 2176 2175
f 2180 2181 2182 2183 2184
f 2175 2176 2181 2180
f 2176 2177 2182 2181
f 2177 2178 2183 2182
f 2178 2179 2184 2183
f 2179 2175 2180 2184
o Berry.244.Shine
v -0.367 0.524 0.148
v -0.367 0.524 0.164
v -0.349 0.524 0.164
v -0.349 0.524 0.148
v -0.367 0.538 0.148
v -0.367 0.538 0.164
v -0.349 0.538 0.164
v -0.349 0.538 0.148
usemtl Shine
s off
f 2188 2187 2186 2185
f 2189 2190 2191 2192
f 2185 2186 2190 2189
f 2186 2187 2191 2190
f 2187 2188 2192 2191
f 2188 2185 2189 2192
o Berry.245
v -0.247 0.419 0.1
v -0.292 0.419 0.114
v -0.319 0.419 0.076
v -0.292 0.419 0.038
v -0.247 0.419 0.053
v -0.233 0.476 0.11
v -0.297 0.476 0.13
v -0.336 0.476 0.076
v -0.297 0.476 0.022
v -0.233 0.476 0.043
usemtl BlueDark
s off
f 2197 2196 2195 2194 2193
f 2198 2199 2200 2201 2202
f 2193 2194 2199 2198
f 2194 2195 2200 2199
f 2195 2196 2201 2200
f 2196 2197 2202 2201
f 2197 2193 2198 2202
o Berry.245
v -0.233 0.476 0.11
v -0.297 0.476 0.13
v -0.336 0.476 0.076
v -0.297 0.476 0.022
v -0.233 0.476 0.043
v -0.259 0.527 0.091
v -0.287 0.527 0.101
v -0.305 0.527 0.076
v -0.287 0.527 0.052
v -0.259 0.527 0.061
usemtl BlueDark
s off
f 2207 2206 2205 2204 2203
f 2208 2209 2210 2211 2212
f 2203 2204 2209 2208
f 2204 2205 2210 2209
f 2205 2206 2211 2210
f 2206 2207 2212 2211
f 2207 2203 2208 2212
o Berry.246
v 0.554 0.457 -0.694
v 0.516 0.457 -0.682
v 0.493 0.457 -0.714
v 0.516 0.457 -0.745
v 0.554 0.457 -0.733
v 0.565 0.505 -0.685
v 0.512 0.505 -0.668
v 0.479 0.505 -0.714
v 0.512 0.505 -0.759
v 0.565 0.505 -0.742
usemtl BlueDark
s off
f 2217 2216 2215 2214 2213
f 2218 2219 2220 2221 2222
f 2213 2214 2219 2218
f 2214 2215 2220 2219
f 2215 2216 2221 2220
f 2216 2217 2222 2221
f 2217 2213 2218 2222
o Berry.246
v 0.565 0.505 -0.685
v 0.512 0.505 -0.668
v 0.479 0.505 -0.714
v 0.512 0.505 -0.759
v 0.565 0.505 -0.742
v 0.544 0.548 -0.701
v 0.52 0.548 -0.693
v 0.505 0.548 -0.714
v 0.52 0.548 -0.734
v 0.544 0.548 -0.726
usemtl BlueDark
s off
f 2227 2226 2225 2224 2223
f 2228 2229 2230 2231 2232
f 2223 2224 2229 2228
f 2224 2225 2230 2229
f 2225 2226 2231 2230
f 2226 2227 2232 2231
f 2227 2223 2228 2232
o Berry.246.Shine
v 0.512 0.526 -0.694
v 0.512 0.526 -0.678
v 0.532 0.526 -0.678
v 0.532 0.526 -0.694
v 0.512 0.541 -0.694
v 0.512 0.541 -0.678
v 0.532 0.541 -0.678
v 0.532 0.541 -0.694
usemtl Shine
s off
f 2236 2235 2234 2233
f 2237 2238 2239 2240
f 2233 2234 2238 2237
f 2234 2235 2239 2238
f 2235 2236 2240 2239
f 2236 2233 2237 2240
o Berry.247
v 0.49 0.433 -0.749
v 0.451 0.433 -0.736
v 0.427 0.433 -0.769
v 0.451 0.433 -0.802
v 0.49 0.433 -0.79
v 0.502 0.482 -0.74
v 0.446 0.482 -0.722
v 0.412 0.482 -0.769
v 0.446 0.482 -0.816
v 0.502 0.482 -0.798
usemtl Blue
s off
f 2245 2244 2243 2242 2241
f 2246 2247 2248 2249 2250
f 2241 2242 2247 2246
f 2242 2243 2248 2247
f 2243 2244 2249 2248
f 2244 2245 2250 2249
f 2245 2241 2246 2250
o Berry.247
v 0.502 0.482 -0.74
v 0.446 0.482 -0.722
v 0.412 0.482 -0.769
v 0.446 0.482 -0.816
v 0.502 0.482 -0.798
v 0.48 0.527 -0.756
v 0.455 0.527 -0.748
v 0.439 0.527 -0.769
v 0.455 0.527 -0.79
v 0.48 0.527 -0.782
usemtl Blue
s off
f 2255 2254 2253 2252 2251
f 2256 2257 2258 2259 2260
f 2251 2252 2257 2256
f 2252 2253 2258 2257
f 2253 2254 2259 2258
f 2254 2255 2260 2259
f 2255 2251 2256 2260
o Berry.248
v 0.536 0.43 -0.709
v 0.493 0.43 -0.695
v 0.466 0.43 -0.732
v 0.493 0.43 -0.768
v 0.536 0.43 -0.754
v 0.549 0.484 -0.699
v 0.488 0.484 -0.68
v 0.45 0.484 -0.732
v 0.488 0.484 -0.784
v 0.549 0.484 -0.764
usemtl Blue
s off
f 2265 2264 2263 2262 2261
f 2266 2267 2268 2269 2270
f 2261 2262 2267 2266
f 2262 2263 2268 2267
f 2263 2264 2269 2268
f 2264 2265 2270 2269
f 2265 2261 2266 2270
o Berry.248
v 0.549 0.484 -0.699
v 0.488 0.484 -0.68
v 0.45 0.484 -0.732
v 0.488 0.484 -0.784
v 0.549 0.484 -0.764
v 0.525 0.534 -0.717
v 0.497 0.534 -0.708
v 0.48 0.534 -0.732
v 0.497 0.534 -0.755
v 0.525 0.534 -0.746
usemtl Blue
s off
f 2275 2274 2273 2272 2271
f 2276 2277 2278 2279 2280
f 2271 2272 2277 2276
f 2272 2273 2278 2277
f 2273 2274 2279 2278
f 2274 2275 2280 2279
f 2275 2271 2276 2280
o Berry.249
v 0.011 0.329 0.571
v -0.033 0.329 0.585
v -0.06 0.329 0.548
v -0.033 0.329 0.511
v 0.011 0.329 0.525
v 0.024 0.385 0.581
v -0.038 0.385 0.601
v -0.076 0.385 0.548
v -0.038 0.385 0.495
v 0.024 0.385 0.515
usemtl Blue
s off
f 2285 2284 2283 2282 2281
f 2286 2287 2288 2289 2290
f 2281 2282 2287 2286
f 2282 2283 2288 2287
f 2283 2284 2289 2288
f 2284 2285 2290 2289
f 2285 2281 2286 2290
o Berry.249
v 0.024 0.385 0.581
v -0.038 0.385 0.601
v -0.076 0.385 0.548
v -0.038 0.385 0.495
v 0.024 0.385 0.515
v -0.001 0.435 0.563
v -0.029 0.435 0.572
v -0.046 0.435 0.548
v -0.029 0.435 0.524
v -0.001 0.435 0.533
usemtl Blue
s off
f 2295 2294 2293 2292 2291
f 2296 2297 2298 2299 2300
f 2291 2292 2297 2296
f 2292 2293 2298 2297
f 2293 2294 2299 2298
f 2294 2295 2300 2299
f 2295 2291 2296 2300
o Berry.249.Shine
v -0.037 0.41 0.57
v -0.037 0.41 0.59
v -0.015 0.41 0.59
v -0.015 0.41 0.57
v -0.037 0.426 0.57
v -0.037 0.426 0.59
v -0.015 0.426 0.59
v -0.015 0.426 0.57
usemtl Shine
s off
f 2304 2303 2302 2301
f 2305 2306 2307 2308
f 2301 2302 2306 2305
f 2302 2303 2307 2306
f 2303 2304 2308 2307
f 2304 2301 2305 2308
o Berry.250
v 0.071 0.324 0.598
v 0.026 0.324 0.613
v -0.001 0.324 0.575
v 0.026 0.324 0.537
v 0.071 0.324 0.551
v 0.085 0.381 0.608
v 0.021 0.381 0.629
v -0.018 0.381 0.575
v 0.021 0.381 0.52
v 0.085 0.381 0.541
usemtl BlueDark
s off
f 2313 2312 2311 2310 2309
f 2314 2315 2316 2317 2318
f 2309 2310 2315 2314
f 2310 2311 2316 2315
f 2311 2312 2317 2316
f 2312 2313 2318 2317
f 2313 2309 2314 2318
o Berry.250
v 0.085 0.381 0.608
v 0.021 0.381 0.629
v -0.018 0.381 0.575
v 0.021 0.381 0.52
v 0.085 0.381 0.541
v 0.06 0.433 0.59
v 0.031 0.433 0.599
v 0.013 0.433 0.575
v 0.031 0.433 0.55
v 0.06 0.433 0.559
usemtl BlueDark
s off
f 2323 2322 2321 2320 2319
f 2324 2325 2326 2327 2328
f 2319 2320 2325 2324
f 2320 2321 2326 2325
f 2321 2322 2327 2326
f 2322 2323 2328 2327
f 2323 2319 2324 2328
o Berry.251
v -0.9 0.184 -0.576
v -0.939 0.184 -0.563
v -0.963 0.184 -0.596
v -0.939 0.184 -0.629
v -0.9 0.184 -0.616
v -0.888 0.233 -0.567
v -0.943 0.233 -0.549
v -0.978 0.233 -0.596
v -0.943 0.233 -0.643
v -0.888 0.233 -0.625
usemtl Blue
s off
f 2333 2332 2331 2330 2329
f 2334 2335 2336 2337 2338
f 2329 2330 2335 2334
f 2330 2331 2336 2335
f 2331 2332 2337 2336
f 2332 2333 2338 2337
f 2333 2329 2334 2338
o Berry.251
v -0.888 0.233 -0.567
v -0.943 0.233 -0.549
v -0.978 0.233 -0.596
v -0.943 0.233 -0.643
v -0.888 0.233 -0.625
v -0.91 0.278 -0.583
v -0.935 0.278 -0.575
v -0.95 0.278 -0.596
v -0.935 0.278 -0.617
v -0.91 0.278 -0.609
usemtl Blue
s off
f 2343 2342 2341 2340 2339
f 2344 2345 2346 2347 2348
f 2339 2340 2345 2344
f 2340 2341 2346 2345
f 2341 2342 2347 2346
f 2342 2343 2348 2347
f 2343 2339 2344 2348
o Berry.251.Shine
v -0.943 0.256 -0.576
v -0.943 0.256 -0.559
v -0.923 0.256 -0.559
v -0.923 0.256 -0.576
v -0.943 0.27 -0.576
v -0.943 0.27 -0.559
v -0.923 0.27 -0.559
v -0.923 0.27 -0.576
usemtl Shine
s off
f 2352 2351 2350 2349
f 2353 2354 2355 2356
f 2349 2350 2354 2353
f 2350 2351 2355 2354
f 2351 2352 2356 2355
f 2352 2349 2353 2356
o Berry.252
v -0.881 0.089 -0.558
v -0.923 0.089 -0.545
v -0.949 0.089 -0.58
v -0.923 0.089 -0.616
v -0.881 0.089 -0.602
v -0.868 0.142 -0.549
v -0.928 0.142 -0.53
v -0.965 0.142 -0.58
v -0.928 0.142 -0.631
v -0.868 0.142 -0.612
usemtl Blue
s off
f 2361 2360 2359 2358 2357
f 2362 2363 2364 2365 2366
f 2357 2358 2363 2362
f 2358 2359 2364 2363
f 2359 2360 2365 2364
f 2360 2361 2366 2365
f 2361 2357 2362 2366
o Berry.252
v -0.868 0.142 -0.549
v -0.928 0.142 -0.53
v -0.965 0.142 -0.58
v -0.928 0.142 -0.631
v -0.868 0.142 -0.612
v -0.892 0.19 -0.566
v -0.919 0.19 -0.558
v -0.935 0.19 -0.58
v -0.919 0.19 -0.603
v -0.892 0.19 -0.594
usemtl Blue
s off
f 2371 2370 2369 2368 2367
f 2372 2373 2374 2375 2376
f 2367 2368 2373 2372
f 2368 2369 2374 2373
f 2369 2370 2375 2374
f 2370 2371 2376 2375
f 2371 2367 2372 2376
o Berry.253
v -0.928 0.113 -0.511
v -0.962 0.113 -0.5
v -0.983 0.113 -0.529
v -0.962 0.113 -0.558
v -0.928 0.113 -0.547
v -0.917 0.157 -0.503
v -0.966 0.157 -0.487
v -0.997 0.157 -0.529
v -0.966 0.157 -0.571
v -0.917 0.157 -0.555
usemtl Blue
s off
f 2381 2380 2379 2378 2377
f 2382 2383 2384 2385 2386
f 2377 2378 2383 2382
f 2378 2379 2384 2383
f 2379 2380 2385 2384
f 2380 2381 2386 2385
f 2381 2377 2382 2386
o Berry.253
v -0.917 0.157 -0.503
v -0.966 0.157 -0.487
v -0.997 0.157 -0.529
v -0.966 0.157 -0.571
v -0.917 0.157 -0.555
v -0.937 0.197 -0.517
v -0.959 0.197 -0.51
v -0.972 0.197 -0.529
v -0.959 0.197 -0.548
v -0.937 0.197 -0.541
usemtl Blue
s off
f 2391 2390 2389 2388 2387
f 2392 2393 2394 2395 2396
f 2387 2388 2393 2392
f 2388 2389 2394 2393
f 2389 2390 2395 2394
f 2390 2391 2396 2395
f 2391 2387 2392 2396
o Berry.254
v -0.872 0.181 -0.622
v -0.911 0.181 -0.609
v -0.936 0.181 -0.643
v -0.911 0.181 -0.677
v -0.872 0.181 -0.664
v -0.859 0.232 -0.613
v -0.916 0.232 -0.595
v -0.951 0.232 -0.643
v -0.916 0.232 -0.691
v -0.859 0.232 -0.673
usemtl Blue
s off
f 2401 2400 2399 2398 2397
f 2402 2403 2404 2405 2406
f 2397 2398 2403 2402
f 2398 2399 2404 2403
f 2399 2400 2405 2404
f 2400 2401 2406 2405
f 2401 2397 2402 2406
o Berry.254
v -0.859 0.232 -0.613
v -0.916 0.232 -0.595
v -0.951 0.232 -0.643
v -0.916 0.232 -0.691
v -0.859 0.232 -0.673
v -0.882 0.277 -0.63
v -0.907 0.277 -0.621
v -0.923 0.277 -0.643
v -0.907 0.277 -0.665
v -0.882 0.277 -0.656
usemtl Blue
s off
f 2411 2410 2409 2408 2407
f 2412 2413 2414 2415 2416
f 2407 2408 2413 2412
f 2408 2409 2414 2413
f 2409 2410 2415 2414
f 2410 2411 2416 2415
f 2411 2407 2412 2416
o Berry.255
v -0.439 0.532 0.261
v -0.483 0.532 0.275
v -0.51 0.532 0.238
v -0.483 0.532 0.201
v -0.439 0.532 0.215
v -0.425 0.588 0.271
v -0.488 0.588 0.291
v -0.526 0.588 0.238
v -0.488 0.588 0.185
v -0.425 0.588 0.205
usemtl BlueDark
s off
f 2421 2420 2419 2418 2417
f 2422 2423 2424 2425 2426
f 2417 2418 2423 2422
f 2418 2419 2424 2423
f 2419 2420 2425 2424
f 2420 2421 2426 2425
f 2421 2417 2422 2426
o Berry.255
v -0.425 0.588 0.271
v -0.488 0.588 0.291
v -0.526 0.588 0.238
v -0.488 0.588 0.185
v -0.425 0.588 0.205
v -0.45 0.638 0.253
v -0.478 0.638 0.262
v -0.496 0.638 0.238
v -0.478 0.638 0.214
v -0.45 0.638 0.223
usemtl BlueDark
s off
f 2431 2430 2429 2428 2427
f 2432 2433 2434 2435 2436
f 2427 2428 2433 2432
f 2428 2429 2434 2433
f 2429 2430 2435 2434
f 2430 2431 2436 2435
f 2431 2427 2432 2436
o Berry.255.Shine
v -0.487 0.613 0.26
v -0.487 0.613 0.28
v -0.465 0.613 0.28
v -0.465 0.613 0.26
v -0.487 0.63 0.26
v -0.487 0.63 0.28
v -0.465 0.63 0.28
v -0.465 0.63 0.26
usemtl Shine
s off
f 2440 2439 2438 2437
f 2441 2442 2443 2444
f 2437 2438 2442 2441
f 2438 2439 2443 2442
f 2439 2440 2444 2443
f 2440 2437 2441 2444
o Berry.256
v -0.466 0.466 0.214
v -0.505 0.466 0.227
v -0.529 0.466 0.194
v -0.505 0.466 0.16
v -0.466 0.466 0.173
v -0.454 0.517 0.223
v -0.51 0.517 0.241
v -0.544 0.517 0.194
v -0.51 0.517 0.146
v -0.454 0.517 0.164
usemtl Blue
s off
f 2449 2448 2447 2446 2445
f 2450 2451 2452 2453 2454
f 2445 2446 2451 2450
f 2446 2447 2452 2451
f 2447 2448 2453 2452
f 2448 2449 2454 2453
f 2449 2445 2450 2454
o Berry.256
v -0.454 0.517 0.223
v -0.51 0.517 0.241
v -0.544 0.517 0.194
v -0.51 0.517 0.146
v -0.454 0.517 0.164
v -0.476 0.562 0.207
v -0.501 0.562 0.215
v -0.517 0.562 0.194
v -0.501 0.562 0.172
v -0.476 0.562 0.18
usemtl Blue
s off
f 2459 2458 2457 2456 2455
f 2460 2461 2462 2463 2464
f 2455 2456 2461 2460
f 2456 2457 2462 2461
f 2457 2458 2463 2462
f 2458 2459 2464 2463
f 2459 2455 2460 2464
o Berry.257
v -0.507 0.495 0.234
v -0.541 0.495 0.245
v -0.563 0.495 0.216
v -0.541 0.495 0.187
v -0.507 0.495 0.198
v -0.497 0.539 0.241
v -0.546 0.539 0.257
v -0.576 0.539 0.216
v -0.546 0.539 0.174
v -0.497 0.539 0.19
usemtl Blue
s off
f 2469 2468 2467 2466 2465
f 2470 2471 2472 2473 2474
f 2465 2466 2471 2470
f 2466 2467 2472 2471
f 2467 2468 2473 2472
f 2468 2469 2474 2473
f 2469 2465 2470 2474
o Berry.257
v -0.497 0.539 0.241
v -0.546 0.539 0.257
v -0.576 0.539 0.216
v -0.546 0.539 0.174
v -0.497 0.539 0.19
v -0.516 0.579 0.227
v -0.538 0.579 0.234
v -0.552 0.579 0.216
v -0.538 0.579 0.197
v -0.516 0.579 0.204
usemtl Blue
s off
f 2479 2478 2477 2476 2475
f 2480 2481 2482 2483 2484
f 2475 2476 2481 2480
f 2476 2477 2482 2481
f 2477 2478 2483 2482
f 2478 2479 2484 2483
f 2479 2475 2480 2484
o Berry.258
v -0.434 0.453 0.223
v -0.469 0.453 0.235
v -0.491 0.453 0.205
v -0.469 0.453 0.174
v -0.434 0.453 0.186
v -0.423 0.499 0.231
v -0.474 0.499 0.248
v -0.505 0.499 0.205
v -0.474 0.499 0.161
v -0.423 0.499 0.178
usemtl Blue
s off
f 2489 2488 2487 2486 2485
f 2490 2491 2492 2493 2494
f 2485 2486 2491 2490
f 2486 2487 2492 2491
f 2487 2488 2493 2492
f 2488 2489 2494 2493
f 2489 2485 2490 2494
o Berry.258
v -0.423 0.499 0.231
v -0.474 0.499 0.248
v -0.505 0.499 0.205
v -0.474 0.499 0.161
v -0.423 0.499 0.178
v -0.443 0.54 0.217
v -0.466 0.54 0.224
v -0.48 0.54 0.205
v -0.466 0.54 0.185
v -0.443 0.54 0.192
usemtl Blue
s off
f 2499 2498 2497 2496 2495
f 2500 2501 2502 2503 2504
f 2495 2496 2501 2500
f 2496 2497 2502 2501
f 2497 2498 2503 2502
f 2498 2499 2504 2503
f 2499 2495 2500 2504
o Berry.259
v 0.333 0.589 -0.203
v 0.294 0.589 -0.191
v 0.27 0.589 -0.224
v 0.294 0.589 -0.256
v 0.333 0.589 -0.244
v 0.345 0.638 -0.195
v 0.29 0.638 -0.177
v 0.256 0.638 -0.224
v 0.29 0.638 -0.27
v 0.345 0.638 -0.253
usemtl BlueDark
s off
f 2509 2508 2507 2506 2505
f 2510 2511 2512 2513 2514
f 2505 2506 2511 2510
f 2506 2507 2512 2511
f 2507 2508 2513 2512
f 2508 2509 2514 2513
f 2509 2505 2510 2514
o Berry.259
v 0.345 0.638 -0.195
v 0.29 0.638 -0.177
v 0.256 0.638 -0.224
v 0.29 0.638 -0.27
v 0.345 0.638 -0.253
v 0.323 0.683 -0.211
v 0.298 0.683 -0.203
v 0.283 0.683 -0.224
v 0.298 0.683 -0.245
v 0.323 0.683 -0.237
usemtl BlueDark
s off
f 2519 2518 2517 2516 2515
f 2520 2521 2522 2523 2524
f 2515 2516 2521 2520
f 2516 2517 2522 2521
f 2517 2518 2523 2522
f 2518 2519 2524 2523
f 2519 2515 2520 2524
o Berry.259.Shine
v 0.29 0.661 -0.204
v 0.29 0.661 -0.187
v 0.31 0.661 -0.187
v 0.31 0.661 -0.204
v 0.29 0.675 -0.204
v 0.29 0.675 -0.187
v 0.31 0.675 -0.187
v 0.31 0.675 -0.204
usemtl Shine
s off
f 2528 2527 2526 2525
f 2529 2530 2531 2532
f 2525 2526 2530 2529
f 2526 2527 2531 2530
f 2527 2528 2532 2531
f 2528 2525 2529 2532
o Berry.260
v 0.341 0.505 -0.215
v 0.305 0.505 -0.203
v 0.283 0.505 -0.234
v 0.305 0.505 -0.264
v 0.341 0.505 -0.253
v 0.352 0.551 -0.207
v 0.301 0.551 -0.19
v 0.269 0.551 -0.234
v 0.301 0.551 -0.277
v 0.352 0.551 -0.261
usemtl BlueDark
s off
f 2537 2536 2535 2534 2533
f 2538 2539 2540 2541 2542
f 2533 2534 2539 2538
f 2534 2535 2540 2539
f 2535 2536 2541 2540
f 2536 2537 2542 2541
f 2537 2533 2538 2542
o Berry.260
v 0.352 0.551 -0.207
v 0.301 0.551 -0.19
v 0.269 0.551 -0.234
v 0.301 0.551 -0.277
v 0.352 0.551 -0.261
v 0.332 0.593 -0.222
v 0.309 0.593 -0.214
v 0.294 0.593 -0.234
v 0.309 0.593 -0.253
v 0.332 0.593 -0.246
usemtl BlueDark
s off
f 2547 2546 2545 2544 2543
f 2548 2549 2550 2551 2552
f 2543 2544 2549 2548
f 2544 2545 2550 2549
f 2545 2546 2551 2550
f 2546 2547 2552 2551
f 2547 2543 2548 2552
o Berry.261
v 0.277 0.538 -0.198
v 0.24 0.538 -0.186
v 0.217 0.538 -0.218
v 0.24 0.538 -0.249
v 0.277 0.538 -0.237
v 0.288 0.585 -0.19
v 0.236 0.585 -0.173
v 0.203 0.585 -0.218
v 0.236 0.585 -0.262
v 0.288 0.585 -0.245
usemtl Blue
s off
f 2557 2556 2555 2554 2553
f 2558 2559 2560 2561 2562
f 2553 2554 2559 2558
f 2554 2555 2560 2559
f 2555 2556 2561 2560
f 2556 2557 2562 2561
f 2557 2553 2558 2562
o Berry.261
v 0.288 0.585 -0.19
v 0.236 0.585 -0.173
v 0.203 0.585 -0.218
v 0.236 0.585 -0.262
v 0.288 0.585 -0.245
v 0.267 0.628 -0.205
v 0.244 0.628 -0.197
v 0.229 0.628 -0.218
v 0.244 0.628 -0.238
v 0.267 0.628 -0.23
usemtl Blue
s off
f 2567 2566 2565 2564 2563
f 2568 2569 2570 2571 2572
f 2563 2564 2569 2568
f 2564 2565 2570 2569
f 2565 2566 2571 2570
f 2566 2567 2572 2571
f 2567 2563 2568 2572
o Berry.262
v 0.322 0.58 -0.173
v 0.287 0.58 -0.162
v 0.265 0.58 -0.192
v 0.287 0.58 -0.222
v 0.322 0.58 -0.211
v 0.334 0.626 -0.165
v 0.283 0.626 -0.149
v 0.251 0.626 -0.192
v 0.283 0.626 -0.235
v 0.334 0.626 -0.219
usemtl Blue
s off
f 2577 2576 2575 2574 2573
f 2578 2579 2580 2581 2582
f 2573 2574 2579 2578
f 2574 2575 2580 2579
f 2575 2576 2581 2580
f 2576 2577 2582 2581
f 2577 2573 2578 2582
o Berry.262
v 0.334 0.626 -0.165
v 0.283 0.626 -0.149
v 0.251 0.626 -0.192
v 0.283 0.626 -0.235
v 0.334 0.626 -0.219
v 0.313 0.667 -0.18
v 0.29 0.667 -0.172
v 0.276 0.667 -0.192
v 0.29 0.667 -0.211
v 0.313 0.667 -0.204
usemtl Blue
s off
f 2587 2586 2585 2584 2583
f 2588 2589 2590 2591 2592
f 2583 2584 2589 2588
f 2584 2585 2590 2589
f 2585 2586 2591 2590
f 2586 2587 2592 2591
f 2587 2583 2588 2592
o Berry.263
v 0.508 0.427 0.109
v 0.464 0.427 0.123
v 0.438 0.427 0.086
v 0.464 0.427 0.049
v 0.508 0.427 0.063
v 0.521 0.483 0.119
v 0.459 0.483 0.139
v 0.421 0.483 0.086
v 0.459 0.483 0.033
v 0.521 0.483 0.054
usemtl Blue
s off
f 2597 2596 2595 2594 2593
f 2598 2599 2600 2601 2602
f 2593 2594 2599 2598
f 2594 2595 2600 2599
f 2595 2596 2601 2600
f 2596 2597 2602 2601
f 2597 2593 2598 2602
o Berry.263
v 0.521 0.483 0.119
v 0.459 0.483 0.139
v 0.421 0.483 0.086
v 0.459 0.483 0.033
v 0.521 0.483 0.054
v 0.497 0.532 0.101
v 0.469 0.532 0.11
v 0.451 0.532 0.086
v 0.469 0.532 0.062
v 0.497 0.532 0.071
usemtl Blue
s off
f 2607 2606 2605 2604 2603
f 2608 2609 2610 2611 2612
f 2603 2604 2609 2608
f 2604 2605 2610 2609
f 2605 2606 2611 2610
f 2606 2607 2612 2611
f 2607 2603 2608 2612
o Berry.263.Shine
v 0.46 0.508 0.108
v 0.46 0.508 0.128
v 0.482 0.508 0.128
v 0.482 0.508 0.108
v 0.46 0.524 0.108
v 0.46 0.524 0.128
v 0.482 0.524 0.128
v 0.482 0.524 0.108
usemtl Shine
s off
f 2616 2615 2614 2613
f 2617 2618 2619 2620
f 2613 2614 2618 2617
f 2614 2615 2619 2618
f 2615 2616 2620 2619
f 2616 2613 2617 2620
o Berry.264
v 0.576 0.35 0.148
v 0.538 0.35 0.16
v 0.515 0.35 0.128
v 0.538 0.35 0.096
v 0.576 0.35 0.108
v 0.587 0.398 0.156
v 0.534 0.398 0.174
v 0.501 0.398 0.128
v 0.534 0.398 0.083
v 0.587 0.398 0.1
usemtl Blue
s off
f 2625 2624 2623 2622 2621
f 2626 2627 2628 2629 2630
f 2621 2622 2627 2626
f 2622 2623 2628 2627
f 2623 2624 2629 2628
f 2624 2625 2630 2629
f 2625 2621 2626 2630
o Berry.264
v 0.587 0.398 0.156
v 0.534 0.398 0.174
v 0.501 0.398 0.128
v 0.534 0.398 0.083
v 0.587 0.398 0.1
v 0.566 0.441 0.141
v 0.542 0.441 0.149
v 0.527 0.441 0.128
v 0.542 0.441 0.108
v 0.566 0.441 0.115
usemtl Blue
s off
f 2635 2634 2633 2632 2631
f 2636 2637 2638 2639 2640
f 2631 2632 2637 2636
f 2632 2633 2638 2637
f 2633 2634 2639 2638
f 2634 2635 2640 2639
f 2635 2631 2636 2640
o Berry.265
v -0.879 0.376 -0.505
v -0.921 0.376 -0.492
v -0.948 0.376 -0.528
v -0.921 0.376 -0.564
v -0.879 0.376 -0.55
v -0.865 0.431 -0.496
v -0.926 0.431 -0.476
v -0.964 0.431 -0.528
v -0.926 0.431 -0.58
v -0.865 0.431 -0.56
usemtl Blue
s off
f 2645 2644 2643 2642 2641
f 2646 2647 2648 2649 2650
f 2641 2642 2647 2646
f 2642 2643 2648 2647
f 2643 2644 2649 2648
f 2644 2645 2650 2649
f 2645 2641 2646 2650
o Berry.265
v -0.865 0.431 -0.496
v -0.926 0.431 -0.476
v -0.964 0.431 -0.528
v -0.926 0.431 -0.58
v -0.865 0.431 -0.56
v -0.89 0.48 -0.513
v -0.917 0.48 -0.504
v -0.934 0.48 -0.528
v -0.917 0.48 -0.551
v -0.89 0.48 -0.542
usemtl Blue
s off
f 2655 2654 2653 2652 2651
f 2656 2657 2658 2659 2660
f 2651 2652 2657 2656
f 2652 2653 2658 2657
f 2653 2654 2659 2658
f 2654 2655 2660 2659
f 2655 2651 2656 2660
o Berry.265.Shine
v -0.926 0.455 -0.506
v -0.926 0.455 -0.487
v -0.904 0.455 -0.487
v -0.904 0.455 -0.506
v -0.926 0.472 -0.506
v -0.926 0.472 -0.487
v -0.904 0.472 -0.487
v -0.904 0.472 -0.506
usemtl Shine
s off
f 2664 2663 2662 2661
f 2665 2666 2667 2668
f 2661 2662 2666 2665
f 2662 2663 2667 2666
f 2663 2664 2668 2667
f 2664 2661 2665 2668
o Berry.266
v -0.882 0.314 -0.523
v -0.922 0.314 -0.51
v -0.947 0.314 -0.544
v -0.922 0.314 -0.579
v -0.882 0.314 -0.566
v -0.869 0.366 -0.514
v -0.927 0.366 -0.495
v -0.963 0.366 -0.544
v -0.927 0.366 -0.593
v -0.869 0.366 -0.575
usemtl Blue
s off
f 2673 2672 2671 2670 2669
f 2674 2675 2676 2677 2678
f 2669 2670 2675 2674
f 2670 2671 2676 2675
f 2671 2672 2677 2676
f 2672 2673 2678 2677
f 2673 2669 2674 2678
o Berry.266
v -0.869 0.366 -0.514
v -0.927 0.366 -0.495
v -0.963 0.366 -0.544
v -0.927 0.366 -0.593
v -0.869 0.366 -0.575
v -0.892 0.412 -0.531
v -0.918 0.412 -0.522
v -0.934 0.412 -0.544
v -0.918 0.412 -0.566
v -0.892 0.412 -0.558
usemtl Blue
s off
f 2683 2682 2681 2680 2679
f 2684 2685 2686 2687 2688
f 2679 2680 2685 2684
f 2680 2681 2686 2685
f 2681 2682 2687 2686
f 2682 2683 2688 2687
f 2683 2679 2684 2688
o Berry.267
v -0.931 0.268 -0.506
v -0.975 0.268 -0.492
v -1.002 0.268 -0.53
v -0.975 0.268 -0.567
v -0.931 0.268 -0.553
v -0.917 0.324 -0.497
v -0.98 0.324 -0.476
v -1.019 0.324 -0.53
v -0.98 0.324 -0.583
v -0.917 0.324 -0.563
usemtl Blue
s off
f 2693 2692 2691 2690 2689
f 2694 2695 2696 2697 2698
f 2689 2690 2695 2694
f 2690 2691 2696 2695
f 2691 2692 2697 2696
f 2692 2693 2698 2697
f 2693 2689 2694 2698
o Berry.267
v -0.917 0.324 -0.497
v -0.98 0.324 -0.476
v -1.019 0.324 -0.53
v -0.98 0.324 -0.583
v -0.917 0.324 -0.563
v -0.942 0.375 -0.515
v -0.97 0.375 -0.505
v -0.988 0.375 -0.53
v -0.97 0.375 -0.554
v -0.942 0.375 -0.544
usemtl Blue
s off
f 2703 2702 2701 2700 2699
f 2704 2705 2706 2707 2708
f 2699 2700 2705 2704
f 2700 2701 2706 2705
f 2701 2702 2707 2706
f 2702 2703 2708 2707
f 2703 2699 2704 2708
o Berry.268
v -0.845 0.292 -0.493
v -0.878 0.292 -0.482
v -0.899 0.292 -0.51
v -0.878 0.292 -0.539
v -0.845 0.292 -0.528
v -0.834 0.336 -0.485
v -0.882 0.336 -0.469
v -0.912 0.336 -0.51
v -0.882 0.336 -0.552
v -0.834 0.336 -0.536
usemtl Blue
s off
f 2713 2712 2711 2710 2709
f 2714 2715 2716 2717 2718
f 2709 2710 2715 2714
f 2710 2711 2716 2715
f 2711 2712 2717 2716
f 2712 2713 2718 2717
f 2713 2709 2714 2718
o Berry.268
v -0.834 0.336 -0.485
v -0.882 0.336 -0.469
v -0.912 0.336 -0.51
v -0.882 0.336 -0.552
v -0.834 0.336 -0.536
v -0.853 0.375 -0.499
v -0.875 0.375 -0.492
v -0.889 0.375 -0.51
v -0.875 0.375 -0.529
v -0.853 0.375 -0.522
usemtl Blue
s off
f 2723 2722 2721 2720 2719
f 2724 2725 2726 2727 2728
f 2719 2720 2725 2724
f 2720 2721 2726 2725
f 2721 2722 2727 2726
f 2722 2723 2728 2727
f 2723 2719 2724 2728
o Berry.269
v 0.605 0.461 -0.21
v 0.566 0.461 -0.198
v 0.541 0.461 -0.231
v 0.566 0.461 -0.264
v 0.605 0.461 -0.251
v 0.617 0.511 -0.202
v 0.561 0.511 -0.183
v 0.526 0.511 -0.231
v 0.561 0.511 -0.278
v 0.617 0.511 -0.26
usemtl BlueDark
s off
f 2733 2732 2731 2730 2729
f 2734 2735 2736 2737 2738
f 2729 2730 2735 2734
f 2730 2731 2736 2735
f 2731 2732 2737 2736
f 2732 2733 2738 2737
f 2733 2729 2734 2738
o Berry.269
v 0.617 0.511 -0.202
v 0.561 0.511 -0.183
v 0.526 0.511 -0.231
v 0.561 0.511 -0.278
v 0.617 0.511 -0.26
v 0.595 0.556 -0.218
v 0.57 0.556 -0.21
v 0.554 0.556 -0.231
v 0.57 0.556 -0.252
v 0.595 0.556 -0.244
usemtl BlueDark
s off
f 2743 2742 2741 2740 2739
f 2744 2745 2746 2747 2748
f 2739 2740 2745 2744
f 2740 2741 2746 2745
f 2741 2742 2747 2746
f 2742 2743 2748 2747
f 2743 2739 2744 2748
o Berry.269.Shine
v 0.561 0.533 -0.211
v 0.561 0.533 -0.193
v 0.581 0.533 -0.193
v 0.581 0.533 -0.211
v 0.561 0.548 -0.211
v 0.561 0.548 -0.193
v 0.581 0.548 -0.193
v 0.581 0.548 -0.211
usemtl Shine
s off
f 2752 2751 2750 2749
f 2753 2754 2755 2756
f 2749 2750 2754 2753
f 2750 2751 2755 2754
f 2751 2752 2756 2755
f 2752 2749 2753 2756
o Berry.270
v 0.589 0.383 -0.247
v 0.546 0.383 -0.233
v 0.519 0.383 -0.27
v 0.546 0.383 -0.307
v 0.589 0.383 -0.293
v 0.603 0.439 -0.237
v 0.541 0.439 -0.217
v 0.502 0.439 -0.27
v 0.541 0.439 -0.323
v 0.603 0.439 -0.302
usemtl Blue
s off
f 2761 2760 2759 2758 2757
f 2762 2763 2764 2765 2766
f 2757 2758 2763 2762
f 2758 2759 2764 2763
f 2759 2760 2765 2764
f 2760 2761 2766 2765
f 2761 2757 2762 2766
o Berry.270
v 0.603 0.439 -0.237
v 0.541 0.439 -0.217
v 0.502 0.439 -0.27
v 0.541 0.439 -0.323
v 0.603 0.439 -0.302
v 0.578 0.489 -0.255
v 0.55 0.489 -0.246
v 0.533 0.489 -0.27
v 0.55 0.489 -0.293
v 0.578 0.489 -0.284
usemtl Blue
s off
f 2771 2770 2769 2768 2767
f 2772 2773 2774 2775 2776
f 2767 2768 2773 2772
f 2768 2769 2774 2773
f 2769 2770 2775 2774
f 2770 2771 2776 2775
f 2771 2767 2772 2776
o Berry.271
v 0.68 0.416 -0.257
v 0.64 0.416 -0.244
v 0.615 0.416 -0.278
v 0.64 0.416 -0.312
v 0.68 0.416 -0.299
v 0.692 0.467 -0.248
v 0.635 0.467 -0.229
v 0.6 0.467 -0.278
v 0.635 0.467 -0.326
v 0.692 0.467 -0.308
usemtl Blue
s off
f 2781 2780 2779 2778 2777
f 2782 2783 2784 2785 2786
f 2777 2778 2783 2782
f 2778 2779 2784 2783
f 2779 2780 2785 2784
f 2780 2781 2786 2785
f 2781 2777 2782 2786
o Berry.271
v 0.692 0.467 -0.248
v 0.635 0.467 -0.229
v 0.6 0.467 -0.278
v 0.635 0.467 -0.326
v 0.692 0.467 -0.308
v 0.67 0.513 -0.264
v 0.644 0.513 -0.256
v 0.628 0.513 -0.278
v 0.644 0.513 -0.3
v 0.67 0.513 -0.291
usemtl Blue
s off
f 2791 2790 2789 2788 2787
f 2792 2793 2794 2795 2796
f 2787 2788 2793 2792
f 2788 2789 2794 2793
f 2789 2790 2795 2794
f 2790 2791 2796 2795
f 2791 2787 2792 2796
o Berry.272
v 0.65 0.459 -0.219
v 0.613 0.459 -0.207
v 0.59 0.459 -0.239
v 0.613 0.459 -0.27
v 0.65 0.459 -0.258
v 0.661 0.507 -0.211
v 0.609 0.507 -0.194
v 0.576 0.507 -0.239
v 0.609 0.507 -0.284
v 0.661 0.507 -0.266
usemtl Blue
s off
f 2801 2800 2799 2798 2797
f 2802 2803 2804 2805 2806
f 2797 2798 2803 2802
f 2798 2799 2804 2803
f 2799 2800 2805 2804
f 2800 2801 2806 2805
f 2801 2797 2802 2806
o Berry.272
v 0.661 0.507 -0.211
v 0.609 0.507 -0.194
v 0.576 0.507 -0.239
v 0.609 0.507 -0.284
v 0.661 0.507 -0.266
v 0.64 0.549 -0.226
v 0.617 0.549 -0.218
v 0.602 0.549 -0.239
v 0.617 0.549 -0.259
v 0.64 0.549 -0.251
usemtl Blue
s off
f 2811 2810 2809 2808 2807
f 2812 2813 2814 2815 2816
f 2807 2808 2813 2812
f 2808 2809 2814 2813
f 2809 2810 2815 2814
f 2810 2811 2816 2815
f 2811 2807 2812 2816
o Berry.273
v -0.759 0.405 -0.239
v -0.801 0.405 -0.225
v -0.828 0.405 -0.261
v -0.801 0.405 -0.297
v -0.759 0.405 -0.284
v -0.746 0.459 -0.229
v -0.806 0.459 -0.21
v -0.844 0.459 -0.261
v -0.806 0.459 -0.313
v -0.746 0.459 -0.293
usemtl Blue
s off
f 2821 2820 2819 2818 2817
f 2822 2823 2824 2825 2826
f 2817 2818 2823 2822
f 2818 2819 2824 2823
f 2819 2820 2825 2824
f 2820 2821 2826 2825
f 2821 2817 2822 2826
o Berry.273
v -0.746 0.459 -0.229
v -0.806 0.459 -0.21
v -0.844 0.459 -0.261
v -0.806 0.459 -0.313
v -0.746 0.459 -0.293
v -0.77 0.508 -0.247
v -0.797 0.508 -0.238
v -0.814 0.508 -0.261
v -0.797 0.508 -0.284
v -0.77 0.508 -0.276
usemtl Blue
s off
f 2831 2830 2829 2828 2827
f 2832 2833 2834 2835 2836
f 2827 2828 2833 2832
f 2828 2829 2834 2833
f 2829 2830 2835 2834
f 2830 2831 2836 2835
f 2831 2827 2832 2836
o Berry.273.Shine
v -0.806 0.484 -0.24
v -0.806 0.484 -0.221
v -0.784 0.484 -0.221
v -0.784 0.484 -0.24
v -0.806 0.5 -0.24
v -0.806 0.5 -0.221
v -0.784 0.5 -0.221
v -0.784 0.5 -0.24
usemtl Shine
s off
f 2840 2839 2838 2837
f 2841 2842 2843 2844
f 2837 2838 2842 2841
f 2838 2839 2843 2842
f 2839 2840 2844 2843
f 2840 2837 2841 2844
o Berry.274
v -0.704 0.341 -0.257
v -0.742 0.341 -0.245
v -0.765 0.341 -0.277
v -0.742 0.341 -0.309
v -0.704 0.341 -0.297
v -0.692 0.389 -0.249
v -0.746 0.389 -0.231
v -0.779 0.389 -0.277
v -0.746 0.389 -0.323
v -0.692 0.389 -0.305
usemtl Blue
s off
f 2849 2848 2847 2846 2845
f 2850 2851 2852 2853 2854
f 2845 2846 2851 2850
f 2846 2847 2852 2851
f 2847 2848 2853 2852
f 2848 2849 2854 2853
f 2849 2845 2850 2854
o Berry.274
v -0.692 0.389 -0.249
v -0.746 0.389 -0.231
v -0.779 0.389 -0.277
v -0.746 0.389 -0.323
v -0.692 0.389 -0.305
v -0.714 0.433 -0.264
v -0.738 0.433 -0.257
v -0.753 0.433 -0.277
v -0.738 0.433 -0.298
v -0.714 0.433 -0.29
usemtl Blue
s off
f 2859 2858 2857 2856 2855
f 2860 2861 2862 2863 2864
f 2855 2856 2861 2860
f 2856 2857 2862 2861
f 2857 2858 2863 2862
f 2858 2859 2864 2863
f 2859 2855 2860 2864
o Berry.275
v -0.712 0.339 -0.06
v -0.746 0.339 -0.049
v -0.766 0.339 -0.078
v -0.746 0.339 -0.106
v -0.712 0.339 -0.095
v -0.702 0.381 -0.052
v -0.75 0.381 -0.037
v -0.779 0.381 -0.078
v -0.75 0.381 -0.118
v -0.702 0.381 -0.103
usemtl BlueDark
s off
f 2869 2868 2867 2866 2865
f 2870 2871 2872 2873 2874
f 2865 2866 2871 2870
f 2866 2867 2872 2871
f 2867 2868 2873 2872
f 2868 2869 2874 2873
f 2869 2865 2870 2874
o Berry.275
v -0.702 0.381 -0.052
v -0.75 0.381 -0.037
v -0.779 0.381 -0.078
v -0.75 0.381 -0.118
v -0.702 0.381 -0.103
v -0.721 0.42 -0.066
v -0.742 0.42 -0.059
v -0.756 0.42 -0.078
v -0.742 0.42 -0.096
v -0.721 0.42 -0.089
usemtl BlueDark
s off
f 2879 2878 2877 2876 2875
f 2880 2881 2882 2883 2884
f 2875 2876 2881 2880
f 2876 2877 2882 2881
f 2877 2878 2883 2882
f 2878 2879 2884 2883
f 2879 2875 2880 2884
o Berry.275.Shine
v -0.749 0.401 -0.06
v -0.749 0.401 -0.045
v -0.732 0.401 -0.045
v -0.732 0.401 -0.06
v -0.749 0.414 -0.06
v -0.749 0.414 -0.045
v -0.732 0.414 -0.045
v -0.732 0.414 -0.06
usemtl Shine
s off
f 2888 2887 2886 2885
f 2889 2890 2891 2892
f 2885 2886 2890 2889
f 2886 2887 2891 2890
f 2887 2888 2892 2891
f 2888 2885 2889 2892
o Berry.276
v -0.689 0.271 -0.065
v -0.726 0.271 -0.053
v -0.749 0.271 -0.084
v -0.726 0.271 -0.115
v -0.689 0.271 -0.103
v -0.678 0.318 -0.056
v -0.73 0.318 -0.039
v -0.763 0.318 -0.084
v -0.73 0.318 -0.129
v -0.678 0.318 -0.112
usemtl BlueDark
s off
f 2897 2896 2895 2894 2893
f 2898 2899 2900 2901 2902
f 2893 2894 2899 2898
f 2894 2895 2900 2899
f 2895 2896 2901 2900
f 2896 2897 2902 2901
f 2897 2893 2898 2902
o Berry.276
v -0.678 0.318 -0.056
v -0.73 0.318 -0.039
v -0.763 0.318 -0.084
v -0.73 0.318 -0.129
v -0.678 0.318 -0.112
v -0.699 0.36 -0.071
v -0.722 0.36 -0.064
v -0.737 0.36 -0.084
v -0.722 0.36 -0.104
v -0.699 0.36 -0.096
usemtl BlueDark
s off
f 2907 2906 2905 2904 2903
f 2908 2909 2910 2911 2912
f 2903 2904 2909 2908
f 2904 2905 2910 2909
f 2905 2906 2911 2910
f 2906 2907 2912 2911
f 2907 2903 2908 2912
o Berry.277
v -0.044 0.46 -0.366
v -0.086 0.46 -0.352
v -0.112 0.46 -0.388
v -0.086 0.46 -0.425
v -0.044 0.46 -0.411
v -0.03 0.515 -0.356
v -0.091 0.515 -0.336
v -0.129 0.515 -0.388
v -0.091 0.515 -0.44
v -0.03 0.515 -0.42
usemtl Blue
s off
f 2917 2916 2915 2914 2913
f 2918 2919 2920 2921 2922
f 2913 2914 2919 2918
f 2914 2915 2920 2919
f 2915 2916 2921 2920
f 2916 2917 2922 2921
f 2917 2913 2918 2922
o Berry.277
v -0.03 0.515 -0.356
v -0.091 0.515 -0.336
v -0.129 0.515 -0.388
v -0.091 0.515 -0.44
v -0.03 0.515 -0.42
v -0.055 0.564 -0.374
v -0.082 0.564 -0.365
v -0.099 0.564 -0.388
v -0.082 0.564 -0.412
v -0.055 0.564 -0.403
usemtl Blue
s off
f 2927 2926 2925 2924 2923
f 2928 2929 2930 2931 2932
f 2923 2924 2929 2928
f 2924 2925 2930 2929
f 2925 2926 2931 2930
f 2926 2927 2932 2931
f 2927 2923 2928 2932
o Berry.277.Shine
v -0.091 0.539 -0.367
v -0.091 0.539 -0.347
v -0.069 0.539 -0.347
v -0.069 0.539 -0.367
v -0.091 0.555 -0.367
v -0.091 0.555 -0.347
v -0.069 0.555 -0.347
v -0.069 0.555 -0.367
usemtl Shine
s off
f 2936 2935 2934 2933
f 2937 2938 2939 2940
f 2933 2934 2938 2937
f 2934 2935 2939 2938
f 2935 2936 2940 2939
f 2936 2933 2937 2940
o Berry.278
v -0.056 0.385 -0.426
v -0.09 0.385 -0.415
v -0.111 0.385 -0.444
v -0.09 0.385 -0.473
v -0.056 0.385 -0.462
v -0.045 0.429 -0.419
v -0.094 0.429 -0.403
v -0.124 0.429 -0.444
v -0.094 0.429 -0.486
v -0.045 0.429 -0.47
usemtl BlueDark
s off
f 2945 2944 2943 2942 2941
f 2946 2947 2948 2949 2950
f 2941 2942 2947 2946
f 2942 2943 2948 2947
f 2943 2944 2949 2948
f 2944 2945 2950 2949
f 2945 2941 2946 2950
o Berry.278
v -0.045 0.429 -0.419
v -0.094 0.429 -0.403
v -0.124 0.429 -0.444
v -0.094 0.429 -0.486
v -0.045 0.429 -0.47
v -0.065 0.468 -0.433
v -0.087 0.468 -0.426
v -0.1 0.468 -0.444
v -0.087 0.468 -0.463
v -0.065 0.468 -0.456
usemtl BlueDark
s off
f 2955 2954 2953 2952 2951
f 2956 2957 2958 2959 2960
f 2951 2952 2957 2956
f 2952 2953 2958 2957
f 2953 2954 2959 2958
f 2954 2955 2960 2959
f 2955 2951 2956 2960
o Berry.279
v -0.038 0.383 -0.337
v -0.08 0.383 -0.324
v -0.106 0.383 -0.36
v -0.08 0.383 -0.396
v -0.038 0.383 -0.382
v -0.024 0.437 -0.328
v -0.085 0.437 -0.308
v -0.122 0.437 -0.36
v -0.085 0.437 -0.411
v -0.024 0.437 -0.392
usemtl BlueDark
s off
f 2965 2964 2963 2962 2961
f 2966 2967 2968 2969 2970
f 2961 2962 2967 2966
f 2962 2963 2968 2967
f 2963 2964 2969 2968
f 2964 2965 2970 2969
f 2965 2961 2966 2970
o Berry.279
v -0.024 0.437 -0.328
v -0.085 0.437 -0.308
v -0.122 0.437 -0.36
v -0.085 0.437 -0.411
v -0.024 0.437 -0.392
v -0.048 0.485 -0.345
v -0.076 0.485 -0.337
v -0.093 0.485 -0.36
v -0.076 0.485 -0.383
v -0.048 0.485 -0.374
usemtl BlueDark
s off
f 2975 2974 2973 2972 2971
f 2976 2977 2978 2979 2980
f 2971 2972 2977 2976
f 2972 2973 2978 2977
f 2973 2974 2979 2978
f 2974 2975 2980 2979
f 2975 2971 2976 2980
o Berry.280
v -0.677 -0.004 -0.062
v -0.713 -0.004 -0.051
v -0.734 -0.004 -0.081
v -0.713 -0.004 -0.111
v -0.677 -0.004 -0.099
v -0.666 0.041 -0.054
v -0.717 0.041 -0.038
v -0.748 0.041 -0.081
v -0.717 0.041 -0.123
v -0.666 0.041 -0.107
usemtl Blue
s off
f 2985 2984 2983 2982 2981
f 2986 2987 2988 2989 2990
f 2981 2982 2987 2986
f 2982 2983 2988 2987
f 2983 2984 2989 2988
f 2984 2985 2990 2989
f 2985 2981 2986 2990
o Berry.280
v -0.666 0.041 -0.054
v -0.717 0.041 -0.038
v -0.748 0.041 -0.081
v -0.717 0.041 -0.123
v -0.666 0.041 -0.107
v -0.686 0.081 -0.069
v -0.709 0.081 -0.061
v -0.723 0.081 -0.081
v -0.709 0.081 -0.1
v -0.686 0.081 -0.093
usemtl Blue
s off
f 2995 2994 2993 2992 2991
f 2996 2997 2998 2999 3000
f 2991 2992 2997 2996
f 2992 2993 2998 2997
f 2993 2994 2999 2998
f 2994 2995 3000 2999
f 2995 2991 2996 3000
o Berry.281
v -0.223 -0.004 0.758
v -0.258 -0.004 0.77
v -0.28 -0.004 0.74
v -0.258 -0.004 0.71
v -0.223 -0.004 0.721
v -0.212 0.041 0.766
v -0.262 0.041 0.782
v -0.293 0.041 0.74
v -0.262 0.041 0.697
v -0.212 0.041 0.713
usemtl BlueDark
s off
f 3005 3004 3003 3002 3001
f 3006 3007 3008 3009 3010
f 3001 3002 3007 3006
f 3002 3003 3008 3007
f 3003 3004 3009 3008
f 3004 3005 3010 3009
f 3005 3001 3006 3010
o Berry.281
v -0.212 0.041 0.766
v -0.262 0.041 0.782
v -0.293 0.041 0.74
v -0.262 0.041 0.697
v -0.212 0.041 0.713
v -0.232 0.081 0.752
v -0.255 0.081 0.759
v -0.269 0.081 0.74
v -0.255 0.081 0.72
v -0.232 0.081 0.728
usemtl BlueDark
s off
f 3015 3014 3013 3012 3011
f 3016 3017 3018 3019 3020
f 3011 3012 3017 3016
f 3012 3013 3018 3017
f 3013 3014 3019 3018
f 3014 3015 3020 3019
f 3015 3011 3016 3020
o Fallen.Leaf
v 0.852 0 -0.067
v 0.803 0 -0.017
v 0.712 0 -0.031
v 0.704 0 -0.089
v 0.791 0 -0.112
v 0.852 0.015 -0.067
v 0.803 0.015 -0.017
v 0.712 0.015 -0.031
v 0.704 0.015 -0.089
v 0.791 0.015 -0.112
usemtl LeafDry
s off
f 3025 3024 3023 3022 3021
f 3026 3027 3028 3029 3030
f 3021 3022 3027 3026
f 3022 3023 3028 3027
f 3023 3024 3029 3028
f 3024 3025 3030 3029
f 3025 3021 3026 3030
o Berry.282
v -0.295 -0.004 0.568
v -0.33 -0.004 0.58
v -0.352 -0.004 0.55
v -0.33 -0.004 0.52
v -0.295 -0.004 0.531
v -0.284 0.041 0.576
v -0.334 0.041 0.592
v -0.365 0.041 0.55
v -0.334 0.041 0.507
v -0.284 0.041 0.523
usemtl BlueDark
s off
f 3035 3034 3033 3032 3031
f 3036 3037 3038 3039 3040
f 3031 3032 3037 3036
f 3032 3033 3038 3037
f 3033 3034 3039 3038
f 3034 3035 3040 3039
f 3035 3031 3036 3040
o Berry.282
v -0.284 0.041 0.576
v -0.334 0.041 0.592
v -0.365 0.041 0.55
v -0.334 0.041 0.507
v -0.284 0.041 0.523
v -0.304 0.081 0.561
v -0.327 0.081 0.569
v -0.341 0.081 0.55
v -0.327 0.081 0.53
v -0.304 0.081 0.538
usemtl BlueDark
s off
f 3045 3044 3043 3042 3041
f 3046 3047 3048 3049 3050
f 3041 3042 3047 3046
f 3042 3043 3048 3047
f 3043 3044 3049 3048
f 3044 3045 3050 3049
f 3045 3041 3046 3050
o Berry.283
v -0.33 -0.004 0.758
v -0.365 -0.004 0.769
v -0.387 -0.004 0.739
v -0.365 -0.004 0.709
v -0.33 -0.004 0.721
v -0.319 0.041 0.765
v -0.369 0.041 0.782
v -0.4 0.041 0.739
v -0.369 0.041 0.696
v -0.319 0.041 0.713
usemtl Blue
s off
f 3055 3054 3053 3052 3051
f 3056 3057 3058 3059 3060
f 3051 3052 3057 3056
f 3052 3053 3058 3057
f 3053 3054 3059 3058
f 3054 3055 3060 3059
f 3055 3051 3056 3060
o Berry.283
v -0.319 0.041 0.765
v -0.369 0.041 0.782
v -0.4 0.041 0.739
v -0.369 0.041 0.696
v -0.319 0.041 0.713
v -0.339 0.081 0.751
v -0.362 0.081 0.758
v -0.376 0.081 0.739
v -0.362 0.081 0.72
v -0.339 0.081 0.727
usemtl Blue
s off
f 3065 3064 3063 3062 3061
f 3066 3067 3068 3069 3070
f 3061 3062 3067 3066
f 3062 3063 3068 3067
f 3063 3064 3069 3068
f 3064 3065 3070 3069
f 3065 3061 3066 3070
o Fallen.Leaf
v 0.743 0 0.739
v 0.65 0 0.747
v 0.608 0 0.695
v 0.676 0 0.654
v 0.759 0 0.681
v 0.743 0.015 0.739
v 0.65 0.015 0.747
v 0.608 0.015 0.695
v 0.676 0.015 0.654
v 0.759 0.015 0.681
usemtl LeafDry
s off
f 3075 3074 3073 3072 3071
f 3076 3077 3078 3079 3080
f 3071 3072 3077 3076
f 3072 3073 3078 3077
f 3073 3074 3079 3078
f 3074 3075 3080 3079
f 3075 3071 3076 3080
