# berry_bush_2.obj - Brombeerstrauch fuer procedurally-generated-map
# Einheiten: Meter, Y oben, Vorderseite nach +Z - so wie Blender ein Modell
# exportiert, das in der Vorderansicht zum Betrachter schaut.
# Material Paint (das Laub) bekommt eine je Strauch leicht andere Farbe.
mtllib berry_bush_2.mtl
o Leaves
v -0.214 0.1 0.256
v -0.386 0.1 0.394
v -0.612 0.1 0.394
v -0.785 0.1 0.257
v -0.825 0.1 0.046
v -0.713 0.1 -0.139
v -0.501 0.1 -0.213
v -0.288 0.1 -0.14
v -0.175 0.1 0.045
v 0.02 0.31 0.384
v -0.294 0.31 0.635
v -0.704 0.31 0.635
v -1.019 0.31 0.386
v -1.091 0.31 0.002
v -0.887 0.31 -0.335
v -0.501 0.31 -0.469
v -0.115 0.31 -0.337
v 0.091 0.31 0
usemtl Paint
s off
f 9 8 7 6 5 4 3 2 1
f 10 11 12 13 14 15 16 17 18
f 1 2 11 10
f 2 3 12 11
f 3 4 13 12
f 4 5 14 13
f 5 6 15 14
f 6 7 16 15
f 7 8 17 16
f 8 9 18 17
f 9 1 10 18
o Leaves
v -0.091 0.31 0.517
v -0.469 0.31 0.669
v -0.862 0.31 0.554
v -1.085 0.31 0.227
v -1.034 0.31 -0.159
v -0.734 0.31 -0.424
v -0.324 0.31 -0.444
v 0.004 0.31 -0.21
v 0.095 0.31 0.17
v -0.153 0.59 0.454
v -0.474 0.59 0.583
v -0.807 0.59 0.486
v -0.997 0.59 0.208
v -0.954 0.59 -0.12
v -0.699 0.59 -0.346
v -0.35 0.59 -0.363
v -0.072 0.59 -0.163
v 0.006 0.59 0.16
usemtl Paint
s off
f 27 26 25 24 23 22 21 20 19
f 28 29 30 31 32 33 34 35 36
f 19 20 29 28
f 20 21 30 29
f 21 22 31 30
f 22 23 32 31
f 23 24 33 32
f 24 25 34 33
f 25 26 35 34
f 26 27 36 35
f 27 19 28 36
o Leaves
v -0.278 0.59 0.536
v -0.626 0.59 0.569
v -0.914 0.59 0.383
v -1.009 0.59 0.064
v -0.865 0.59 -0.238
v -0.551 0.59 -0.381
v -0.213 0.59 -0.3
v -0.009 0.59 -0.031
v -0.035 0.59 0.299
v -0.422 0.8 0.254
v -0.544 0.8 0.266
v -0.646 0.8 0.2
v -0.68 0.8 0.087
v -0.629 0.8 -0.019
v -0.518 0.8 -0.07
v -0.399 0.8 -0.041
v -0.327 0.8 0.054
v -0.336 0.8 0.17
usemtl Paint
s off
f 45 44 43 42 41 40 39 38 37
f 46 47 48 49 50 51 52 53 54
f 37 38 47 46
f 38 39 48 47
f 39 40 49 48
f 40 41 50 49
f 41 42 51 50
f 42 43 52 51
f 43 44 53 52
f 44 45 54 53
f 45 37 46 54
o Leaves
v 0.431 0.095 0.188
v 0.196 0.095 0.076
v 0.11 0.095 -0.169
v 0.223 0.095 -0.403
v 0.469 0.095 -0.488
v 0.704 0.095 -0.376
v 0.79 0.095 -0.131
v 0.677 0.095 0.103
v 0.415 0.29 0.465
v -0.013 0.29 0.26
v -0.169 0.29 -0.185
v 0.037 0.29 -0.61
v 0.485 0.29 -0.765
v 0.913 0.29 -0.56
v 1.069 0.29 -0.115
v 0.863 0.29 0.31
usemtl Paint
s off
f 62 61 60 59 58 57 56 55
f 63 64 65 66 67 68 69 70
f 55 56 64 63
f 56 57 65 64
f 57 58 66 65
f 58 59 67 66
f 59 60 68 67
f 60 61 69 68
f 61 62 70 69
f 62 55 63 70
o Leaves
v 0.233 0.29 0.427
v -0.114 0.29 0.106
v -0.131 0.29 -0.365
v 0.193 0.29 -0.71
v 0.667 0.29 -0.727
v 1.014 0.29 -0.406
v 1.031 0.29 0.065
v 0.707 0.29 0.41
v 0.266 0.55 0.341
v -0.029 0.55 0.067
v -0.044 0.55 -0.333
v 0.231 0.55 -0.626
v 0.634 0.55 -0.641
v 0.929 0.55 -0.367
v 0.944 0.55 0.033
v 0.669 0.55 0.326
usemtl Paint
s off
f 78 77 76 75 74 73 72 71
f 79 80 81 82 83 84 85 86
f 71 72 80 79
f 72 73 81 80
f 73 74 82 81
f 74 75 83 82
f 75 76 84 83
f 76 77 85 84
f 77 78 86 85
f 78 71 79 86
o Leaves
v 0.128 0.55 0.265
v -0.073 0.55 -0.083
v 0.033 0.55 -0.47
v 0.383 0.55 -0.669
v 0.772 0.55 -0.565
v 0.973 0.55 -0.217
v 0.867 0.55 0.17
v 0.517 0.55 0.369
v 0.336 0.745 -0.004
v 0.266 0.745 -0.126
v 0.303 0.745 -0.263
v 0.426 0.745 -0.333
v 0.564 0.745 -0.296
v 0.634 0.745 -0.174
v 0.597 0.745 -0.037
v 0.474 0.745 0.033
usemtl Paint
s off
f 94 93 92 91 90 89 88 87
f 95 96 97 98 99 100 101 102
f 87 88 96 95
f 88 89 97 96
f 89 90 98 97
f 90 91 99 98
f 91 92 100 99
f 92 93 101 100
f 93 94 102 101
f 94 87 95 102
o Leaves
v 0.302 0.245 0.055
v 0.228 0.245 0.219
v 0.047 0.245 0.304
v -0.156 0.245 0.271
v -0.286 0.245 0.134
v -0.282 0.245 -0.042
v -0.147 0.245 -0.175
v 0.058 0.245 -0.203
v 0.235 0.245 -0.112
v 0.55 0.47 0.058
v 0.415 0.47 0.357
v 0.086 0.47 0.512
v -0.283 0.47 0.451
v -0.52 0.47 0.202
v -0.513 0.47 -0.118
v -0.266 0.47 -0.36
v 0.105 0.47 -0.409
v 0.428 0.47 -0.244
usemtl LeafDark
s off
f 111 110 109 108 107 106 105 104 103
f 112 113 114 115 116 117 118 119 120
f 103 104 113 112
f 104 105 114 113
f 105 106 115 114
f 106 107 116 115
f 107 108 117 116
f 108 109 118 117
f 109 110 119 118
f 110 111 120 119
f 111 103 112 120
o Leaves
v 0.522 0.47 0.196
v 0.29 0.47 0.448
v -0.079 0.47 0.513
v -0.41 0.47 0.362
v -0.55 0.47 0.065
v -0.432 0.47 -0.24
v -0.112 0.47 -0.408
v 0.26 0.47 -0.362
v 0.511 0.47 -0.124
v 0.444 0.77 0.174
v 0.246 0.77 0.388
v -0.067 0.77 0.444
v -0.349 0.77 0.315
v -0.467 0.77 0.062
v -0.367 0.77 -0.196
v -0.096 0.77 -0.339
v 0.221 0.77 -0.301
v 0.434 0.77 -0.098
usemtl LeafDark
s off
f 129 128 127 126 125 124 123 122 121
f 130 131 132 133 134 135 136 137 138
f 121 122 131 130
f 122 123 132 131
f 123 124 133 132
f 124 125 134 133
f 125 126 135 134
f 126 127 136 135
f 127 128 137 136
f 128 129 138 137
f 129 121 130 138
o Leaves
v 0.381 0.77 0.28
v 0.118 0.77 0.435
v -0.201 0.77 0.409
v -0.425 0.77 0.216
v -0.451 0.77 -0.056
v -0.265 0.77 -0.278
v 0.044 0.77 -0.346
v 0.333 0.77 -0.229
v 0.466 0.77 0.018
v 0.134 0.995 0.131
v 0.042 0.995 0.186
v -0.071 0.995 0.177
v -0.15 0.995 0.108
v -0.159 0.995 0.013
v -0.094 0.995 -0.066
v 0.016 0.995 -0.09
v 0.117 0.995 -0.049
v 0.164 0.995 0.039
usemtl LeafDark
s off
f 147 146 145 144 143 142 141 140 139
f 148 149 150 151 152 153 154 155 156
f 139 140 149 148
f 140 141 150 149
f 141 142 151 150
f 142 143 152 151
f 143 144 153 152
f 144 145 154 153
f 145 146 155 154
f 146 147 156 155
f 147 139 148 156
o Leaves
v -0.129 0.1 0.692
v -0.129 0.1 0.509
v 0.005 0.1 0.38
v 0.195 0.1 0.379
v 0.329 0.1 0.508
v 0.329 0.1 0.691
v 0.195 0.1 0.82
v 0.005 0.1 0.821
v -0.316 0.25 0.766
v -0.316 0.25 0.434
v -0.073 0.25 0.199
v 0.272 0.25 0.199
v 0.516 0.25 0.434
v 0.516 0.25 0.766
v 0.273 0.25 1.001
v -0.072 0.25 1.001
usemtl Paint
s off
f 164 163 162 161 160 159 158 157
f 165 166 167 168 169 170 171 172
f 157 158 166 165
f 158 159 167 166
f 159 160 168 167
f 160 161 169 168
f 161 162 170 169
f 162 163 171 170
f 163 164 172 171
f 164 157 165 172
o Leaves
v -0.348 0.25 0.641
v -0.247 0.25 0.323
v 0.058 0.25 0.168
v 0.387 0.25 0.266
v 0.548 0.25 0.559
v 0.447 0.25 0.877
v 0.142 0.25 1.032
v -0.187 0.25 0.934
v -0.281 0.45 0.634
v -0.195 0.45 0.365
v 0.064 0.45 0.233
v 0.344 0.45 0.316
v 0.481 0.45 0.566
v 0.395 0.45 0.835
v 0.136 0.45 0.967
v -0.144 0.45 0.884
usemtl Paint
s off
f 180 179 178 177 176 175 174 173
f 181 182 183 184 185 186 187 188
f 173 174 182 181
f 174 175 183 182
f 175 176 184 183
f 176 177 185 184
f 177 178 186 185
f 178 179 187 186
f 179 180 188 187
f 180 173 181 188
o Leaves
v -0.274 0.45 0.524
v -0.109 0.45 0.291
v 0.178 0.45 0.239
v 0.42 0.45 0.398
v 0.474 0.45 0.676
v 0.309 0.45 0.909
v 0.022 0.45 0.961
v -0.22 0.45 0.802
v -0.032 0.6 0.573
v 0.026 0.6 0.491
v 0.128 0.6 0.473
v 0.213 0.6 0.529
v 0.232 0.6 0.627
v 0.174 0.6 0.709
v 0.072 0.6 0.727
v -0.013 0.6 0.671
usemtl Paint
s off
f 196 195 194 193 192 191 190 189
f 197 198 199 200 201 202 203 204
f 189 190 198 197
f 190 191 199 198
f 191 192 200 199
f 192 193 201 200
f 193 194 202 201
f 194 195 203 202
f 195 196 204 203
f 196 189 197 204
o Leaves
v -0.068 0.1 -0.406
v -0.282 0.1 -0.383
v -0.434 0.1 -0.524
v -0.41 0.1 -0.722
v -0.228 0.1 -0.828
v -0.025 0.1 -0.762
v 0.046 0.1 -0.574
v 0.039 0.25 -0.247
v -0.349 0.25 -0.206
v -0.625 0.25 -0.462
v -0.581 0.25 -0.822
v -0.25 0.25 -1.015
v 0.118 0.25 -0.895
v 0.247 0.25 -0.553
usemtl Paint
s off
f 211 210 209 208 207 206 205
f 212 213 214 215 216 217 218
f 205 206 213 212
f 206 207 214 213
f 207 208 215 214
f 208 209 216 215
f 209 210 217 216
f 210 211 218 217
f 211 205 212 218
o Leaves
v -0.084 0.25 -0.197
v -0.468 0.25 -0.265
v -0.65 0.25 -0.585
v -0.493 0.25 -0.917
v -0.116 0.25 -1.01
v 0.198 0.25 -0.794
v 0.212 0.25 -0.433
v -0.101 0.45 -0.257
v -0.427 0.45 -0.315
v -0.582 0.45 -0.587
v -0.449 0.45 -0.869
v -0.128 0.45 -0.948
v 0.138 0.45 -0.765
v 0.15 0.45 -0.458
usemtl Paint
s off
f 225 224 223 222 221 220 219
f 226 227 228 229 230 231 232
f 219 220 227 226
f 220 221 228 227
f 221 222 229 228
f 222 223 230 229
f 223 224 231 230
f 224 225 232 231
f 225 219 226 232
o Leaves
v -0.215 0.45 -0.246
v -0.508 0.45 -0.39
v -0.569 0.45 -0.692
v -0.352 0.45 -0.925
v -0.021 0.45 -0.913
v 0.176 0.45 -0.665
v 0.089 0.45 -0.368
v -0.205 0.6 -0.475
v -0.309 0.6 -0.526
v -0.33 0.6 -0.633
v -0.254 0.6 -0.715
v -0.137 0.6 -0.711
v -0.067 0.6 -0.623
v -0.098 0.6 -0.518
usemtl Paint
s off
f 239 238 237 236 235 234 233
f 240 241 242 243 244 245 246
f 233 234 241 240
f 234 235 242 241
f 235 236 243 242
f 236 237 244 243
f 237 238 245 244
f 238 239 246 245
f 239 233 240 246
o Cane
v 0.423 0.359 0.123
v 0.424 0.365 0.097
v 0.442 0.35 0.086
v 0.454 0.335 0.104
v 0.442 0.341 0.127
v 0.686 0.645 0.187
v 0.686 0.65 0.161
v 0.705 0.635 0.15
v 0.716 0.621 0.169
v 0.704 0.626 0.192
usemtl Thorn
s off
f 251 250 249 248 247
f 252 253 254 255 256
f 247 248 253 252
f 248 249 254 253
f 249 250 255 254
f 250 251 256 255
f 251 247 252 256
o Cane.Thorn
v 0.71 0.635 0.161
v 0.71 0.635 0.183
v 0.688 0.635 0.183
v 0.688 0.635 0.161
v 0.7 0.695 0.171
v 0.7 0.695 0.173
v 0.698 0.695 0.173
v 0.698 0.695 0.171
usemtl Thorn
s off
f 260 259 258 257
f 261 262 263 264
f 257 258 262 261
f 258 259 263 262
f 259 260 264 263
f 260 257 261 264
o Cane
v 0.701 0.646 0.188
v 0.709 0.652 0.168
v 0.704 0.635 0.153
v 0.692 0.619 0.164
v 0.69 0.625 0.186
v 0.924 0.526 0.243
v 0.932 0.532 0.223
v 0.927 0.515 0.208
v 0.916 0.499 0.219
v 0.914 0.505 0.241
usemtl Thorn
s off
f 269 268 267 266 265
f 270 271 272 273 274
f 265 266 271 270
f 266 267 272 271
f 267 268 273 272
f 268 269 274 273
f 269 265 270 274
o Cane.Thorn
v 0.934 0.515 0.216
v 0.934 0.515 0.238
v 0.912 0.515 0.238
v 0.912 0.515 0.216
v 0.924 0.575 0.226
v 0.924 0.575 0.228
v 0.922 0.575 0.228
v 0.922 0.575 0.226
usemtl Thorn
s off
f 278 277 276 275
f 279 280 281 282
f 275 276 280 279
f 276 277 281 280
f 277 278 282 281
f 278 275 279 282
o Cane.Leaf
v 0.867 0.569 0.218
v 0.977 0.569 0.214
v 0.978 0.462 0.236
v 0.868 0.462 0.239
v 0.924 0.56 0.426
v 0.934 0.56 0.425
v 0.934 0.551 0.427
v 0.924 0.551 0.428
usemtl LeafDark
s off
f 286 285 284 283
f 287 288 289 290
f 283 284 288 287
f 284 285 289 288
f 285 286 290 289
f 286 283 287 290
o Cane
v 0.927 0.521 0.242
v 0.936 0.524 0.225
v 0.927 0.515 0.211
v 0.911 0.506 0.219
v 0.912 0.51 0.238
v 1.073 0.306 0.277
v 1.082 0.309 0.261
v 1.072 0.3 0.246
v 1.057 0.291 0.254
v 1.057 0.294 0.273
usemtl Thorn
s off
f 295 294 293 292 291
f 296 297 298 299 300
f 291 292 297 296
f 292 293 298 297
f 293 294 299 298
f 294 295 300 299
f 295 291 296 300
o Cane.Thorn
v 1.079 0.3 0.251
v 1.079 0.3 0.273
v 1.057 0.3 0.273
v 1.057 0.3 0.251
v 1.069 0.36 0.261
v 1.069 0.36 0.263
v 1.067 0.36 0.263
v 1.067 0.36 0.261
usemtl Thorn
s off
f 304 303 302 301
f 305 306 307 308
f 301 302 306 305
f 302 303 307 306
f 303 304 308 307
f 304 301 305 308
o Cane.Leaf
v 1.013 0.354 0.253
v 1.123 0.354 0.25
v 1.124 0.246 0.272
v 1.014 0.246 0.275
v 1.069 0.345 0.462
v 1.079 0.345 0.461
v 1.079 0.335 0.463
v 1.069 0.335 0.463
usemtl LeafDark
s off
f 312 311 310 309
f 313 314 315 316
f 309 310 314 313
f 310 311 315 314
f 311 312 316 315
f 312 309 313 316
o Cane
v 1.076 0.302 0.273
v 1.081 0.302 0.258
v 1.068 0.299 0.249
v 1.056 0.297 0.258
v 1.06 0.299 0.273
v 1.125 0.042 0.285
v 1.129 0.042 0.27
v 1.117 0.039 0.261
v 1.104 0.037 0.27
v 1.109 0.039 0.285
usemtl Thorn
s off
f 321 320 319 318 317
f 322 323 324 325 326
f 317 318 323 322
f 318 319 324 323
f 319 320 325 324
f 320 321 326 325
f 321 317 322 326
o Berry
v 0.957 0.375 0.251
v 0.91 0.375 0.267
v 0.881 0.375 0.227
v 0.91 0.375 0.187
v 0.957 0.375 0.202
v 0.971 0.435 0.262
v 0.904 0.435 0.284
v 0.863 0.435 0.227
v 0.904 0.435 0.17
v 0.971 0.435 0.191
usemtl Unripe
s off
f 331 330 329 328 327
f 332 333 334 335 336
f 327 328 333 332
f 328 329 334 333
f 329 330 335 334
f 330 331 336 335
f 331 327 332 336
o Berry
v 0.971 0.435 0.262
v 0.904 0.435 0.284
v 0.863 0.435 0.227
v 0.904 0.435 0.17
v 0.971 0.435 0.191
v 0.944 0.489 0.243
v 0.914 0.489 0.252
v 0.896 0.489 0.227
v 0.914 0.489 0.201
v 0.944 0.489 0.211
usemtl Unripe
s off
f 341 340 339 338 337
f 342 343 344 345 346
f 337 338 343 342
f 338 339 344 343
f 339 340 345 344
f 340 341 346 345
f 341 337 342 346
o Cane
v 0.249 0.358 0.362
v 0.266 0.362 0.342
v 0.288 0.35 0.346
v 0.286 0.338 0.369
v 0.262 0.342 0.379
v 0.412 0.733 0.578
v 0.428 0.738 0.557
v 0.451 0.725 0.562
v 0.449 0.713 0.585
v 0.425 0.718 0.595
usemtl Thorn
s off
f 351 350 349 348 347
f 352 353 354 355 356
f 347 348 353 352
f 348 349 354 353
f 349 350 355 354
f 350 351 356 355
f 351 347 352 356
o Cane.Thorn
v 0.444 0.725 0.565
v 0.444 0.725 0.587
v 0.422 0.725 0.587
v 0.422 0.725 0.565
v 0.434 0.785 0.575
v 0.434 0.785 0.577
v 0.432 0.785 0.577
v 0.432 0.785 0.575
usemtl Thorn
s off
f 360 359 358 357
f 361 362 363 364
f 357 358 362 361
f 358 359 363 362
f 359 360 364 363
f 360 357 361 364
o Cane
v 0.423 0.736 0.589
v 0.443 0.742 0.579
v 0.448 0.725 0.564
v 0.432 0.709 0.565
v 0.417 0.715 0.581
v 0.561 0.616 0.773
v 0.581 0.622 0.763
v 0.586 0.605 0.748
v 0.57 0.589 0.749
v 0.555 0.595 0.765
usemtl Thorn
s off
f 369 368 367 366 365
f 370 371 372 373 374
f 365 366 371 370
f 366 367 372 371
f 367 368 373 372
f 368 369 374 373
f 369 365 370 374
o Cane.Thorn
v 0.582 0.605 0.748
v 0.582 0.605 0.77
v 0.56 0.605 0.77
v 0.56 0.605 0.748
v 0.572 0.665 0.758
v 0.572 0.665 0.76
v 0.57 0.665 0.76
v 0.57 0.665 0.758
usemtl Thorn
s off
f 378 377 376 375
f 379 380 381 382
f 375 376 380 379
f 376 377 381 380
f 377 378 382 381
f 378 375 379 382
o Cane.Leaf
v 0.534 0.659 0.717
v 0.621 0.659 0.784
v 0.608 0.551 0.801
v 0.521 0.551 0.734
v 0.446 0.65 0.914
v 0.453 0.65 0.92
v 0.452 0.64 0.922
v 0.444 0.64 0.916
usemtl Paint
s off
f 386 385 384 383
f 387 388 389 390
f 383 384 388 387
f 384 385 389 388
f 385 386 390 389
f 386 383 387 390
o Cane
v 0.565 0.61 0.774
v 0.583 0.612 0.768
v 0.584 0.605 0.749
v 0.566 0.598 0.745
v 0.555 0.601 0.76
v 0.656 0.304 0.894
v 0.673 0.307 0.887
v 0.674 0.3 0.869
v 0.657 0.293 0.865
v 0.645 0.296 0.88
usemtl Thorn
s off
f 395 394 393 392 391
f 396 397 398 399 400
f 391 392 397 396
f 392 393 398 397
f 393 394 399 398
f 394 395 400 399
f 395 391 396 400
o Cane.Thorn
v 0.672 0.3 0.868
v 0.672 0.3 0.89
v 0.65 0.3 0.89
v 0.65 0.3 0.868
v 0.662 0.36 0.878
v 0.662 0.36 0.88
v 0.66 0.36 0.88
v 0.66 0.36 0.878
usemtl Thorn
s off
f 404 403 402 401
f 405 406 407 408
f 401 402 406 405
f 402 403 407 406
f 403 404 408 407
f 404 401 405 408
o Cane.Leaf
v 0.624 0.354 0.837
v 0.711 0.354 0.904
v 0.698 0.246 0.921
v 0.611 0.246 0.854
v 0.536 0.345 1.034
v 0.544 0.345 1.04
v 0.542 0.335 1.042
v 0.534 0.335 1.036
usemtl Paint
s off
f 412 411 410 409
f 413 414 415 416
f 409 410 414 413
f 410 411 415 414
f 411 412 416 415
f 412 409 413 416
o Cane
v 0.669 0.303 0.89
v 0.674 0.301 0.875
v 0.661 0.298 0.866
v 0.648 0.298 0.875
v 0.653 0.301 0.89
v 0.699 0.043 0.93
v 0.704 0.041 0.915
v 0.691 0.038 0.906
v 0.678 0.038 0.915
v 0.683 0.041 0.93
usemtl Thorn
s off
f 421 420 419 418 417
f 422 423 424 425 426
f 417 418 423 422
f 418 419 424 423
f 419 420 425 424
f 420 421 426 425
f 421 417 422 426
o Berry
v 0.605 0.465 0.784
v 0.558 0.465 0.799
v 0.529 0.465 0.759
v 0.558 0.465 0.719
v 0.605 0.465 0.735
v 0.619 0.525 0.795
v 0.552 0.525 0.816
v 0.511 0.525 0.759
v 0.552 0.525 0.702
v 0.619 0.525 0.724
usemtl Black
s off
f 431 430 429 428 427
f 432 433 434 435 436
f 427 428 433 432
f 428 429 434 433
f 429 430 435 434
f 430 431 436 435
f 431 427 432 436
o Berry
v 0.619 0.525 0.795
v 0.552 0.525 0.816
v 0.511 0.525 0.759
v 0.552 0.525 0.702
v 0.619 0.525 0.724
v 0.593 0.579 0.775
v 0.562 0.579 0.785
v 0.544 0.579 0.759
v 0.562 0.579 0.734
v 0.593 0.579 0.744
usemtl Black
s off
f 441 440 439 438 437
f 442 443 444 445 446
f 437 438 443 442
f 438 439 444 443
f 439 440 445 444
f 440 441 446 445
f 441 437 442 446
o Berry
v 0.692 0.285 0.902
v 0.649 0.285 0.916
v 0.622 0.285 0.879
v 0.649 0.285 0.843
v 0.692 0.285 0.857
v 0.705 0.34 0.912
v 0.644 0.34 0.932
v 0.606 0.34 0.879
v 0.644 0.34 0.827
v 0.705 0.34 0.847
usemtl Black
s off
f 451 450 449 448 447
f 452 453 454 455 456
f 447 448 453 452
f 448 449 454 453
f 449 450 455 454
f 450 451 456 455
f 451 447 452 456
o Berry
v 0.705 0.34 0.912
v 0.644 0.34 0.932
v 0.606 0.34 0.879
v 0.644 0.34 0.827
v 0.705 0.34 0.847
v 0.681 0.389 0.894
v 0.653 0.389 0.903
v 0.636 0.389 0.879
v 0.653 0.389 0.856
v 0.681 0.389 0.865
usemtl Black
s off
f 461 460 459 458 457
f 462 463 464 465 466
f 457 458 463 462
f 458 459 464 463
f 459 460 465 464
f 460 461 466 465
f 461 457 462 466
o Cane
v -0.13 0.359 0.421
v -0.104 0.365 0.422
v -0.093 0.35 0.441
v -0.112 0.335 0.452
v -0.135 0.341 0.44
v -0.199 0.641 0.682
v -0.173 0.647 0.683
v -0.162 0.632 0.702
v -0.181 0.617 0.713
v -0.204 0.623 0.701
usemtl Thorn
s off
f 471 470 469 468 467
f 472 473 474 475 476
f 467 468 473 472
f 468 469 474 473
f 469 470 475 474
f 470 471 476 475
f 471 467 472 476
o Cane.Thorn
v -0.173 0.632 0.685
v -0.173 0.632 0.707
v -0.195 0.632 0.707
v -0.195 0.632 0.685
v -0.183 0.692 0.695
v -0.183 0.692 0.697
v -0.185 0.692 0.697
v -0.185 0.692 0.695
usemtl Thorn
s off
f 480 479 478 477
f 481 482 483 484
f 477 478 482 481
f 478 479 483 482
f 479 480 484 483
f 480 477 481 484
o Cane
v -0.201 0.642 0.697
v -0.18 0.649 0.706
v -0.165 0.632 0.701
v -0.176 0.616 0.689
v -0.198 0.622 0.687
v -0.259 0.522 0.92
v -0.239 0.529 0.928
v -0.224 0.512 0.923
v -0.235 0.496 0.912
v -0.257 0.502 0.909
usemtl Thorn
s off
f 489 488 487 486 485
f 490 491 492 493 494
f 485 486 491 490
f 486 487 492 491
f 487 488 493 492
f 488 489 494 493
f 489 485 490 494
o Cane.Thorn
v -0.232 0.512 0.907
v -0.232 0.512 0.929
v -0.254 0.512 0.929
v -0.254 0.512 0.907
v -0.242 0.572 0.917
v -0.242 0.572 0.919
v -0.244 0.572 0.919
v -0.244 0.572 0.917
usemtl Thorn
s off
f 498 497 496 495
f 499 500 501 502
f 495 496 500 499
f 496 497 501 500
f 497 498 502 501
f 498 495 499 502
o Cane.Leaf
v -0.233 0.566 0.863
v -0.231 0.566 0.973
v -0.253 0.458 0.974
v -0.254 0.458 0.864
v -0.442 0.557 0.916
v -0.442 0.557 0.926
v -0.444 0.547 0.926
v -0.444 0.547 0.916
usemtl LeafDark
s off
f 506 505 504 503
f 507 508 509 510
f 503 504 508 507
f 504 505 509 508
f 505 506 510 509
f 506 503 507 510
o Cane
v -0.258 0.518 0.923
v -0.241 0.521 0.932
v -0.227 0.512 0.923
v -0.235 0.503 0.907
v -0.254 0.507 0.907
v -0.296 0.306 1.068
v -0.279 0.309 1.077
v -0.265 0.3 1.068
v -0.273 0.291 1.052
v -0.292 0.294 1.052
usemtl Thorn
s off
f 515 514 513 512 511
f 516 517 518 519 520
f 511 512 517 516
f 512 513 518 517
f 513 514 519 518
f 514 515 520 519
f 515 511 516 520
o Cane.Thorn
v -0.27 0.3 1.052
v -0.27 0.3 1.074
v -0.292 0.3 1.074
v -0.292 0.3 1.052
v -0.28 0.36 1.062
v -0.28 0.36 1.064
v -0.282 0.36 1.064
v -0.282 0.36 1.062
usemtl Thorn
s off
f 524 523 522 521
f 525 526 527 528
f 521 522 526 525
f 522 523 527 526
f 523 524 528 527
f 524 521 525 528
o Cane.Leaf
v -0.271 0.354 1.008
v -0.27 0.354 1.118
v -0.291 0.246 1.119
v -0.293 0.246 1.009
v -0.48 0.345 1.061
v -0.48 0.345 1.071
v -0.482 0.335 1.071
v -0.482 0.335 1.061
usemtl LeafDark
s off
f 532 531 530 529
f 533 534 535 536
f 529 530 534 533
f 530 531 535 534
f 531 532 536 535
f 532 529 533 536
o Cane
v -0.273 0.302 1.074
v -0.268 0.299 1.06
v -0.281 0.298 1.05
v -0.294 0.3 1.059
v -0.289 0.302 1.074
v -0.286 0.042 1.123
v -0.281 0.039 1.108
v -0.294 0.038 1.099
v -0.307 0.04 1.108
v -0.302 0.042 1.122
usemtl Thorn
s off
f 541 540 539 538 537
f 542 543 544 545 546
f 537 538 543 542
f 538 539 544 543
f 539 540 545 544
f 540 541 546 545
f 541 537 542 546
o Berry
v -0.209 0.372 0.943
v -0.256 0.372 0.958
v -0.285 0.372 0.918
v -0.256 0.372 0.879
v -0.209 0.372 0.894
v -0.194 0.432 0.954
v -0.261 0.432 0.976
v -0.303 0.432 0.918
v -0.261 0.432 0.861
v -0.194 0.432 0.883
usemtl Black
s off
f 551 550 549 548 547
f 552 553 554 555 556
f 547 548 553 552
f 548 549 554 553
f 549 550 555 554
f 550 551 556 555
f 551 547 552 556
o Berry
v -0.194 0.432 0.954
v -0.261 0.432 0.976
v -0.303 0.432 0.918
v -0.261 0.432 0.861
v -0.194 0.432 0.883
v -0.221 0.486 0.934
v -0.251 0.486 0.944
v -0.27 0.486 0.918
v -0.251 0.486 0.893
v -0.221 0.486 0.903
usemtl Black
s off
f 561 560 559 558 557
f 562 563 564 565 566
f 557 558 563 562
f 558 559 564 563
f 559 560 565 564
f 560 561 566 565
f 561 557 562 566
o Cane
v -0.347 0.358 0.27
v -0.325 0.363 0.285
v -0.329 0.35 0.308
v -0.352 0.337 0.308
v -0.363 0.342 0.284
v -0.553 0.731 0.445
v -0.531 0.736 0.46
v -0.534 0.724 0.483
v -0.558 0.711 0.482
v -0.569 0.716 0.459
usemtl Thorn
s off
f 571 570 569 568 567
f 572 573 574 575 576
f 567 568 573 572
f 568 569 574 573
f 569 570 575 574
f 570 571 576 575
f 571 567 572 576
o Cane.Thorn
v -0.538 0.724 0.455
v -0.538 0.724 0.477
v -0.56 0.724 0.477
v -0.56 0.724 0.455
v -0.548 0.784 0.465
v -0.548 0.784 0.467
v -0.55 0.784 0.467
v -0.55 0.784 0.465
usemtl Thorn
s off
f 580 579 578 577
f 581 582 583 584
f 577 578 582 581
f 578 579 583 582
f 579 580 584 583
f 580 577 581 584
o Cane
v -0.563 0.734 0.457
v -0.552 0.74 0.476
v -0.536 0.724 0.481
v -0.539 0.707 0.465
v -0.555 0.714 0.45
v -0.739 0.614 0.606
v -0.727 0.62 0.625
v -0.712 0.604 0.629
v -0.714 0.587 0.614
v -0.731 0.594 0.599
usemtl Thorn
s off
f 589 588 587 586 585
f 590 591 592 593 594
f 585 586 591 590
f 586 587 592 591
f 587 588 593 592
f 588 589 594 593
f 589 585 590 594
o Cane.Thorn
v -0.713 0.604 0.604
v -0.713 0.604 0.626
v -0.735 0.604 0.626
v -0.735 0.604 0.604
v -0.723 0.664 0.614
v -0.723 0.664 0.616
v -0.725 0.664 0.616
v -0.725 0.664 0.614
usemtl Thorn
s off
f 598 597 596 595
f 599 600 601 602
f 595 596 600 599
f 596 597 601 600
f 597 598 602 601
f 598 595 599 602
o Cane.Leaf
v -0.685 0.658 0.575
v -0.746 0.658 0.666
v -0.764 0.55 0.654
v -0.702 0.55 0.563
v -0.886 0.649 0.499
v -0.892 0.649 0.507
v -0.894 0.639 0.506
v -0.888 0.639 0.498
usemtl Paint
s off
f 606 605 604 603
f 607 608 609 610
f 603 604 608 607
f 604 605 609 608
f 605 606 610 609
f 606 603 607 610
o Cane
v -0.74 0.608 0.61
v -0.732 0.611 0.628
v -0.714 0.604 0.627
v -0.71 0.597 0.609
v -0.726 0.599 0.599
v -0.854 0.304 0.707
v -0.846 0.307 0.725
v -0.828 0.3 0.724
v -0.825 0.293 0.706
v -0.841 0.296 0.696
usemtl Thorn
s off
f 615 614 613 612 611
f 616 617 618 619 620
f 611 612 617 616
f 612 613 618 617
f 613 614 619 618
f 614 615 620 619
f 615 611 616 620
o Cane.Thorn
v -0.828 0.3 0.701
v -0.828 0.3 0.723
v -0.85 0.3 0.723
v -0.85 0.3 0.701
v -0.838 0.36 0.711
v -0.838 0.36 0.713
v -0.84 0.36 0.713
v -0.84 0.36 0.711
usemtl Thorn
s off
f 624 623 622 621
f 625 626 627 628
f 621 622 626 625
f 622 623 627 626
f 623 624 628 627
f 624 621 625 628
o Cane.Leaf
v -0.799 0.354 0.672
v -0.861 0.354 0.763
v -0.879 0.246 0.751
v -0.817 0.246 0.66
v -1.001 0.345 0.596
v -1.006 0.345 0.604
v -1.008 0.335 0.603
v -1.002 0.335 0.595
usemtl Paint
s off
f 632 631 630 629
f 633 634 635 636
f 629 630 634 633
f 630 631 635 634
f 631 632 636 635
f 632 629 633 636
o Cane
v -0.831 0.3 0.723
v -0.826 0.298 0.708
v -0.839 0.298 0.698
v -0.852 0.301 0.707
v -0.847 0.302 0.722
v -0.869 0.04 0.755
v -0.864 0.038 0.74
v -0.877 0.038 0.731
v -0.89 0.041 0.74
v -0.885 0.042 0.755
usemtl Thorn
s off
f 641 640 639 638 637
f 642 643 644 645 646
f 637 638 643 642
f 638 639 644 643
f 639 640 645 644
f 640 641 646 645
f 641 637 642 646
o Berry
v -0.69 0.464 0.639
v -0.737 0.464 0.655
v -0.766 0.464 0.615
v -0.737 0.464 0.575
v -0.69 0.464 0.59
v -0.676 0.524 0.65
v -0.743 0.524 0.672
v -0.784 0.524 0.615
v -0.743 0.524 0.558
v -0.676 0.524 0.579
usemtl Unripe
s off
f 651 650 649 648 647
f 652 653 654 655 656
f 647 648 653 652
f 648 649 654 653
f 649 650 655 654
f 650 651 656 655
f 651 647 652 656
o Berry
v -0.676 0.524 0.65
v -0.743 0.524 0.672
v -0.784 0.524 0.615
v -0.743 0.524 0.558
v -0.676 0.524 0.579
v -0.703 0.578 0.63
v -0.733 0.578 0.64
v -0.751 0.578 0.615
v -0.733 0.578 0.589
v -0.703 0.578 0.599
usemtl Unripe
s off
f 661 660 659 658 657
f 662 663 664 665 666
f 657 658 663 662
f 658 659 664 663
f 659 660 665 664
f 660 661 666 665
f 661 657 662 666
o Berry
v -0.808 0.285 0.734
v -0.851 0.285 0.748
v -0.877 0.285 0.712
v -0.851 0.285 0.675
v -0.808 0.285 0.689
v -0.794 0.34 0.744
v -0.856 0.34 0.764
v -0.894 0.34 0.712
v -0.856 0.34 0.659
v -0.794 0.34 0.679
usemtl Black
s off
f 671 670 669 668 667
f 672 673 674 675 676
f 667 668 673 672
f 668 669 674 673
f 669 670 675 674
f 670 671 676 675
f 671 667 672 676
o Berry
v -0.794 0.34 0.744
v -0.856 0.34 0.764
v -0.894 0.34 0.712
v -0.856 0.34 0.659
v -0.794 0.34 0.679
v -0.819 0.389 0.726
v -0.846 0.389 0.735
v -0.864 0.389 0.712
v -0.846 0.389 0.688
v -0.819 0.389 0.697
usemtl Black
s off
f 681 680 679 678 677
f 682 683 684 685 686
f 677 678 683 682
f 678 679 684 683
f 679 680 685 684
f 680 681 686 685
f 681 677 682 686
o Cane
v -0.422 0.359 -0.129
v -0.423 0.365 -0.103
v -0.441 0.35 -0.092
v -0.452 0.335 -0.111
v -0.44 0.341 -0.134
v -0.683 0.629 -0.197
v -0.684 0.635 -0.171
v -0.702 0.62 -0.16
v -0.713 0.605 -0.179
v -0.701 0.611 -0.202
usemtl Thorn
s off
f 691 690 689 688 687
f 692 693 694 695 696
f 687 688 693 692
f 688 689 694 693
f 689 690 695 694
f 690 691 696 695
f 691 687 692 696
o Cane.Thorn
v -0.686 0.62 -0.193
v -0.686 0.62 -0.171
v -0.708 0.62 -0.171
v -0.708 0.62 -0.193
v -0.696 0.68 -0.183
v -0.696 0.68 -0.181
v -0.698 0.68 -0.181
v -0.698 0.68 -0.183
usemtl Thorn
s off
f 700 699 698 697
f 701 702 703 704
f 697 698 702 701
f 698 699 703 702
f 699 700 704 703
f 700 697 701 704
o Cane
v -0.698 0.63 -0.198
v -0.707 0.636 -0.178
v -0.702 0.62 -0.163
v -0.69 0.604 -0.174
v -0.688 0.61 -0.196
v -0.92 0.51 -0.256
v -0.929 0.516 -0.236
v -0.924 0.5 -0.221
v -0.912 0.484 -0.232
v -0.91 0.49 -0.254
usemtl Thorn
s off
f 709 708 707 706 705
f 710 711 712 713 714
f 705 706 711 710
f 706 707 712 711
f 707 708 713 712
f 708 709 714 713
f 709 705 710 714
o Cane.Thorn
v -0.908 0.5 -0.251
v -0.908 0.5 -0.229
v -0.93 0.5 -0.229
v -0.93 0.5 -0.251
v -0.918 0.56 -0.241
v -0.918 0.56 -0.239
v -0.92 0.56 -0.239
v -0.92 0.56 -0.241
usemtl Thorn
s off
f 718 717 716 715
f 719 720 721 722
f 715 716 720 719
f 716 717 721 720
f 717 718 722 721
f 718 715 719 722
o Cane.Leaf
v -0.864 0.554 -0.23
v -0.974 0.554 -0.228
v -0.974 0.446 -0.25
v -0.864 0.446 -0.251
v -0.917 0.545 -0.439
v -0.927 0.545 -0.439
v -0.927 0.535 -0.441
v -0.917 0.535 -0.441
usemtl LeafDark
s off
f 726 725 724 723
f 727 728 729 730
f 723 724 728 727
f 724 725 729 728
f 725 726 730 729
f 726 723 727 730
o Cane
v -0.923 0.506 -0.255
v -0.933 0.509 -0.238
v -0.923 0.5 -0.224
v -0.908 0.491 -0.232
v -0.908 0.494 -0.251
v -1.069 0.306 -0.293
v -1.078 0.309 -0.276
v -1.069 0.3 -0.262
v -1.054 0.291 -0.27
v -1.053 0.294 -0.289
usemtl Thorn
s off
f 735 734 733 732 731
f 736 737 738 739 740
f 731 732 737 736
f 732 733 738 737
f 733 734 739 738
f 734 735 740 739
f 735 731 736 740
o Cane.Thorn
v -1.053 0.3 -0.289
v -1.053 0.3 -0.267
v -1.075 0.3 -0.267
v -1.075 0.3 -0.289
v -1.063 0.36 -0.279
v -1.063 0.36 -0.277
v -1.065 0.36 -0.277
v -1.065 0.36 -0.279
usemtl Thorn
s off
f 744 743 742 741
f 745 746 747 748
f 741 742 746 745
f 742 743 747 746
f 743 744 748 747
f 744 741 745 748
o Cane.Leaf
v -1.009 0.354 -0.268
v -1.119 0.354 -0.266
v -1.12 0.246 -0.288
v -1.01 0.246 -0.289
v -1.062 0.345 -0.477
v -1.072 0.345 -0.477
v -1.073 0.335 -0.479
v -1.063 0.335 -0.479
usemtl LeafDark
s off
f 752 751 750 749
f 753 754 755 756
f 749 750 754 753
f 750 751 755 754
f 751 752 756 755
f 752 749 753 756
o Cane
v -1.057 0.298 -0.267
v -1.052 0.298 -0.282
v -1.064 0.301 -0.291
v -1.077 0.303 -0.282
v -1.072 0.301 -0.267
v -1.105 0.038 -0.279
v -1.1 0.038 -0.295
v -1.113 0.041 -0.304
v -1.125 0.043 -0.294
v -1.121 0.041 -0.279
usemtl Thorn
s off
f 761 760 759 758 757
f 762 763 764 765 766
f 757 758 763 762
f 758 759 764 763
f 759 760 765 764
f 760 761 766 765
f 761 757 762 766
o Berry
v -0.885 0.36 -0.215
v -0.932 0.36 -0.2
v -0.961 0.36 -0.24
v -0.932 0.36 -0.28
v -0.885 0.36 -0.265
v -0.871 0.42 -0.205
v -0.938 0.42 -0.183
v -0.979 0.42 -0.24
v -0.938 0.42 -0.297
v -0.871 0.42 -0.275
usemtl Black
s off
f 771 770 769 768 767
f 772 773 774 775 776
f 767 768 773 772
f 768 769 774 773
f 769 770 775 774
f 770 771 776 775
f 771 767 772 776
o Berry
v -0.871 0.42 -0.205
v -0.938 0.42 -0.183
v -0.979 0.42 -0.24
v -0.938 0.42 -0.297
v -0.871 0.42 -0.275
v -0.897 0.474 -0.224
v -0.928 0.474 -0.214
v -0.946 0.474 -0.24
v -0.928 0.474 -0.265
v -0.897 0.474 -0.256
usemtl Black
s off
f 781 780 779 778 777
f 782 783 784 785 786
f 777 778 783 782
f 778 779 784 783
f 779 780 785 784
f 780 781 786 785
f 781 777 782 786
o Cane
v -0.24 0.358 -0.369
v -0.256 0.363 -0.349
v -0.279 0.35 -0.354
v -0.277 0.337 -0.377
v -0.252 0.342 -0.386
v -0.396 0.728 -0.589
v -0.413 0.733 -0.569
v -0.436 0.72 -0.574
v -0.433 0.708 -0.597
v -0.409 0.713 -0.606
usemtl Thorn
s off
f 791 790 789 788 787
f 792 793 794 795 796
f 787 788 793 792
f 788 789 794 793
f 789 790 795 794
f 790 791 796 795
f 791 787 792 796
o Cane.Thorn
v -0.406 0.72 -0.598
v -0.406 0.72 -0.576
v -0.428 0.72 -0.576
v -0.428 0.72 -0.598
v -0.416 0.78 -0.588
v -0.416 0.78 -0.586
v -0.418 0.78 -0.586
v -0.418 0.78 -0.588
usemtl Thorn
s off
f 800 799 798 797
f 801 802 803 804
f 797 798 802 801
f 798 799 803 802
f 799 800 804 803
f 800 797 801 804
o Cane
v -0.408 0.731 -0.6
v -0.427 0.737 -0.59
v -0.433 0.72 -0.575
v -0.417 0.704 -0.576
v -0.401 0.71 -0.592
v -0.541 0.611 -0.788
v -0.561 0.617 -0.778
v -0.567 0.6 -0.763
v -0.551 0.584 -0.764
v -0.535 0.59 -0.779
usemtl Thorn
s off
f 809 808 807 806 805
f 810 811 812 813 814
f 805 806 811 810
f 806 807 812 811
f 807 808 813 812
f 808 809 814 813
f 809 805 810 814
o Cane.Thorn
v -0.54 0.6 -0.785
v -0.54 0.6 -0.763
v -0.562 0.6 -0.763
v -0.562 0.6 -0.785
v -0.55 0.66 -0.775
v -0.55 0.66 -0.773
v -0.552 0.66 -0.773
v -0.552 0.66 -0.775
usemtl Thorn
s off
f 818 817 816 815
f 819 820 821 822
f 815 816 820 819
f 816 817 821 820
f 817 818 822 821
f 818 815 819 822
o Cane.Leaf
v -0.515 0.654 -0.731
v -0.6 0.654 -0.8
v -0.587 0.547 -0.817
v -0.501 0.547 -0.748
v -0.421 0.645 -0.926
v -0.429 0.645 -0.932
v -0.428 0.636 -0.933
v -0.42 0.636 -0.927
usemtl Paint
s off
f 826 825 824 823
f 827 828 829 830
f 823 824 828 827
f 824 825 829 828
f 825 826 830 829
f 826 823 827 830
o Cane
v -0.545 0.605 -0.789
v -0.563 0.608 -0.783
v -0.564 0.6 -0.765
v -0.547 0.593 -0.76
v -0.535 0.596 -0.775
v -0.632 0.304 -0.911
v -0.65 0.307 -0.905
v -0.651 0.3 -0.887
v -0.634 0.293 -0.882
v -0.622 0.296 -0.897
usemtl Thorn
s off
f 835 834 833 832 831
f 836 837 838 839 840
f 831 832 837 836
f 832 833 838 837
f 833 834 839 838
f 834 835 840 839
f 835 831 836 840
o Cane.Thorn
v -0.627 0.3 -0.907
v -0.627 0.3 -0.885
v -0.649 0.3 -0.885
v -0.649 0.3 -0.907
v -0.637 0.36 -0.897
v -0.637 0.36 -0.895
v -0.639 0.36 -0.895
v -0.639 0.36 -0.897
usemtl Thorn
s off
f 844 843 842 841
f 845 846 847 848
f 841 842 846 845
f 842 843 847 846
f 843 844 848 847
f 844 841 845 848
o Cane.Leaf
v -0.602 0.354 -0.853
v -0.687 0.354 -0.923
v -0.673 0.246 -0.939
v -0.588 0.246 -0.87
v -0.508 0.345 -1.048
v -0.516 0.345 -1.054
v -0.515 0.335 -1.056
v -0.507 0.335 -1.049
usemtl Paint
s off
f 852 851 850 849
f 853 854 855 856
f 849 850 854 853
f 850 851 855 854
f 851 852 856 855
f 852 849 853 856
o Cane
v -0.63 0.297 -0.886
v -0.625 0.299 -0.901
v -0.638 0.302 -0.91
v -0.65 0.302 -0.9
v -0.645 0.299 -0.885
v -0.659 0.037 -0.926
v -0.654 0.039 -0.941
v -0.667 0.042 -0.95
v -0.679 0.042 -0.941
v -0.674 0.039 -0.926
usemtl Thorn
s off
f 861 860 859 858 857
f 862 863 864 865 866
f 857 858 863 862
f 858 859 864 863
f 859 860 865 864
f 860 861 866 865
f 861 857 862 866
o Berry
v -0.517 0.46 -0.749
v -0.564 0.46 -0.734
v -0.593 0.46 -0.774
v -0.564 0.46 -0.814
v -0.517 0.46 -0.799
v -0.502 0.52 -0.739
v -0.569 0.52 -0.717
v -0.611 0.52 -0.774
v -0.569 0.52 -0.831
v -0.502 0.52 -0.809
usemtl Black
s off
f 871 870 869 868 867
f 872 873 874 875 876
f 867 868 873 872
f 868 869 874 873
f 869 870 875 874
f 870 871 876 875
f 871 867 872 876
o Berry
v -0.502 0.52 -0.739
v -0.569 0.52 -0.717
v -0.611 0.52 -0.774
v -0.569 0.52 -0.831
v -0.502 0.52 -0.809
v -0.529 0.574 -0.758
v -0.559 0.574 -0.748
v -0.578 0.574 -0.774
v -0.559 0.574 -0.8
v -0.529 0.574 -0.79
usemtl Black
s off
f 881 880 879 878 877
f 882 883 884 885 886
f 877 878 883 882
f 878 879 884 883
f 879 880 885 884
f 880 881 886 885
f 881 877 882 886
o Berry
v -0.606 0.285 -0.874
v -0.649 0.285 -0.86
v -0.676 0.285 -0.896
v -0.649 0.285 -0.933
v -0.606 0.285 -0.919
v -0.593 0.34 -0.864
v -0.655 0.34 -0.844
v -0.693 0.34 -0.896
v -0.655 0.34 -0.949
v -0.593 0.34 -0.929
usemtl Black
s off
f 891 890 889 888 887
f 892 893 894 895 896
f 887 888 893 892
f 888 889 894 893
f 889 890 895 894
f 890 891 896 895
f 891 887 892 896
o Berry
v -0.593 0.34 -0.864
v -0.655 0.34 -0.844
v -0.693 0.34 -0.896
v -0.655 0.34 -0.949
v -0.593 0.34 -0.929
v -0.618 0.389 -0.882
v -0.645 0.389 -0.873
v -0.662 0.389 -0.896
v -0.645 0.389 -0.92
v -0.618 0.389 -0.911
usemtl Black
s off
f 901 900 899 898 897
f 902 903 904 905 906
f 897 898 903 902
f 898 899 904 903
f 899 900 905 904
f 900 901 906 905
f 901 897 902 906
o Cane
v 0.113 0.358 -0.425
v 0.087 0.363 -0.424
v 0.076 0.35 -0.444
v 0.095 0.337 -0.457
v 0.118 0.342 -0.445
v 0.172 0.706 -0.689
v 0.146 0.711 -0.688
v 0.135 0.698 -0.708
v 0.154 0.685 -0.721
v 0.177 0.69 -0.709
usemtl Thorn
s off
f 911 910 909 908 907
f 912 913 914 915 916
f 907 908 913 912
f 908 909 914 913
f 909 910 915 914
f 910 911 916 915
f 911 907 912 916
o Cane.Thorn
v 0.168 0.698 -0.714
v 0.168 0.698 -0.692
v 0.146 0.698 -0.692
v 0.146 0.698 -0.714
v 0.158 0.758 -0.704
v 0.158 0.758 -0.702
v 0.156 0.758 -0.702
v 0.156 0.758 -0.704
usemtl Thorn
s off
f 920 919 918 917
f 921 922 923 924
f 917 918 922 921
f 918 919 923 922
f 919 920 924 923
f 920 917 921 924
o Cane
v 0.173 0.708 -0.704
v 0.153 0.714 -0.712
v 0.138 0.698 -0.707
v 0.149 0.681 -0.696
v 0.171 0.688 -0.694
v 0.223 0.588 -0.929
v 0.203 0.594 -0.937
v 0.188 0.578 -0.931
v 0.199 0.561 -0.92
v 0.221 0.568 -0.919
usemtl Thorn
s off
f 929 928 927 926 925
f 930 931 932 933 934
f 925 926 931 930
f 926 927 932 931
f 927 928 933 932
f 928 929 934 933
f 929 925 930 934
o Cane.Thorn
v 0.218 0.578 -0.938
v 0.218 0.578 -0.916
v 0.196 0.578 -0.916
v 0.196 0.578 -0.938
v 0.208 0.638 -0.928
v 0.208 0.638 -0.926
v 0.206 0.638 -0.926
v 0.206 0.638 -0.928
usemtl Thorn
s off
f 938 937 936 935
f 939 940 941 942
f 935 936 940 939
f 936 937 941 940
f 937 938 942 941
f 938 935 939 942
o Cane.Leaf
v 0.199 0.632 -0.872
v 0.193 0.632 -0.982
v 0.215 0.524 -0.983
v 0.22 0.524 -0.873
v 0.406 0.623 -0.932
v 0.405 0.623 -0.942
v 0.407 0.613 -0.943
v 0.408 0.613 -0.933
usemtl LeafDark
s off
f 946 945 944 943
f 947 948 949 950
f 943 944 948 947
f 944 945 949 948
f 945 946 950 949
f 946 943 947 950
o Cane
v 0.222 0.582 -0.933
v 0.205 0.585 -0.942
v 0.191 0.578 -0.931
v 0.199 0.57 -0.915
v 0.218 0.573 -0.916
v 0.254 0.305 -1.079
v 0.237 0.307 -1.088
v 0.223 0.3 -1.077
v 0.231 0.293 -1.061
v 0.251 0.295 -1.062
usemtl Thorn
s off
f 955 954 953 952 951
f 956 957 958 959 960
f 951 952 957 956
f 952 953 958 957
f 953 954 959 958
f 954 955 960 959
f 955 951 956 960
o Cane.Thorn
v 0.25 0.3 -1.085
v 0.25 0.3 -1.063
v 0.228 0.3 -1.063
v 0.228 0.3 -1.085
v 0.24 0.36 -1.075
v 0.24 0.36 -1.073
v 0.238 0.36 -1.073
v 0.238 0.36 -1.075
usemtl Thorn
s off
f 964 963 962 961
f 965 966 967 968
f 961 962 966 965
f 962 963 967 966
f 963 964 968 967
f 964 961 965 968
o Cane.Leaf
v 0.231 0.354 -1.018
v 0.226 0.354 -1.128
v 0.247 0.246 -1.129
v 0.253 0.246 -1.019
v 0.438 0.345 -1.079
v 0.438 0.345 -1.089
v 0.44 0.335 -1.089
v 0.44 0.335 -1.079
usemtl LeafDark
s off
f 972 971 970 969
f 973 974 975 976
f 969 970 974 973
f 970 971 975 974
f 971 972 976 975
f 972 969 973 976
o Cane
v 0.247 0.298 -1.063
v 0.252 0.301 -1.078
v 0.239 0.302 -1.087
v 0.227 0.3 -1.078
v 0.231 0.298 -1.063
v 0.258 0.038 -1.112
v 0.263 0.041 -1.126
v 0.25 0.042 -1.136
v 0.237 0.04 -1.127
v 0.242 0.038 -1.112
usemtl Thorn
s off
f 981 980 979 978 977
f 982 983 984 985 986
f 977 978 983 982
f 978 979 984 983
f 979 980 985 984
f 980 981 986 985
f 981 977 982 986
o Berry
v 0.241 0.438 -0.903
v 0.194 0.438 -0.887
v 0.165 0.438 -0.927
v 0.194 0.438 -0.967
v 0.241 0.438 -0.952
v 0.255 0.498 -0.892
v 0.188 0.498 -0.87
v 0.147 0.498 -0.927
v 0.188 0.498 -0.984
v 0.255 0.498 -0.962
usemtl Unripe
s off
f 991 990 989 988 987
f 992 993 994 995 996
f 987 988 993 992
f 988 989 994 993
f 989 990 995 994
f 990 991 996 995
f 991 987 992 996
o Berry
v 0.255 0.498 -0.892
v 0.188 0.498 -0.87
v 0.147 0.498 -0.927
v 0.188 0.498 -0.984
v 0.255 0.498 -0.962
v 0.229 0.552 -0.911
v 0.198 0.552 -0.902
v 0.18 0.552 -0.927
v 0.198 0.552 -0.953
v 0.229 0.552 -0.943
usemtl Unripe
s off
f 1001 1000 999 998 997
f 1002 1003 1004 1005 1006
f 997 998 1003 1002
f 998 999 1004 1003
f 999 1000 1005 1004
f 1000 1001 1006 1005
f 1001 997 1002 1006
o Cane
v 0.413 0.357 -0.151
v 0.397 0.362 -0.171
v 0.407 0.35 -0.193
v 0.43 0.338 -0.185
v 0.433 0.343 -0.159
v 0.662 0.764 -0.254
v 0.646 0.768 -0.275
v 0.657 0.757 -0.296
v 0.679 0.745 -0.288
v 0.683 0.749 -0.262
usemtl Thorn
s off
f 1011 1010 1009 1008 1007
f 1012 1013 1014 1015 1016
f 1007 1008 1013 1012
f 1008 1009 1014 1013
f 1009 1010 1015 1014
f 1010 1011 1016 1015
f 1011 1007 1012 1016
o Cane.Thorn
v 0.676 0.757 -0.286
v 0.676 0.757 -0.264
v 0.654 0.757 -0.264
v 0.654 0.757 -0.286
v 0.666 0.817 -0.276
v 0.666 0.817 -0.274
v 0.664 0.817 -0.274
v 0.664 0.817 -0.276
usemtl Thorn
s off
f 1020 1019 1018 1017
f 1021 1022 1023 1024
f 1017 1018 1022 1021
f 1018 1019 1023 1022
f 1019 1020 1024 1023
f 1020 1017 1021 1024
o Cane
v 0.676 0.767 -0.262
v 0.671 0.773 -0.284
v 0.658 0.757 -0.293
v 0.655 0.74 -0.277
v 0.667 0.746 -0.258
v 0.889 0.647 -0.35
v 0.884 0.653 -0.372
v 0.871 0.637 -0.381
v 0.868 0.62 -0.365
v 0.879 0.626 -0.346
usemtl Thorn
s off
f 1029 1028 1027 1026 1025
f 1030 1031 1032 1033 1034
f 1025 1026 1031 1030
f 1026 1027 1032 1031
f 1027 1028 1033 1032
f 1028 1029 1034 1033
f 1029 1025 1030 1034
o Cane.Thorn
v 0.889 0.637 -0.374
v 0.889 0.637 -0.352
v 0.867 0.637 -0.352
v 0.867 0.637 -0.374
v 0.879 0.697 -0.364
v 0.879 0.697 -0.362
v 0.877 0.697 -0.362
v 0.877 0.697 -0.364
usemtl Thorn
s off
f 1038 1037 1036 1035
f 1039 1040 1041 1042
f 1035 1036 1040 1039
f 1036 1037 1041 1040
f 1037 1038 1042 1041
f 1038 1035 1039 1042
o Cane.Leaf
v 0.828 0.691 -0.337
v 0.915 0.691 -0.405
v 0.928 0.583 -0.388
v 0.841 0.583 -0.32
v 0.996 0.682 -0.203
v 1.004 0.682 -0.209
v 1.006 0.672 -0.207
v 0.998 0.672 -0.201
usemtl Paint
s off
f 1046 1045 1044 1043
f 1047 1048 1049 1050
f 1043 1044 1048 1047
f 1044 1045 1049 1048
f 1045 1046 1050 1049
f 1046 1043 1047 1050
o Cane
v 0.887 0.638 -0.349
v 0.893 0.643 -0.367
v 0.878 0.639 -0.379
v 0.863 0.632 -0.369
v 0.869 0.631 -0.35
v 1.026 0.301 -0.406
v 1.031 0.307 -0.424
v 1.017 0.303 -0.436
v 1.002 0.295 -0.426
v 1.008 0.294 -0.408
usemtl Thorn
s off
f 1055 1054 1053 1052 1051
f 1056 1057 1058 1059 1060
f 1051 1052 1057 1056
f 1052 1053 1058 1057
f 1053 1054 1059 1058
f 1054 1055 1060 1059
f 1055 1051 1056 1060
o Cane.Thorn
v 1.028 0.3 -0.431
v 1.028 0.3 -0.409
v 1.006 0.3 -0.409
v 1.006 0.3 -0.431
v 1.018 0.36 -0.421
v 1.018 0.36 -0.419
v 1.016 0.36 -0.419
v 1.016 0.36 -0.421
usemtl Thorn
s off
f 1064 1063 1062 1061
f 1065 1066 1067 1068
f 1061 1062 1066 1065
f 1062 1063 1067 1066
f 1063 1064 1068 1067
f 1064 1061 1065 1068
o Cane.Leaf
v 0.967 0.354 -0.395
v 1.053 0.354 -0.462
v 1.067 0.246 -0.445
v 0.98 0.246 -0.378
v 1.135 0.345 -0.26
v 1.143 0.345 -0.266
v 1.144 0.335 -0.265
v 1.136 0.335 -0.259
usemtl Paint
s off
f 1072 1071 1070 1069
f 1073 1074 1075 1076
f 1069 1070 1074 1073
f 1070 1071 1075 1074
f 1071 1072 1076 1075
f 1072 1069 1073 1076
o Cane
v 1.024 0.301 -0.409
v 1.029 0.303 -0.424
v 1.017 0.301 -0.434
v 1.004 0.298 -0.424
v 1.009 0.298 -0.409
v 1.071 0.041 -0.428
v 1.075 0.043 -0.443
v 1.063 0.041 -0.453
v 1.05 0.038 -0.443
v 1.055 0.038 -0.428
usemtl Thorn
s off
f 1081 1080 1079 1078 1077
f 1082 1083 1084 1085 1086
f 1077 1078 1083 1082
f 1078 1079 1084 1083
f 1079 1080 1085 1084
f 1080 1081 1086 1085
f 1081 1077 1082 1086
o Berry
v 0.912 0.497 -0.338
v 0.865 0.497 -0.323
v 0.836 0.497 -0.363
v 0.865 0.497 -0.403
v 0.912 0.497 -0.387
v 0.927 0.557 -0.328
v 0.859 0.557 -0.306
v 0.818 0.557 -0.363
v 0.859 0.557 -0.42
v 0.927 0.557 -0.398
usemtl Black
s off
f 1091 1090 1089 1088 1087
f 1092 1093 1094 1095 1096
f 1087 1088 1093 1092
f 1088 1089 1094 1093
f 1089 1090 1095 1094
f 1090 1091 1096 1095
f 1091 1087 1092 1096
o Berry
v 0.927 0.557 -0.328
v 0.859 0.557 -0.306
v 0.818 0.557 -0.363
v 0.859 0.557 -0.42
v 0.927 0.557 -0.398
v 0.9 0.611 -0.347
v 0.87 0.611 -0.337
v 0.851 0.611 -0.363
v 0.87 0.611 -0.388
v 0.9 0.611 -0.379
usemtl Black
s off
f 1101 1100 1099 1098 1097
f 1102 1103 1104 1105 1106
f 1097 1098 1103 1102
f 1098 1099 1104 1103
f 1099 1100 1105 1104
f 1100 1101 1106 1105
f 1101 1097 1102 1106
o Berry
v 1.048 0.285 -0.397
v 1.005 0.285 -0.383
v 0.978 0.285 -0.42
v 1.005 0.285 -0.457
v 1.048 0.285 -0.443
v 1.061 0.34 -0.388
v 1 0.34 -0.368
v 0.962 0.34 -0.42
v 1 0.34 -0.472
v 1.061 0.34 -0.452
usemtl Black
s off
f 1111 1110 1109 1108 1107
f 1112 1113 1114 1115 1116
f 1107 1108 1113 1112
f 1108 1109 1114 1113
f 1109 1110 1115 1114
f 1110 1111 1116 1115
f 1111 1107 1112 1116
o Berry
v 1.061 0.34 -0.388
v 1 0.34 -0.368
v 0.962 0.34 -0.42
v 1 0.34 -0.472
v 1.061 0.34 -0.452
v 1.037 0.389 -0.406
v 1.009 0.389 -0.397
v 0.992 0.389 -0.42
v 1.009 0.389 -0.444
v 1.037 0.389 -0.435
usemtl Black
s off
f 1121 1120 1119 1118 1117
f 1122 1123 1124 1125 1126
f 1117 1118 1123 1122
f 1118 1119 1124 1123
f 1119 1120 1125 1124
f 1120 1121 1126 1125
f 1121 1117 1122 1126
o Leaf
v 0.023 0.61 -0.297
v 0.002 0.61 -0.177
v -0.046 0.5 -0.186
v -0.026 0.5 -0.305
v -0.194 0.647 -0.281
v -0.197 0.647 -0.264
v -0.204 0.631 -0.265
v -0.201 0.631 -0.282
usemtl LeafLight
s off
f 1130 1129 1128 1127
f 1131 1132 1133 1134
f 1127 1128 1132 1131
f 1128 1129 1133 1132
f 1129 1130 1134 1133
f 1130 1127 1131 1134
o Leaf
v -0.172 0.394 0.328
v -0.228 0.394 0.436
v -0.259 0.278 0.42
v -0.203 0.278 0.312
v -0.386 0.404 0.276
v -0.394 0.404 0.292
v -0.398 0.387 0.29
v -0.39 0.387 0.274
usemtl Paint
s off
f 1138 1137 1136 1135
f 1139 1140 1141 1142
f 1135 1136 1140 1139
f 1136 1137 1141 1140
f 1137 1138 1142 1141
f 1138 1135 1139 1142
o Leaf
v 0.227 0.537 0.809
v 0.314 0.537 0.725
v 0.368 0.444 0.781
v 0.28 0.444 0.865
v 0.428 0.667 0.945
v 0.441 0.667 0.932
v 0.449 0.653 0.94
v 0.436 0.653 0.953
usemtl Paint
s off
f 1146 1145 1144 1143
f 1147 1148 1149 1150
f 1143 1144 1148 1147
f 1144 1145 1149 1148
f 1145 1146 1150 1149
f 1146 1143 1147 1150
o Leaf
v 0.194 0.622 -0.497
v 0.095 0.622 -0.428
v 0.071 0.508 -0.462
v 0.171 0.508 -0.531
v 0.023 0.65 -0.655
v 0.008 0.65 -0.645
v 0.005 0.633 -0.65
v 0.019 0.633 -0.66
usemtl Paint
s off
f 1154 1153 1152 1151
f 1155 1156 1157 1158
f 1151 1152 1156 1155
f 1152 1153 1157 1156
f 1153 1154 1158 1157
f 1154 1151 1155 1158
o Leaf
v -0.602 0.722 -0.154
v -0.7 0.722 -0.082
v -0.757 0.648 -0.158
v -0.659 0.648 -0.231
v -0.764 0.899 -0.285
v -0.778 0.899 -0.275
v -0.787 0.888 -0.286
v -0.772 0.888 -0.296
usemtl LeafLight
s off
f 1162 1161 1160 1159
f 1163 1164 1165 1166
f 1159 1160 1164 1163
f 1160 1161 1165 1164
f 1161 1162 1166 1165
f 1162 1159 1163 1166
o Leaf
v -0.11 0.781 -0.308
v -0.217 0.781 -0.252
v -0.24 0.671 -0.296
v -0.133 0.671 -0.353
v -0.266 0.831 -0.492
v -0.281 0.831 -0.483
v -0.284 0.815 -0.49
v -0.269 0.815 -0.498
usemtl Paint
s off
f 1170 1169 1168 1167
f 1171 1172 1173 1174
f 1167 1168 1172 1171
f 1168 1169 1173 1172
f 1169 1170 1174 1173
f 1170 1167 1171 1174
o Leaf
v -0.276 0.518 -0.356
v -0.155 0.518 -0.35
v -0.159 0.426 -0.272
v -0.28 0.426 -0.278
v -0.234 0.611 -0.163
v -0.216 0.611 -0.162
v -0.217 0.598 -0.151
v -0.235 0.598 -0.152
usemtl Paint
s off
f 1178 1177 1176 1175
f 1179 1180 1181 1182
f 1175 1176 1180 1179
f 1176 1177 1181 1180
f 1177 1178 1182 1181
f 1178 1175 1179 1182
o Leaf
v -0.229 0.529 -0.837
v -0.346 0.529 -0.806
v -0.365 0.435 -0.88
v -0.248 0.435 -0.91
v -0.336 0.646 -1.045
v -0.353 0.646 -1.041
v -0.356 0.632 -1.051
v -0.339 0.632 -1.056
usemtl Paint
s off
f 1186 1185 1184 1183
f 1187 1188 1189 1190
f 1183 1184 1188 1187
f 1184 1185 1189 1188
f 1185 1186 1190 1189
f 1186 1183 1187 1190
o Leaf
v 0.288 0.807 0.304
v 0.35 0.807 0.201
v 0.406 0.705 0.235
v 0.344 0.705 0.338
v 0.506 0.89 0.376
v 0.515 0.89 0.361
v 0.524 0.875 0.366
v 0.514 0.875 0.381
usemtl LeafLight
s off
f 1194 1193 1192 1191
f 1195 1196 1197 1198
f 1191 1192 1196 1195
f 1192 1193 1197 1196
f 1193 1194 1198 1197
f 1194 1191 1195 1198
o Leaf
v 0.322 0.529 0.589
v 0.322 0.507 0.708
v 0.207 0.544 0.715
v 0.207 0.566 0.596
v 0.35 0.764 0.685
v 0.35 0.761 0.703
v 0.334 0.766 0.704
v 0.334 0.769 0.686
usemtl Paint
s off
f 1202 1201 1200 1199
f 1203 1204 1205 1206
f 1199 1200 1204 1203
f 1200 1201 1205 1204
f 1201 1202 1206 1205
f 1202 1199 1203 1206
o Leaf
v -0.826 0.677 -0.08
v -0.875 0.677 0.031
v -0.948 0.586 -0.001
v -0.899 0.586 -0.112
v -1.015 0.77 -0.107
v -1.022 0.77 -0.091
v -1.033 0.757 -0.095
v -1.026 0.757 -0.111
usemtl Paint
s off
f 1210 1209 1208 1207
f 1211 1212 1213 1214
f 1207 1208 1212 1211
f 1208 1209 1213 1212
f 1209 1210 1214 1213
f 1210 1207 1211 1214
o Leaf
v -0.216 0.436 -0.254
v -0.098 0.436 -0.277
v -0.09 0.321 -0.24
v -0.209 0.321 -0.217
v -0.132 0.44 -0.09
v -0.115 0.44 -0.094
v -0.114 0.423 -0.088
v -0.131 0.423 -0.085
usemtl Paint
s off
f 1218 1217 1216 1215
f 1219 1220 1221 1222
f 1215 1216 1220 1219
f 1216 1217 1221 1220
f 1217 1218 1222 1221
f 1218 1215 1219 1222
o Leaf
v -0.418 0.545 -0.58
v -0.385 0.545 -0.464
v -0.467 0.459 -0.441
v -0.5 0.459 -0.557
v -0.6 0.675 -0.475
v -0.595 0.675 -0.458
v -0.607 0.662 -0.455
v -0.612 0.662 -0.472
usemtl LeafLight
s off
f 1226 1225 1224 1223
f 1227 1228 1229 1230
f 1223 1224 1228 1227
f 1224 1225 1229 1228
f 1225 1226 1230 1229
f 1226 1223 1227 1230
o Leaf
v 0.581 0.455 -0.673
v 0.461 0.455 -0.69
v 0.463 0.335 -0.707
v 0.583 0.335 -0.691
v 0.564 0.44 -0.929
v 0.547 0.44 -0.932
v 0.547 0.423 -0.934
v 0.565 0.423 -0.932
usemtl Paint
s off
f 1234 1233 1232 1231
f 1235 1236 1237 1238
f 1231 1232 1236 1235
f 1232 1233 1237 1236
f 1233 1234 1238 1237
f 1234 1231 1235 1238
o Leaf
v 0.286 0.529 0.787
v 0.339 0.529 0.678
v 0.411 0.438 0.713
v 0.358 0.438 0.822
v 0.514 0.659 0.84
v 0.522 0.659 0.824
v 0.532 0.645 0.829
v 0.525 0.645 0.845
usemtl Paint
s off
f 1242 1241 1240 1239
f 1243 1244 1245 1246
f 1239 1240 1244 1243
f 1240 1241 1245 1244
f 1241 1242 1246 1245
f 1242 1239 1243 1246
o Leaf
v -0.39 0.731 0.337
v -0.295 0.731 0.262
v -0.239 0.652 0.334
v -0.334 0.652 0.408
v -0.233 0.869 0.453
v -0.219 0.869 0.443
v -0.211 0.857 0.453
v -0.225 0.857 0.464
usemtl Paint
s off
f 1250 1249 1248 1247
f 1251 1252 1253 1254
f 1247 1248 1252 1251
f 1248 1249 1253 1252
f 1249 1250 1254 1253
f 1250 1247 1251 1254
o Leaf
v 0.393 0.51 0.688
v 0.403 0.51 0.567
v 0.461 0.404 0.571
v 0.451 0.404 0.692
v 0.609 0.567 0.653
v 0.61 0.567 0.635
v 0.619 0.552 0.636
v 0.617 0.552 0.653
usemtl LeafLight
s off
f 1258 1257 1256 1255
f 1259 1260 1261 1262
f 1255 1256 1260 1259
f 1256 1257 1261 1260
f 1257 1258 1262 1261
f 1258 1255 1259 1262
o Leaf
v 0.324 0.837 -0.116
v 0.25 0.837 -0.212
v 0.293 0.729 -0.246
v 0.368 0.729 -0.15
v 0.48 0.9 -0.303
v 0.469 0.9 -0.316
v 0.475 0.884 -0.321
v 0.486 0.884 -0.307
usemtl Paint
s off
f 1266 1265 1264 1263
f 1267 1268 1269 1270
f 1263 1264 1268 1267
f 1264 1265 1269 1268
f 1265 1266 1270 1269
f 1266 1263 1267 1270
o Leaf
v -0.007 0.6 -0.145
v 0.02 0.6 -0.027
v -0.039 0.496 -0.013
v -0.066 0.496 -0.131
v -0.175 0.648 -0.054
v -0.171 0.648 -0.037
v -0.179 0.632 -0.035
v -0.183 0.632 -0.052
usemtl Paint
s off
f 1274 1273 1272 1271
f 1275 1276 1277 1278
f 1271 1272 1276 1275
f 1272 1273 1277 1276
f 1273 1274 1278 1277
f 1274 1271 1275 1278
o Leaf
v -0.233 0.429 0.776
v -0.157 0.429 0.87
v -0.177 0.311 0.886
v -0.252 0.311 0.792
v -0.408 0.433 0.984
v -0.397 0.433 0.997
v -0.4 0.416 1
v -0.411 0.416 0.986
usemtl Paint
s off
f 1282 1281 1280 1279
f 1283 1284 1285 1286
f 1279 1280 1284 1283
f 1280 1281 1285 1284
f 1281 1282 1286 1285
f 1282 1279 1283 1286
o Leaf
v -0.062 0.509 0.003
v -0.018 0.509 0.115
v -0.035 0.39 0.122
v -0.08 0.39 0.01
v -0.273 0.496 0.142
v -0.266 0.496 0.158
v -0.269 0.478 0.159
v -0.275 0.478 0.143
usemtl LeafLight
s off
f 1290 1289 1288 1287
f 1291 1292 1293 1294
f 1287 1288 1292 1291
f 1288 1289 1293 1292
f 1289 1290 1294 1293
f 1290 1287 1291 1294
o Leaf
v 0.324 0.798 0.291
v 0.389 0.798 0.189
v 0.424 0.685 0.211
v 0.359 0.685 0.313
v 0.531 0.822 0.362
v 0.54 0.822 0.347
v 0.545 0.806 0.35
v 0.536 0.806 0.365
usemtl Paint
s off
f 1298 1297 1296 1295
f 1299 1300 1301 1302
f 1295 1296 1300 1299
f 1296 1297 1301 1300
f 1297 1298 1302 1301
f 1298 1295 1299 1302
o Leaf
v -0.252 0.456 0.564
v -0.242 0.456 0.685
v -0.295 0.347 0.689
v -0.305 0.347 0.568
v -0.439 0.492 0.631
v -0.438 0.492 0.648
v -0.445 0.476 0.649
v -0.447 0.476 0.631
usemtl Paint
s off
f 1306 1305 1304 1303
f 1307 1308 1309 1310
f 1303 1304 1308 1307
f 1304 1305 1309 1308
f 1305 1306 1310 1309
f 1306 1303 1307 1310
o Leaf
v -0.22 0.492 0.667
v -0.175 0.492 0.779
v -0.222 0.382 0.798
v -0.267 0.382 0.686
v -0.389 0.529 0.791
v -0.383 0.529 0.807
v -0.389 0.513 0.81
v -0.396 0.513 0.794
usemtl Paint
s off
f 1314 1313 1312 1311
f 1315 1316 1317 1318
f 1311 1312 1316 1315
f 1312 1313 1317 1316
f 1313 1314 1318 1317
f 1314 1311 1315 1318
o Leaf
v -0.041 0.553 0.702
v 0.045 0.553 0.787
v -0.024 0.482 0.857
v -0.11 0.482 0.771
v -0.117 0.688 0.852
v -0.105 0.688 0.865
v -0.115 0.678 0.875
v -0.127 0.678 0.863
usemtl LeafLight
s off
f 1322 1321 1320 1319
f 1323 1324 1325 1326
f 1319 1320 1324 1323
f 1320 1321 1325 1324
f 1321 1322 1326 1325
f 1322 1319 1323 1326
o Leaf
v 0.031 0.6 0.024
v 0.086 0.6 0.132
v 0.038 0.492 0.156
v -0.016 0.492 0.048
v -0.187 0.675 0.192
v -0.179 0.675 0.207
v -0.186 0.659 0.211
v -0.194 0.659 0.195
usemtl Paint
s off
f 1330 1329 1328 1327
f 1331 1332 1333 1334
f 1327 1328 1332 1331
f 1328 1329 1333 1332
f 1329 1330 1334 1333
f 1330 1327 1331 1334
o Leaf
v -0.196 0.714 0.058
v -0.263 0.714 -0.043
v -0.181 0.645 -0.098
v -0.114 0.645 0.003
v -0.084 0.864 -0.079
v -0.094 0.864 -0.094
v -0.082 0.854 -0.102
v -0.072 0.854 -0.087
usemtl Paint
s off
f 1338 1337 1336 1335
f 1339 1340 1341 1342
f 1335 1336 1340 1339
f 1336 1337 1341 1340
f 1337 1338 1342 1341
f 1338 1335 1339 1342
o Leaf
v -0.341 0.726 -0.141
v -0.457 0.726 -0.174
v -0.435 0.637 -0.253
v -0.318 0.637 -0.22
v -0.334 0.846 -0.353
v -0.351 0.846 -0.357
v -0.348 0.833 -0.369
v -0.331 0.833 -0.364
usemtl Paint
s off
f 1346 1345 1344 1343
f 1347 1348 1349 1350
f 1343 1344 1348 1347
f 1344 1345 1349 1348
f 1345 1346 1350 1349
f 1346 1343 1347 1350
o Leaf
v 0.002 0.535 0.009
v -0.02 0.535 -0.11
v 0.001 0.416 -0.114
v 0.024 0.416 0.005
v 0.266 0.533 -0.094
v 0.263 0.533 -0.111
v 0.266 0.515 -0.112
v 0.269 0.515 -0.095
usemtl LeafLight
s off
f 1354 1353 1352 1351
f 1355 1356 1357 1358
f 1351 1352 1356 1355
f 1352 1353 1357 1356
f 1353 1354 1358 1357
f 1354 1351 1355 1358
o Leaf
v 0.197 0.625 -0.499
v 0.106 0.625 -0.419
v 0.075 0.513 -0.453
v 0.166 0.513 -0.533
v 0.023 0.654 -0.618
v 0.01 0.654 -0.606
v 0.005 0.638 -0.611
v 0.019 0.638 -0.623
usemtl Paint
s off
f 1362 1361 1360 1359
f 1363 1364 1365 1366
f 1359 1360 1364 1363
f 1360 1361 1365 1364
f 1361 1362 1366 1365
f 1362 1359 1363 1366
o Leaf
v -0.097 0.407 -0.944
v -0.218 0.407 -0.956
v -0.215 0.288 -0.979
v -0.095 0.288 -0.967
v -0.12 0.408 -1.231
v -0.138 0.408 -1.232
v -0.137 0.391 -1.236
v -0.12 0.391 -1.234
usemtl Paint
s off
f 1370 1369 1368 1367
f 1371 1372 1373 1374
f 1367 1368 1372 1371
f 1368 1369 1373 1372
f 1369 1370 1374 1373
f 1370 1367 1371 1374
o Leaf
v -0.899 0.664 0.116
v -0.86 0.664 0.23
v -0.939 0.577 0.257
v -0.979 0.577 0.143
v -1.049 0.763 0.222
v -1.044 0.763 0.239
v -1.055 0.75 0.243
v -1.061 0.75 0.226
usemtl Paint
s off
f 1378 1377 1376 1375
f 1379 1380 1381 1382
f 1375 1376 1380 1379
f 1376 1377 1381 1380
f 1377 1378 1382 1381
f 1378 1375 1379 1382
o Leaf
v 0.916 0.583 -0.037
v 0.931 0.583 -0.157
v 0.976 0.47 -0.151
v 0.96 0.47 -0.031
v 1.116 0.605 -0.063
v 1.118 0.605 -0.081
v 1.124 0.589 -0.08
v 1.122 0.589 -0.062
usemtl LeafLight
s off
f 1386 1385 1384 1383
f 1387 1388 1389 1390
f 1383 1384 1388 1387
f 1384 1385 1389 1388
f 1385 1386 1390 1389
f 1386 1383 1387 1390
o Leaf
v 0.363 0.407 0.36
v 0.286 0.407 0.267
v 0.316 0.292 0.242
v 0.393 0.292 0.334
v 0.499 0.428 0.179
v 0.487 0.428 0.165
v 0.492 0.411 0.162
v 0.503 0.411 0.175
usemtl Paint
s off
f 1394 1393 1392 1391
f 1395 1396 1397 1398
f 1391 1392 1396 1395
f 1392 1393 1397 1396
f 1393 1394 1398 1397
f 1394 1391 1395 1398
o Leaf
v -0.244 0.551 -0.794
v -0.351 0.551 -0.738
v -0.391 0.465 -0.813
v -0.283 0.465 -0.869
v -0.388 0.686 -0.958
v -0.404 0.686 -0.95
v -0.41 0.673 -0.961
v -0.394 0.673 -0.969
usemtl Paint
s off
f 1402 1401 1400 1399
f 1403 1404 1405 1406
f 1399 1400 1404 1403
f 1400 1401 1405 1404
f 1401 1402 1406 1405
f 1402 1399 1403 1406
o Leaf
v 0.117 0.444 -0.781
v 0.021 0.444 -0.855
v 0.049 0.332 -0.891
v 0.145 0.332 -0.817
v 0.214 0.479 -0.992
v 0.2 0.479 -1.003
v 0.204 0.463 -1.008
v 0.218 0.463 -0.997
usemtl Paint
s off
f 1410 1409 1408 1407
f 1411 1412 1413 1414
f 1407 1408 1412 1411
f 1408 1409 1413 1412
f 1409 1410 1414 1413
f 1410 1407 1411 1414
o Leaf
v -0.554 0.75 0.292
v -0.433 0.75 0.286
v -0.428 0.678 0.384
v -0.549 0.678 0.389
v -0.494 0.883 0.452
v -0.477 0.883 0.451
v -0.476 0.872 0.465
v -0.494 0.872 0.466
usemtl LeafLight
s off
f 1418 1417 1416 1415
f 1419 1420 1421 1422
f 1415 1416 1420 1419
f 1416 1417 1421 1420
f 1417 1418 1422 1421
f 1418 1415 1419 1422
o Leaf
v 0.382 0.407 0.85
v 0.45 0.407 0.751
v 0.474 0.289 0.767
v 0.405 0.289 0.866
v 0.616 0.413 0.948
v 0.626 0.413 0.934
v 0.629 0.396 0.936
v 0.619 0.396 0.95
usemtl Paint
s off
f 1426 1425 1424 1423
f 1427 1428 1429 1430
f 1423 1424 1428 1427
f 1424 1425 1429 1428
f 1425 1426 1430 1429
f 1426 1423 1427 1430
o Berry
v -0.025 0.591 0.38
v -0.079 0.591 0.398
v -0.112 0.591 0.352
v -0.079 0.591 0.307
v -0.025 0.591 0.324
v -0.009 0.659 0.392
v -0.085 0.659 0.417
v -0.132 0.659 0.352
v -0.085 0.659 0.287
v -0.009 0.659 0.312
usemtl Black
s off
f 1435 1434 1433 1432 1431
f 1436 1437 1438 1439 1440
f 1431 1432 1437 1436
f 1432 1433 1438 1437
f 1433 1434 1439 1438
f 1434 1435 1440 1439
f 1435 1431 1436 1440
o Berry
v -0.009 0.659 0.392
v -0.085 0.659 0.417
v -0.132 0.659 0.352
v -0.085 0.659 0.287
v -0.009 0.659 0.312
v -0.039 0.721 0.37
v -0.073 0.721 0.381
v -0.095 0.721 0.352
v -0.073 0.721 0.323
v -0.039 0.721 0.334
usemtl Black
s off
f 1445 1444 1443 1442 1441
f 1446 1447 1448 1449 1450
f 1441 1442 1447 1446
f 1442 1443 1448 1447
f 1443 1444 1449 1448
f 1444 1445 1450 1449
f 1445 1441 1446 1450
o Berry.Shine
v -0.084 0.69 0.379
v -0.084 0.69 0.403
v -0.057 0.69 0.403
v -0.057 0.69 0.379
v -0.084 0.71 0.379
v -0.084 0.71 0.403
v -0.057 0.71 0.403
v -0.057 0.71 0.379
usemtl Shine
s off
f 1454 1453 1452 1451
f 1455 1456 1457 1458
f 1451 1452 1456 1455
f 1452 1453 1457 1456
f 1453 1454 1458 1457
f 1454 1451 1455 1458
o Berry
v -0.041 0.537 0.299
v -0.09 0.537 0.315
v -0.121 0.537 0.273
v -0.09 0.537 0.231
v -0.041 0.537 0.247
v -0.026 0.6 0.31
v -0.096 0.6 0.333
v -0.14 0.6 0.273
v -0.096 0.6 0.213
v -0.026 0.6 0.236
usemtl Black
s off
f 1463 1462 1461 1460 1459
f 1464 1465 1466 1467 1468
f 1459 1460 1465 1464
f 1460 1461 1466 1465
f 1461 1462 1467 1466
f 1462 1463 1468 1467
f 1463 1459 1464 1468
o Berry
v -0.026 0.6 0.31
v -0.096 0.6 0.333
v -0.14 0.6 0.273
v -0.096 0.6 0.213
v -0.026 0.6 0.236
v -0.054 0.657 0.29
v -0.085 0.657 0.3
v -0.105 0.657 0.273
v -0.085 0.657 0.246
v -0.054 0.657 0.256
usemtl Black
s off
f 1473 1472 1471 1470 1469
f 1474 1475 1476 1477 1478
f 1469 1470 1475 1474
f 1470 1471 1476 1475
f 1471 1472 1477 1476
f 1472 1473 1478 1477
f 1473 1469 1474 1478
o Berry
v -0.115 0.507 0.409
v -0.171 0.507 0.427
v -0.206 0.507 0.38
v -0.171 0.507 0.332
v -0.115 0.507 0.35
v -0.098 0.579 0.422
v -0.178 0.579 0.448
v -0.227 0.579 0.38
v -0.178 0.579 0.312
v -0.098 0.579 0.338
usemtl Black
s off
f 1483 1482 1481 1480 1479
f 1484 1485 1486 1487 1488
f 1479 1480 1485 1484
f 1480 1481 1486 1485
f 1481 1482 1487 1486
f 1482 1483 1488 1487
f 1483 1479 1484 1488
o Berry
v -0.098 0.579 0.422
v -0.178 0.579 0.448
v -0.227 0.579 0.38
v -0.178 0.579 0.312
v -0.098 0.579 0.338
v -0.129 0.643 0.399
v -0.165 0.643 0.41
v -0.188 0.643 0.38
v -0.165 0.643 0.349
v -0.129 0.643 0.361
usemtl Black
s off
f 1493 1492 1491 1490 1489
f 1494 1495 1496 1497 1498
f 1489 1490 1495 1494
f 1490 1491 1496 1495
f 1491 1492 1497 1496
f 1492 1493 1498 1497
f 1493 1489 1494 1498
o Berry
v -0.19 0.637 -0.183
v -0.254 0.637 -0.162
v -0.293 0.637 -0.217
v -0.254 0.637 -0.272
v -0.19 0.637 -0.251
v -0.17 0.719 -0.169
v -0.261 0.719 -0.139
v -0.318 0.719 -0.217
v -0.261 0.719 -0.295
v -0.17 0.719 -0.265
usemtl Green
s off
f 1503 1502 1501 1500 1499
f 1504 1505 1506 1507 1508
f 1499 1500 1505 1504
f 1500 1501 1506 1505
f 1501 1502 1507 1506
f 1502 1503 1508 1507
f 1503 1499 1504 1508
o Berry
v -0.17 0.719 -0.169
v -0.261 0.719 -0.139
v -0.318 0.719 -0.217
v -0.261 0.719 -0.295
v -0.17 0.719 -0.265
v -0.206 0.793 -0.195
v -0.247 0.793 -0.182
v -0.273 0.793 -0.217
v -0.247 0.793 -0.252
v -0.206 0.793 -0.239
usemtl Green
s off
f 1513 1512 1511 1510 1509
f 1514 1515 1516 1517 1518
f 1509 1510 1515 1514
f 1510 1511 1516 1515
f 1511 1512 1517 1516
f 1512 1513 1518 1517
f 1513 1509 1514 1518
o Berry.Shine
v -0.261 0.756 -0.184
v -0.261 0.756 -0.156
v -0.228 0.756 -0.156
v -0.228 0.756 -0.184
v -0.261 0.78 -0.184
v -0.261 0.78 -0.156
v -0.228 0.78 -0.156
v -0.228 0.78 -0.184
usemtl Shine
s off
f 1522 1521 1520 1519
f 1523 1524 1525 1526
f 1519 1520 1524 1523
f 1520 1521 1525 1524
f 1521 1522 1526 1525
f 1522 1519 1523 1526
o Berry
v -0.12 0.486 -0.26
v -0.181 0.486 -0.24
v -0.218 0.486 -0.292
v -0.181 0.486 -0.344
v -0.12 0.486 -0.324
v -0.101 0.563 -0.246
v -0.188 0.563 -0.218
v -0.242 0.563 -0.292
v -0.188 0.563 -0.366
v -0.101 0.563 -0.338
usemtl Green
s off
f 1531 1530 1529 1528 1527
f 1532 1533 1534 1535 1536
f 1527 1528 1533 1532
f 1528 1529 1534 1533
f 1529 1530 1535 1534
f 1530 1531 1536 1535
f 1531 1527 1532 1536
o Berry
v -0.101 0.563 -0.246
v -0.188 0.563 -0.218
v -0.242 0.563 -0.292
v -0.188 0.563 -0.366
v -0.101 0.563 -0.338
v -0.136 0.633 -0.271
v -0.175 0.633 -0.259
v -0.199 0.633 -0.292
v -0.175 0.633 -0.325
v -0.136 0.633 -0.312
usemtl Green
s off
f 1541 1540 1539 1538 1537
f 1542 1543 1544 1545 1546
f 1537 1538 1543 1542
f 1538 1539 1544 1543
f 1539 1540 1545 1544
f 1540 1541 1546 1545
f 1541 1537 1542 1546
o Berry
v 0.583 0.653 0.17
v 0.529 0.653 0.188
v 0.496 0.653 0.142
v 0.529 0.653 0.097
v 0.583 0.653 0.114
v 0.599 0.722 0.182
v 0.523 0.722 0.207
v 0.476 0.722 0.142
v 0.523 0.722 0.077
v 0.599 0.722 0.102
usemtl Black
s off
f 1551 1550 1549 1548 1547
f 1552 1553 1554 1555 1556
f 1547 1548 1553 1552
f 1548 1549 1554 1553
f 1549 1550 1555 1554
f 1550 1551 1556 1555
f 1551 1547 1552 1556
o Berry
v 0.599 0.722 0.182
v 0.523 0.722 0.207
v 0.476 0.722 0.142
v 0.523 0.722 0.077
v 0.599 0.722 0.102
v 0.569 0.783 0.16
v 0.535 0.783 0.171
v 0.513 0.783 0.142
v 0.535 0.783 0.113
v 0.569 0.783 0.124
usemtl Black
s off
f 1561 1560 1559 1558 1557
f 1562 1563 1564 1565 1566
f 1557 1558 1563 1562
f 1558 1559 1564 1563
f 1559 1560 1565 1564
f 1560 1561 1566 1565
f 1561 1557 1562 1566
o Berry.Shine
v 0.524 0.752 0.169
v 0.524 0.752 0.193
v 0.551 0.752 0.193
v 0.551 0.752 0.169
v 0.524 0.773 0.169
v 0.524 0.773 0.193
v 0.551 0.773 0.193
v 0.551 0.773 0.169
usemtl Shine
s off
f 1570 1569 1568 1567
f 1571 1572 1573 1574
f 1567 1568 1572 1571
f 1568 1569 1573 1572
f 1569 1570 1574 1573
f 1570 1567 1571 1574
o Berry
v 0.581 0.508 0.183
v 0.525 0.508 0.201
v 0.49 0.508 0.154
v 0.525 0.508 0.106
v 0.581 0.508 0.124
v 0.598 0.58 0.196
v 0.518 0.58 0.222
v 0.468 0.58 0.154
v 0.518 0.58 0.085
v 0.598 0.58 0.111
usemtl Green
s off
f 1579 1578 1577 1576 1575
f 1580 1581 1582 1583 1584
f 1575 1576 1581 1580
f 1576 1577 1582 1581
f 1577 1578 1583 1582
f 1578 1579 1584 1583
f 1579 1575 1580 1584
o Berry
v 0.598 0.58 0.196
v 0.518 0.58 0.222
v 0.468 0.58 0.154
v 0.518 0.58 0.085
v 0.598 0.58 0.111
v 0.566 0.644 0.173
v 0.53 0.644 0.184
v 0.508 0.644 0.154
v 0.53 0.644 0.123
v 0.566 0.644 0.134
usemtl Green
s off
f 1589 1588 1587 1586 1585
f 1590 1591 1592 1593 1594
f 1585 1586 1591 1590
f 1586 1587 1592 1591
f 1587 1588 1593 1592
f 1588 1589 1594 1593
f 1589 1585 1590 1594
o Berry
v 0.689 0.488 0.161
v 0.628 0.488 0.181
v 0.59 0.488 0.129
v 0.628 0.488 0.077
v 0.689 0.488 0.097
v 0.708 0.566 0.175
v 0.621 0.566 0.203
v 0.567 0.566 0.129
v 0.621 0.566 0.055
v 0.708 0.566 0.083
usemtl Unripe
s off
f 1599 1598 1597 1596 1595
f 1600 1601 1602 1603 1604
f 1595 1596 1601 1600
f 1596 1597 1602 1601
f 1597 1598 1603 1602
f 1598 1599 1604 1603
f 1599 1595 1600 1604
o Berry
v 0.708 0.566 0.175
v 0.621 0.566 0.203
v 0.567 0.566 0.129
v 0.621 0.566 0.055
v 0.708 0.566 0.083
v 0.673 0.636 0.15
v 0.634 0.636 0.162
v 0.61 0.636 0.129
v 0.634 0.636 0.096
v 0.673 0.636 0.108
usemtl Unripe
s off
f 1609 1608 1607 1606 1605
f 1610 1611 1612 1613 1614
f 1605 1606 1611 1610
f 1606 1607 1612 1611
f 1607 1608 1613 1612
f 1608 1609 1614 1613
f 1609 1605 1610 1614
o Berry
v -0.34 0.849 0.013
v -0.388 0.849 0.029
v -0.418 0.849 -0.013
v -0.388 0.849 -0.054
v -0.34 0.849 -0.038
v -0.325 0.911 0.024
v -0.394 0.911 0.046
v -0.437 0.911 -0.013
v -0.394 0.911 -0.071
v -0.325 0.911 -0.049
usemtl Green
s off
f 1619 1618 1617 1616 1615
f 1620 1621 1622 1623 1624
f 1615 1616 1621 1620
f 1616 1617 1622 1621
f 1617 1618 1623 1622
f 1618 1619 1624 1623
f 1619 1615 1620 1624
o Berry
v -0.325 0.911 0.024
v -0.394 0.911 0.046
v -0.437 0.911 -0.013
v -0.394 0.911 -0.071
v -0.325 0.911 -0.049
v -0.352 0.967 0.004
v -0.384 0.967 0.014
v -0.403 0.967 -0.013
v -0.384 0.967 -0.039
v -0.352 0.967 -0.029
usemtl Green
s off
f 1629 1628 1627 1626 1625
f 1630 1631 1632 1633 1634
f 1625 1626 1631 1630
f 1626 1627 1632 1631
f 1627 1628 1633 1632
f 1628 1629 1634 1633
f 1629 1625 1630 1634
o Berry.Shine
v -0.393 0.939 0.012
v -0.393 0.939 0.034
v -0.369 0.939 0.034
v -0.369 0.939 0.012
v -0.393 0.957 0.012
v -0.393 0.957 0.034
v -0.369 0.957 0.034
v -0.369 0.957 0.012
usemtl Shine
s off
f 1638 1637 1636 1635
f 1639 1640 1641 1642
f 1635 1636 1640 1639
f 1636 1637 1641 1640
f 1637 1638 1642 1641
f 1638 1635 1639 1642
o Berry
v -0.338 0.788 0.085
v -0.391 0.788 0.102
v -0.423 0.788 0.057
v -0.391 0.788 0.013
v -0.338 0.788 0.03
v -0.322 0.855 0.097
v -0.397 0.855 0.121
v -0.443 0.855 0.057
v -0.397 0.855 -0.007
v -0.322 0.855 0.018
usemtl Black
s off
f 1647 1646 1645 1644 1643
f 1648 1649 1650 1651 1652
f 1643 1644 1649 1648
f 1644 1645 1650 1649
f 1645 1646 1651 1650
f 1646 1647 1652 1651
f 1647 1643 1648 1652
o Berry
v -0.322 0.855 0.097
v -0.397 0.855 0.121
v -0.443 0.855 0.057
v -0.397 0.855 -0.007
v -0.322 0.855 0.018
v -0.352 0.915 0.075
v -0.385 0.915 0.086
v -0.406 0.915 0.057
v -0.385 0.915 0.029
v -0.352 0.915 0.04
usemtl Black
s off
f 1657 1656 1655 1654 1653
f 1658 1659 1660 1661 1662
f 1653 1654 1659 1658
f 1654 1655 1660 1659
f 1655 1656 1661 1660
f 1656 1657 1662 1661
f 1657 1653 1658 1662
o Berry
v -0.324 0.498 -0.823
v -0.374 0.498 -0.807
v -0.405 0.498 -0.849
v -0.374 0.498 -0.892
v -0.324 0.498 -0.876
v -0.309 0.562 -0.812
v -0.38 0.562 -0.789
v -0.424 0.562 -0.849
v -0.38 0.562 -0.91
v -0.309 0.562 -0.887
usemtl Black
s off
f 1667 1666 1665 1664 1663
f 1668 1669 1670 1671 1672
f 1663 1664 1669 1668
f 1664 1665 1670 1669
f 1665 1666 1671 1670
f 1666 1667 1672 1671
f 1667 1663 1668 1672
o Berry
v -0.309 0.562 -0.812
v -0.38 0.562 -0.789
v -0.424 0.562 -0.849
v -0.38 0.562 -0.91
v -0.309 0.562 -0.887
v -0.337 0.619 -0.832
v -0.369 0.619 -0.822
v -0.389 0.619 -0.849
v -0.369 0.619 -0.877
v -0.337 0.619 -0.866
usemtl Black
s off
f 1677 1676 1675 1674 1673
f 1678 1679 1680 1681 1682
f 1673 1674 1679 1678
f 1674 1675 1680 1679
f 1675 1676 1681 1680
f 1676 1677 1682 1681
f 1677 1673 1678 1682
o Berry.Shine
v -0.379 0.59 -0.824
v -0.379 0.59 -0.802
v -0.354 0.59 -0.802
v -0.354 0.59 -0.824
v -0.379 0.609 -0.824
v -0.379 0.609 -0.802
v -0.354 0.609 -0.802
v -0.354 0.609 -0.824
usemtl Shine
s off
f 1686 1685 1684 1683
f 1687 1688 1689 1690
f 1683 1684 1688 1687
f 1684 1685 1689 1688
f 1685 1686 1690 1689
f 1686 1683 1687 1690
o Berry
v -0.239 0.445 -0.843
v -0.293 0.445 -0.826
v -0.326 0.445 -0.872
v -0.293 0.445 -0.918
v -0.239 0.445 -0.9
v -0.222 0.514 -0.831
v -0.299 0.514 -0.806
v -0.347 0.514 -0.872
v -0.299 0.514 -0.937
v -0.222 0.514 -0.912
usemtl Black
s off
f 1695 1694 1693 1692 1691
f 1696 1697 1698 1699 1700
f 1691 1692 1697 1696
f 1692 1693 1698 1697
f 1693 1694 1699 1698
f 1694 1695 1700 1699
f 1695 1691 1696 1700
o Berry
v -0.222 0.514 -0.831
v -0.299 0.514 -0.806
v -0.347 0.514 -0.872
v -0.299 0.514 -0.937
v -0.222 0.514 -0.912
v -0.253 0.576 -0.854
v -0.287 0.576 -0.842
v -0.309 0.576 -0.872
v -0.287 0.576 -0.901
v -0.253 0.576 -0.89
usemtl Black
s off
f 1705 1704 1703 1702 1701
f 1706 1707 1708 1709 1710
f 1701 1702 1707 1706
f 1702 1703 1708 1707
f 1703 1704 1709 1708
f 1704 1705 1710 1709
f 1705 1701 1706 1710
o Berry
v -0.343 0.404 -0.79
v -0.404 0.404 -0.77
v -0.442 0.404 -0.822
v -0.404 0.404 -0.874
v -0.343 0.404 -0.854
v -0.325 0.482 -0.776
v -0.412 0.482 -0.748
v -0.465 0.482 -0.822
v -0.412 0.482 -0.896
v -0.325 0.482 -0.868
usemtl Unripe
s off
f 1715 1714 1713 1712 1711
f 1716 1717 1718 1719 1720
f 1711 1712 1717 1716
f 1712 1713 1718 1717
f 1713 1714 1719 1718
f 1714 1715 1720 1719
f 1715 1711 1716 1720
o Berry
v -0.325 0.482 -0.776
v -0.412 0.482 -0.748
v -0.465 0.482 -0.822
v -0.412 0.482 -0.896
v -0.325 0.482 -0.868
v -0.359 0.552 -0.801
v -0.398 0.552 -0.789
v -0.423 0.552 -0.822
v -0.398 0.552 -0.855
v -0.359 0.552 -0.843
usemtl Unripe
s off
f 1725 1724 1723 1722 1721
f 1726 1727 1728 1729 1730
f 1721 1722 1727 1726
f 1722 1723 1728 1727
f 1723 1724 1729 1728
f 1724 1725 1730 1729
f 1725 1721 1726 1730
o Berry
v -0.292 0.674 0.438
v -0.35 0.674 0.457
v -0.385 0.674 0.408
v -0.35 0.674 0.359
v -0.292 0.674 0.378
v -0.274 0.747 0.451
v -0.356 0.747 0.478
v -0.407 0.747 0.408
v -0.356 0.747 0.338
v -0.274 0.747 0.365
usemtl Black
s off
f 1735 1734 1733 1732 1731
f 1736 1737 1738 1739 1740
f 1731 1732 1737 1736
f 1732 1733 1738 1737
f 1733 1734 1739 1738
f 1734 1735 1740 1739
f 1735 1731 1736 1740
o Berry
v -0.274 0.747 0.451
v -0.356 0.747 0.478
v -0.407 0.747 0.408
v -0.356 0.747 0.338
v -0.274 0.747 0.365
v -0.307 0.814 0.428
v -0.344 0.814 0.44
v -0.367 0.814 0.408
v -0.344 0.814 0.377
v -0.307 0.814 0.389
usemtl Black
s off
f 1745 1744 1743 1742 1741
f 1746 1747 1748 1749 1750
f 1741 1742 1747 1746
f 1742 1743 1748 1747
f 1743 1744 1749 1748
f 1744 1745 1750 1749
f 1745 1741 1746 1750
o Berry.Shine
v -0.356 0.781 0.438
v -0.356 0.781 0.463
v -0.326 0.781 0.463
v -0.326 0.781 0.438
v -0.356 0.803 0.438
v -0.356 0.803 0.463
v -0.326 0.803 0.463
v -0.326 0.803 0.438
usemtl Shine
s off
f 1754 1753 1752 1751
f 1755 1756 1757 1758
f 1751 1752 1756 1755
f 1752 1753 1757 1756
f 1753 1754 1758 1757
f 1754 1751 1755 1758
o Berry
v -0.361 0.635 0.361
v -0.414 0.635 0.378
v -0.447 0.635 0.333
v -0.414 0.635 0.288
v -0.361 0.635 0.305
v -0.345 0.702 0.373
v -0.42 0.702 0.397
v -0.467 0.702 0.333
v -0.42 0.702 0.269
v -0.345 0.702 0.293
usemtl Black
s off
f 1763 1762 1761 1760 1759
f 1764 1765 1766 1767 1768
f 1759 1760 1765 1764
f 1760 1761 1766 1765
f 1761 1762 1767 1766
f 1762 1763 1768 1767
f 1763 1759 1764 1768
o Berry
v -0.345 0.702 0.373
v -0.42 0.702 0.397
v -0.467 0.702 0.333
v -0.42 0.702 0.269
v -0.345 0.702 0.293
v -0.375 0.763 0.351
v -0.409 0.763 0.362
v -0.43 0.763 0.333
v -0.409 0.763 0.304
v -0.375 0.763 0.315
usemtl Black
s off
f 1773 1772 1771 1770 1769
f 1774 1775 1776 1777 1778
f 1769 1770 1775 1774
f 1770 1771 1776 1775
f 1771 1772 1777 1776
f 1772 1773 1778 1777
f 1773 1769 1774 1778
o Berry
v -0.323 0.586 0.515
v -0.378 0.586 0.533
v -0.412 0.586 0.486
v -0.378 0.586 0.439
v -0.323 0.586 0.457
v -0.306 0.657 0.527
v -0.385 0.657 0.553
v -0.434 0.657 0.486
v -0.385 0.657 0.419
v -0.306 0.657 0.445
usemtl Unripe
s off
f 1783 1782 1781 1780 1779
f 1784 1785 1786 1787 1788
f 1779 1780 1785 1784
f 1780 1781 1786 1785
f 1781 1782 1787 1786
f 1782 1783 1788 1787
f 1783 1779 1784 1788
o Berry
v -0.306 0.657 0.527
v -0.385 0.657 0.553
v -0.434 0.657 0.486
v -0.385 0.657 0.419
v -0.306 0.657 0.445
v -0.338 0.72 0.505
v -0.373 0.72 0.516
v -0.395 0.72 0.486
v -0.373 0.72 0.456
v -0.338 0.72 0.467
usemtl Unripe
s off
f 1793 1792 1791 1790 1789
f 1794 1795 1796 1797 1798
f 1789 1790 1795 1794
f 1790 1791 1796 1795
f 1791 1792 1797 1796
f 1792 1793 1798 1797
f 1793 1789 1794 1798
o Berry
v -0.373 0.624 0.419
v -0.433 0.624 0.439
v -0.471 0.624 0.387
v -0.433 0.624 0.335
v -0.373 0.624 0.355
v -0.354 0.702 0.433
v -0.441 0.702 0.461
v -0.494 0.702 0.387
v -0.441 0.702 0.313
v -0.354 0.702 0.342
usemtl Black
s off
f 1803 1802 1801 1800 1799
f 1804 1805 1806 1807 1808
f 1799 1800 1805 1804
f 1800 1801 1806 1805
f 1801 1802 1807 1806
f 1802 1803 1808 1807
f 1803 1799 1804 1808
o Berry
v -0.354 0.702 0.433
v -0.441 0.702 0.461
v -0.494 0.702 0.387
v -0.441 0.702 0.313
v -0.354 0.702 0.342
v -0.388 0.772 0.408
v -0.427 0.772 0.42
v -0.452 0.772 0.387
v -0.427 0.772 0.354
v -0.388 0.772 0.367
usemtl Black
s off
f 1813 1812 1811 1810 1809
f 1814 1815 1816 1817 1818
f 1809 1810 1815 1814
f 1810 1811 1816 1815
f 1811 1812 1817 1816
f 1812 1813 1818 1817
f 1813 1809 1814 1818
o Berry
v 0.934 0.489 0.251
v 0.881 0.489 0.268
v 0.848 0.489 0.222
v 0.881 0.489 0.177
v 0.934 0.489 0.194
v 0.951 0.558 0.263
v 0.874 0.558 0.287
v 0.827 0.558 0.222
v 0.874 0.558 0.157
v 0.951 0.558 0.182
usemtl Green
s off
f 1823 1822 1821 1820 1819
f 1824 1825 1826 1827 1828
f 1819 1820 1825 1824
f 1820 1821 1826 1825
f 1821 1822 1827 1826
f 1822 1823 1828 1827
f 1823 1819 1824 1828
o Berry
v 0.951 0.558 0.263
v 0.874 0.558 0.287
v 0.827 0.558 0.222
v 0.874 0.558 0.157
v 0.951 0.558 0.182
v 0.92 0.619 0.24
v 0.886 0.619 0.252
v 0.865 0.619 0.222
v 0.886 0.619 0.193
v 0.92 0.619 0.204
usemtl Green
s off
f 1833 1832 1831 1830 1829
f 1834 1835 1836 1837 1838
f 1829 1830 1835 1834
f 1830 1831 1836 1835
f 1831 1832 1837 1836
f 1832 1833 1838 1837
f 1833 1829 1834 1838
o Berry.Shine
v 0.875 0.588 0.25
v 0.875 0.588 0.274
v 0.902 0.588 0.274
v 0.902 0.588 0.25
v 0.875 0.609 0.25
v 0.875 0.609 0.274
v 0.902 0.609 0.274
v 0.902 0.609 0.25
usemtl Shine
s off
f 1842 1841 1840 1839
f 1843 1844 1845 1846
f 1839 1840 1844 1843
f 1840 1841 1845 1844
f 1841 1842 1846 1845
f 1842 1839 1843 1846
o Berry
v 0.936 0.327 0.229
v 0.878 0.327 0.248
v 0.842 0.327 0.198
v 0.878 0.327 0.149
v 0.936 0.327 0.168
v 0.953 0.401 0.242
v 0.871 0.401 0.269
v 0.82 0.401 0.198
v 0.871 0.401 0.128
v 0.953 0.401 0.155
usemtl Black
s off
f 1851 1850 1849 1848 1847
f 1852 1853 1854 1855 1856
f 1847 1848 1853 1852
f 1848 1849 1854 1853
f 1849 1850 1855 1854
f 1850 1851 1856 1855
f 1851 1847 1852 1856
o Berry
v 0.953 0.401 0.242
v 0.871 0.401 0.269
v 0.82 0.401 0.198
v 0.871 0.401 0.128
v 0.953 0.401 0.155
v 0.921 0.467 0.218
v 0.883 0.467 0.23
v 0.861 0.467 0.198
v 0.883 0.467 0.167
v 0.921 0.467 0.179
usemtl Black
s off
f 1861 1860 1859 1858 1857
f 1862 1863 1864 1865 1866
f 1857 1858 1863 1862
f 1858 1859 1864 1863
f 1859 1860 1865 1864
f 1860 1861 1866 1865
f 1861 1857 1862 1866
o Berry
v 0.593 0.521 -0.667
v 0.541 0.521 -0.651
v 0.509 0.521 -0.695
v 0.541 0.521 -0.739
v 0.593 0.521 -0.722
v 0.609 0.588 -0.656
v 0.535 0.588 -0.632
v 0.489 0.588 -0.695
v 0.535 0.588 -0.758
v 0.609 0.588 -0.734
usemtl Black
s off
f 1871 1870 1869 1868 1867
f 1872 1873 1874 1875 1876
f 1867 1868 1873 1872
f 1868 1869 1874 1873
f 1869 1870 1875 1874
f 1870 1871 1876 1875
f 1871 1867 1872 1876
o Berry
v 0.609 0.588 -0.656
v 0.535 0.588 -0.632
v 0.489 0.588 -0.695
v 0.535 0.588 -0.758
v 0.609 0.588 -0.734
v 0.579 0.647 -0.677
v 0.546 0.647 -0.666
v 0.526 0.647 -0.695
v 0.546 0.647 -0.723
v 0.579 0.647 -0.712
usemtl Black
s off
f 1881 1880 1879 1878 1877
f 1882 1883 1884 1885 1886
f 1877 1878 1883 1882
f 1878 1879 1884 1883
f 1879 1880 1885 1884
f 1880 1881 1886 1885
f 1881 1877 1882 1886
o Berry.Shine
v 0.535 0.617 -0.668
v 0.535 0.617 -0.645
v 0.562 0.617 -0.645
v 0.562 0.617 -0.668
v 0.535 0.637 -0.668
v 0.535 0.637 -0.645
v 0.562 0.637 -0.645
v 0.562 0.637 -0.668
usemtl Shine
s off
f 1890 1889 1888 1887
f 1891 1892 1893 1894
f 1887 1888 1892 1891
f 1888 1889 1893 1892
f 1889 1890 1894 1893
f 1890 1887 1891 1894
o Berry
v 0.52 0.407 -0.727
v 0.459 0.407 -0.707
v 0.421 0.407 -0.759
v 0.459 0.407 -0.811
v 0.52 0.407 -0.791
v 0.539 0.485 -0.713
v 0.451 0.485 -0.684
v 0.397 0.485 -0.759
v 0.451 0.485 -0.834
v 0.539 0.485 -0.805
usemtl Black
s off
f 1899 1898 1897 1896 1895
f 1900 1901 1902 1903 1904
f 1895 1896 1901 1900
f 1896 1897 1902 1901
f 1897 1898 1903 1902
f 1898 1899 1904 1903
f 1899 1895 1900 1904
o Berry
v 0.539 0.485 -0.713
v 0.451 0.485 -0.684
v 0.397 0.485 -0.759
v 0.451 0.485 -0.834
v 0.539 0.485 -0.805
v 0.504 0.556 -0.738
v 0.465 0.556 -0.725
v 0.44 0.556 -0.759
v 0.465 0.556 -0.793
v 0.504 0.556 -0.78
usemtl Black
s off
f 1909 1908 1907 1906 1905
f 1910 1911 1912 1913 1914
f 1905 1906 1911 1910
f 1906 1907 1912 1911
f 1907 1908 1913 1912
f 1908 1909 1914 1913
f 1909 1905 1910 1914
o Berry
v 0.495 0.406 -0.581
v 0.439 0.406 -0.562
v 0.404 0.406 -0.61
v 0.439 0.406 -0.658
v 0.495 0.406 -0.64
v 0.512 0.477 -0.568
v 0.432 0.477 -0.542
v 0.382 0.477 -0.61
v 0.432 0.477 -0.678
v 0.512 0.477 -0.652
usemtl Black
s off
f 1919 1918 1917 1916 1915
f 1920 1921 1922 1923 1924
f 1915 1916 1921 1920
f 1916 1917 1922 1921
f 1917 1918 1923 1922
f 1918 1919 1924 1923
f 1919 1915 1920 1924
o Berry
v 0.512 0.477 -0.568
v 0.432 0.477 -0.542
v 0.382 0.477 -0.61
v 0.432 0.477 -0.678
v 0.512 0.477 -0.652
v 0.48 0.542 -0.591
v 0.444 0.542 -0.579
v 0.422 0.542 -0.61
v 0.444 0.542 -0.641
v 0.48 0.542 -0.629
usemtl Black
s off
f 1929 1928 1927 1926 1925
f 1930 1931 1932 1933 1934
f 1925 1926 1931 1930
f 1926 1927 1932 1931
f 1927 1928 1933 1932
f 1928 1929 1934 1933
f 1929 1925 1930 1934
o Berry
v 0.499 0.407 -0.757
v 0.439 0.407 -0.737
v 0.402 0.407 -0.789
v 0.439 0.407 -0.84
v 0.499 0.407 -0.82
v 0.518 0.484 -0.743
v 0.432 0.484 -0.716
v 0.379 0.484 -0.789
v 0.432 0.484 -0.862
v 0.518 0.484 -0.834
usemtl Black
s off
f 1939 1938 1937 1936 1935
f 1940 1941 1942 1943 1944
f 1935 1936 1941 1940
f 1936 1937 1942 1941
f 1937 1938 1943 1942
f 1938 1939 1944 1943
f 1939 1935 1940 1944
o Berry
v 0.518 0.484 -0.743
v 0.432 0.484 -0.716
v 0.379 0.484 -0.789
v 0.432 0.484 -0.862
v 0.518 0.484 -0.834
v 0.484 0.553 -0.768
v 0.445 0.553 -0.756
v 0.421 0.553 -0.789
v 0.445 0.553 -0.822
v 0.484 0.553 -0.809
usemtl Black
s off
f 1949 1948 1947 1946 1945
f 1950 1951 1952 1953 1954
f 1945 1946 1951 1950
f 1946 1947 1952 1951
f 1947 1948 1953 1952
f 1948 1949 1954 1953
f 1949 1945 1950 1954
o Berry
v -0.316 0.26 0.669
v -0.367 0.26 0.686
v -0.398 0.26 0.642
v -0.367 0.26 0.599
v -0.316 0.26 0.615
v -0.3 0.326 0.681
v -0.373 0.326 0.704
v -0.418 0.326 0.642
v -0.373 0.326 0.58
v -0.3 0.326 0.604
usemtl Unripe
s off
f 1959 1958 1957 1956 1955
f 1960 1961 1962 1963 1964
f 1955 1956 1961 1960
f 1956 1957 1962 1961
f 1957 1958 1963 1962
f 1958 1959 1964 1963
f 1959 1955 1960 1964
o Berry
v -0.3 0.326 0.681
v -0.373 0.326 0.704
v -0.418 0.326 0.642
v -0.373 0.326 0.58
v -0.3 0.326 0.604
v -0.329 0.385 0.66
v -0.362 0.385 0.67
v -0.382 0.385 0.642
v -0.362 0.385 0.614
v -0.329 0.385 0.625
usemtl Unripe
s off
f 1969 1968 1967 1966 1965
f 1970 1971 1972 1973 1974
f 1965 1966 1971 1970
f 1966 1967 1972 1971
f 1967 1968 1973 1972
f 1968 1969 1974 1973
f 1969 1965 1970 1974
o Berry.Shine
v -0.372 0.355 0.668
v -0.372 0.355 0.691
v -0.346 0.355 0.691
v -0.346 0.355 0.668
v -0.372 0.375 0.668
v -0.372 0.375 0.691
v -0.346 0.375 0.691
v -0.346 0.375 0.668
usemtl Shine
s off
f 1978 1977 1976 1975
f 1979 1980 1981 1982
f 1975 1976 1980 1979
f 1976 1977 1981 1980
f 1977 1978 1982 1981
f 1978 1975 1979 1982
o Berry
v -0.287 0.111 0.629
v -0.339 0.111 0.646
v -0.371 0.111 0.602
v -0.339 0.111 0.558
v -0.287 0.111 0.575
v -0.271 0.178 0.641
v -0.345 0.178 0.665
v -0.391 0.178 0.602
v -0.345 0.178 0.539
v -0.271 0.178 0.563
usemtl Black
s off
f 1987 1986 1985 1984 1983
f 1988 1989 1990 1991 1992
f 1983 1984 1989 1988
f 1984 1985 1990 1989
f 1985 1986 1991 1990
f 1986 1987 1992 1991
f 1987 1983 1988 1992
o Berry
v -0.271 0.178 0.641
v -0.345 0.178 0.665
v -0.391 0.178 0.602
v -0.345 0.178 0.539
v -0.271 0.178 0.563
v -0.3 0.237 0.62
v -0.334 0.237 0.631
v -0.354 0.237 0.602
v -0.334 0.237 0.574
v -0.3 0.237 0.585
usemtl Black
s off
f 1997 1996 1995 1994 1993
f 1998 1999 2000 2001 2002
f 1993 1994 1999 1998
f 1994 1995 2000 1999
f 1995 1996 2001 2000
f 1996 1997 2002 2001
f 1997 1993 1998 2002
o Berry
v -0.294 0.15 0.577
v -0.346 0.15 0.594
v -0.377 0.15 0.55
v -0.346 0.15 0.507
v -0.294 0.15 0.523
v -0.278 0.216 0.589
v -0.352 0.216 0.613
v -0.397 0.216 0.55
v -0.352 0.216 0.488
v -0.278 0.216 0.512
usemtl Black
s off
f 2007 2006 2005 2004 2003
f 2008 2009 2010 2011 2012
f 2003 2004 2009 2008
f 2004 2005 2010 2009
f 2005 2006 2011 2010
f 2006 2007 2012 2011
f 2007 2003 2008 2012
o Berry
v -0.278 0.216 0.589
v -0.352 0.216 0.613
v -0.397 0.216 0.55
v -0.352 0.216 0.488
v -0.278 0.216 0.512
v -0.307 0.275 0.568
v -0.34 0.275 0.579
v -0.361 0.275 0.55
v -0.34 0.275 0.522
v -0.307 0.275 0.533
usemtl Black
s off
f 2017 2016 2015 2014 2013
f 2018 2019 2020 2021 2022
f 2013 2014 2019 2018
f 2014 2015 2020 2019
f 2015 2016 2021 2020
f 2016 2017 2022 2021
f 2017 2013 2018 2022
o Berry
v 0.686 0.617 -0.449
v 0.624 0.617 -0.428
v 0.585 0.617 -0.481
v 0.624 0.617 -0.534
v 0.686 0.617 -0.514
v 0.705 0.696 -0.435
v 0.616 0.696 -0.406
v 0.562 0.696 -0.481
v 0.616 0.696 -0.557
v 0.705 0.696 -0.528
usemtl Black
s off
f 2027 2026 2025 2024 2023
f 2028 2029 2030 2031 2032
f 2023 2024 2029 2028
f 2024 2025 2030 2029
f 2025 2026 2031 2030
f 2026 2027 2032 2031
f 2027 2023 2028 2032
o Berry
v 0.705 0.696 -0.435
v 0.616 0.696 -0.406
v 0.562 0.696 -0.481
v 0.616 0.696 -0.557
v 0.705 0.696 -0.528
v 0.67 0.768 -0.46
v 0.63 0.768 -0.447
v 0.605 0.768 -0.481
v 0.63 0.768 -0.515
v 0.67 0.768 -0.502
usemtl Black
s off
f 2037 2036 2035 2034 2033
f 2038 2039 2040 2041 2042
f 2033 2034 2039 2038
f 2034 2035 2040 2039
f 2035 2036 2041 2040
f 2036 2037 2042 2041
f 2037 2033 2038 2042
o Berry.Shine
v 0.617 0.732 -0.45
v 0.617 0.732 -0.422
v 0.649 0.732 -0.422
v 0.649 0.732 -0.45
v 0.617 0.756 -0.45
v 0.617 0.756 -0.422
v 0.649 0.756 -0.422
v 0.649 0.756 -0.45
usemtl Shine
s off
f 2046 2045 2044 2043
f 2047 2048 2049 2050
f 2043 2044 2048 2047
f 2044 2045 2049 2048
f 2045 2046 2050 2049
f 2046 2043 2047 2050
o Berry
v 0.614 0.48 -0.371
v 0.551 0.48 -0.35
v 0.512 0.48 -0.404
v 0.551 0.48 -0.457
v 0.614 0.48 -0.437
v 0.633 0.56 -0.356
v 0.543 0.56 -0.327
v 0.488 0.56 -0.404
v 0.543 0.56 -0.48
v 0.633 0.56 -0.451
usemtl Black
s off
f 2055 2054 2053 2052 2051
f 2056 2057 2058 2059 2060
f 2051 2052 2057 2056
f 2052 2053 2058 2057
f 2053 2054 2059 2058
f 2054 2055 2060 2059
f 2055 2051 2056 2060
o Berry
v 0.633 0.56 -0.356
v 0.543 0.56 -0.327
v 0.488 0.56 -0.404
v 0.543 0.56 -0.48
v 0.633 0.56 -0.451
v 0.597 0.633 -0.382
v 0.557 0.633 -0.369
v 0.532 0.633 -0.404
v 0.557 0.633 -0.438
v 0.597 0.633 -0.425
usemtl Black
s off
f 2065 2064 2063 2062 2061
f 2066 2067 2068 2069 2070
f 2061 2062 2067 2066
f 2062 2063 2068 2067
f 2063 2064 2069 2068
f 2064 2065 2070 2069
f 2065 2061 2066 2070
o Berry
v 0.775 0.582 -0.465
v 0.718 0.582 -0.447
v 0.684 0.582 -0.495
v 0.718 0.582 -0.543
v 0.775 0.582 -0.524
v 0.792 0.654 -0.452
v 0.712 0.654 -0.426
v 0.662 0.654 -0.495
v 0.712 0.654 -0.563
v 0.792 0.654 -0.537
usemtl Black
s off
f 2075 2074 2073 2072 2071
f 2076 2077 2078 2079 2080
f 2071 2072 2077 2076
f 2072 2073 2078 2077
f 2073 2074 2079 2078
f 2074 2075 2080 2079
f 2075 2071 2076 2080
o Berry
v 0.792 0.654 -0.452
v 0.712 0.654 -0.426
v 0.662 0.654 -0.495
v 0.712 0.654 -0.563
v 0.792 0.654 -0.537
v 0.76 0.719 -0.476
v 0.724 0.719 -0.464
v 0.702 0.719 -0.495
v 0.724 0.719 -0.525
v 0.76 0.719 -0.514
usemtl Black
s off
f 2085 2084 2083 2082 2081
f 2086 2087 2088 2089 2090
f 2081 2082 2087 2086
f 2082 2083 2088 2087
f 2083 2084 2089 2088
f 2084 2085 2090 2089
f 2085 2081 2086 2090
o Berry
v 0.635 0.603 -0.438
v 0.584 0.603 -0.421
v 0.553 0.603 -0.464
v 0.584 0.603 -0.508
v 0.635 0.603 -0.491
v 0.651 0.668 -0.426
v 0.578 0.668 -0.403
v 0.534 0.668 -0.464
v 0.578 0.668 -0.526
v 0.651 0.668 -0.503
usemtl Black
s off
f 2095 2094 2093 2092 2091
f 2096 2097 2098 2099 2100
f 2091 2092 2097 2096
f 2092 2093 2098 2097
f 2093 2094 2099 2098
f 2094 2095 2100 2099
f 2095 2091 2096 2100
o Berry
v 0.651 0.668 -0.426
v 0.578 0.668 -0.403
v 0.534 0.668 -0.464
v 0.578 0.668 -0.526
v 0.651 0.668 -0.503
v 0.622 0.726 -0.447
v 0.589 0.726 -0.437
v 0.569 0.726 -0.464
v 0.589 0.726 -0.492
v 0.622 0.726 -0.482
usemtl Black
s off
f 2105 2104 2103 2102 2101
f 2106 2107 2108 2109 2110
f 2101 2102 2107 2106
f 2102 2103 2108 2107
f 2103 2104 2109 2108
f 2104 2105 2110 2109
f 2105 2101 2106 2110
o Berry
v -0.048 0.655 0.14
v -0.104 0.655 0.159
v -0.138 0.655 0.111
v -0.104 0.655 0.064
v -0.048 0.655 0.082
v -0.031 0.726 0.153
v -0.111 0.726 0.179
v -0.16 0.726 0.111
v -0.111 0.726 0.043
v -0.031 0.726 0.069
usemtl Unripe
s off
f 2115 2114 2113 2112 2111
f 2116 2117 2118 2119 2120
f 2111 2112 2117 2116
f 2112 2113 2118 2117
f 2113 2114 2119 2118
f 2114 2115 2120 2119
f 2115 2111 2116 2120
o Berry
v -0.031 0.726 0.153
v -0.111 0.726 0.179
v -0.16 0.726 0.111
v -0.111 0.726 0.043
v -0.031 0.726 0.069
v -0.063 0.79 0.13
v -0.099 0.79 0.142
v -0.121 0.79 0.111
v -0.099 0.79 0.081
v -0.063 0.79 0.092
usemtl Unripe
s off
f 2125 2124 2123 2122 2121
f 2126 2127 2128 2129 2130
f 2121 2122 2127 2126
f 2122 2123 2128 2127
f 2123 2124 2129 2128
f 2124 2125 2130 2129
f 2125 2121 2126 2130
o Berry.Shine
v -0.11 0.758 0.14
v -0.11 0.758 0.165
v -0.081 0.758 0.165
v -0.081 0.758 0.14
v -0.11 0.779 0.14
v -0.11 0.779 0.165
v -0.081 0.779 0.165
v -0.081 0.779 0.14
usemtl Shine
s off
f 2134 2133 2132 2131
f 2135 2136 2137 2138
f 2131 2132 2136 2135
f 2132 2133 2137 2136
f 2133 2134 2138 2137
f 2134 2131 2135 2138
o Berry
v -0.038 0.505 0.237
v -0.093 0.505 0.255
v -0.127 0.505 0.209
v -0.093 0.505 0.162
v -0.038 0.505 0.18
v -0.021 0.575 0.25
v -0.099 0.575 0.275
v -0.148 0.575 0.209
v -0.099 0.575 0.142
v -0.021 0.575 0.168
usemtl Black
s off
f 2143 2142 2141 2140 2139
f 2144 2145 2146 2147 2148
f 2139 2140 2145 2144
f 2140 2141 2146 2145
f 2141 2142 2147 2146
f 2142 2143 2148 2147
f 2143 2139 2144 2148
o Berry
v -0.021 0.575 0.25
v -0.099 0.575 0.275
v -0.148 0.575 0.209
v -0.099 0.575 0.142
v -0.021 0.575 0.168
v -0.052 0.638 0.227
v -0.087 0.638 0.239
v -0.109 0.638 0.209
v -0.087 0.638 0.179
v -0.052 0.638 0.19
usemtl Black
s off
f 2153 2152 2151 2150 2149
f 2154 2155 2156 2157 2158
f 2149 2150 2155 2154
f 2150 2151 2156 2155
f 2151 2152 2157 2156
f 2152 2153 2158 2157
f 2153 2149 2154 2158
o Berry
v -0.899 0.451 -0.24
v -0.961 0.451 -0.22
v -0.999 0.451 -0.272
v -0.961 0.451 -0.325
v -0.899 0.451 -0.305
v -0.88 0.53 -0.226
v -0.968 0.53 -0.198
v -1.022 0.53 -0.272
v -0.968 0.53 -0.347
v -0.88 0.53 -0.319
usemtl Black
s off
f 2163 2162 2161 2160 2159
f 2164 2165 2166 2167 2168
f 2159 2160 2165 2164
f 2160 2161 2166 2165
f 2161 2162 2167 2166
f 2162 2163 2168 2167
f 2163 2159 2164 2168
o Berry
v -0.88 0.53 -0.226
v -0.968 0.53 -0.198
v -1.022 0.53 -0.272
v -0.968 0.53 -0.347
v -0.88 0.53 -0.319
v -0.915 0.6 -0.252
v -0.955 0.6 -0.239
v -0.979 0.6 -0.272
v -0.955 0.6 -0.306
v -0.915 0.6 -0.293
usemtl Black
s off
f 2173 2172 2171 2170 2169
f 2174 2175 2176 2177 2178
f 2169 2170 2175 2174
f 2170 2171 2176 2175
f 2171 2172 2177 2176
f 2172 2173 2178 2177
f 2173 2169 2174 2178
o Berry.Shine
v -0.967 0.565 -0.241
v -0.967 0.565 -0.214
v -0.936 0.565 -0.214
v -0.936 0.565 -0.241
v -0.967 0.589 -0.241
v -0.967 0.589 -0.214
v -0.936 0.589 -0.214
v -0.936 0.589 -0.241
usemtl Shine
s off
f 2182 2181 2180 2179
f 2183 2184 2185 2186
f 2179 2180 2184 2183
f 2180 2181 2185 2184
f 2181 2182 2186 2185
f 2182 2179 2183 2186
o Berry
v -1.004 0.381 -0.165
v -1.06 0.381 -0.148
v -1.094 0.381 -0.195
v -1.06 0.381 -0.242
v -1.004 0.381 -0.224
v -0.987 0.452 -0.153
v -1.066 0.452 -0.127
v -1.115 0.452 -0.195
v -1.066 0.452 -0.262
v -0.987 0.452 -0.236
usemtl Black
s off
f 2191 2190 2189 2188 2187
f 2192 2193 2194 2195 2196
f 2187 2188 2193 2192
f 2188 2189 2194 2193
f 2189 2190 2195 2194
f 2190 2191 2196 2195
f 2191 2187 2192 2196
o Berry
v -0.987 0.452 -0.153
v -1.066 0.452 -0.127
v -1.115 0.452 -0.195
v -1.066 0.452 -0.262
v -0.987 0.452 -0.236
v -1.019 0.515 -0.176
v -1.054 0.515 -0.164
v -1.076 0.515 -0.195
v -1.054 0.515 -0.225
v -1.019 0.515 -0.213
usemtl Black
s off
f 2201 2200 2199 2198 2197
f 2202 2203 2204 2205 2206
f 2197 2198 2203 2202
f 2198 2199 2204 2203
f 2199 2200 2205 2204
f 2200 2201 2206 2205
f 2201 2197 2202 2206
o Berry
v -0.835 0.37 -0.318
v -0.884 0.37 -0.302
v -0.915 0.37 -0.344
v -0.884 0.37 -0.386
v -0.835 0.37 -0.37
v -0.819 0.433 -0.307
v -0.89 0.433 -0.284
v -0.934 0.433 -0.344
v -0.89 0.433 -0.404
v -0.819 0.433 -0.381
usemtl Black
s off
f 2211 2210 2209 2208 2207
f 2212 2213 2214 2215 2216
f 2207 2208 2213 2212
f 2208 2209 2214 2213
f 2209 2210 2215 2214
f 2210 2211 2216 2215
f 2211 2207 2212 2216
o Berry
v -0.819 0.433 -0.307
v -0.89 0.433 -0.284
v -0.934 0.433 -0.344
v -0.89 0.433 -0.404
v -0.819 0.433 -0.381
v -0.848 0.49 -0.327
v -0.879 0.49 -0.317
v -0.899 0.49 -0.344
v -0.879 0.49 -0.371
v -0.848 0.49 -0.36
usemtl Black
s off
f 2221 2220 2219 2218 2217
f 2222 2223 2224 2225 2226
f 2217 2218 2223 2222
f 2218 2219 2224 2223
f 2219 2220 2225 2224
f 2220 2221 2226 2225
f 2221 2217 2222 2226
o Berry
v -0.825 0.415 -0.19
v -0.877 0.415 -0.173
v -0.909 0.415 -0.217
v -0.877 0.415 -0.261
v -0.825 0.415 -0.244
v -0.809 0.481 -0.178
v -0.883 0.481 -0.154
v -0.929 0.481 -0.217
v -0.883 0.481 -0.28
v -0.809 0.481 -0.256
usemtl Green
s off
f 2231 2230 2229 2228 2227
f 2232 2233 2234 2235 2236
f 2227 2228 2233 2232
f 2228 2229 2234 2233
f 2229 2230 2235 2234
f 2230 2231 2236 2235
f 2231 2227 2232 2236
o Berry
v -0.809 0.481 -0.178
v -0.883 0.481 -0.154
v -0.929 0.481 -0.217
v -0.883 0.481 -0.28
v -0.809 0.481 -0.256
v -0.839 0.541 -0.199
v -0.872 0.541 -0.188
v -0.892 0.541 -0.217
v -0.872 0.541 -0.245
v -0.839 0.541 -0.234
usemtl Green
s off
f 2241 2240 2239 2238 2237
f 2242 2243 2244 2245 2246
f 2237 2238 2243 2242
f 2238 2239 2244 2243
f 2239 2240 2245 2244
f 2240 2241 2246 2245
f 2241 2237 2242 2246
o Berry
v 0.012 0.217 -0.948
v -0.041 0.217 -0.931
v -0.073 0.217 -0.976
v -0.041 0.217 -1.021
v 0.012 0.217 -1.004
v 0.029 0.285 -0.936
v -0.047 0.285 -0.912
v -0.094 0.285 -0.976
v -0.047 0.285 -1.04
v 0.029 0.285 -1.016
usemtl Green
s off
f 2251 2250 2249 2248 2247
f 2252 2253 2254 2255 2256
f 2247 2248 2253 2252
f 2248 2249 2254 2253
f 2249 2250 2255 2254
f 2250 2251 2256 2255
f 2251 2247 2252 2256
o Berry
v 0.029 0.285 -0.936
v -0.047 0.285 -0.912
v -0.094 0.285 -0.976
v -0.047 0.285 -1.04
v 0.029 0.285 -1.016
v -0.002 0.346 -0.958
v -0.035 0.346 -0.947
v -0.056 0.346 -0.976
v -0.035 0.346 -1.005
v -0.002 0.346 -0.994
usemtl Green
s off
f 2261 2260 2259 2258 2257
f 2262 2263 2264 2265 2266
f 2257 2258 2263 2262
f 2258 2259 2264 2263
f 2259 2260 2265 2264
f 2260 2261 2266 2265
f 2261 2257 2262 2266
o Berry.Shine
v -0.046 0.315 -0.949
v -0.046 0.315 -0.925
v -0.019 0.315 -0.925
v -0.019 0.315 -0.949
v -0.046 0.336 -0.949
v -0.046 0.336 -0.925
v -0.019 0.336 -0.925
v -0.019 0.336 -0.949
usemtl Shine
s off
f 2270 2269 2268 2267
f 2271 2272 2273 2274
f 2267 2268 2272 2271
f 2268 2269 2273 2272
f 2269 2270 2274 2273
f 2270 2267 2271 2274
o Berry
v 0.094 0.157 -0.931
v 0.03 0.157 -0.91
v -0.01 0.157 -0.965
v 0.03 0.157 -1.02
v 0.094 0.157 -0.999
v 0.114 0.239 -0.917
v 0.022 0.239 -0.887
v -0.035 0.239 -0.965
v 0.022 0.239 -1.044
v 0.114 0.239 -1.014
usemtl Green
s off
f 2279 2278 2277 2276 2275
f 2280 2281 2282 2283 2284
f 2275 2276 2281 2280
f 2276 2277 2282 2281
f 2277 2278 2283 2282
f 2278 2279 2284 2283
f 2279 2275 2280 2284
o Berry
v 0.114 0.239 -0.917
v 0.022 0.239 -0.887
v -0.035 0.239 -0.965
v 0.022 0.239 -1.044
v 0.114 0.239 -1.014
v 0.078 0.314 -0.943
v 0.036 0.314 -0.93
v 0.01 0.314 -0.965
v 0.036 0.314 -1.001
v 0.078 0.314 -0.987
usemtl Green
s off
f 2289 2288 2287 2286 2285
f 2290 2291 2292 2293 2294
f 2285 2286 2291 2290
f 2286 2287 2292 2291
f 2287 2288 2293 2292
f 2288 2289 2294 2293
f 2289 2285 2290 2294
o Berry
v -0.042 0.089 -0.928
v -0.1 0.089 -0.909
v -0.135 0.089 -0.958
v -0.1 0.089 -1.007
v -0.042 0.089 -0.988
v -0.025 0.163 -0.915
v -0.106 0.163 -0.888
v -0.157 0.163 -0.958
v -0.106 0.163 -1.028
v -0.025 0.163 -1.001
usemtl Black
s off
f 2299 2298 2297 2296 2295
f 2300 2301 2302 2303 2304
f 2295 2296 2301 2300
f 2296 2297 2302 2301
f 2297 2298 2303 2302
f 2298 2299 2304 2303
f 2299 2295 2300 2304
o Berry
v -0.025 0.163 -0.915
v -0.106 0.163 -0.888
v -0.157 0.163 -0.958
v -0.106 0.163 -1.028
v -0.025 0.163 -1.001
v -0.057 0.228 -0.939
v -0.094 0.228 -0.927
v -0.117 0.228 -0.958
v -0.094 0.228 -0.989
v -0.057 0.228 -0.978
usemtl Black
s off
f 2309 2308 2307 2306 2305
f 2310 2311 2312 2313 2314
f 2305 2306 2311 2310
f 2306 2307 2312 2311
f 2307 2308 2313 2312
f 2308 2309 2314 2313
f 2309 2305 2310 2314
o Berry
v -0.007 0.19 -0.915
v -0.065 0.19 -0.896
v -0.1 0.19 -0.945
v -0.065 0.19 -0.993
v -0.007 0.19 -0.975
v 0.01 0.263 -0.902
v -0.071 0.263 -0.875
v -0.122 0.263 -0.945
v -0.071 0.263 -1.014
v 0.01 0.263 -0.988
usemtl Black
s off
f 2319 2318 2317 2316 2315
f 2320 2321 2322 2323 2324
f 2315 2316 2321 2320
f 2316 2317 2322 2321
f 2317 2318 2323 2322
f 2318 2319 2324 2323
f 2319 2315 2320 2324
o Berry
v 0.01 0.263 -0.902
v -0.071 0.263 -0.875
v -0.122 0.263 -0.945
v -0.071 0.263 -1.014
v 0.01 0.263 -0.988
v -0.022 0.329 -0.925
v -0.059 0.329 -0.913
v -0.082 0.329 -0.945
v -0.059 0.329 -0.976
v -0.022 0.329 -0.964
usemtl Black
s off
f 2329 2328 2327 2326 2325
f 2330 2331 2332 2333 2334
f 2325 2326 2331 2330
f 2326 2327 2332 2331
f 2327 2328 2333 2332
f 2328 2329 2334 2333
f 2329 2325 2330 2334
o Berry
v 0.455 0.52 0.431
v 0.402 0.52 0.449
v 0.368 0.52 0.403
v 0.402 0.52 0.357
v 0.455 0.52 0.374
v 0.472 0.589 0.443
v 0.395 0.589 0.468
v 0.348 0.589 0.403
v 0.395 0.589 0.337
v 0.472 0.589 0.362
usemtl Green
s off
f 2339 2338 2337 2336 2335
f 2340 2341 2342 2343 2344
f 2335 2336 2341 2340
f 2336 2337 2342 2341
f 2337 2338 2343 2342
f 2338 2339 2344 2343
f 2339 2335 2340 2344
o Berry
v 0.472 0.589 0.443
v 0.395 0.589 0.468
v 0.348 0.589 0.403
v 0.395 0.589 0.337
v 0.472 0.589 0.362
v 0.441 0.651 0.421
v 0.407 0.651 0.432
v 0.385 0.651 0.403
v 0.407 0.651 0.373
v 0.441 0.651 0.385
usemtl Green
s off
f 2349 2348 2347 2346 2345
f 2350 2351 2352 2353 2354
f 2345 2346 2351 2350
f 2346 2347 2352 2351
f 2347 2348 2353 2352
f 2348 2349 2354 2353
f 2349 2345 2350 2354
o Berry.Shine
v 0.396 0.62 0.43
v 0.396 0.62 0.454
v 0.423 0.62 0.454
v 0.423 0.62 0.43
v 0.396 0.64 0.43
v 0.396 0.64 0.454
v 0.423 0.64 0.454
v 0.423 0.64 0.43
usemtl Shine
s off
f 2358 2357 2356 2355
f 2359 2360 2361 2362
f 2355 2356 2360 2359
f 2356 2357 2361 2360
f 2357 2358 2362 2361
f 2358 2355 2359 2362
o Berry
v 0.529 0.458 0.54
v 0.473 0.458 0.558
v 0.438 0.458 0.51
v 0.473 0.458 0.463
v 0.529 0.458 0.481
v 0.546 0.53 0.553
v 0.466 0.53 0.579
v 0.416 0.53 0.51
v 0.466 0.53 0.442
v 0.546 0.53 0.468
usemtl Green
s off
f 2367 2366 2365 2364 2363
f 2368 2369 2370 2371 2372
f 2363 2364 2369 2368
f 2364 2365 2370 2369
f 2365 2366 2371 2370
f 2366 2367 2372 2371
f 2367 2363 2368 2372
o Berry
v 0.546 0.53 0.553
v 0.466 0.53 0.579
v 0.416 0.53 0.51
v 0.466 0.53 0.442
v 0.546 0.53 0.468
v 0.514 0.595 0.529
v 0.478 0.595 0.541
v 0.456 0.595 0.51
v 0.478 0.595 0.48
v 0.514 0.595 0.491
usemtl Green
s off
f 2377 2376 2375 2374 2373
f 2378 2379 2380 2381 2382
f 2373 2374 2379 2378
f 2374 2375 2380 2379
f 2375 2376 2381 2380
f 2376 2377 2382 2381
f 2377 2373 2378 2382
o Berry
v 0.435 0.443 0.37
v 0.381 0.443 0.387
v 0.347 0.443 0.341
v 0.381 0.443 0.295
v 0.435 0.443 0.313
v 0.452 0.513 0.382
v 0.375 0.513 0.407
v 0.327 0.513 0.341
v 0.375 0.513 0.275
v 0.452 0.513 0.3
usemtl Black
s off
f 2387 2386 2385 2384 2383
f 2388 2389 2390 2391 2392
f 2383 2384 2389 2388
f 2384 2385 2390 2389
f 2385 2386 2391 2390
f 2386 2387 2392 2391
f 2387 2383 2388 2392
o Berry
v 0.452 0.513 0.382
v 0.375 0.513 0.407
v 0.327 0.513 0.341
v 0.375 0.513 0.275
v 0.452 0.513 0.3
v 0.421 0.575 0.359
v 0.386 0.575 0.371
v 0.365 0.575 0.341
v 0.386 0.575 0.311
v 0.421 0.575 0.323
usemtl Black
s off
f 2397 2396 2395 2394 2393
f 2398 2399 2400 2401 2402
f 2393 2394 2399 2398
f 2394 2395 2400 2399
f 2395 2396 2401 2400
f 2396 2397 2402 2401
f 2397 2393 2398 2402
o Berry
v -0.061 0.482 -0.334
v -0.113 0.482 -0.317
v -0.145 0.482 -0.361
v -0.113 0.482 -0.405
v -0.061 0.482 -0.388
v -0.045 0.548 -0.322
v -0.119 0.548 -0.298
v -0.165 0.548 -0.361
v -0.119 0.548 -0.424
v -0.045 0.548 -0.4
usemtl Black
s off
f 2407 2406 2405 2404 2403
f 2408 2409 2410 2411 2412
f 2403 2404 2409 2408
f 2404 2405 2410 2409
f 2405 2406 2411 2410
f 2406 2407 2412 2411
f 2407 2403 2408 2412
o Berry
v -0.045 0.548 -0.322
v -0.119 0.548 -0.298
v -0.165 0.548 -0.361
v -0.119 0.548 -0.424
v -0.045 0.548 -0.4
v -0.075 0.607 -0.344
v -0.108 0.607 -0.333
v -0.128 0.607 -0.361
v -0.108 0.607 -0.389
v -0.075 0.607 -0.379
usemtl Black
s off
f 2417 2416 2415 2414 2413
f 2418 2419 2420 2421 2422
f 2413 2414 2419 2418
f 2414 2415 2420 2419
f 2415 2416 2421 2420
f 2416 2417 2422 2421
f 2417 2413 2418 2422
o Berry.Shine
v -0.119 0.578 -0.335
v -0.119 0.578 -0.312
v -0.092 0.578 -0.312
v -0.092 0.578 -0.335
v -0.119 0.597 -0.335
v -0.119 0.597 -0.312
v -0.092 0.597 -0.312
v -0.092 0.597 -0.335
usemtl Shine
s off
f 2426 2425 2424 2423
f 2427 2428 2429 2430
f 2423 2424 2428 2427
f 2424 2425 2429 2428
f 2425 2426 2430 2429
f 2426 2423 2427 2430
o Berry
v -0.107 0.425 -0.273
v -0.156 0.425 -0.257
v -0.186 0.425 -0.298
v -0.156 0.425 -0.34
v -0.107 0.425 -0.324
v -0.092 0.487 -0.262
v -0.162 0.487 -0.239
v -0.205 0.487 -0.298
v -0.162 0.487 -0.358
v -0.092 0.487 -0.335
usemtl Black
s off
f 2435 2434 2433 2432 2431
f 2436 2437 2438 2439 2440
f 2431 2432 2437 2436
f 2432 2433 2438 2437
f 2433 2434 2439 2438
f 2434 2435 2440 2439
f 2435 2431 2436 2440
o Berry
v -0.092 0.487 -0.262
v -0.162 0.487 -0.239
v -0.205 0.487 -0.298
v -0.162 0.487 -0.358
v -0.092 0.487 -0.335
v -0.12 0.543 -0.282
v -0.151 0.543 -0.272
v -0.171 0.543 -0.298
v -0.151 0.543 -0.325
v -0.12 0.543 -0.315
usemtl Black
s off
f 2445 2444 2443 2442 2441
f 2446 2447 2448 2449 2450
f 2441 2442 2447 2446
f 2442 2443 2448 2447
f 2443 2444 2449 2448
f 2444 2445 2450 2449
f 2445 2441 2446 2450
o Berry
v -0.063 0.365 -0.433
v -0.117 0.365 -0.416
v -0.15 0.365 -0.462
v -0.117 0.365 -0.508
v -0.063 0.365 -0.49
v -0.046 0.434 -0.421
v -0.123 0.434 -0.396
v -0.171 0.434 -0.462
v -0.123 0.434 -0.527
v -0.046 0.434 -0.502
usemtl Black
s off
f 2455 2454 2453 2452 2451
f 2456 2457 2458 2459 2460
f 2451 2452 2457 2456
f 2452 2453 2458 2457
f 2453 2454 2459 2458
f 2454 2455 2460 2459
f 2455 2451 2456 2460
o Berry
v -0.046 0.434 -0.421
v -0.123 0.434 -0.396
v -0.171 0.434 -0.462
v -0.123 0.434 -0.527
v -0.046 0.434 -0.502
v -0.077 0.496 -0.444
v -0.111 0.496 -0.432
v -0.133 0.496 -0.462
v -0.111 0.496 -0.491
v -0.077 0.496 -0.48
usemtl Black
s off
f 2465 2464 2463 2462 2461
f 2466 2467 2468 2469 2470
f 2461 2462 2467 2466
f 2462 2463 2468 2467
f 2463 2464 2469 2468
f 2464 2465 2470 2469
f 2465 2461 2466 2470
o Berry
v -0.045 0.473 -0.332
v -0.094 0.473 -0.316
v -0.124 0.473 -0.357
v -0.094 0.473 -0.399
v -0.045 0.473 -0.383
v -0.029 0.535 -0.321
v -0.1 0.535 -0.298
v -0.143 0.535 -0.357
v -0.1 0.535 -0.417
v -0.029 0.535 -0.394
usemtl Black
s off
f 2475 2474 2473 2472 2471
f 2476 2477 2478 2479 2480
f 2471 2472 2477 2476
f 2472 2473 2478 2477
f 2473 2474 2479 2478
f 2474 2475 2480 2479
f 2475 2471 2476 2480
o Berry
v -0.029 0.535 -0.321
v -0.1 0.535 -0.298
v -0.143 0.535 -0.357
v -0.1 0.535 -0.417
v -0.029 0.535 -0.394
v -0.057 0.592 -0.341
v -0.089 0.592 -0.331
v -0.108 0.592 -0.357
v -0.089 0.592 -0.384
v -0.057 0.592 -0.374
usemtl Black
s off
f 2485 2484 2483 2482 2481
f 2486 2487 2488 2489 2490
f 2481 2482 2487 2486
f 2482 2483 2488 2487
f 2483 2484 2489 2488
f 2484 2485 2490 2489
f 2485 2481 2486 2490
o Berry
v 0.681 0.449 0.447
v 0.625 0.449 0.465
v 0.591 0.449 0.419
v 0.625 0.449 0.372
v 0.681 0.449 0.39
v 0.698 0.519 0.46
v 0.619 0.519 0.485
v 0.57 0.519 0.419
v 0.619 0.519 0.352
v 0.698 0.519 0.377
usemtl Green
s off
f 2495 2494 2493 2492 2491
f 2496 2497 2498 2499 2500
f 2491 2492 2497 2496
f 2492 2493 2498 2497
f 2493 2494 2499 2498
f 2494 2495 2500 2499
f 2495 2491 2496 2500
o Berry
v 0.698 0.519 0.46
v 0.619 0.519 0.485
v 0.57 0.519 0.419
v 0.619 0.519 0.352
v 0.698 0.519 0.377
v 0.666 0.582 0.437
v 0.631 0.582 0.449
v 0.609 0.582 0.419
v 0.631 0.582 0.388
v 0.666 0.582 0.4
usemtl Green
s off
f 2505 2504 2503 2502 2501
f 2506 2507 2508 2509 2510
f 2501 2502 2507 2506
f 2502 2503 2508 2507
f 2503 2504 2509 2508
f 2504 2505 2510 2509
f 2505 2501 2506 2510
o Berry.Shine
v 0.62 0.551 0.447
v 0.62 0.551 0.471
v 0.648 0.551 0.471
v 0.648 0.551 0.447
v 0.62 0.572 0.447
v 0.62 0.572 0.471
v 0.648 0.572 0.471
v 0.648 0.572 0.447
usemtl Shine
s off
f 2514 2513 2512 2511
f 2515 2516 2517 2518
f 2511 2512 2516 2515
f 2512 2513 2517 2516
f 2513 2514 2518 2517
f 2514 2511 2515 2518
o Berry
v 0.712 0.307 0.439
v 0.655 0.307 0.457
v 0.619 0.307 0.408
v 0.655 0.307 0.36
v 0.712 0.307 0.378
v 0.73 0.38 0.452
v 0.648 0.38 0.478
v 0.597 0.38 0.408
v 0.648 0.38 0.339
v 0.73 0.38 0.365
usemtl Black
s off
f 2523 2522 2521 2520 2519
f 2524 2525 2526 2527 2528
f 2519 2520 2525 2524
f 2520 2521 2526 2525
f 2521 2522 2527 2526
f 2522 2523 2528 2527
f 2523 2519 2524 2528
o Berry
v 0.73 0.38 0.452
v 0.648 0.38 0.478
v 0.597 0.38 0.408
v 0.648 0.38 0.339
v 0.73 0.38 0.365
v 0.697 0.446 0.428
v 0.66 0.446 0.44
v 0.637 0.446 0.408
v 0.66 0.446 0.377
v 0.697 0.446 0.389
usemtl Black
s off
f 2533 2532 2531 2530 2529
f 2534 2535 2536 2537 2538
f 2529 2530 2535 2534
f 2530 2531 2536 2535
f 2531 2532 2537 2536
f 2532 2533 2538 2537
f 2533 2529 2534 2538
o Berry
v 0.725 0.438 0.446
v 0.666 0.438 0.465
v 0.629 0.438 0.414
v 0.666 0.438 0.364
v 0.725 0.438 0.383
v 0.744 0.514 0.459
v 0.659 0.514 0.487
v 0.606 0.514 0.414
v 0.659 0.514 0.342
v 0.744 0.514 0.37
usemtl Black
s off
f 2543 2542 2541 2540 2539
f 2544 2545 2546 2547 2548
f 2539 2540 2545 2544
f 2540 2541 2546 2545
f 2541 2542 2547 2546
f 2542 2543 2548 2547
f 2543 2539 2544 2548
o Berry
v 0.744 0.514 0.459
v 0.659 0.514 0.487
v 0.606 0.514 0.414
v 0.659 0.514 0.342
v 0.744 0.514 0.37
v 0.71 0.583 0.435
v 0.672 0.583 0.447
v 0.648 0.583 0.414
v 0.672 0.583 0.382
v 0.71 0.583 0.394
usemtl Black
s off
f 2553 2552 2551 2550 2549
f 2554 2555 2556 2557 2558
f 2549 2550 2555 2554
f 2550 2551 2556 2555
f 2551 2552 2557 2556
f 2552 2553 2558 2557
f 2553 2549 2554 2558
o Berry
v -0.003 0.367 -0.234
v -0.06 0.367 -0.216
v -0.096 0.367 -0.265
v -0.06 0.367 -0.314
v -0.003 0.367 -0.295
v 0.015 0.441 -0.221
v -0.067 0.441 -0.195
v -0.118 0.441 -0.265
v -0.067 0.441 -0.335
v 0.015 0.441 -0.308
usemtl Green
s off
f 2563 2562 2561 2560 2559
f 2564 2565 2566 2567 2568
f 2559 2560 2565 2564
f 2560 2561 2566 2565
f 2561 2562 2567 2566
f 2562 2563 2568 2567
f 2563 2559 2564 2568
o Berry
v 0.015 0.441 -0.221
v -0.067 0.441 -0.195
v -0.118 0.441 -0.265
v -0.067 0.441 -0.335
v 0.015 0.441 -0.308
v -0.018 0.507 -0.245
v -0.055 0.507 -0.233
v -0.078 0.507 -0.265
v -0.055 0.507 -0.296
v -0.018 0.507 -0.284
usemtl Green
s off
f 2573 2572 2571 2570 2569
f 2574 2575 2576 2577 2578
f 2569 2570 2575 2574
f 2570 2571 2576 2575
f 2571 2572 2577 2576
f 2572 2573 2578 2577
f 2573 2569 2574 2578
o Berry.Shine
v -0.067 0.474 -0.235
v -0.067 0.474 -0.209
v -0.037 0.474 -0.209
v -0.037 0.474 -0.235
v -0.067 0.496 -0.235
v -0.067 0.496 -0.209
v -0.037 0.496 -0.209
v -0.037 0.496 -0.235
usemtl Shine
s off
f 2582 2581 2580 2579
f 2583 2584 2585 2586
f 2579 2580 2584 2583
f 2580 2581 2585 2584
f 2581 2582 2586 2585
f 2582 2579 2583 2586
o Berry
v 0.065 0.256 -0.271
v 0.015 0.256 -0.255
v -0.016 0.256 -0.297
v 0.015 0.256 -0.339
v 0.065 0.256 -0.323
v 0.081 0.32 -0.26
v 0.009 0.32 -0.237
v -0.035 0.32 -0.297
v 0.009 0.32 -0.358
v 0.081 0.32 -0.335
usemtl Black
s off
f 2591 2590 2589 2588 2587
f 2592 2593 2594 2595 2596
f 2587 2588 2593 2592
f 2588 2589 2594 2593
f 2589 2590 2595 2594
f 2590 2591 2596 2595
f 2591 2587 2592 2596
o Berry
v 0.081 0.32 -0.26
v 0.009 0.32 -0.237
v -0.035 0.32 -0.297
v 0.009 0.32 -0.358
v 0.081 0.32 -0.335
v 0.052 0.377 -0.28
v 0.02 0.377 -0.27
v 0 0.377 -0.297
v 0.02 0.377 -0.324
v 0.052 0.377 -0.314
usemtl Black
s off
f 2601 2600 2599 2598 2597
f 2602 2603 2604 2605 2606
f 2597 2598 2603 2602
f 2598 2599 2604 2603
f 2599 2600 2605 2604
f 2600 2601 2606 2605
f 2601 2597 2602 2606
o Berry
v 0.081 0.305 -0.151
v 0.02 0.305 -0.131
v -0.018 0.305 -0.183
v 0.02 0.305 -0.235
v 0.081 0.305 -0.215
v 0.1 0.383 -0.137
v 0.013 0.383 -0.109
v -0.041 0.383 -0.183
v 0.013 0.383 -0.257
v 0.1 0.383 -0.229
usemtl Green
s off
f 2611 2610 2609 2608 2607
f 2612 2613 2614 2615 2616
f 2607 2608 2613 2612
f 2608 2609 2614 2613
f 2609 2610 2615 2614
f 2610 2611 2616 2615
f 2611 2607 2612 2616
o Berry
v 0.1 0.383 -0.137
v 0.013 0.383 -0.109
v -0.041 0.383 -0.183
v 0.013 0.383 -0.257
v 0.1 0.383 -0.229
v 0.065 0.453 -0.163
v 0.026 0.453 -0.15
v 0.002 0.453 -0.183
v 0.026 0.453 -0.217
v 0.065 0.453 -0.204
usemtl Green
s off
f 2621 2620 2619 2618 2617
f 2622 2623 2624 2625 2626
f 2617 2618 2623 2622
f 2618 2619 2624 2623
f 2619 2620 2625 2624
f 2620 2621 2626 2625
f 2621 2617 2622 2626
o Berry
v -0.107 0.296 -0.195
v -0.16 0.296 -0.177
v -0.194 0.296 -0.223
v -0.16 0.296 -0.269
v -0.107 0.296 -0.251
v -0.09 0.365 -0.183
v -0.167 0.365 -0.158
v -0.214 0.365 -0.223
v -0.167 0.365 -0.288
v -0.09 0.365 -0.263
usemtl Black
s off
f 2631 2630 2629 2628 2627
f 2632 2633 2634 2635 2636
f 2627 2628 2633 2632
f 2628 2629 2634 2633
f 2629 2630 2635 2634
f 2630 2631 2636 2635
f 2631 2627 2632 2636
o Berry
v -0.09 0.365 -0.183
v -0.167 0.365 -0.158
v -0.214 0.365 -0.223
v -0.167 0.365 -0.288
v -0.09 0.365 -0.263
v -0.121 0.426 -0.205
v -0.155 0.426 -0.194
v -0.176 0.426 -0.223
v -0.155 0.426 -0.252
v -0.121 0.426 -0.241
usemtl Black
s off
f 2641 2640 2639 2638 2637
f 2642 2643 2644 2645 2646
f 2637 2638 2643 2642
f 2638 2639 2644 2643
f 2639 2640 2645 2644
f 2640 2641 2646 2645
f 2641 2637 2642 2646
o Berry
v -0.356 0.236 -0.199
v -0.404 0.236 -0.184
v -0.434 0.236 -0.225
v -0.404 0.236 -0.266
v -0.356 0.236 -0.25
v -0.341 0.297 -0.188
v -0.41 0.297 -0.166
v -0.453 0.297 -0.225
v -0.41 0.297 -0.283
v -0.341 0.297 -0.261
usemtl Green
s off
f 2651 2650 2649 2648 2647
f 2652 2653 2654 2655 2656
f 2647 2648 2653 2652
f 2648 2649 2654 2653
f 2649 2650 2655 2654
f 2650 2651 2656 2655
f 2651 2647 2652 2656
o Berry
v -0.341 0.297 -0.188
v -0.41 0.297 -0.166
v -0.453 0.297 -0.225
v -0.41 0.297 -0.283
v -0.341 0.297 -0.261
v -0.369 0.353 -0.208
v -0.4 0.353 -0.198
v -0.419 0.353 -0.225
v -0.4 0.353 -0.251
v -0.369 0.353 -0.241
usemtl Green
s off
f 2661 2660 2659 2658 2657
f 2662 2663 2664 2665 2666
f 2657 2658 2663 2662
f 2658 2659 2664 2663
f 2659 2660 2665 2664
f 2660 2661 2666 2665
f 2661 2657 2662 2666
o Berry.Shine
v -0.41 0.325 -0.2
v -0.41 0.325 -0.178
v -0.385 0.325 -0.178
v -0.385 0.325 -0.2
v -0.41 0.344 -0.2
v -0.41 0.344 -0.178
v -0.385 0.344 -0.178
v -0.385 0.344 -0.2
usemtl Shine
s off
f 2670 2669 2668 2667
f 2671 2672 2673 2674
f 2667 2668 2672 2671
f 2668 2669 2673 2672
f 2669 2670 2674 2673
f 2670 2667 2671 2674
o Berry
v -0.343 0.087 -0.116
v -0.395 0.087 -0.099
v -0.427 0.087 -0.144
v -0.395 0.087 -0.188
v -0.343 0.087 -0.171
v -0.326 0.154 -0.105
v -0.401 0.154 -0.08
v -0.447 0.154 -0.144
v -0.401 0.154 -0.207
v -0.326 0.154 -0.183
usemtl Unripe
s off
f 2679 2678 2677 2676 2675
f 2680 2681 2682 2683 2684
f 2675 2676 2681 2680
f 2676 2677 2682 2681
f 2677 2678 2683 2682
f 2678 2679 2684 2683
f 2679 2675 2680 2684
o Berry
v -0.326 0.154 -0.105
v -0.401 0.154 -0.08
v -0.447 0.154 -0.144
v -0.401 0.154 -0.207
v -0.326 0.154 -0.183
v -0.356 0.214 -0.126
v -0.39 0.214 -0.115
v -0.411 0.214 -0.144
v -0.39 0.214 -0.172
v -0.356 0.214 -0.162
usemtl Unripe
s off
f 2689 2688 2687 2686 2685
f 2690 2691 2692 2693 2694
f 2685 2686 2691 2690
f 2686 2687 2692 2691
f 2687 2688 2693 2692
f 2688 2689 2694 2693
f 2689 2685 2690 2694
o Berry
v -0.371 0.14 -0.136
v -0.425 0.14 -0.118
v -0.458 0.14 -0.164
v -0.425 0.14 -0.209
v -0.371 0.14 -0.192
v -0.355 0.208 -0.124
v -0.431 0.208 -0.099
v -0.478 0.208 -0.164
v -0.431 0.208 -0.228
v -0.355 0.208 -0.204
usemtl Black
s off
f 2699 2698 2697 2696 2695
f 2700 2701 2702 2703 2704
f 2695 2696 2701 2700
f 2696 2697 2702 2701
f 2697 2698 2703 2702
f 2698 2699 2704 2703
f 2699 2695 2700 2704
o Berry
v -0.355 0.208 -0.124
v -0.431 0.208 -0.099
v -0.478 0.208 -0.164
v -0.431 0.208 -0.228
v -0.355 0.208 -0.204
v -0.385 0.269 -0.146
v -0.419 0.269 -0.135
v -0.441 0.269 -0.164
v -0.419 0.269 -0.193
v -0.385 0.269 -0.182
usemtl Black
s off
f 2709 2708 2707 2706 2705
f 2710 2711 2712 2713 2714
f 2705 2706 2711 2710
f 2706 2707 2712 2711
f 2707 2708 2713 2712
f 2708 2709 2714 2713
f 2709 2705 2710 2714
o Berry
v -0.115 0.332 0.272
v -0.178 0.332 0.292
v -0.217 0.332 0.238
v -0.178 0.332 0.185
v -0.115 0.332 0.205
v -0.095 0.413 0.286
v -0.185 0.413 0.315
v -0.241 0.413 0.238
v -0.185 0.413 0.162
v -0.095 0.413 0.191
usemtl Black
s off
f 2719 2718 2717 2716 2715
f 2720 2721 2722 2723 2724
f 2715 2716 2721 2720
f 2716 2717 2722 2721
f 2717 2718 2723 2722
f 2718 2719 2724 2723
f 2719 2715 2720 2724
o Berry
v -0.095 0.413 0.286
v -0.185 0.413 0.315
v -0.241 0.413 0.238
v -0.185 0.413 0.162
v -0.095 0.413 0.191
v -0.131 0.485 0.26
v -0.172 0.485 0.273
v -0.197 0.485 0.238
v -0.172 0.485 0.204
v -0.131 0.485 0.217
usemtl Black
s off
f 2729 2728 2727 2726 2725
f 2730 2731 2732 2733 2734
f 2725 2726 2731 2730
f 2726 2727 2732 2731
f 2727 2728 2733 2732
f 2728 2729 2734 2733
f 2729 2725 2730 2734
o Berry.Shine
v -0.185 0.449 0.271
v -0.185 0.449 0.299
v -0.152 0.449 0.299
v -0.152 0.449 0.271
v -0.185 0.473 0.271
v -0.185 0.473 0.299
v -0.152 0.473 0.299
v -0.152 0.473 0.271
usemtl Shine
s off
f 2738 2737 2736 2735
f 2739 2740 2741 2742
f 2735 2736 2740 2739
f 2736 2737 2741 2740
f 2737 2738 2742 2741
f 2738 2735 2739 2742
o Berry
v -0.115 0.182 0.333
v -0.174 0.182 0.352
v -0.21 0.182 0.302
v -0.174 0.182 0.252
v -0.115 0.182 0.271
v -0.097 0.257 0.346
v -0.181 0.257 0.373
v -0.233 0.257 0.302
v -0.181 0.257 0.231
v -0.097 0.257 0.258
usemtl Unripe
s off
f 2747 2746 2745 2744 2743
f 2748 2749 2750 2751 2752
f 2743 2744 2749 2748
f 2744 2745 2750 2749
f 2745 2746 2751 2750
f 2746 2747 2752 2751
f 2747 2743 2748 2752
o Berry
v -0.097 0.257 0.346
v -0.181 0.257 0.373
v -0.233 0.257 0.302
v -0.181 0.257 0.231
v -0.097 0.257 0.258
v -0.131 0.324 0.322
v -0.168 0.324 0.334
v -0.192 0.324 0.302
v -0.168 0.324 0.27
v -0.131 0.324 0.282
usemtl Unripe
s off
f 2757 2756 2755 2754 2753
f 2758 2759 2760 2761 2762
f 2753 2754 2759 2758
f 2754 2755 2760 2759
f 2755 2756 2761 2760
f 2756 2757 2762 2761
f 2757 2753 2758 2762
o Berry
v -0.201 0.189 0.172
v -0.262 0.189 0.192
v -0.3 0.189 0.139
v -0.262 0.189 0.087
v -0.201 0.189 0.107
v -0.182 0.267 0.185
v -0.269 0.267 0.214
v -0.324 0.267 0.139
v -0.269 0.267 0.064
v -0.182 0.267 0.093
usemtl Green
s off
f 2767 2766 2765 2764 2763
f 2768 2769 2770 2771 2772
f 2763 2764 2769 2768
f 2764 2765 2770 2769
f 2765 2766 2771 2770
f 2766 2767 2772 2771
f 2767 2763 2768 2772
o Berry
v -0.182 0.267 0.185
v -0.269 0.267 0.214
v -0.324 0.267 0.139
v -0.269 0.267 0.064
v -0.182 0.267 0.093
v -0.217 0.338 0.16
v -0.256 0.338 0.173
v -0.281 0.338 0.139
v -0.256 0.338 0.106
v -0.217 0.338 0.118
usemtl Green
s off
f 2777 2776 2775 2774 2773
f 2778 2779 2780 2781 2782
f 2773 2774 2779 2778
f 2774 2775 2780 2779
f 2775 2776 2781 2780
f 2776 2777 2782 2781
f 2777 2773 2778 2782
o Berry
v -0.281 0.827 -0.145
v -0.333 0.827 -0.129
v -0.364 0.827 -0.173
v -0.333 0.827 -0.216
v -0.281 0.827 -0.2
v -0.265 0.893 -0.134
v -0.339 0.893 -0.11
v -0.384 0.893 -0.173
v -0.339 0.893 -0.235
v -0.265 0.893 -0.211
usemtl Green
s off
f 2787 2786 2785 2784 2783
f 2788 2789 2790 2791 2792
f 2783 2784 2789 2788
f 2784 2785 2790 2789
f 2785 2786 2791 2790
f 2786 2787 2792 2791
f 2787 2783 2788 2792
o Berry
v -0.265 0.893 -0.134
v -0.339 0.893 -0.11
v -0.384 0.893 -0.173
v -0.339 0.893 -0.235
v -0.265 0.893 -0.211
v -0.294 0.952 -0.155
v -0.327 0.952 -0.144
v -0.348 0.952 -0.173
v -0.327 0.952 -0.201
v -0.294 0.952 -0.19
usemtl Green
s off
f 2797 2796 2795 2794 2793
f 2798 2799 2800 2801 2802
f 2793 2794 2799 2798
f 2794 2795 2800 2799
f 2795 2796 2801 2800
f 2796 2797 2802 2801
f 2797 2793 2798 2802
o Berry.Shine
v -0.338 0.923 -0.146
v -0.338 0.923 -0.123
v -0.312 0.923 -0.123
v -0.312 0.923 -0.146
v -0.338 0.942 -0.146
v -0.338 0.942 -0.123
v -0.312 0.942 -0.123
v -0.312 0.942 -0.146
usemtl Shine
s off
f 2806 2805 2804 2803
f 2807 2808 2809 2810
f 2803 2804 2808 2807
f 2804 2805 2809 2808
f 2805 2806 2810 2809
f 2806 2803 2807 2810
o Berry
v -0.287 0.759 -0.081
v -0.342 0.759 -0.063
v -0.377 0.759 -0.11
v -0.342 0.759 -0.157
v -0.287 0.759 -0.139
v -0.27 0.83 -0.068
v -0.349 0.83 -0.042
v -0.398 0.83 -0.11
v -0.349 0.83 -0.177
v -0.27 0.83 -0.152
usemtl Green
s off
f 2815 2814 2813 2812 2811
f 2816 2817 2818 2819 2820
f 2811 2812 2817 2816
f 2812 2813 2818 2817
f 2813 2814 2819 2818
f 2814 2815 2820 2819
f 2815 2811 2816 2820
o Berry
v -0.27 0.83 -0.068
v -0.349 0.83 -0.042
v -0.398 0.83 -0.11
v -0.349 0.83 -0.177
v -0.27 0.83 -0.152
v -0.301 0.893 -0.091
v -0.337 0.893 -0.08
v -0.359 0.893 -0.11
v -0.337 0.893 -0.14
v -0.301 0.893 -0.129
usemtl Green
s off
f 2825 2824 2823 2822 2821
f 2826 2827 2828 2829 2830
f 2821 2822 2827 2826
f 2822 2823 2828 2827
f 2823 2824 2829 2828
f 2824 2825 2830 2829
f 2825 2821 2826 2830
o Berry
v -0.437 0.51 0.674
v -0.49 0.51 0.691
v -0.522 0.51 0.646
v -0.49 0.51 0.602
v -0.437 0.51 0.619
v -0.42 0.578 0.686
v -0.496 0.578 0.711
v -0.542 0.578 0.646
v -0.496 0.578 0.582
v -0.42 0.578 0.607
usemtl Green
s off
f 2835 2834 2833 2832 2831
f 2836 2837 2838 2839 2840
f 2831 2832 2837 2836
f 2832 2833 2838 2837
f 2833 2834 2839 2838
f 2834 2835 2840 2839
f 2835 2831 2836 2840
o Berry
v -0.42 0.578 0.686
v -0.496 0.578 0.711
v -0.542 0.578 0.646
v -0.496 0.578 0.582
v -0.42 0.578 0.607
v -0.45 0.639 0.664
v -0.484 0.639 0.675
v -0.505 0.639 0.646
v -0.484 0.639 0.618
v -0.45 0.639 0.629
usemtl Green
s off
f 2845 2844 2843 2842 2841
f 2846 2847 2848 2849 2850
f 2841 2842 2847 2846
f 2842 2843 2848 2847
f 2843 2844 2849 2848
f 2844 2845 2850 2849
f 2845 2841 2846 2850
o Berry.Shine
v -0.495 0.608 0.673
v -0.495 0.608 0.697
v -0.468 0.608 0.697
v -0.468 0.608 0.673
v -0.495 0.628 0.673
v -0.495 0.628 0.697
v -0.468 0.628 0.697
v -0.468 0.628 0.673
usemtl Shine
s off
f 2854 2853 2852 2851
f 2855 2856 2857 2858
f 2851 2852 2856 2855
f 2852 2853 2857 2856
f 2853 2854 2858 2857
f 2854 2851 2855 2858
o Berry
v -0.433 0.447 0.596
v -0.485 0.447 0.613
v -0.516 0.447 0.57
v -0.485 0.447 0.526
v -0.433 0.447 0.543
v -0.418 0.512 0.608
v -0.491 0.512 0.632
v -0.536 0.512 0.57
v -0.491 0.512 0.507
v -0.418 0.512 0.531
usemtl Black
s off
f 2863 2862 2861 2860 2859
f 2864 2865 2866 2867 2868
f 2859 2860 2865 2864
f 2860 2861 2866 2865
f 2861 2862 2867 2866
f 2862 2863 2868 2867
f 2863 2859 2864 2868
o Berry
v -0.418 0.512 0.608
v -0.491 0.512 0.632
v -0.536 0.512 0.57
v -0.491 0.512 0.507
v -0.418 0.512 0.531
v -0.447 0.571 0.587
v -0.479 0.571 0.598
v -0.5 0.571 0.57
v -0.479 0.571 0.542
v -0.447 0.571 0.552
usemtl Black
s off
f 2873 2872 2871 2870 2869
f 2874 2875 2876 2877 2878
f 2869 2870 2875 2874
f 2870 2871 2876 2875
f 2871 2872 2877 2876
f 2872 2873 2878 2877
f 2873 2869 2874 2878
o Berry
v 0.336 0.434 0.302
v 0.275 0.434 0.322
v 0.238 0.434 0.27
v 0.275 0.434 0.218
v 0.336 0.434 0.238
v 0.355 0.512 0.316
v 0.268 0.512 0.344
v 0.214 0.512 0.27
v 0.268 0.512 0.196
v 0.355 0.512 0.224
usemtl Black
s off
f 2883 2882 2881 2880 2879
f 2884 2885 2886 2887 2888
f 2879 2880 2885 2884
f 2880 2881 2886 2885
f 2881 2882 2887 2886
f 2882 2883 2888 2887
f 2883 2879 2884 2888
o Berry
v 0.355 0.512 0.316
v 0.268 0.512 0.344
v 0.214 0.512 0.27
v 0.268 0.512 0.196
v 0.355 0.512 0.224
v 0.321 0.582 0.29
v 0.281 0.582 0.303
v 0.257 0.582 0.27
v 0.281 0.582 0.236
v 0.321 0.582 0.249
usemtl Black
s off
f 2893 2892 2891 2890 2889
f 2894 2895 2896 2897 2898
f 2889 2890 2895 2894
f 2890 2891 2896 2895
f 2891 2892 2897 2896
f 2892 2893 2898 2897
f 2893 2889 2894 2898
o Berry.Shine
v 0.269 0.547 0.301
v 0.269 0.547 0.328
v 0.3 0.547 0.328
v 0.3 0.547 0.301
v 0.269 0.57 0.301
v 0.269 0.57 0.328
v 0.3 0.57 0.328
v 0.3 0.57 0.301
usemtl Shine
s off
f 2902 2901 2900 2899
f 2903 2904 2905 2906
f 2899 2900 2904 2903
f 2900 2901 2905 2904
f 2901 2902 2906 2905
f 2902 2899 2903 2906
o Berry
v 0.349 0.402 0.379
v 0.292 0.402 0.398
v 0.258 0.402 0.35
v 0.292 0.402 0.302
v 0.349 0.402 0.32
v 0.367 0.474 0.392
v 0.286 0.474 0.418
v 0.236 0.474 0.35
v 0.286 0.474 0.281
v 0.367 0.474 0.307
usemtl Black
s off
f 2911 2910 2909 2908 2907
f 2912 2913 2914 2915 2916
f 2907 2908 2913 2912
f 2908 2909 2914 2913
f 2909 2910 2915 2914
f 2910 2911 2916 2915
f 2911 2907 2912 2916
o Berry
v 0.367 0.474 0.392
v 0.286 0.474 0.418
v 0.236 0.474 0.35
v 0.286 0.474 0.281
v 0.367 0.474 0.307
v 0.334 0.539 0.369
v 0.298 0.539 0.381
v 0.276 0.539 0.35
v 0.298 0.539 0.319
v 0.334 0.539 0.331
usemtl Black
s off
f 2921 2920 2919 2918 2917
f 2922 2923 2924 2925 2926
f 2917 2918 2923 2922
f 2918 2919 2924 2923
f 2919 2920 2925 2924
f 2920 2921 2926 2925
f 2921 2917 2922 2926
o Berry
v 0.37 0.301 0.344
v 0.308 0.301 0.364
v 0.269 0.301 0.311
v 0.308 0.301 0.258
v 0.37 0.301 0.278
v 0.389 0.38 0.358
v 0.3 0.38 0.387
v 0.246 0.38 0.311
v 0.3 0.38 0.235
v 0.389 0.38 0.264
usemtl Black
s off
f 2931 2930 2929 2928 2927
f 2932 2933 2934 2935 2936
f 2927 2928 2933 2932
f 2928 2929 2934 2933
f 2929 2930 2935 2934
f 2930 2931 2936 2935
f 2931 2927 2932 2936
o Berry
v 0.389 0.38 0.358
v 0.3 0.38 0.387
v 0.246 0.38 0.311
v 0.3 0.38 0.235
v 0.389 0.38 0.264
v 0.354 0.452 0.332
v 0.314 0.452 0.345
v 0.289 0.452 0.311
v 0.314 0.452 0.277
v 0.354 0.452 0.29
usemtl Black
s off
f 2941 2940 2939 2938 2937
f 2942 2943 2944 2945 2946
f 2937 2938 2943 2942
f 2938 2939 2944 2943
f 2939 2940 2945 2944
f 2940 2941 2946 2945
f 2941 2937 2942 2946
o Berry
v -0.105 0.279 -0.083
v -0.155 0.279 -0.067
v -0.186 0.279 -0.109
v -0.155 0.279 -0.152
v -0.105 0.279 -0.135
v -0.09 0.343 -0.072
v -0.161 0.343 -0.049
v -0.205 0.343 -0.109
v -0.161 0.343 -0.17
v -0.09 0.343 -0.147
usemtl Black
s off
f 2951 2950 2949 2948 2947
f 2952 2953 2954 2955 2956
f 2947 2948 2953 2952
f 2948 2949 2954 2953
f 2949 2950 2955 2954
f 2950 2951 2956 2955
f 2951 2947 2952 2956
o Berry
v -0.09 0.343 -0.072
v -0.161 0.343 -0.049
v -0.205 0.343 -0.109
v -0.161 0.343 -0.17
v -0.09 0.343 -0.147
v -0.118 0.4 -0.093
v -0.15 0.4 -0.082
v -0.17 0.4 -0.109
v -0.15 0.4 -0.136
v -0.118 0.4 -0.126
usemtl Black
s off
f 2961 2960 2959 2958 2957
f 2962 2963 2964 2965 2966
f 2957 2958 2963 2962
f 2958 2959 2964 2963
f 2959 2960 2965 2964
f 2960 2961 2966 2965
f 2961 2957 2962 2966
o Berry.Shine
v -0.16 0.371 -0.084
v -0.16 0.371 -0.062
v -0.135 0.371 -0.062
v -0.135 0.371 -0.084
v -0.16 0.39 -0.084
v -0.16 0.39 -0.062
v -0.135 0.39 -0.062
v -0.135 0.39 -0.084
usemtl Shine
s off
f 2970 2969 2968 2967
f 2971 2972 2973 2974
f 2967 2968 2972 2971
f 2968 2969 2973 2972
f 2969 2970 2974 2973
f 2970 2967 2971 2974
o Berry
v -0.186 0.183 0.03
v -0.248 0.183 0.051
v -0.287 0.183 -0.003
v -0.248 0.183 -0.056
v -0.186 0.183 -0.036
v -0.166 0.264 0.044
v -0.256 0.264 0.073
v -0.311 0.264 -0.003
v -0.256 0.264 -0.079
v -0.166 0.264 -0.05
usemtl Black
s off
f 2979 2978 2977 2976 2975
f 2980 2981 2982 2983 2984
f 2975 2976 2981 2980
f 2976 2977 2982 2981
f 2977 2978 2983 2982
f 2978 2979 2984 2983
f 2979 2975 2980 2984
o Berry
v -0.166 0.264 0.044
v -0.256 0.264 0.073
v -0.311 0.264 -0.003
v -0.256 0.264 -0.079
v -0.166 0.264 -0.05
v -0.202 0.336 0.018
v -0.242 0.336 0.031
v -0.267 0.336 -0.003
v -0.242 0.336 -0.037
v -0.202 0.336 -0.024
usemtl Black
s off
f 2989 2988 2987 2986 2985
f 2990 2991 2992 2993 2994
f 2985 2986 2991 2990
f 2986 2987 2992 2991
f 2987 2988 2993 2992
f 2988 2989 2994 2993
f 2989 2985 2990 2994
o Berry
v -0.377 0.631 0.563
v -0.425 0.631 0.578
v -0.455 0.631 0.537
v -0.425 0.631 0.497
v -0.377 0.631 0.512
v -0.362 0.692 0.574
v -0.431 0.692 0.596
v -0.473 0.692 0.537
v -0.431 0.692 0.479
v -0.362 0.692 0.501
usemtl Green
s off
f 2999 2998 2997 2996 2995
f 3000 3001 3002 3003 3004
f 2995 2996 3001 3000
f 2996 2997 3002 3001
f 2997 2998 3003 3002
f 2998 2999 3004 3003
f 2999 2995 3000 3004
o Berry
v -0.362 0.692 0.574
v -0.431 0.692 0.596
v -0.473 0.692 0.537
v -0.431 0.692 0.479
v -0.362 0.692 0.501
v -0.389 0.748 0.554
v -0.42 0.748 0.564
v -0.439 0.748 0.537
v -0.42 0.748 0.511
v -0.389 0.748 0.521
usemtl Green
s off
f 3009 3008 3007 3006 3005
f 3010 3011 3012 3013 3014
f 3005 3006 3011 3010
f 3006 3007 3012 3011
f 3007 3008 3013 3012
f 3008 3009 3014 3013
f 3009 3005 3010 3014
o Berry.Shine
v -0.43 0.72 0.562
v -0.43 0.72 0.584
v -0.405 0.72 0.584
v -0.405 0.72 0.562
v -0.43 0.738 0.562
v -0.43 0.738 0.584
v -0.405 0.738 0.584
v -0.405 0.738 0.562
usemtl Shine
s off
f 3018 3017 3016 3015
f 3019 3020 3021 3022
f 3015 3016 3020 3019
f 3016 3017 3021 3020
f 3017 3018 3022 3021
f 3018 3015 3019 3022
o Berry
v -0.264 0.609 0.534
v -0.321 0.609 0.553
v -0.356 0.609 0.504
v -0.321 0.609 0.456
v -0.264 0.609 0.474
v -0.246 0.682 0.547
v -0.328 0.682 0.574
v -0.378 0.682 0.504
v -0.328 0.682 0.435
v -0.246 0.682 0.461
usemtl Black
s off
f 3027 3026 3025 3024 3023
f 3028 3029 3030 3031 3032
f 3023 3024 3029 3028
f 3024 3025 3030 3029
f 3025 3026 3031 3030
f 3026 3027 3032 3031
f 3027 3023 3028 3032
o Berry
v -0.246 0.682 0.547
v -0.328 0.682 0.574
v -0.378 0.682 0.504
v -0.328 0.682 0.435
v -0.246 0.682 0.461
v -0.279 0.748 0.524
v -0.315 0.748 0.536
v -0.338 0.748 0.504
v -0.315 0.748 0.473
v -0.279 0.748 0.485
usemtl Black
s off
f 3037 3036 3035 3034 3033
f 3038 3039 3040 3041 3042
f 3033 3034 3039 3038
f 3034 3035 3040 3039
f 3035 3036 3041 3040
f 3036 3037 3042 3041
f 3037 3033 3038 3042
o Berry
v 0.507 -0.005 -0.857
v 0.468 -0.005 -0.844
v 0.444 -0.005 -0.877
v 0.468 -0.005 -0.91
v 0.507 -0.005 -0.898
v 0.519 0.045 -0.848
v 0.463 0.045 -0.83
v 0.429 0.045 -0.877
v 0.463 0.045 -0.925
v 0.519 0.045 -0.907
usemtl Black
s off
f 3047 3046 3045 3044 3043
f 3048 3049 3050 3051 3052
f 3043 3044 3049 3048
f 3044 3045 3050 3049
f 3045 3046 3051 3050
f 3046 3047 3052 3051
f 3047 3043 3048 3052
o Berry
v 0.519 0.045 -0.848
v 0.463 0.045 -0.83
v 0.429 0.045 -0.877
v 0.463 0.045 -0.925
v 0.519 0.045 -0.907
v 0.497 0.09 -0.864
v 0.472 0.09 -0.856
v 0.456 0.09 -0.877
v 0.472 0.09 -0.899
v 0.497 0.09 -0.89
usemtl Black
s off
f 3057 3056 3055 3054 3053
f 3058 3059 3060 3061 3062
f 3053 3054 3059 3058
f 3054 3055 3060 3059
f 3055 3056 3061 3060
f 3056 3057 3062 3061
f 3057 3053 3058 3062
o Berry
v 0.533 -0.005 -0.638
v 0.494 -0.005 -0.625
v 0.47 -0.005 -0.658
v 0.494 -0.005 -0.692
v 0.533 -0.005 -0.679
v 0.545 0.045 -0.629
v 0.489 0.045 -0.611
v 0.455 0.045 -0.658
v 0.489 0.045 -0.706
v 0.545 0.045 -0.688
usemtl Unripe
s off
f 3067 3066 3065 3064 3063
f 3068 3069 3070 3071 3072
f 3063 3064 3069 3068
f 3064 3065 3070 3069
f 3065 3066 3071 3070
f 3066 3067 3072 3071
f 3067 3063 3068 3072
o Berry
v 0.545 0.045 -0.629
v 0.489 0.045 -0.611
v 0.455 0.045 -0.658
v 0.489 0.045 -0.706
v 0.545 0.045 -0.688
v 0.523 0.09 -0.645
v 0.498 0.09 -0.637
v 0.482 0.09 -0.658
v 0.498 0.09 -0.68
v 0.523 0.09 -0.672
usemtl Unripe
s off
f 3077 3076 3075 3074 3073
f 3078 3079 3080 3081 3082
f 3073 3074 3079 3078
f 3074 3075 3080 3079
f 3075 3076 3081 3080
f 3076 3077 3082 3081
f 3077 3073 3078 3082
o Fallen.Leaf
v 0.755 0 -0.04
v 0.704 0 0.01
v 0.613 0 -0.006
v 0.608 0 -0.064
v 0.696 0 -0.085
v 0.755 0.015 -0.04
v 0.704 0.015 0.01
v 0.613 0.015 -0.006
v 0.608 0.015 -0.064
v 0.696 0.015 -0.085
usemtl LeafDry
s off
f 3087 3086 3085 3084 3083
f 3088 3089 3090 3091 3092
f 3083 3084 3089 3088
f 3084 3085 3090 3089
f 3085 3086 3091 3090
f 3086 3087 3092 3091
f 3087 3083 3088 3092
o Berry
v 0.127 -0.005 0.698
v 0.088 -0.005 0.711
v 0.063 -0.005 0.678
v 0.088 -0.005 0.644
v 0.127 -0.005 0.657
v 0.139 0.045 0.707
v 0.083 0.045 0.725
v 0.048 0.045 0.678
v 0.083 0.045 0.63
v 0.139 0.045 0.648
usemtl Unripe
s off
f 3097 3096 3095 3094 3093
f 3098 3099 3100 3101 3102
f 3093 3094 3099 3098
f 3094 3095 3100 3099
f 3095 3096 3101 3100
f 3096 3097 3102 3101
f 3097 3093 3098 3102
o Berry
v 0.139 0.045 0.707
v 0.083 0.045 0.725
v 0.048 0.045 0.678
v 0.083 0.045 0.63
v 0.139 0.045 0.648
v 0.117 0.09 0.691
v 0.091 0.09 0.699
v 0.076 0.09 0.678
v 0.091 0.09 0.656
v 0.117 0.09 0.664
usemtl Unripe
s off
f 3107 3106 3105 3104 3103
f 3108 3109 3110 3111 3112
f 3103 3104 3109 3108
f 3104 3105 3110 3109
f 3105 3106 3111 3110
f 3106 3107 3112 3111
f 3107 3103 3108 3112
o Berry
v 0.751 -0.005 0.507
v 0.712 -0.005 0.52
v 0.688 -0.005 0.486
v 0.712 -0.005 0.453
v 0.751 -0.005 0.466
v 0.764 0.045 0.516
v 0.708 0.045 0.534
v 0.673 0.045 0.486
v 0.708 0.045 0.439
v 0.764 0.045 0.457
usemtl Black
s off
f 3117 3116 3115 3114 3113
f 3118 3119 3120 3121 3122
f 3113 3114 3119 3118
f 3114 3115 3120 3119
f 3115 3116 3121 3120
f 3116 3117 3122 3121
f 3117 3113 3118 3122
o Berry
v 0.764 0.045 0.516
v 0.708 0.045 0.534
v 0.673 0.045 0.486
v 0.708 0.045 0.439
v 0.764 0.045 0.457
v 0.741 0.09 0.499
v 0.716 0.09 0.508
v 0.701 0.09 0.486
v 0.716 0.09 0.465
v 0.741 0.09 0.473
usemtl Black
s off
f 3127 3126 3125 3124 3123
f 3128 3129 3130 3131 3132
f 3123 3124 3129 3128
f 3124 3125 3130 3129
f 3125 3126 3131 3130
f 3126 3127 3132 3131
f 3127 3123 3128 3132
