# house_2.obj - Haus fuer procedurally-generated-map
# Einheiten: Meter (1 Tile = 5 m, Tueren 2.1 m, ein Dorfbewohner 1.75 m), Y oben,
# Vorderseite nach +Z - so wie Blender ein Modell exportiert, das in der
# Vorderansicht zum Betrachter schaut.
# Material Paint (Band und Wappen) bekommt die Gebaeudefarbe aus dem Spiel.
# Das Objekt Entry markiert den Eingang und wird nicht gezeichnet.
mtllib house_2.mtl
o Ground
v 0.988 0 -1.75
v 2 0 -0.875
v 2 0 0.875
v 0.988 0 1.75
v -1.037 0 1.75
v -2.05 0 0.875
v -2.05 0 -0.875
v -1.037 0 -1.75
v 0.988 0.03 -1.75
v 2 0.03 -0.875
v 2 0.03 0.875
v 0.988 0.03 1.75
v -1.037 0.03 1.75
v -2.05 0.03 0.875
v -2.05 0.03 -0.875
v -1.037 0.03 -1.75
usemtl Dirt
s off
f 8 7 6 5 4 3 2 1
f 9 10 11 12 13 14 15 16
f 1 2 10 9
f 2 3 11 10
f 3 4 12 11
f 4 5 13 12
f 5 6 14 13
f 6 7 15 14
f 7 8 16 15
f 8 1 9 16
o Plinth
v 1.53 0 -1.33
v 1.53 0 1.33
v -1.53 0 1.33
v -1.53 0 -1.33
v 1.53 0.35 -1.33
v 1.53 0.35 1.33
v -1.53 0.35 1.33
v -1.53 0.35 -1.33
usemtl Stone
s off
f 20 19 18 17
f 21 22 23 24
f 17 18 22 21
f 18 19 23 22
f 19 20 24 23
f 20 17 21 24
o Plinth.Stone
v 1.45 0.05 1.32
v 1.45 0.05 1.36
v 1.07 0.05 1.36
v 1.07 0.05 1.32
v 1.45 0.3 1.32
v 1.45 0.3 1.36
v 1.07 0.3 1.36
v 1.07 0.3 1.32
usemtl StoneDark
s off
f 28 27 26 25
f 29 30 31 32
f 25 26 30 29
f 26 27 31 30
f 27 28 32 31
f 28 25 29 32
o Plinth.Stone
v 0.93 0.1 1.32
v 0.93 0.1 1.36
v 0.55 0.1 1.36
v 0.55 0.1 1.32
v 0.93 0.27 1.32
v 0.93 0.27 1.36
v 0.55 0.27 1.36
v 0.55 0.27 1.32
usemtl StoneDark
s off
f 36 35 34 33
f 37 38 39 40
f 33 34 38 37
f 34 35 39 38
f 35 36 40 39
f 36 33 37 40
o Plinth.Stone
v 0.41 0.05 1.32
v 0.41 0.05 1.36
v 0.03 0.05 1.36
v 0.03 0.05 1.32
v 0.41 0.24 1.32
v 0.41 0.24 1.36
v 0.03 0.24 1.36
v 0.03 0.24 1.32
usemtl StoneDark
s off
f 44 43 42 41
f 45 46 47 48
f 41 42 46 45
f 42 43 47 46
f 43 44 48 47
f 44 41 45 48
o Plinth.Stone
v -0.11 0.1 1.32
v -0.11 0.1 1.36
v -0.49 0.1 1.36
v -0.49 0.1 1.32
v -0.11 0.3 1.32
v -0.11 0.3 1.36
v -0.49 0.3 1.36
v -0.49 0.3 1.32
usemtl StoneDark
s off
f 52 51 50 49
f 53 54 55 56
f 49 50 54 53
f 50 51 55 54
f 51 52 56 55
f 52 49 53 56
o Plinth.Stone
v -0.63 0.05 1.32
v -0.63 0.05 1.36
v -1.01 0.05 1.36
v -1.01 0.05 1.32
v -0.63 0.27 1.32
v -0.63 0.27 1.36
v -1.01 0.27 1.36
v -1.01 0.27 1.32
usemtl StoneDark
s off
f 60 59 58 57
f 61 62 63 64
f 57 58 62 61
f 58 59 63 62
f 59 60 64 63
f 60 57 61 64
o Plinth.Stone
v -1.15 0.1 1.32
v -1.15 0.1 1.36
v -1.53 0.1 1.36
v -1.53 0.1 1.32
v -1.15 0.24 1.32
v -1.15 0.24 1.36
v -1.53 0.24 1.36
v -1.53 0.24 1.32
usemtl StoneDark
s off
f 68 67 66 65
f 69 70 71 72
f 65 66 70 69
f 66 67 71 70
f 67 68 72 71
f 68 65 69 72
o Walls
v 1.45 0.35 -1.25
v 1.45 0.35 1.25
v -1.45 0.35 1.25
v -1.45 0.35 -1.25
v 1.45 2.2 -1.25
v 1.45 2.2 1.25
v -1.45 2.2 1.25
v -1.45 2.2 -1.25
usemtl Stone
s off
f 76 75 74 73
f 77 78 79 80
f 73 74 78 77
f 74 75 79 78
f 75 76 80 79
f 76 73 77 80
o Wall.Stone
v 1.35 0.4 1.25
v 1.35 0.4 1.28
v 0.9 0.4 1.28
v 0.9 0.4 1.25
v 1.35 0.65 1.25
v 1.35 0.65 1.28
v 0.9 0.65 1.28
v 0.9 0.65 1.25
usemtl StoneLight
s off
f 84 83 82 81
f 85 86 87 88
f 81 82 86 85
f 82 83 87 86
f 83 84 88 87
f 84 81 85 88
o Wall.Stone
v 0.75 0.4 1.25
v 0.75 0.4 1.28
v 0.3 0.4 1.28
v 0.3 0.4 1.25
v 0.75 0.65 1.25
v 0.75 0.65 1.28
v 0.3 0.65 1.28
v 0.3 0.65 1.25
usemtl StoneDark
s off
f 92 91 90 89
f 93 94 95 96
f 89 90 94 93
f 90 91 95 94
f 91 92 96 95
f 92 89 93 96
o Wall.Stone
v 0.15 0.4 1.25
v 0.15 0.4 1.28
v -0.3 0.4 1.28
v -0.3 0.4 1.25
v 0.15 0.65 1.25
v 0.15 0.65 1.28
v -0.3 0.65 1.28
v -0.3 0.65 1.25
usemtl StoneDark
s off
f 100 99 98 97
f 101 102 103 104
f 97 98 102 101
f 98 99 103 102
f 99 100 104 103
f 100 97 101 104
o Wall.Stone
v -0.45 0.4 1.25
v -0.45 0.4 1.28
v -0.9 0.4 1.28
v -0.9 0.4 1.25
v -0.45 0.65 1.25
v -0.45 0.65 1.28
v -0.9 0.65 1.28
v -0.9 0.65 1.25
usemtl StoneLight
s off
f 108 107 106 105
f 109 110 111 112
f 105 106 110 109
f 106 107 111 110
f 107 108 112 111
f 108 105 109 112
o Wall.Stone
v 1.05 0.7 1.25
v 1.05 0.7 1.28
v 0.6 0.7 1.28
v 0.6 0.7 1.25
v 1.05 0.95 1.25
v 1.05 0.95 1.28
v 0.6 0.95 1.28
v 0.6 0.95 1.25
usemtl StoneDark
s off
f 116 115 114 113
f 117 118 119 120
f 113 114 118 117
f 114 115 119 118
f 115 116 120 119
f 116 113 117 120
o Wall.Stone
v 0.45 0.7 1.25
v 0.45 0.7 1.28
v 0 0.7 1.28
v 0 0.7 1.25
v 0.45 0.95 1.25
v 0.45 0.95 1.28
v 0 0.95 1.28
v 0 0.95 1.25
usemtl StoneDark
s off
f 124 123 122 121
f 125 126 127 128
f 121 122 126 125
f 122 123 127 126
f 123 124 128 127
f 124 121 125 128
o Wall.Stone
v -0.15 0.7 1.25
v -0.15 0.7 1.28
v -0.6 0.7 1.28
v -0.6 0.7 1.25
v -0.15 0.95 1.25
v -0.15 0.95 1.28
v -0.6 0.95 1.28
v -0.6 0.95 1.25
usemtl StoneLight
s off
f 132 131 130 129
f 133 134 135 136
f 129 130 134 133
f 130 131 135 134
f 131 132 136 135
f 132 129 133 136
o Wall.Stone
v -0.75 0.7 1.25
v -0.75 0.7 1.28
v -1.2 0.7 1.28
v -1.2 0.7 1.25
v -0.75 0.95 1.25
v -0.75 0.95 1.28
v -1.2 0.95 1.28
v -1.2 0.95 1.25
usemtl StoneDark
s off
f 140 139 138 137
f 141 142 143 144
f 137 138 142 141
f 138 139 143 142
f 139 140 144 143
f 140 137 141 144
o Wall.Stone
v 1.35 1 1.25
v 1.35 1 1.28
v 0.9 1 1.28
v 0.9 1 1.25
v 1.35 1.25 1.25
v 1.35 1.25 1.28
v 0.9 1.25 1.28
v 0.9 1.25 1.25
usemtl StoneDark
s off
f 148 147 146 145
f 149 150 151 152
f 145 146 150 149
f 146 147 151 150
f 147 148 152 151
f 148 145 149 152
o Wall.Stone
v 0.75 1 1.25
v 0.75 1 1.28
v 0.3 1 1.28
v 0.3 1 1.25
v 0.75 1.25 1.25
v 0.75 1.25 1.28
v 0.3 1.25 1.28
v 0.3 1.25 1.25
usemtl StoneLight
s off
f 156 155 154 153
f 157 158 159 160
f 153 154 158 157
f 154 155 159 158
f 155 156 160 159
f 156 153 157 160
o Wall.Stone
v 0.15 1 1.25
v 0.15 1 1.28
v -0.3 1 1.28
v -0.3 1 1.25
v 0.15 1.25 1.25
v 0.15 1.25 1.28
v -0.3 1.25 1.28
v -0.3 1.25 1.25
usemtl StoneDark
s off
f 164 163 162 161
f 165 166 167 168
f 161 162 166 165
f 162 163 167 166
f 163 164 168 167
f 164 161 165 168
o Wall.Stone
v -0.45 1 1.25
v -0.45 1 1.28
v -0.9 1 1.28
v -0.9 1 1.25
v -0.45 1.25 1.25
v -0.45 1.25 1.28
v -0.9 1.25 1.28
v -0.9 1.25 1.25
usemtl StoneDark
s off
f 172 171 170 169
f 173 174 175 176
f 169 170 174 173
f 170 171 175 174
f 171 172 176 175
f 172 169 173 176
o Wall.Stone
v 1.05 1.3 1.25
v 1.05 1.3 1.28
v 0.6 1.3 1.28
v 0.6 1.3 1.25
v 1.05 1.55 1.25
v 1.05 1.55 1.28
v 0.6 1.55 1.28
v 0.6 1.55 1.25
usemtl StoneLight
s off
f 180 179 178 177
f 181 182 183 184
f 177 178 182 181
f 178 179 183 182
f 179 180 184 183
f 180 177 181 184
o Wall.Stone
v 0.45 1.3 1.25
v 0.45 1.3 1.28
v 0 1.3 1.28
v 0 1.3 1.25
v 0.45 1.55 1.25
v 0.45 1.55 1.28
v 0 1.55 1.28
v 0 1.55 1.25
usemtl StoneDark
s off
f 188 187 186 185
f 189 190 191 192
f 185 186 190 189
f 186 187 191 190
f 187 188 192 191
f 188 185 189 192
o Wall.Stone
v -0.15 1.3 1.25
v -0.15 1.3 1.28
v -0.6 1.3 1.28
v -0.6 1.3 1.25
v -0.15 1.55 1.25
v -0.15 1.55 1.28
v -0.6 1.55 1.28
v -0.6 1.55 1.25
usemtl StoneDark
s off
f 196 195 194 193
f 197 198 199 200
f 193 194 198 197
f 194 195 199 198
f 195 196 200 199
f 196 193 197 200
o Wall.Stone
v -0.75 1.3 1.25
v -0.75 1.3 1.28
v -1.2 1.3 1.28
v -1.2 1.3 1.25
v -0.75 1.55 1.25
v -0.75 1.55 1.28
v -1.2 1.55 1.28
v -1.2 1.55 1.25
usemtl StoneLight
s off
f 204 203 202 201
f 205 206 207 208
f 201 202 206 205
f 202 203 207 206
f 203 204 208 207
f 204 201 205 208
o Wall.Stone
v 1.35 1.6 1.25
v 1.35 1.6 1.28
v 0.9 1.6 1.28
v 0.9 1.6 1.25
v 1.35 1.85 1.25
v 1.35 1.85 1.28
v 0.9 1.85 1.28
v 0.9 1.85 1.25
usemtl StoneDark
s off
f 212 211 210 209
f 213 214 215 216
f 209 210 214 213
f 210 211 215 214
f 211 212 216 215
f 212 209 213 216
o Wall.Stone
v 0.75 1.6 1.25
v 0.75 1.6 1.28
v 0.3 1.6 1.28
v 0.3 1.6 1.25
v 0.75 1.85 1.25
v 0.75 1.85 1.28
v 0.3 1.85 1.28
v 0.3 1.85 1.25
usemtl StoneDark
s off
f 220 219 218 217
f 221 222 223 224
f 217 218 222 221
f 218 219 223 222
f 219 220 224 223
f 220 217 221 224
o Wall.Stone
v 0.15 1.6 1.25
v 0.15 1.6 1.28
v -0.3 1.6 1.28
v -0.3 1.6 1.25
v 0.15 1.85 1.25
v 0.15 1.85 1.28
v -0.3 1.85 1.28
v -0.3 1.85 1.25
usemtl StoneLight
s off
f 228 227 226 225
f 229 230 231 232
f 225 226 230 229
f 226 227 231 230
f 227 228 232 231
f 228 225 229 232
o Wall.Stone
v -0.45 1.6 1.25
v -0.45 1.6 1.28
v -0.9 1.6 1.28
v -0.9 1.6 1.25
v -0.45 1.85 1.25
v -0.45 1.85 1.28
v -0.9 1.85 1.28
v -0.9 1.85 1.25
usemtl StoneDark
s off
f 236 235 234 233
f 237 238 239 240
f 233 234 238 237
f 234 235 239 238
f 235 236 240 239
f 236 233 237 240
o Wall.Stone
v 1.05 1.9 1.25
v 1.05 1.9 1.28
v 0.6 1.9 1.28
v 0.6 1.9 1.25
v 1.05 2.15 1.25
v 1.05 2.15 1.28
v 0.6 2.15 1.28
v 0.6 2.15 1.25
usemtl StoneDark
s off
f 244 243 242 241
f 245 246 247 248
f 241 242 246 245
f 242 243 247 246
f 243 244 248 247
f 244 241 245 248
o Wall.Stone
v 0.45 1.9 1.25
v 0.45 1.9 1.28
v 0 1.9 1.28
v 0 1.9 1.25
v 0.45 2.15 1.25
v 0.45 2.15 1.28
v 0 2.15 1.28
v 0 2.15 1.25
usemtl StoneLight
s off
f 252 251 250 249
f 253 254 255 256
f 249 250 254 253
f 250 251 255 254
f 251 252 256 255
f 252 249 253 256
o Wall.Stone
v -0.15 1.9 1.25
v -0.15 1.9 1.28
v -0.6 1.9 1.28
v -0.6 1.9 1.25
v -0.15 2.15 1.25
v -0.15 2.15 1.28
v -0.6 2.15 1.28
v -0.6 2.15 1.25
usemtl StoneDark
s off
f 260 259 258 257
f 261 262 263 264
f 257 258 262 261
f 258 259 263 262
f 259 260 264 263
f 260 257 261 264
o Wall.Stone
v -0.75 1.9 1.25
v -0.75 1.9 1.28
v -1.2 1.9 1.28
v -1.2 1.9 1.25
v -0.75 2.15 1.25
v -0.75 2.15 1.28
v -1.2 2.15 1.28
v -1.2 2.15 1.25
usemtl StoneDark
s off
f 268 267 266 265
f 269 270 271 272
f 265 266 270 269
f 266 267 271 270
f 267 268 272 271
f 268 265 269 272
o Wall.Quoin
v 1.45 0.35 1.25
v 1.45 0.35 1.3
v 1.15 0.35 1.3
v 1.15 0.35 1.25
v 1.45 0.62 1.25
v 1.45 0.62 1.3
v 1.15 0.62 1.3
v 1.15 0.62 1.25
usemtl StoneLight
s off
f 276 275 274 273
f 277 278 279 280
f 273 274 278 277
f 274 275 279 278
f 275 276 280 279
f 276 273 277 280
o Wall.Quoin
v 1.37 0.65 1.25
v 1.37 0.65 1.3
v 1.15 0.65 1.3
v 1.15 0.65 1.25
v 1.37 0.92 1.25
v 1.37 0.92 1.3
v 1.15 0.92 1.3
v 1.15 0.92 1.25
usemtl StoneLight
s off
f 284 283 282 281
f 285 286 287 288
f 281 282 286 285
f 282 283 287 286
f 283 284 288 287
f 284 281 285 288
o Wall.Quoin
v 1.45 0.95 1.25
v 1.45 0.95 1.3
v 1.15 0.95 1.3
v 1.15 0.95 1.25
v 1.45 1.22 1.25
v 1.45 1.22 1.3
v 1.15 1.22 1.3
v 1.15 1.22 1.25
usemtl StoneLight
s off
f 292 291 290 289
f 293 294 295 296
f 289 290 294 293
f 290 291 295 294
f 291 292 296 295
f 292 289 293 296
o Wall.Quoin
v 1.37 1.25 1.25
v 1.37 1.25 1.3
v 1.15 1.25 1.3
v 1.15 1.25 1.25
v 1.37 1.52 1.25
v 1.37 1.52 1.3
v 1.15 1.52 1.3
v 1.15 1.52 1.25
usemtl StoneLight
s off
f 300 299 298 297
f 301 302 303 304
f 297 298 302 301
f 298 299 303 302
f 299 300 304 303
f 300 297 301 304
o Wall.Quoin
v 1.45 1.55 1.25
v 1.45 1.55 1.3
v 1.15 1.55 1.3
v 1.15 1.55 1.25
v 1.45 1.82 1.25
v 1.45 1.82 1.3
v 1.15 1.82 1.3
v 1.15 1.82 1.25
usemtl StoneLight
s off
f 308 307 306 305
f 309 310 311 312
f 305 306 310 309
f 306 307 311 310
f 307 308 312 311
f 308 305 309 312
o Wall.Quoin
v 1.37 1.85 1.25
v 1.37 1.85 1.3
v 1.15 1.85 1.3
v 1.15 1.85 1.25
v 1.37 2.12 1.25
v 1.37 2.12 1.3
v 1.15 2.12 1.3
v 1.15 2.12 1.25
usemtl StoneLight
s off
f 316 315 314 313
f 317 318 319 320
f 313 314 318 317
f 314 315 319 318
f 315 316 320 319
f 316 313 317 320
o Wall.Quoin
v -1.15 0.35 1.25
v -1.15 0.35 1.3
v -1.45 0.35 1.3
v -1.45 0.35 1.25
v -1.15 0.62 1.25
v -1.15 0.62 1.3
v -1.45 0.62 1.3
v -1.45 0.62 1.25
usemtl StoneLight
s off
f 324 323 322 321
f 325 326 327 328
f 321 322 326 325
f 322 323 327 326
f 323 324 328 327
f 324 321 325 328
o Wall.Quoin
v -1.23 0.65 1.25
v -1.23 0.65 1.3
v -1.45 0.65 1.3
v -1.45 0.65 1.25
v -1.23 0.92 1.25
v -1.23 0.92 1.3
v -1.45 0.92 1.3
v -1.45 0.92 1.25
usemtl StoneLight
s off
f 332 331 330 329
f 333 334 335 336
f 329 330 334 333
f 330 331 335 334
f 331 332 336 335
f 332 329 333 336
o Wall.Quoin
v -1.15 0.95 1.25
v -1.15 0.95 1.3
v -1.45 0.95 1.3
v -1.45 0.95 1.25
v -1.15 1.22 1.25
v -1.15 1.22 1.3
v -1.45 1.22 1.3
v -1.45 1.22 1.25
usemtl StoneLight
s off
f 340 339 338 337
f 341 342 343 344
f 337 338 342 341
f 338 339 343 342
f 339 340 344 343
f 340 337 341 344
o Wall.Quoin
v -1.23 1.25 1.25
v -1.23 1.25 1.3
v -1.45 1.25 1.3
v -1.45 1.25 1.25
v -1.23 1.52 1.25
v -1.23 1.52 1.3
v -1.45 1.52 1.3
v -1.45 1.52 1.25
usemtl StoneLight
s off
f 348 347 346 345
f 349 350 351 352
f 345 346 350 349
f 346 347 351 350
f 347 348 352 351
f 348 345 349 352
o Wall.Quoin
v -1.15 1.55 1.25
v -1.15 1.55 1.3
v -1.45 1.55 1.3
v -1.45 1.55 1.25
v -1.15 1.82 1.25
v -1.15 1.82 1.3
v -1.45 1.82 1.3
v -1.45 1.82 1.25
usemtl StoneLight
s off
f 356 355 354 353
f 357 358 359 360
f 353 354 358 357
f 354 355 359 358
f 355 356 360 359
f 356 353 357 360
o Wall.Quoin
v -1.23 1.85 1.25
v -1.23 1.85 1.3
v -1.45 1.85 1.3
v -1.45 1.85 1.25
v -1.23 2.12 1.25
v -1.23 2.12 1.3
v -1.45 2.12 1.3
v -1.45 2.12 1.25
usemtl StoneLight
s off
f 364 363 362 361
f 365 366 367 368
f 361 362 366 365
f 362 363 367 366
f 363 364 368 367
f 364 361 365 368
o Wall.Stone
v -0.9 0.4 -1.28
v -0.9 0.4 -1.25
v -1.35 0.4 -1.25
v -1.35 0.4 -1.28
v -0.9 0.65 -1.28
v -0.9 0.65 -1.25
v -1.35 0.65 -1.25
v -1.35 0.65 -1.28
usemtl StoneLight
s off
f 372 371 370 369
f 373 374 375 376
f 369 370 374 373
f 370 371 375 374
f 371 372 376 375
f 372 369 373 376
o Wall.Stone
v -0.3 0.4 -1.28
v -0.3 0.4 -1.25
v -0.75 0.4 -1.25
v -0.75 0.4 -1.28
v -0.3 0.65 -1.28
v -0.3 0.65 -1.25
v -0.75 0.65 -1.25
v -0.75 0.65 -1.28
usemtl StoneDark
s off
f 380 379 378 377
f 381 382 383 384
f 377 378 382 381
f 378 379 383 382
f 379 380 384 383
f 380 377 381 384
o Wall.Stone
v 0.3 0.4 -1.28
v 0.3 0.4 -1.25
v -0.15 0.4 -1.25
v -0.15 0.4 -1.28
v 0.3 0.65 -1.28
v 0.3 0.65 -1.25
v -0.15 0.65 -1.25
v -0.15 0.65 -1.28
usemtl StoneDark
s off
f 388 387 386 385
f 389 390 391 392
f 385 386 390 389
f 386 387 391 390
f 387 388 392 391
f 388 385 389 392
o Wall.Stone
v 0.9 0.4 -1.28
v 0.9 0.4 -1.25
v 0.45 0.4 -1.25
v 0.45 0.4 -1.28
v 0.9 0.65 -1.28
v 0.9 0.65 -1.25
v 0.45 0.65 -1.25
v 0.45 0.65 -1.28
usemtl StoneLight
s off
f 396 395 394 393
f 397 398 399 400
f 393 394 398 397
f 394 395 399 398
f 395 396 400 399
f 396 393 397 400
o Wall.Stone
v -0.6 0.7 -1.28
v -0.6 0.7 -1.25
v -1.05 0.7 -1.25
v -1.05 0.7 -1.28
v -0.6 0.95 -1.28
v -0.6 0.95 -1.25
v -1.05 0.95 -1.25
v -1.05 0.95 -1.28
usemtl StoneDark
s off
f 404 403 402 401
f 405 406 407 408
f 401 402 406 405
f 402 403 407 406
f 403 404 408 407
f 404 401 405 408
o Wall.Stone
v 0 0.7 -1.28
v 0 0.7 -1.25
v -0.45 0.7 -1.25
v -0.45 0.7 -1.28
v 0 0.95 -1.28
v 0 0.95 -1.25
v -0.45 0.95 -1.25
v -0.45 0.95 -1.28
usemtl StoneDark
s off
f 412 411 410 409
f 413 414 415 416
f 409 410 414 413
f 410 411 415 414
f 411 412 416 415
f 412 409 413 416
o Wall.Stone
v 0.6 0.7 -1.28
v 0.6 0.7 -1.25
v 0.15 0.7 -1.25
v 0.15 0.7 -1.28
v 0.6 0.95 -1.28
v 0.6 0.95 -1.25
v 0.15 0.95 -1.25
v 0.15 0.95 -1.28
usemtl StoneLight
s off
f 420 419 418 417
f 421 422 423 424
f 417 418 422 421
f 418 419 423 422
f 419 420 424 423
f 420 417 421 424
o Wall.Stone
v 1.2 0.7 -1.28
v 1.2 0.7 -1.25
v 0.75 0.7 -1.25
v 0.75 0.7 -1.28
v 1.2 0.95 -1.28
v 1.2 0.95 -1.25
v 0.75 0.95 -1.25
v 0.75 0.95 -1.28
usemtl StoneDark
s off
f 428 427 426 425
f 429 430 431 432
f 425 426 430 429
f 426 427 431 430
f 427 428 432 431
f 428 425 429 432
o Wall.Stone
v -0.9 1 -1.28
v -0.9 1 -1.25
v -1.35 1 -1.25
v -1.35 1 -1.28
v -0.9 1.25 -1.28
v -0.9 1.25 -1.25
v -1.35 1.25 -1.25
v -1.35 1.25 -1.28
usemtl StoneDark
s off
f 436 435 434 433
f 437 438 439 440
f 433 434 438 437
f 434 435 439 438
f 435 436 440 439
f 436 433 437 440
o Wall.Stone
v -0.3 1 -1.28
v -0.3 1 -1.25
v -0.75 1 -1.25
v -0.75 1 -1.28
v -0.3 1.25 -1.28
v -0.3 1.25 -1.25
v -0.75 1.25 -1.25
v -0.75 1.25 -1.28
usemtl StoneLight
s off
f 444 443 442 441
f 445 446 447 448
f 441 442 446 445
f 442 443 447 446
f 443 444 448 447
f 444 441 445 448
o Wall.Stone
v 0.3 1 -1.28
v 0.3 1 -1.25
v -0.15 1 -1.25
v -0.15 1 -1.28
v 0.3 1.25 -1.28
v 0.3 1.25 -1.25
v -0.15 1.25 -1.25
v -0.15 1.25 -1.28
usemtl StoneDark
s off
f 452 451 450 449
f 453 454 455 456
f 449 450 454 453
f 450 451 455 454
f 451 452 456 455
f 452 449 453 456
o Wall.Stone
v 0.9 1 -1.28
v 0.9 1 -1.25
v 0.45 1 -1.25
v 0.45 1 -1.28
v 0.9 1.25 -1.28
v 0.9 1.25 -1.25
v 0.45 1.25 -1.25
v 0.45 1.25 -1.28
usemtl StoneDark
s off
f 460 459 458 457
f 461 462 463 464
f 457 458 462 461
f 458 459 463 462
f 459 460 464 463
f 460 457 461 464
o Wall.Stone
v -0.6 1.3 -1.28
v -0.6 1.3 -1.25
v -1.05 1.3 -1.25
v -1.05 1.3 -1.28
v -0.6 1.55 -1.28
v -0.6 1.55 -1.25
v -1.05 1.55 -1.25
v -1.05 1.55 -1.28
usemtl StoneLight
s off
f 468 467 466 465
f 469 470 471 472
f 465 466 470 469
f 466 467 471 470
f 467 468 472 471
f 468 465 469 472
o Wall.Stone
v 0 1.3 -1.28
v 0 1.3 -1.25
v -0.45 1.3 -1.25
v -0.45 1.3 -1.28
v 0 1.55 -1.28
v 0 1.55 -1.25
v -0.45 1.55 -1.25
v -0.45 1.55 -1.28
usemtl StoneDark
s off
f 476 475 474 473
f 477 478 479 480
f 473 474 478 477
f 474 475 479 478
f 475 476 480 479
f 476 473 477 480
o Wall.Stone
v 0.6 1.3 -1.28
v 0.6 1.3 -1.25
v 0.15 1.3 -1.25
v 0.15 1.3 -1.28
v 0.6 1.55 -1.28
v 0.6 1.55 -1.25
v 0.15 1.55 -1.25
v 0.15 1.55 -1.28
usemtl StoneDark
s off
f 484 483 482 481
f 485 486 487 488
f 481 482 486 485
f 482 483 487 486
f 483 484 488 487
f 484 481 485 488
o Wall.Stone
v 1.2 1.3 -1.28
v 1.2 1.3 -1.25
v 0.75 1.3 -1.25
v 0.75 1.3 -1.28
v 1.2 1.55 -1.28
v 1.2 1.55 -1.25
v 0.75 1.55 -1.25
v 0.75 1.55 -1.28
usemtl StoneLight
s off
f 492 491 490 489
f 493 494 495 496
f 489 490 494 493
f 490 491 495 494
f 491 492 496 495
f 492 489 493 496
o Wall.Stone
v -0.9 1.6 -1.28
v -0.9 1.6 -1.25
v -1.35 1.6 -1.25
v -1.35 1.6 -1.28
v -0.9 1.85 -1.28
v -0.9 1.85 -1.25
v -1.35 1.85 -1.25
v -1.35 1.85 -1.28
usemtl StoneDark
s off
f 500 499 498 497
f 501 502 503 504
f 497 498 502 501
f 498 499 503 502
f 499 500 504 503
f 500 497 501 504
o Wall.Stone
v -0.3 1.6 -1.28
v -0.3 1.6 -1.25
v -0.75 1.6 -1.25
v -0.75 1.6 -1.28
v -0.3 1.85 -1.28
v -0.3 1.85 -1.25
v -0.75 1.85 -1.25
v -0.75 1.85 -1.28
usemtl StoneDark
s off
f 508 507 506 505
f 509 510 511 512
f 505 506 510 509
f 506 507 511 510
f 507 508 512 511
f 508 505 509 512
o Wall.Stone
v 0.3 1.6 -1.28
v 0.3 1.6 -1.25
v -0.15 1.6 -1.25
v -0.15 1.6 -1.28
v 0.3 1.85 -1.28
v 0.3 1.85 -1.25
v -0.15 1.85 -1.25
v -0.15 1.85 -1.28
usemtl StoneLight
s off
f 516 515 514 513
f 517 518 519 520
f 513 514 518 517
f 514 515 519 518
f 515 516 520 519
f 516 513 517 520
o Wall.Stone
v 0.9 1.6 -1.28
v 0.9 1.6 -1.25
v 0.45 1.6 -1.25
v 0.45 1.6 -1.28
v 0.9 1.85 -1.28
v 0.9 1.85 -1.25
v 0.45 1.85 -1.25
v 0.45 1.85 -1.28
usemtl StoneDark
s off
f 524 523 522 521
f 525 526 527 528
f 521 522 526 525
f 522 523 527 526
f 523 524 528 527
f 524 521 525 528
o Wall.Stone
v -0.6 1.9 -1.28
v -0.6 1.9 -1.25
v -1.05 1.9 -1.25
v -1.05 1.9 -1.28
v -0.6 2.15 -1.28
v -0.6 2.15 -1.25
v -1.05 2.15 -1.25
v -1.05 2.15 -1.28
usemtl StoneDark
s off
f 532 531 530 529
f 533 534 535 536
f 529 530 534 533
f 530 531 535 534
f 531 532 536 535
f 532 529 533 536
o Wall.Stone
v 0 1.9 -1.28
v 0 1.9 -1.25
v -0.45 1.9 -1.25
v -0.45 1.9 -1.28
v 0 2.15 -1.28
v 0 2.15 -1.25
v -0.45 2.15 -1.25
v -0.45 2.15 -1.28
usemtl StoneLight
s off
f 540 539 538 537
f 541 542 543 544
f 537 538 542 541
f 538 539 543 542
f 539 540 544 543
f 540 537 541 544
o Wall.Stone
v 0.6 1.9 -1.28
v 0.6 1.9 -1.25
v 0.15 1.9 -1.25
v 0.15 1.9 -1.28
v 0.6 2.15 -1.28
v 0.6 2.15 -1.25
v 0.15 2.15 -1.25
v 0.15 2.15 -1.28
usemtl StoneDark
s off
f 548 547 546 545
f 549 550 551 552
f 545 546 550 549
f 546 547 551 550
f 547 548 552 551
f 548 545 549 552
o Wall.Stone
v 1.2 1.9 -1.28
v 1.2 1.9 -1.25
v 0.75 1.9 -1.25
v 0.75 1.9 -1.28
v 1.2 2.15 -1.28
v 1.2 2.15 -1.25
v 0.75 2.15 -1.25
v 0.75 2.15 -1.28
usemtl StoneDark
s off
f 556 555 554 553
f 557 558 559 560
f 553 554 558 557
f 554 555 559 558
f 555 556 560 559
f 556 553 557 560
o Wall.Quoin
v -1.15 0.35 -1.3
v -1.15 0.35 -1.25
v -1.45 0.35 -1.25
v -1.45 0.35 -1.3
v -1.15 0.62 -1.3
v -1.15 0.62 -1.25
v -1.45 0.62 -1.25
v -1.45 0.62 -1.3
usemtl StoneLight
s off
f 564 563 562 561
f 565 566 567 568
f 561 562 566 565
f 562 563 567 566
f 563 564 568 567
f 564 561 565 568
o Wall.Quoin
v -1.15 0.65 -1.3
v -1.15 0.65 -1.25
v -1.37 0.65 -1.25
v -1.37 0.65 -1.3
v -1.15 0.92 -1.3
v -1.15 0.92 -1.25
v -1.37 0.92 -1.25
v -1.37 0.92 -1.3
usemtl StoneLight
s off
f 572 571 570 569
f 573 574 575 576
f 569 570 574 573
f 570 571 575 574
f 571 572 576 575
f 572 569 573 576
o Wall.Quoin
v -1.15 0.95 -1.3
v -1.15 0.95 -1.25
v -1.45 0.95 -1.25
v -1.45 0.95 -1.3
v -1.15 1.22 -1.3
v -1.15 1.22 -1.25
v -1.45 1.22 -1.25
v -1.45 1.22 -1.3
usemtl StoneLight
s off
f 580 579 578 577
f 581 582 583 584
f 577 578 582 581
f 578 579 583 582
f 579 580 584 583
f 580 577 581 584
o Wall.Quoin
v -1.15 1.25 -1.3
v -1.15 1.25 -1.25
v -1.37 1.25 -1.25
v -1.37 1.25 -1.3
v -1.15 1.52 -1.3
v -1.15 1.52 -1.25
v -1.37 1.52 -1.25
v -1.37 1.52 -1.3
usemtl StoneLight
s off
f 588 587 586 585
f 589 590 591 592
f 585 586 590 589
f 586 587 591 590
f 587 588 592 591
f 588 585 589 592
o Wall.Quoin
v -1.15 1.55 -1.3
v -1.15 1.55 -1.25
v -1.45 1.55 -1.25
v -1.45 1.55 -1.3
v -1.15 1.82 -1.3
v -1.15 1.82 -1.25
v -1.45 1.82 -1.25
v -1.45 1.82 -1.3
usemtl StoneLight
s off
f 596 595 594 593
f 597 598 599 600
f 593 594 598 597
f 594 595 599 598
f 595 596 600 599
f 596 593 597 600
o Wall.Quoin
v -1.15 1.85 -1.3
v -1.15 1.85 -1.25
v -1.37 1.85 -1.25
v -1.37 1.85 -1.3
v -1.15 2.12 -1.3
v -1.15 2.12 -1.25
v -1.37 2.12 -1.25
v -1.37 2.12 -1.3
usemtl StoneLight
s off
f 604 603 602 601
f 605 606 607 608
f 601 602 606 605
f 602 603 607 606
f 603 604 608 607
f 604 601 605 608
o Wall.Quoin
v 1.45 0.35 -1.3
v 1.45 0.35 -1.25
v 1.15 0.35 -1.25
v 1.15 0.35 -1.3
v 1.45 0.62 -1.3
v 1.45 0.62 -1.25
v 1.15 0.62 -1.25
v 1.15 0.62 -1.3
usemtl StoneLight
s off
f 612 611 610 609
f 613 614 615 616
f 609 610 614 613
f 610 611 615 614
f 611 612 616 615
f 612 609 613 616
o Wall.Quoin
v 1.45 0.65 -1.3
v 1.45 0.65 -1.25
v 1.23 0.65 -1.25
v 1.23 0.65 -1.3
v 1.45 0.92 -1.3
v 1.45 0.92 -1.25
v 1.23 0.92 -1.25
v 1.23 0.92 -1.3
usemtl StoneLight
s off
f 620 619 618 617
f 621 622 623 624
f 617 618 622 621
f 618 619 623 622
f 619 620 624 623
f 620 617 621 624
o Wall.Quoin
v 1.45 0.95 -1.3
v 1.45 0.95 -1.25
v 1.15 0.95 -1.25
v 1.15 0.95 -1.3
v 1.45 1.22 -1.3
v 1.45 1.22 -1.25
v 1.15 1.22 -1.25
v 1.15 1.22 -1.3
usemtl StoneLight
s off
f 628 627 626 625
f 629 630 631 632
f 625 626 630 629
f 626 627 631 630
f 627 628 632 631
f 628 625 629 632
o Wall.Quoin
v 1.45 1.25 -1.3
v 1.45 1.25 -1.25
v 1.23 1.25 -1.25
v 1.23 1.25 -1.3
v 1.45 1.52 -1.3
v 1.45 1.52 -1.25
v 1.23 1.52 -1.25
v 1.23 1.52 -1.3
usemtl StoneLight
s off
f 636 635 634 633
f 637 638 639 640
f 633 634 638 637
f 634 635 639 638
f 635 636 640 639
f 636 633 637 640
o Wall.Quoin
v 1.45 1.55 -1.3
v 1.45 1.55 -1.25
v 1.15 1.55 -1.25
v 1.15 1.55 -1.3
v 1.45 1.82 -1.3
v 1.45 1.82 -1.25
v 1.15 1.82 -1.25
v 1.15 1.82 -1.3
usemtl StoneLight
s off
f 644 643 642 641
f 645 646 647 648
f 641 642 646 645
f 642 643 647 646
f 643 644 648 647
f 644 641 645 648
o Wall.Quoin
v 1.45 1.85 -1.3
v 1.45 1.85 -1.25
v 1.23 1.85 -1.25
v 1.23 1.85 -1.3
v 1.45 2.12 -1.3
v 1.45 2.12 -1.25
v 1.23 2.12 -1.25
v 1.23 2.12 -1.3
usemtl StoneLight
s off
f 652 651 650 649
f 653 654 655 656
f 649 650 654 653
f 650 651 655 654
f 651 652 656 655
f 652 649 653 656
o Wall.Stone
v 1.48 0.4 -1.15
v 1.48 0.4 -0.7
v 1.45 0.4 -0.7
v 1.45 0.4 -1.15
v 1.48 0.65 -1.15
v 1.48 0.65 -0.7
v 1.45 0.65 -0.7
v 1.45 0.65 -1.15
usemtl StoneLight
s off
f 660 659 658 657
f 661 662 663 664
f 657 658 662 661
f 658 659 663 662
f 659 660 664 663
f 660 657 661 664
o Wall.Stone
v 1.48 0.4 -0.55
v 1.48 0.4 -0.1
v 1.45 0.4 -0.1
v 1.45 0.4 -0.55
v 1.48 0.65 -0.55
v 1.48 0.65 -0.1
v 1.45 0.65 -0.1
v 1.45 0.65 -0.55
usemtl StoneDark
s off
f 668 667 666 665
f 669 670 671 672
f 665 666 670 669
f 666 667 671 670
f 667 668 672 671
f 668 665 669 672
o Wall.Stone
v 1.48 0.4 0.05
v 1.48 0.4 0.5
v 1.45 0.4 0.5
v 1.45 0.4 0.05
v 1.48 0.65 0.05
v 1.48 0.65 0.5
v 1.45 0.65 0.5
v 1.45 0.65 0.05
usemtl StoneDark
s off
f 676 675 674 673
f 677 678 679 680
f 673 674 678 677
f 674 675 679 678
f 675 676 680 679
f 676 673 677 680
o Wall.Stone
v 1.48 0.4 0.65
v 1.48 0.4 1.1
v 1.45 0.4 1.1
v 1.45 0.4 0.65
v 1.48 0.65 0.65
v 1.48 0.65 1.1
v 1.45 0.65 1.1
v 1.45 0.65 0.65
usemtl StoneLight
s off
f 684 683 682 681
f 685 686 687 688
f 681 682 686 685
f 682 683 687 686
f 683 684 688 687
f 684 681 685 688
o Wall.Stone
v 1.48 0.7 -0.85
v 1.48 0.7 -0.4
v 1.45 0.7 -0.4
v 1.45 0.7 -0.85
v 1.48 0.95 -0.85
v 1.48 0.95 -0.4
v 1.45 0.95 -0.4
v 1.45 0.95 -0.85
usemtl StoneDark
s off
f 692 691 690 689
f 693 694 695 696
f 689 690 694 693
f 690 691 695 694
f 691 692 696 695
f 692 689 693 696
o Wall.Stone
v 1.48 0.7 -0.25
v 1.48 0.7 0.2
v 1.45 0.7 0.2
v 1.45 0.7 -0.25
v 1.48 0.95 -0.25
v 1.48 0.95 0.2
v 1.45 0.95 0.2
v 1.45 0.95 -0.25
usemtl StoneDark
s off
f 700 699 698 697
f 701 702 703 704
f 697 698 702 701
f 698 699 703 702
f 699 700 704 703
f 700 697 701 704
o Wall.Stone
v 1.48 0.7 0.35
v 1.48 0.7 0.8
v 1.45 0.7 0.8
v 1.45 0.7 0.35
v 1.48 0.95 0.35
v 1.48 0.95 0.8
v 1.45 0.95 0.8
v 1.45 0.95 0.35
usemtl StoneLight
s off
f 708 707 706 705
f 709 710 711 712
f 705 706 710 709
f 706 707 711 710
f 707 708 712 711
f 708 705 709 712
o Wall.Stone
v 1.48 1 -1.15
v 1.48 1 -0.7
v 1.45 1 -0.7
v 1.45 1 -1.15
v 1.48 1.25 -1.15
v 1.48 1.25 -0.7
v 1.45 1.25 -0.7
v 1.45 1.25 -1.15
usemtl StoneDark
s off
f 716 715 714 713
f 717 718 719 720
f 713 714 718 717
f 714 715 719 718
f 715 716 720 719
f 716 713 717 720
o Wall.Stone
v 1.48 1 -0.55
v 1.48 1 -0.1
v 1.45 1 -0.1
v 1.45 1 -0.55
v 1.48 1.25 -0.55
v 1.48 1.25 -0.1
v 1.45 1.25 -0.1
v 1.45 1.25 -0.55
usemtl StoneLight
s off
f 724 723 722 721
f 725 726 727 728
f 721 722 726 725
f 722 723 727 726
f 723 724 728 727
f 724 721 725 728
o Wall.Stone
v 1.48 1 0.05
v 1.48 1 0.5
v 1.45 1 0.5
v 1.45 1 0.05
v 1.48 1.25 0.05
v 1.48 1.25 0.5
v 1.45 1.25 0.5
v 1.45 1.25 0.05
usemtl StoneDark
s off
f 732 731 730 729
f 733 734 735 736
f 729 730 734 733
f 730 731 735 734
f 731 732 736 735
f 732 729 733 736
o Wall.Stone
v 1.48 1 0.65
v 1.48 1 1.1
v 1.45 1 1.1
v 1.45 1 0.65
v 1.48 1.25 0.65
v 1.48 1.25 1.1
v 1.45 1.25 1.1
v 1.45 1.25 0.65
usemtl StoneDark
s off
f 740 739 738 737
f 741 742 743 744
f 737 738 742 741
f 738 739 743 742
f 739 740 744 743
f 740 737 741 744
o Wall.Stone
v 1.48 1.3 -0.85
v 1.48 1.3 -0.4
v 1.45 1.3 -0.4
v 1.45 1.3 -0.85
v 1.48 1.55 -0.85
v 1.48 1.55 -0.4
v 1.45 1.55 -0.4
v 1.45 1.55 -0.85
usemtl StoneLight
s off
f 748 747 746 745
f 749 750 751 752
f 745 746 750 749
f 746 747 751 750
f 747 748 752 751
f 748 745 749 752
o Wall.Stone
v 1.48 1.3 -0.25
v 1.48 1.3 0.2
v 1.45 1.3 0.2
v 1.45 1.3 -0.25
v 1.48 1.55 -0.25
v 1.48 1.55 0.2
v 1.45 1.55 0.2
v 1.45 1.55 -0.25
usemtl StoneDark
s off
f 756 755 754 753
f 757 758 759 760
f 753 754 758 757
f 754 755 759 758
f 755 756 760 759
f 756 753 757 760
o Wall.Stone
v 1.48 1.3 0.35
v 1.48 1.3 0.8
v 1.45 1.3 0.8
v 1.45 1.3 0.35
v 1.48 1.55 0.35
v 1.48 1.55 0.8
v 1.45 1.55 0.8
v 1.45 1.55 0.35
usemtl StoneDark
s off
f 764 763 762 761
f 765 766 767 768
f 761 762 766 765
f 762 763 767 766
f 763 764 768 767
f 764 761 765 768
o Wall.Stone
v 1.48 1.6 -1.15
v 1.48 1.6 -0.7
v 1.45 1.6 -0.7
v 1.45 1.6 -1.15
v 1.48 1.85 -1.15
v 1.48 1.85 -0.7
v 1.45 1.85 -0.7
v 1.45 1.85 -1.15
usemtl StoneDark
s off
f 772 771 770 769
f 773 774 775 776
f 769 770 774 773
f 770 771 775 774
f 771 772 776 775
f 772 769 773 776
o Wall.Stone
v 1.48 1.6 -0.55
v 1.48 1.6 -0.1
v 1.45 1.6 -0.1
v 1.45 1.6 -0.55
v 1.48 1.85 -0.55
v 1.48 1.85 -0.1
v 1.45 1.85 -0.1
v 1.45 1.85 -0.55
usemtl StoneDark
s off
f 780 779 778 777
f 781 782 783 784
f 777 778 782 781
f 778 779 783 782
f 779 780 784 783
f 780 777 781 784
o Wall.Stone
v 1.48 1.6 0.05
v 1.48 1.6 0.5
v 1.45 1.6 0.5
v 1.45 1.6 0.05
v 1.48 1.85 0.05
v 1.48 1.85 0.5
v 1.45 1.85 0.5
v 1.45 1.85 0.05
usemtl StoneLight
s off
f 788 787 786 785
f 789 790 791 792
f 785 786 790 789
f 786 787 791 790
f 787 788 792 791
f 788 785 789 792
o Wall.Stone
v 1.48 1.6 0.65
v 1.48 1.6 1.1
v 1.45 1.6 1.1
v 1.45 1.6 0.65
v 1.48 1.85 0.65
v 1.48 1.85 1.1
v 1.45 1.85 1.1
v 1.45 1.85 0.65
usemtl StoneDark
s off
f 796 795 794 793
f 797 798 799 800
f 793 794 798 797
f 794 795 799 798
f 795 796 800 799
f 796 793 797 800
o Wall.Stone
v 1.48 1.9 -0.85
v 1.48 1.9 -0.4
v 1.45 1.9 -0.4
v 1.45 1.9 -0.85
v 1.48 2.15 -0.85
v 1.48 2.15 -0.4
v 1.45 2.15 -0.4
v 1.45 2.15 -0.85
usemtl StoneDark
s off
f 804 803 802 801
f 805 806 807 808
f 801 802 806 805
f 802 803 807 806
f 803 804 808 807
f 804 801 805 808
o Wall.Stone
v 1.48 1.9 -0.25
v 1.48 1.9 0.2
v 1.45 1.9 0.2
v 1.45 1.9 -0.25
v 1.48 2.15 -0.25
v 1.48 2.15 0.2
v 1.45 2.15 0.2
v 1.45 2.15 -0.25
usemtl StoneLight
s off
f 812 811 810 809
f 813 814 815 816
f 809 810 814 813
f 810 811 815 814
f 811 812 816 815
f 812 809 813 816
o Wall.Stone
v 1.48 1.9 0.35
v 1.48 1.9 0.8
v 1.45 1.9 0.8
v 1.45 1.9 0.35
v 1.48 2.15 0.35
v 1.48 2.15 0.8
v 1.45 2.15 0.8
v 1.45 2.15 0.35
usemtl StoneDark
s off
f 820 819 818 817
f 821 822 823 824
f 817 818 822 821
f 818 819 823 822
f 819 820 824 823
f 820 817 821 824
o Wall.Quoin
v 1.5 0.35 -1.25
v 1.5 0.35 -0.95
v 1.45 0.35 -0.95
v 1.45 0.35 -1.25
v 1.5 0.62 -1.25
v 1.5 0.62 -0.95
v 1.45 0.62 -0.95
v 1.45 0.62 -1.25
usemtl StoneLight
s off
f 828 827 826 825
f 829 830 831 832
f 825 826 830 829
f 826 827 831 830
f 827 828 832 831
f 828 825 829 832
o Wall.Quoin
v 1.5 0.65 -1.17
v 1.5 0.65 -0.95
v 1.45 0.65 -0.95
v 1.45 0.65 -1.17
v 1.5 0.92 -1.17
v 1.5 0.92 -0.95
v 1.45 0.92 -0.95
v 1.45 0.92 -1.17
usemtl StoneLight
s off
f 836 835 834 833
f 837 838 839 840
f 833 834 838 837
f 834 835 839 838
f 835 836 840 839
f 836 833 837 840
o Wall.Quoin
v 1.5 0.95 -1.25
v 1.5 0.95 -0.95
v 1.45 0.95 -0.95
v 1.45 0.95 -1.25
v 1.5 1.22 -1.25
v 1.5 1.22 -0.95
v 1.45 1.22 -0.95
v 1.45 1.22 -1.25
usemtl StoneLight
s off
f 844 843 842 841
f 845 846 847 848
f 841 842 846 845
f 842 843 847 846
f 843 844 848 847
f 844 841 845 848
o Wall.Quoin
v 1.5 1.25 -1.17
v 1.5 1.25 -0.95
v 1.45 1.25 -0.95
v 1.45 1.25 -1.17
v 1.5 1.52 -1.17
v 1.5 1.52 -0.95
v 1.45 1.52 -0.95
v 1.45 1.52 -1.17
usemtl StoneLight
s off
f 852 851 850 849
f 853 854 855 856
f 849 850 854 853
f 850 851 855 854
f 851 852 856 855
f 852 849 853 856
o Wall.Quoin
v 1.5 1.55 -1.25
v 1.5 1.55 -0.95
v 1.45 1.55 -0.95
v 1.45 1.55 -1.25
v 1.5 1.82 -1.25
v 1.5 1.82 -0.95
v 1.45 1.82 -0.95
v 1.45 1.82 -1.25
usemtl StoneLight
s off
f 860 859 858 857
f 861 862 863 864
f 857 858 862 861
f 858 859 863 862
f 859 860 864 863
f 860 857 861 864
o Wall.Quoin
v 1.5 1.85 -1.17
v 1.5 1.85 -0.95
v 1.45 1.85 -0.95
v 1.45 1.85 -1.17
v 1.5 2.12 -1.17
v 1.5 2.12 -0.95
v 1.45 2.12 -0.95
v 1.45 2.12 -1.17
usemtl StoneLight
s off
f 868 867 866 865
f 869 870 871 872
f 865 866 870 869
f 866 867 871 870
f 867 868 872 871
f 868 865 869 872
o Wall.Quoin
v 1.5 0.35 0.95
v 1.5 0.35 1.25
v 1.45 0.35 1.25
v 1.45 0.35 0.95
v 1.5 0.62 0.95
v 1.5 0.62 1.25
v 1.45 0.62 1.25
v 1.45 0.62 0.95
usemtl StoneLight
s off
f 876 875 874 873
f 877 878 879 880
f 873 874 878 877
f 874 875 879 878
f 875 876 880 879
f 876 873 877 880
o Wall.Quoin
v 1.5 0.65 1.03
v 1.5 0.65 1.25
v 1.45 0.65 1.25
v 1.45 0.65 1.03
v 1.5 0.92 1.03
v 1.5 0.92 1.25
v 1.45 0.92 1.25
v 1.45 0.92 1.03
usemtl StoneLight
s off
f 884 883 882 881
f 885 886 887 888
f 881 882 886 885
f 882 883 887 886
f 883 884 888 887
f 884 881 885 888
o Wall.Quoin
v 1.5 0.95 0.95
v 1.5 0.95 1.25
v 1.45 0.95 1.25
v 1.45 0.95 0.95
v 1.5 1.22 0.95
v 1.5 1.22 1.25
v 1.45 1.22 1.25
v 1.45 1.22 0.95
usemtl StoneLight
s off
f 892 891 890 889
f 893 894 895 896
f 889 890 894 893
f 890 891 895 894
f 891 892 896 895
f 892 889 893 896
o Wall.Quoin
v 1.5 1.25 1.03
v 1.5 1.25 1.25
v 1.45 1.25 1.25
v 1.45 1.25 1.03
v 1.5 1.52 1.03
v 1.5 1.52 1.25
v 1.45 1.52 1.25
v 1.45 1.52 1.03
usemtl StoneLight
s off
f 900 899 898 897
f 901 902 903 904
f 897 898 902 901
f 898 899 903 902
f 899 900 904 903
f 900 897 901 904
o Wall.Quoin
v 1.5 1.55 0.95
v 1.5 1.55 1.25
v 1.45 1.55 1.25
v 1.45 1.55 0.95
v 1.5 1.82 0.95
v 1.5 1.82 1.25
v 1.45 1.82 1.25
v 1.45 1.82 0.95
usemtl StoneLight
s off
f 908 907 906 905
f 909 910 911 912
f 905 906 910 909
f 906 907 911 910
f 907 908 912 911
f 908 905 909 912
o Wall.Quoin
v 1.5 1.85 1.03
v 1.5 1.85 1.25
v 1.45 1.85 1.25
v 1.45 1.85 1.03
v 1.5 2.12 1.03
v 1.5 2.12 1.25
v 1.45 2.12 1.25
v 1.45 2.12 1.03
usemtl StoneLight
s off
f 916 915 914 913
f 917 918 919 920
f 913 914 918 917
f 914 915 919 918
f 915 916 920 919
f 916 913 917 920
o Wall.Stone
v -1.45 0.4 0.7
v -1.45 0.4 1.15
v -1.48 0.4 1.15
v -1.48 0.4 0.7
v -1.45 0.65 0.7
v -1.45 0.65 1.15
v -1.48 0.65 1.15
v -1.48 0.65 0.7
usemtl StoneLight
s off
f 924 923 922 921
f 925 926 927 928
f 921 922 926 925
f 922 923 927 926
f 923 924 928 927
f 924 921 925 928
o Wall.Stone
v -1.45 0.4 0.1
v -1.45 0.4 0.55
v -1.48 0.4 0.55
v -1.48 0.4 0.1
v -1.45 0.65 0.1
v -1.45 0.65 0.55
v -1.48 0.65 0.55
v -1.48 0.65 0.1
usemtl StoneDark
s off
f 932 931 930 929
f 933 934 935 936
f 929 930 934 933
f 930 931 935 934
f 931 932 936 935
f 932 929 933 936
o Wall.Stone
v -1.45 0.4 -0.5
v -1.45 0.4 -0.05
v -1.48 0.4 -0.05
v -1.48 0.4 -0.5
v -1.45 0.65 -0.5
v -1.45 0.65 -0.05
v -1.48 0.65 -0.05
v -1.48 0.65 -0.5
usemtl StoneDark
s off
f 940 939 938 937
f 941 942 943 944
f 937 938 942 941
f 938 939 943 942
f 939 940 944 943
f 940 937 941 944
o Wall.Stone
v -1.45 0.4 -1.1
v -1.45 0.4 -0.65
v -1.48 0.4 -0.65
v -1.48 0.4 -1.1
v -1.45 0.65 -1.1
v -1.45 0.65 -0.65
v -1.48 0.65 -0.65
v -1.48 0.65 -1.1
usemtl StoneLight
s off
f 948 947 946 945
f 949 950 951 952
f 945 946 950 949
f 946 947 951 950
f 947 948 952 951
f 948 945 949 952
o Wall.Stone
v -1.45 0.7 0.4
v -1.45 0.7 0.85
v -1.48 0.7 0.85
v -1.48 0.7 0.4
v -1.45 0.95 0.4
v -1.45 0.95 0.85
v -1.48 0.95 0.85
v -1.48 0.95 0.4
usemtl StoneDark
s off
f 956 955 954 953
f 957 958 959 960
f 953 954 958 957
f 954 955 959 958
f 955 956 960 959
f 956 953 957 960
o Wall.Stone
v -1.45 0.7 -0.2
v -1.45 0.7 0.25
v -1.48 0.7 0.25
v -1.48 0.7 -0.2
v -1.45 0.95 -0.2
v -1.45 0.95 0.25
v -1.48 0.95 0.25
v -1.48 0.95 -0.2
usemtl StoneDark
s off
f 964 963 962 961
f 965 966 967 968
f 961 962 966 965
f 962 963 967 966
f 963 964 968 967
f 964 961 965 968
o Wall.Stone
v -1.45 0.7 -0.8
v -1.45 0.7 -0.35
v -1.48 0.7 -0.35
v -1.48 0.7 -0.8
v -1.45 0.95 -0.8
v -1.45 0.95 -0.35
v -1.48 0.95 -0.35
v -1.48 0.95 -0.8
usemtl StoneLight
s off
f 972 971 970 969
f 973 974 975 976
f 969 970 974 973
f 970 971 975 974
f 971 972 976 975
f 972 969 973 976
o Wall.Stone
v -1.45 1 0.7
v -1.45 1 1.15
v -1.48 1 1.15
v -1.48 1 0.7
v -1.45 1.25 0.7
v -1.45 1.25 1.15
v -1.48 1.25 1.15
v -1.48 1.25 0.7
usemtl StoneDark
s off
f 980 979 978 977
f 981 982 983 984
f 977 978 982 981
f 978 979 983 982
f 979 980 984 983
f 980 977 981 984
o Wall.Stone
v -1.45 1 0.1
v -1.45 1 0.55
v -1.48 1 0.55
v -1.48 1 0.1
v -1.45 1.25 0.1
v -1.45 1.25 0.55
v -1.48 1.25 0.55
v -1.48 1.25 0.1
usemtl StoneLight
s off
f 988 987 986 985
f 989 990 991 992
f 985 986 990 989
f 986 987 991 990
f 987 988 992 991
f 988 985 989 992
o Wall.Stone
v -1.45 1 -0.5
v -1.45 1 -0.05
v -1.48 1 -0.05
v -1.48 1 -0.5
v -1.45 1.25 -0.5
v -1.45 1.25 -0.05
v -1.48 1.25 -0.05
v -1.48 1.25 -0.5
usemtl StoneDark
s off
f 996 995 994 993
f 997 998 999 1000
f 993 994 998 997
f 994 995 999 998
f 995 996 1000 999
f 996 993 997 1000
o Wall.Stone
v -1.45 1 -1.1
v -1.45 1 -0.65
v -1.48 1 -0.65
v -1.48 1 -1.1
v -1.45 1.25 -1.1
v -1.45 1.25 -0.65
v -1.48 1.25 -0.65
v -1.48 1.25 -1.1
usemtl StoneDark
s off
f 1004 1003 1002 1001
f 1005 1006 1007 1008
f 1001 1002 1006 1005
f 1002 1003 1007 1006
f 1003 1004 1008 1007
f 1004 1001 1005 1008
o Wall.Stone
v -1.45 1.3 0.4
v -1.45 1.3 0.85
v -1.48 1.3 0.85
v -1.48 1.3 0.4
v -1.45 1.55 0.4
v -1.45 1.55 0.85
v -1.48 1.55 0.85
v -1.48 1.55 0.4
usemtl StoneLight
s off
f 1012 1011 1010 1009
f 1013 1014 1015 1016
f 1009 1010 1014 1013
f 1010 1011 1015 1014
f 1011 1012 1016 1015
f 1012 1009 1013 1016
o Wall.Stone
v -1.45 1.3 -0.2
v -1.45 1.3 0.25
v -1.48 1.3 0.25
v -1.48 1.3 -0.2
v -1.45 1.55 -0.2
v -1.45 1.55 0.25
v -1.48 1.55 0.25
v -1.48 1.55 -0.2
usemtl StoneDark
s off
f 1020 1019 1018 1017
f 1021 1022 1023 1024
f 1017 1018 1022 1021
f 1018 1019 1023 1022
f 1019 1020 1024 1023
f 1020 1017 1021 1024
o Wall.Stone
v -1.45 1.3 -0.8
v -1.45 1.3 -0.35
v -1.48 1.3 -0.35
v -1.48 1.3 -0.8
v -1.45 1.55 -0.8
v -1.45 1.55 -0.35
v -1.48 1.55 -0.35
v -1.48 1.55 -0.8
usemtl StoneDark
s off
f 1028 1027 1026 1025
f 1029 1030 1031 1032
f 1025 1026 1030 1029
f 1026 1027 1031 1030
f 1027 1028 1032 1031
f 1028 1025 1029 1032
o Wall.Stone
v -1.45 1.6 0.7
v -1.45 1.6 1.15
v -1.48 1.6 1.15
v -1.48 1.6 0.7
v -1.45 1.85 0.7
v -1.45 1.85 1.15
v -1.48 1.85 1.15
v -1.48 1.85 0.7
usemtl StoneDark
s off
f 1036 1035 1034 1033
f 1037 1038 1039 1040
f 1033 1034 1038 1037
f 1034 1035 1039 1038
f 1035 1036 1040 1039
f 1036 1033 1037 1040
o Wall.Stone
v -1.45 1.6 0.1
v -1.45 1.6 0.55
v -1.48 1.6 0.55
v -1.48 1.6 0.1
v -1.45 1.85 0.1
v -1.45 1.85 0.55
v -1.48 1.85 0.55
v -1.48 1.85 0.1
usemtl StoneDark
s off
f 1044 1043 1042 1041
f 1045 1046 1047 1048
f 1041 1042 1046 1045
f 1042 1043 1047 1046
f 1043 1044 1048 1047
f 1044 1041 1045 1048
o Wall.Stone
v -1.45 1.6 -0.5
v -1.45 1.6 -0.05
v -1.48 1.6 -0.05
v -1.48 1.6 -0.5
v -1.45 1.85 -0.5
v -1.45 1.85 -0.05
v -1.48 1.85 -0.05
v -1.48 1.85 -0.5
usemtl StoneLight
s off
f 1052 1051 1050 1049
f 1053 1054 1055 1056
f 1049 1050 1054 1053
f 1050 1051 1055 1054
f 1051 1052 1056 1055
f 1052 1049 1053 1056
o Wall.Stone
v -1.45 1.6 -1.1
v -1.45 1.6 -0.65
v -1.48 1.6 -0.65
v -1.48 1.6 -1.1
v -1.45 1.85 -1.1
v -1.45 1.85 -0.65
v -1.48 1.85 -0.65
v -1.48 1.85 -1.1
usemtl StoneDark
s off
f 1060 1059 1058 1057
f 1061 1062 1063 1064
f 1057 1058 1062 1061
f 1058 1059 1063 1062
f 1059 1060 1064 1063
f 1060 1057 1061 1064
o Wall.Stone
v -1.45 1.9 0.4
v -1.45 1.9 0.85
v -1.48 1.9 0.85
v -1.48 1.9 0.4
v -1.45 2.15 0.4
v -1.45 2.15 0.85
v -1.48 2.15 0.85
v -1.48 2.15 0.4
usemtl StoneDark
s off
f 1068 1067 1066 1065
f 1069 1070 1071 1072
f 1065 1066 1070 1069
f 1066 1067 1071 1070
f 1067 1068 1072 1071
f 1068 1065 1069 1072
o Wall.Stone
v -1.45 1.9 -0.2
v -1.45 1.9 0.25
v -1.48 1.9 0.25
v -1.48 1.9 -0.2
v -1.45 2.15 -0.2
v -1.45 2.15 0.25
v -1.48 2.15 0.25
v -1.48 2.15 -0.2
usemtl StoneLight
s off
f 1076 1075 1074 1073
f 1077 1078 1079 1080
f 1073 1074 1078 1077
f 1074 1075 1079 1078
f 1075 1076 1080 1079
f 1076 1073 1077 1080
o Wall.Stone
v -1.45 1.9 -0.8
v -1.45 1.9 -0.35
v -1.48 1.9 -0.35
v -1.48 1.9 -0.8
v -1.45 2.15 -0.8
v -1.45 2.15 -0.35
v -1.48 2.15 -0.35
v -1.48 2.15 -0.8
usemtl StoneDark
s off
f 1084 1083 1082 1081
f 1085 1086 1087 1088
f 1081 1082 1086 1085
f 1082 1083 1087 1086
f 1083 1084 1088 1087
f 1084 1081 1085 1088
o Wall.Quoin
v -1.45 0.35 0.95
v -1.45 0.35 1.25
v -1.5 0.35 1.25
v -1.5 0.35 0.95
v -1.45 0.62 0.95
v -1.45 0.62 1.25
v -1.5 0.62 1.25
v -1.5 0.62 0.95
usemtl StoneLight
s off
f 1092 1091 1090 1089
f 1093 1094 1095 1096
f 1089 1090 1094 1093
f 1090 1091 1095 1094
f 1091 1092 1096 1095
f 1092 1089 1093 1096
o Wall.Quoin
v -1.45 0.65 0.95
v -1.45 0.65 1.17
v -1.5 0.65 1.17
v -1.5 0.65 0.95
v -1.45 0.92 0.95
v -1.45 0.92 1.17
v -1.5 0.92 1.17
v -1.5 0.92 0.95
usemtl StoneLight
s off
f 1100 1099 1098 1097
f 1101 1102 1103 1104
f 1097 1098 1102 1101
f 1098 1099 1103 1102
f 1099 1100 1104 1103
f 1100 1097 1101 1104
o Wall.Quoin
v -1.45 0.95 0.95
v -1.45 0.95 1.25
v -1.5 0.95 1.25
v -1.5 0.95 0.95
v -1.45 1.22 0.95
v -1.45 1.22 1.25
v -1.5 1.22 1.25
v -1.5 1.22 0.95
usemtl StoneLight
s off
f 1108 1107 1106 1105
f 1109 1110 1111 1112
f 1105 1106 1110 1109
f 1106 1107 1111 1110
f 1107 1108 1112 1111
f 1108 1105 1109 1112
o Wall.Quoin
v -1.45 1.25 0.95
v -1.45 1.25 1.17
v -1.5 1.25 1.17
v -1.5 1.25 0.95
v -1.45 1.52 0.95
v -1.45 1.52 1.17
v -1.5 1.52 1.17
v -1.5 1.52 0.95
usemtl StoneLight
s off
f 1116 1115 1114 1113
f 1117 1118 1119 1120
f 1113 1114 1118 1117
f 1114 1115 1119 1118
f 1115 1116 1120 1119
f 1116 1113 1117 1120
o Wall.Quoin
v -1.45 1.55 0.95
v -1.45 1.55 1.25
v -1.5 1.55 1.25
v -1.5 1.55 0.95
v -1.45 1.82 0.95
v -1.45 1.82 1.25
v -1.5 1.82 1.25
v -1.5 1.82 0.95
usemtl StoneLight
s off
f 1124 1123 1122 1121
f 1125 1126 1127 1128
f 1121 1122 1126 1125
f 1122 1123 1127 1126
f 1123 1124 1128 1127
f 1124 1121 1125 1128
o Wall.Quoin
v -1.45 1.85 0.95
v -1.45 1.85 1.17
v -1.5 1.85 1.17
v -1.5 1.85 0.95
v -1.45 2.12 0.95
v -1.45 2.12 1.17
v -1.5 2.12 1.17
v -1.5 2.12 0.95
usemtl StoneLight
s off
f 1132 1131 1130 1129
f 1133 1134 1135 1136
f 1129 1130 1134 1133
f 1130 1131 1135 1134
f 1131 1132 1136 1135
f 1132 1129 1133 1136
o Wall.Quoin
v -1.45 0.35 -1.25
v -1.45 0.35 -0.95
v -1.5 0.35 -0.95
v -1.5 0.35 -1.25
v -1.45 0.62 -1.25
v -1.45 0.62 -0.95
v -1.5 0.62 -0.95
v -1.5 0.62 -1.25
usemtl StoneLight
s off
f 1140 1139 1138 1137
f 1141 1142 1143 1144
f 1137 1138 1142 1141
f 1138 1139 1143 1142
f 1139 1140 1144 1143
f 1140 1137 1141 1144
o Wall.Quoin
v -1.45 0.65 -1.25
v -1.45 0.65 -1.03
v -1.5 0.65 -1.03
v -1.5 0.65 -1.25
v -1.45 0.92 -1.25
v -1.45 0.92 -1.03
v -1.5 0.92 -1.03
v -1.5 0.92 -1.25
usemtl StoneLight
s off
f 1148 1147 1146 1145
f 1149 1150 1151 1152
f 1145 1146 1150 1149
f 1146 1147 1151 1150
f 1147 1148 1152 1151
f 1148 1145 1149 1152
o Wall.Quoin
v -1.45 0.95 -1.25
v -1.45 0.95 -0.95
v -1.5 0.95 -0.95
v -1.5 0.95 -1.25
v -1.45 1.22 -1.25
v -1.45 1.22 -0.95
v -1.5 1.22 -0.95
v -1.5 1.22 -1.25
usemtl StoneLight
s off
f 1156 1155 1154 1153
f 1157 1158 1159 1160
f 1153 1154 1158 1157
f 1154 1155 1159 1158
f 1155 1156 1160 1159
f 1156 1153 1157 1160
o Wall.Quoin
v -1.45 1.25 -1.25
v -1.45 1.25 -1.03
v -1.5 1.25 -1.03
v -1.5 1.25 -1.25
v -1.45 1.52 -1.25
v -1.45 1.52 -1.03
v -1.5 1.52 -1.03
v -1.5 1.52 -1.25
usemtl StoneLight
s off
f 1164 1163 1162 1161
f 1165 1166 1167 1168
f 1161 1162 1166 1165
f 1162 1163 1167 1166
f 1163 1164 1168 1167
f 1164 1161 1165 1168
o Wall.Quoin
v -1.45 1.55 -1.25
v -1.45 1.55 -0.95
v -1.5 1.55 -0.95
v -1.5 1.55 -1.25
v -1.45 1.82 -1.25
v -1.45 1.82 -0.95
v -1.5 1.82 -0.95
v -1.5 1.82 -1.25
usemtl StoneLight
s off
f 1172 1171 1170 1169
f 1173 1174 1175 1176
f 1169 1170 1174 1173
f 1170 1171 1175 1174
f 1171 1172 1176 1175
f 1172 1169 1173 1176
o Wall.Quoin
v -1.45 1.85 -1.25
v -1.45 1.85 -1.03
v -1.5 1.85 -1.03
v -1.5 1.85 -1.25
v -1.45 2.12 -1.25
v -1.45 2.12 -1.03
v -1.5 2.12 -1.03
v -1.5 2.12 -1.25
usemtl StoneLight
s off
f 1180 1179 1178 1177
f 1181 1182 1183 1184
f 1177 1178 1182 1181
f 1178 1179 1183 1182
f 1179 1180 1184 1183
f 1180 1177 1181 1184
o Band
v 1.59 2.2 -1.39
v 1.59 2.2 1.39
v -1.59 2.2 1.39
v -1.59 2.2 -1.39
v 1.59 2.4 -1.39
v 1.59 2.4 1.39
v -1.59 2.4 1.39
v -1.59 2.4 -1.39
usemtl Paint
s off
f 1188 1187 1186 1185
f 1189 1190 1191 1192
f 1185 1186 1190 1189
f 1186 1187 1191 1190
f 1187 1188 1192 1191
f 1188 1185 1189 1192
o Band.Edge
v 1.61 2.4 -1.41
v 1.61 2.4 1.41
v -1.61 2.4 1.41
v -1.61 2.4 -1.41
v 1.61 2.46 -1.41
v 1.61 2.46 1.41
v -1.61 2.46 1.41
v -1.61 2.46 -1.41
usemtl Timber
s off
f 1196 1195 1194 1193
f 1197 1198 1199 1200
f 1193 1194 1198 1197
f 1194 1195 1199 1198
f 1195 1196 1200 1199
f 1196 1193 1197 1200
o Joist
v 1.22 2.1 1.25
v 1.22 2.1 1.39
v 1.08 2.1 1.39
v 1.08 2.1 1.25
v 1.22 2.2 1.25
v 1.22 2.2 1.39
v 1.08 2.2 1.39
v 1.08 2.2 1.25
usemtl Timber
s off
f 1204 1203 1202 1201
f 1205 1206 1207 1208
f 1201 1202 1206 1205
f 1202 1203 1207 1206
f 1203 1204 1208 1207
f 1204 1201 1205 1208
o Joist
v 1.22 2.1 -1.39
v 1.22 2.1 -1.25
v 1.08 2.1 -1.25
v 1.08 2.1 -1.39
v 1.22 2.2 -1.39
v 1.22 2.2 -1.25
v 1.08 2.2 -1.25
v 1.08 2.2 -1.39
usemtl Timber
s off
f 1212 1211 1210 1209
f 1213 1214 1215 1216
f 1209 1210 1214 1213
f 1210 1211 1215 1214
f 1211 1212 1216 1215
f 1212 1209 1213 1216
o Joist
v 0.07 2.1 1.25
v 0.07 2.1 1.39
v -0.07 2.1 1.39
v -0.07 2.1 1.25
v 0.07 2.2 1.25
v 0.07 2.2 1.39
v -0.07 2.2 1.39
v -0.07 2.2 1.25
usemtl Timber
s off
f 1220 1219 1218 1217
f 1221 1222 1223 1224
f 1217 1218 1222 1221
f 1218 1219 1223 1222
f 1219 1220 1224 1223
f 1220 1217 1221 1224
o Joist
v 0.07 2.1 -1.39
v 0.07 2.1 -1.25
v -0.07 2.1 -1.25
v -0.07 2.1 -1.39
v 0.07 2.2 -1.39
v 0.07 2.2 -1.25
v -0.07 2.2 -1.25
v -0.07 2.2 -1.39
usemtl Timber
s off
f 1228 1227 1226 1225
f 1229 1230 1231 1232
f 1225 1226 1230 1229
f 1226 1227 1231 1230
f 1227 1228 1232 1231
f 1228 1225 1229 1232
o Joist
v -1.08 2.1 1.25
v -1.08 2.1 1.39
v -1.22 2.1 1.39
v -1.22 2.1 1.25
v -1.08 2.2 1.25
v -1.08 2.2 1.39
v -1.22 2.2 1.39
v -1.22 2.2 1.25
usemtl Timber
s off
f 1236 1235 1234 1233
f 1237 1238 1239 1240
f 1233 1234 1238 1237
f 1234 1235 1239 1238
f 1235 1236 1240 1239
f 1236 1233 1237 1240
o Joist
v -1.08 2.1 -1.39
v -1.08 2.1 -1.25
v -1.22 2.1 -1.25
v -1.22 2.1 -1.39
v -1.08 2.2 -1.39
v -1.08 2.2 -1.25
v -1.22 2.2 -1.25
v -1.22 2.2 -1.39
usemtl Timber
s off
f 1244 1243 1242 1241
f 1245 1246 1247 1248
f 1241 1242 1246 1245
f 1242 1243 1247 1246
f 1243 1244 1248 1247
f 1244 1241 1245 1248
o Upper
v 1.57 2.46 -1.37
v 1.57 2.46 1.37
v -1.57 2.46 1.37
v -1.57 2.46 -1.37
v 1.57 3.45 -1.37
v 1.57 3.45 1.37
v -1.57 3.45 1.37
v -1.57 3.45 -1.37
usemtl PlasterGrey
s off
f 1252 1251 1250 1249
f 1253 1254 1255 1256
f 1249 1250 1254 1253
f 1250 1251 1255 1254
f 1251 1252 1256 1255
f 1252 1249 1253 1256
o Timber.Post
v 1.64 2.46 1.37
v 1.64 2.46 1.43
v 1.5 2.46 1.43
v 1.5 2.46 1.37
v 1.64 3.45 1.37
v 1.64 3.45 1.43
v 1.5 3.45 1.43
v 1.5 3.45 1.37
usemtl Timber
s off
f 1260 1259 1258 1257
f 1261 1262 1263 1264
f 1257 1258 1262 1261
f 1258 1259 1263 1262
f 1259 1260 1264 1263
f 1260 1257 1261 1264
o Timber.Post
v 0.593 2.46 1.37
v 0.593 2.46 1.43
v 0.453 2.46 1.43
v 0.453 2.46 1.37
v 0.593 3.45 1.37
v 0.593 3.45 1.43
v 0.453 3.45 1.43
v 0.453 3.45 1.37
usemtl Timber
s off
f 1268 1267 1266 1265
f 1269 1270 1271 1272
f 1265 1266 1270 1269
f 1266 1267 1271 1270
f 1267 1268 1272 1271
f 1268 1265 1269 1272
o Timber.Post
v -0.453 2.46 1.37
v -0.453 2.46 1.43
v -0.593 2.46 1.43
v -0.593 2.46 1.37
v -0.453 3.45 1.37
v -0.453 3.45 1.43
v -0.593 3.45 1.43
v -0.593 3.45 1.37
usemtl Timber
s off
f 1276 1275 1274 1273
f 1277 1278 1279 1280
f 1273 1274 1278 1277
f 1274 1275 1279 1278
f 1275 1276 1280 1279
f 1276 1273 1277 1280
o Timber.Post
v -1.5 2.46 1.37
v -1.5 2.46 1.43
v -1.64 2.46 1.43
v -1.64 2.46 1.37
v -1.5 3.45 1.37
v -1.5 3.45 1.43
v -1.64 3.45 1.43
v -1.64 3.45 1.37
usemtl Timber
s off
f 1284 1283 1282 1281
f 1285 1286 1287 1288
f 1281 1282 1286 1285
f 1282 1283 1287 1286
f 1283 1284 1288 1287
f 1284 1281 1285 1288
o Timber.Plate
v 1.61 3.31 1.37
v 1.61 3.31 1.44
v -1.61 3.31 1.44
v -1.61 3.31 1.37
v 1.61 3.45 1.37
v 1.61 3.45 1.44
v -1.61 3.45 1.44
v -1.61 3.45 1.37
usemtl Timber
s off
f 1292 1291 1290 1289
f 1293 1294 1295 1296
f 1289 1290 1294 1293
f 1290 1291 1295 1294
f 1291 1292 1296 1295
f 1292 1289 1293 1296
o Timber.Post
v -1.5 2.46 -1.43
v -1.5 2.46 -1.37
v -1.64 2.46 -1.37
v -1.64 2.46 -1.43
v -1.5 3.45 -1.43
v -1.5 3.45 -1.37
v -1.64 3.45 -1.37
v -1.64 3.45 -1.43
usemtl Timber
s off
f 1300 1299 1298 1297
f 1301 1302 1303 1304
f 1297 1298 1302 1301
f 1298 1299 1303 1302
f 1299 1300 1304 1303
f 1300 1297 1301 1304
o Timber.Post
v -0.453 2.46 -1.43
v -0.453 2.46 -1.37
v -0.593 2.46 -1.37
v -0.593 2.46 -1.43
v -0.453 3.45 -1.43
v -0.453 3.45 -1.37
v -0.593 3.45 -1.37
v -0.593 3.45 -1.43
usemtl Timber
s off
f 1308 1307 1306 1305
f 1309 1310 1311 1312
f 1305 1306 1310 1309
f 1306 1307 1311 1310
f 1307 1308 1312 1311
f 1308 1305 1309 1312
o Timber.Post
v 0.593 2.46 -1.43
v 0.593 2.46 -1.37
v 0.453 2.46 -1.37
v 0.453 2.46 -1.43
v 0.593 3.45 -1.43
v 0.593 3.45 -1.37
v 0.453 3.45 -1.37
v 0.453 3.45 -1.43
usemtl Timber
s off
f 1316 1315 1314 1313
f 1317 1318 1319 1320
f 1313 1314 1318 1317
f 1314 1315 1319 1318
f 1315 1316 1320 1319
f 1316 1313 1317 1320
o Timber.Post
v 1.64 2.46 -1.43
v 1.64 2.46 -1.37
v 1.5 2.46 -1.37
v 1.5 2.46 -1.43
v 1.64 3.45 -1.43
v 1.64 3.45 -1.37
v 1.5 3.45 -1.37
v 1.5 3.45 -1.43
usemtl Timber
s off
f 1324 1323 1322 1321
f 1325 1326 1327 1328
f 1321 1322 1326 1325
f 1322 1323 1327 1326
f 1323 1324 1328 1327
f 1324 1321 1325 1328
o Timber.Plate
v 1.61 3.31 -1.44
v 1.61 3.31 -1.37
v -1.61 3.31 -1.37
v -1.61 3.31 -1.44
v 1.61 3.45 -1.44
v 1.61 3.45 -1.37
v -1.61 3.45 -1.37
v -1.61 3.45 -1.44
usemtl Timber
s off
f 1332 1331 1330 1329
f 1333 1334 1335 1336
f 1329 1330 1334 1333
f 1330 1331 1335 1334
f 1331 1332 1336 1335
f 1332 1329 1333 1336
o Timber.Post
v 1.63 2.46 -1.44
v 1.63 2.46 -1.3
v 1.57 2.46 -1.3
v 1.57 2.46 -1.44
v 1.63 3.45 -1.44
v 1.63 3.45 -1.3
v 1.57 3.45 -1.3
v 1.57 3.45 -1.44
usemtl Timber
s off
f 1340 1339 1338 1337
f 1341 1342 1343 1344
f 1337 1338 1342 1341
f 1338 1339 1343 1342
f 1339 1340 1344 1343
f 1340 1337 1341 1344
o Timber.Post
v 1.63 2.46 -0.527
v 1.63 2.46 -0.387
v 1.57 2.46 -0.387
v 1.57 2.46 -0.527
v 1.63 3.45 -0.527
v 1.63 3.45 -0.387
v 1.57 3.45 -0.387
v 1.57 3.45 -0.527
usemtl Timber
s off
f 1348 1347 1346 1345
f 1349 1350 1351 1352
f 1345 1346 1350 1349
f 1346 1347 1351 1350
f 1347 1348 1352 1351
f 1348 1345 1349 1352
o Timber.Post
v 1.63 2.46 0.387
v 1.63 2.46 0.527
v 1.57 2.46 0.527
v 1.57 2.46 0.387
v 1.63 3.45 0.387
v 1.63 3.45 0.527
v 1.57 3.45 0.527
v 1.57 3.45 0.387
usemtl Timber
s off
f 1356 1355 1354 1353
f 1357 1358 1359 1360
f 1353 1354 1358 1357
f 1354 1355 1359 1358
f 1355 1356 1360 1359
f 1356 1353 1357 1360
o Timber.Post
v 1.63 2.46 1.3
v 1.63 2.46 1.44
v 1.57 2.46 1.44
v 1.57 2.46 1.3
v 1.63 3.45 1.3
v 1.63 3.45 1.44
v 1.57 3.45 1.44
v 1.57 3.45 1.3
usemtl Timber
s off
f 1364 1363 1362 1361
f 1365 1366 1367 1368
f 1361 1362 1366 1365
f 1362 1363 1367 1366
f 1363 1364 1368 1367
f 1364 1361 1365 1368
o Timber.Plate
v 1.64 3.31 -1.41
v 1.64 3.31 1.41
v 1.57 3.31 1.41
v 1.57 3.31 -1.41
v 1.64 3.45 -1.41
v 1.64 3.45 1.41
v 1.57 3.45 1.41
v 1.57 3.45 -1.41
usemtl Timber
s off
f 1372 1371 1370 1369
f 1373 1374 1375 1376
f 1369 1370 1374 1373
f 1370 1371 1375 1374
f 1371 1372 1376 1375
f 1372 1369 1373 1376
o Timber.Post
v -1.57 2.46 1.3
v -1.57 2.46 1.44
v -1.63 2.46 1.44
v -1.63 2.46 1.3
v -1.57 3.45 1.3
v -1.57 3.45 1.44
v -1.63 3.45 1.44
v -1.63 3.45 1.3
usemtl Timber
s off
f 1380 1379 1378 1377
f 1381 1382 1383 1384
f 1377 1378 1382 1381
f 1378 1379 1383 1382
f 1379 1380 1384 1383
f 1380 1377 1381 1384
o Timber.Post
v -1.57 2.46 0.387
v -1.57 2.46 0.527
v -1.63 2.46 0.527
v -1.63 2.46 0.387
v -1.57 3.45 0.387
v -1.57 3.45 0.527
v -1.63 3.45 0.527
v -1.63 3.45 0.387
usemtl Timber
s off
f 1388 1387 1386 1385
f 1389 1390 1391 1392
f 1385 1386 1390 1389
f 1386 1387 1391 1390
f 1387 1388 1392 1391
f 1388 1385 1389 1392
o Timber.Post
v -1.57 2.46 -0.527
v -1.57 2.46 -0.387
v -1.63 2.46 -0.387
v -1.63 2.46 -0.527
v -1.57 3.45 -0.527
v -1.57 3.45 -0.387
v -1.63 3.45 -0.387
v -1.63 3.45 -0.527
usemtl Timber
s off
f 1396 1395 1394 1393
f 1397 1398 1399 1400
f 1393 1394 1398 1397
f 1394 1395 1399 1398
f 1395 1396 1400 1399
f 1396 1393 1397 1400
o Timber.Post
v -1.57 2.46 -1.44
v -1.57 2.46 -1.3
v -1.63 2.46 -1.3
v -1.63 2.46 -1.44
v -1.57 3.45 -1.44
v -1.57 3.45 -1.3
v -1.63 3.45 -1.3
v -1.63 3.45 -1.44
usemtl Timber
s off
f 1404 1403 1402 1401
f 1405 1406 1407 1408
f 1401 1402 1406 1405
f 1402 1403 1407 1406
f 1403 1404 1408 1407
f 1404 1401 1405 1408
o Timber.Plate
v -1.57 3.31 -1.41
v -1.57 3.31 1.41
v -1.64 3.31 1.41
v -1.64 3.31 -1.41
v -1.57 3.45 -1.41
v -1.57 3.45 1.41
v -1.64 3.45 1.41
v -1.64 3.45 -1.41
usemtl Timber
s off
f 1412 1411 1410 1409
f 1413 1414 1415 1416
f 1409 1410 1414 1413
f 1410 1411 1415 1414
f 1411 1412 1416 1415
f 1412 1409 1413 1416
o Timber.Brace
v 1.523 2.498 1.45
v 1.523 2.498 1.35
v 1.457 2.422 1.35
v 1.457 2.422 1.45
v 0.556 3.348 1.45
v 0.556 3.348 1.35
v 0.49 3.272 1.35
v 0.49 3.272 1.45
usemtl Timber
s off
f 1420 1419 1418 1417
f 1421 1422 1423 1424
f 1417 1418 1422 1421
f 1418 1419 1423 1422
f 1419 1420 1424 1423
f 1420 1417 1421 1424
o Timber.Brace
v -1.523 2.498 1.35
v -1.523 2.498 1.45
v -1.457 2.422 1.45
v -1.457 2.422 1.35
v -0.556 3.348 1.35
v -0.556 3.348 1.45
v -0.49 3.272 1.45
v -0.49 3.272 1.35
usemtl Timber
s off
f 1428 1427 1426 1425
f 1429 1430 1431 1432
f 1425 1426 1430 1429
f 1426 1427 1431 1430
f 1427 1428 1432 1431
f 1428 1425 1429 1432
o Timber.Brace
v 1.523 2.498 -1.35
v 1.523 2.498 -1.45
v 1.457 2.422 -1.45
v 1.457 2.422 -1.35
v 0.556 3.348 -1.35
v 0.556 3.348 -1.45
v 0.49 3.272 -1.45
v 0.49 3.272 -1.35
usemtl Timber
s off
f 1436 1435 1434 1433
f 1437 1438 1439 1440
f 1433 1434 1438 1437
f 1434 1435 1439 1438
f 1435 1436 1440 1439
f 1436 1433 1437 1440
o Timber.Brace
v -1.523 2.498 -1.45
v -1.523 2.498 -1.35
v -1.457 2.422 -1.35
v -1.457 2.422 -1.45
v -0.556 3.348 -1.45
v -0.556 3.348 -1.35
v -0.49 3.272 -1.35
v -0.49 3.272 -1.45
usemtl Timber
s off
f 1444 1443 1442 1441
f 1445 1446 1447 1448
f 1441 1442 1446 1445
f 1442 1443 1447 1446
f 1443 1444 1448 1447
f 1444 1441 1445 1448
o Window.Light
v 1.07 1 1.25
v 1.07 1 1.28
v 0.63 1 1.28
v 0.63 1 1.25
v 1.07 1.6 1.25
v 1.07 1.6 1.28
v 0.63 1.6 1.28
v 0.63 1.6 1.25
usemtl WindowLit
s off
f 1452 1451 1450 1449
f 1453 1454 1455 1456
f 1449 1450 1454 1453
f 1450 1451 1455 1454
f 1451 1452 1456 1455
f 1452 1449 1453 1456
o Window.Bar
v 0.87 1 1.28
v 0.87 1 1.31
v 0.83 1 1.31
v 0.83 1 1.28
v 0.87 1.6 1.28
v 0.87 1.6 1.31
v 0.83 1.6 1.31
v 0.83 1.6 1.28
usemtl Timber
s off
f 1460 1459 1458 1457
f 1461 1462 1463 1464
f 1457 1458 1462 1461
f 1458 1459 1463 1462
f 1459 1460 1464 1463
f 1460 1457 1461 1464
o Window.Bar
v 1.07 1.28 1.28
v 1.07 1.28 1.31
v 0.63 1.28 1.31
v 0.63 1.28 1.28
v 1.07 1.32 1.28
v 1.07 1.32 1.31
v 0.63 1.32 1.31
v 0.63 1.32 1.28
usemtl Timber
s off
f 1468 1467 1466 1465
f 1469 1470 1471 1472
f 1465 1466 1470 1469
f 1466 1467 1471 1470
f 1467 1468 1472 1471
f 1468 1465 1469 1472
o Window.Sill
v 1.15 0.93 1.25
v 1.15 0.93 1.37
v 0.55 0.93 1.37
v 0.55 0.93 1.25
v 1.15 1 1.25
v 1.15 1 1.37
v 0.55 1 1.37
v 0.55 1 1.25
usemtl Timber
s off
f 1476 1475 1474 1473
f 1477 1478 1479 1480
f 1473 1474 1478 1477
f 1474 1475 1479 1478
f 1475 1476 1480 1479
f 1476 1473 1477 1480
o Window.Lintel
v 1.14 1.6 1.25
v 1.14 1.6 1.33
v 0.56 1.6 1.33
v 0.56 1.6 1.25
v 1.14 1.67 1.25
v 1.14 1.67 1.33
v 0.56 1.67 1.33
v 0.56 1.67 1.25
usemtl Timber
s off
f 1484 1483 1482 1481
f 1485 1486 1487 1488
f 1481 1482 1486 1485
f 1482 1483 1487 1486
f 1483 1484 1488 1487
f 1484 1481 1485 1488
o Window.Shutter
v 1.35 1 1.25
v 1.35 1 1.29
v 1.13 1 1.29
v 1.13 1 1.25
v 1.35 1.6 1.25
v 1.35 1.6 1.29
v 1.13 1.6 1.29
v 1.13 1.6 1.25
usemtl Wood
s off
f 1492 1491 1490 1489
f 1493 1494 1495 1496
f 1489 1490 1494 1493
f 1490 1491 1495 1494
f 1491 1492 1496 1495
f 1492 1489 1493 1496
o Window.Shutter.Band
v 1.35 1.1 1.29
v 1.35 1.1 1.305
v 1.13 1.1 1.305
v 1.13 1.1 1.29
v 1.35 1.14 1.29
v 1.35 1.14 1.305
v 1.13 1.14 1.305
v 1.13 1.14 1.29
usemtl Timber
s off
f 1500 1499 1498 1497
f 1501 1502 1503 1504
f 1497 1498 1502 1501
f 1498 1499 1503 1502
f 1499 1500 1504 1503
f 1500 1497 1501 1504
o Window.Shutter.Band
v 1.35 1.46 1.29
v 1.35 1.46 1.305
v 1.13 1.46 1.305
v 1.13 1.46 1.29
v 1.35 1.5 1.29
v 1.35 1.5 1.305
v 1.13 1.5 1.305
v 1.13 1.5 1.29
usemtl Timber
s off
f 1508 1507 1506 1505
f 1509 1510 1511 1512
f 1505 1506 1510 1509
f 1506 1507 1511 1510
f 1507 1508 1512 1511
f 1508 1505 1509 1512
o Window.Shutter
v 0.57 1 1.25
v 0.57 1 1.29
v 0.35 1 1.29
v 0.35 1 1.25
v 0.57 1.6 1.25
v 0.57 1.6 1.29
v 0.35 1.6 1.29
v 0.35 1.6 1.25
usemtl Wood
s off
f 1516 1515 1514 1513
f 1517 1518 1519 1520
f 1513 1514 1518 1517
f 1514 1515 1519 1518
f 1515 1516 1520 1519
f 1516 1513 1517 1520
o Window.Shutter.Band
v 0.57 1.1 1.29
v 0.57 1.1 1.305
v 0.35 1.1 1.305
v 0.35 1.1 1.29
v 0.57 1.14 1.29
v 0.57 1.14 1.305
v 0.35 1.14 1.305
v 0.35 1.14 1.29
usemtl Timber
s off
f 1524 1523 1522 1521
f 1525 1526 1527 1528
f 1521 1522 1526 1525
f 1522 1523 1527 1526
f 1523 1524 1528 1527
f 1524 1521 1525 1528
o Window.Shutter.Band
v 0.57 1.46 1.29
v 0.57 1.46 1.305
v 0.35 1.46 1.305
v 0.35 1.46 1.29
v 0.57 1.5 1.29
v 0.57 1.5 1.305
v 0.35 1.5 1.305
v 0.35 1.5 1.29
usemtl Timber
s off
f 1532 1531 1530 1529
f 1533 1534 1535 1536
f 1529 1530 1534 1533
f 1530 1531 1535 1534
f 1531 1532 1536 1535
f 1532 1529 1533 1536
o Window.Light
v 1.48 1 -0.22
v 1.48 1 0.22
v 1.45 1 0.22
v 1.45 1 -0.22
v 1.48 1.6 -0.22
v 1.48 1.6 0.22
v 1.45 1.6 0.22
v 1.45 1.6 -0.22
usemtl WindowLit
s off
f 1540 1539 1538 1537
f 1541 1542 1543 1544
f 1537 1538 1542 1541
f 1538 1539 1543 1542
f 1539 1540 1544 1543
f 1540 1537 1541 1544
o Window.Bar
v 1.51 1 -0.02
v 1.51 1 0.02
v 1.48 1 0.02
v 1.48 1 -0.02
v 1.51 1.6 -0.02
v 1.51 1.6 0.02
v 1.48 1.6 0.02
v 1.48 1.6 -0.02
usemtl Timber
s off
f 1548 1547 1546 1545
f 1549 1550 1551 1552
f 1545 1546 1550 1549
f 1546 1547 1551 1550
f 1547 1548 1552 1551
f 1548 1545 1549 1552
o Window.Bar
v 1.51 1.28 -0.22
v 1.51 1.28 0.22
v 1.48 1.28 0.22
v 1.48 1.28 -0.22
v 1.51 1.32 -0.22
v 1.51 1.32 0.22
v 1.48 1.32 0.22
v 1.48 1.32 -0.22
usemtl Timber
s off
f 1556 1555 1554 1553
f 1557 1558 1559 1560
f 1553 1554 1558 1557
f 1554 1555 1559 1558
f 1555 1556 1560 1559
f 1556 1553 1557 1560
o Window.Sill
v 1.57 0.93 -0.3
v 1.57 0.93 0.3
v 1.45 0.93 0.3
v 1.45 0.93 -0.3
v 1.57 1 -0.3
v 1.57 1 0.3
v 1.45 1 0.3
v 1.45 1 -0.3
usemtl Timber
s off
f 1564 1563 1562 1561
f 1565 1566 1567 1568
f 1561 1562 1566 1565
f 1562 1563 1567 1566
f 1563 1564 1568 1567
f 1564 1561 1565 1568
o Window.Lintel
v 1.53 1.6 -0.29
v 1.53 1.6 0.29
v 1.45 1.6 0.29
v 1.45 1.6 -0.29
v 1.53 1.67 -0.29
v 1.53 1.67 0.29
v 1.45 1.67 0.29
v 1.45 1.67 -0.29
usemtl Timber
s off
f 1572 1571 1570 1569
f 1573 1574 1575 1576
f 1569 1570 1574 1573
f 1570 1571 1575 1574
f 1571 1572 1576 1575
f 1572 1569 1573 1576
o Window.Shutter
v 1.49 1 -0.5
v 1.49 1 -0.28
v 1.45 1 -0.28
v 1.45 1 -0.5
v 1.49 1.6 -0.5
v 1.49 1.6 -0.28
v 1.45 1.6 -0.28
v 1.45 1.6 -0.5
usemtl Wood
s off
f 1580 1579 1578 1577
f 1581 1582 1583 1584
f 1577 1578 1582 1581
f 1578 1579 1583 1582
f 1579 1580 1584 1583
f 1580 1577 1581 1584
o Window.Shutter.Band
v 1.505 1.1 -0.5
v 1.505 1.1 -0.28
v 1.49 1.1 -0.28
v 1.49 1.1 -0.5
v 1.505 1.14 -0.5
v 1.505 1.14 -0.28
v 1.49 1.14 -0.28
v 1.49 1.14 -0.5
usemtl Timber
s off
f 1588 1587 1586 1585
f 1589 1590 1591 1592
f 1585 1586 1590 1589
f 1586 1587 1591 1590
f 1587 1588 1592 1591
f 1588 1585 1589 1592
o Window.Shutter.Band
v 1.505 1.46 -0.5
v 1.505 1.46 -0.28
v 1.49 1.46 -0.28
v 1.49 1.46 -0.5
v 1.505 1.5 -0.5
v 1.505 1.5 -0.28
v 1.49 1.5 -0.28
v 1.49 1.5 -0.5
usemtl Timber
s off
f 1596 1595 1594 1593
f 1597 1598 1599 1600
f 1593 1594 1598 1597
f 1594 1595 1599 1598
f 1595 1596 1600 1599
f 1596 1593 1597 1600
o Window.Shutter
v 1.49 1 0.28
v 1.49 1 0.5
v 1.45 1 0.5
v 1.45 1 0.28
v 1.49 1.6 0.28
v 1.49 1.6 0.5
v 1.45 1.6 0.5
v 1.45 1.6 0.28
usemtl Wood
s off
f 1604 1603 1602 1601
f 1605 1606 1607 1608
f 1601 1602 1606 1605
f 1602 1603 1607 1606
f 1603 1604 1608 1607
f 1604 1601 1605 1608
o Window.Shutter.Band
v 1.505 1.1 0.28
v 1.505 1.1 0.5
v 1.49 1.1 0.5
v 1.49 1.1 0.28
v 1.505 1.14 0.28
v 1.505 1.14 0.5
v 1.49 1.14 0.5
v 1.49 1.14 0.28
usemtl Timber
s off
f 1612 1611 1610 1609
f 1613 1614 1615 1616
f 1609 1610 1614 1613
f 1610 1611 1615 1614
f 1611 1612 1616 1615
f 1612 1609 1613 1616
o Window.Shutter.Band
v 1.505 1.46 0.28
v 1.505 1.46 0.5
v 1.49 1.46 0.5
v 1.49 1.46 0.28
v 1.505 1.5 0.28
v 1.505 1.5 0.5
v 1.49 1.5 0.5
v 1.49 1.5 0.28
usemtl Timber
s off
f 1620 1619 1618 1617
f 1621 1622 1623 1624
f 1617 1618 1622 1621
f 1618 1619 1623 1622
f 1619 1620 1624 1623
f 1620 1617 1621 1624
o Window.Light
v 0.72 1 -1.28
v 0.72 1 -1.25
v 0.28 1 -1.25
v 0.28 1 -1.28
v 0.72 1.6 -1.28
v 0.72 1.6 -1.25
v 0.28 1.6 -1.25
v 0.28 1.6 -1.28
usemtl WindowLit
s off
f 1628 1627 1626 1625
f 1629 1630 1631 1632
f 1625 1626 1630 1629
f 1626 1627 1631 1630
f 1627 1628 1632 1631
f 1628 1625 1629 1632
o Window.Bar
v 0.52 1 -1.31
v 0.52 1 -1.28
v 0.48 1 -1.28
v 0.48 1 -1.31
v 0.52 1.6 -1.31
v 0.52 1.6 -1.28
v 0.48 1.6 -1.28
v 0.48 1.6 -1.31
usemtl Timber
s off
f 1636 1635 1634 1633
f 1637 1638 1639 1640
f 1633 1634 1638 1637
f 1634 1635 1639 1638
f 1635 1636 1640 1639
f 1636 1633 1637 1640
o Window.Bar
v 0.72 1.28 -1.31
v 0.72 1.28 -1.28
v 0.28 1.28 -1.28
v 0.28 1.28 -1.31
v 0.72 1.32 -1.31
v 0.72 1.32 -1.28
v 0.28 1.32 -1.28
v 0.28 1.32 -1.31
usemtl Timber
s off
f 1644 1643 1642 1641
f 1645 1646 1647 1648
f 1641 1642 1646 1645
f 1642 1643 1647 1646
f 1643 1644 1648 1647
f 1644 1641 1645 1648
o Window.Sill
v 0.8 0.93 -1.37
v 0.8 0.93 -1.25
v 0.2 0.93 -1.25
v 0.2 0.93 -1.37
v 0.8 1 -1.37
v 0.8 1 -1.25
v 0.2 1 -1.25
v 0.2 1 -1.37
usemtl Timber
s off
f 1652 1651 1650 1649
f 1653 1654 1655 1656
f 1649 1650 1654 1653
f 1650 1651 1655 1654
f 1651 1652 1656 1655
f 1652 1649 1653 1656
o Window.Lintel
v 0.79 1.6 -1.33
v 0.79 1.6 -1.25
v 0.21 1.6 -1.25
v 0.21 1.6 -1.33
v 0.79 1.67 -1.33
v 0.79 1.67 -1.25
v 0.21 1.67 -1.25
v 0.21 1.67 -1.33
usemtl Timber
s off
f 1660 1659 1658 1657
f 1661 1662 1663 1664
f 1657 1658 1662 1661
f 1658 1659 1663 1662
f 1659 1660 1664 1663
f 1660 1657 1661 1664
o Window.Shutter
v 0.22 1 -1.29
v 0.22 1 -1.25
v 0 1 -1.25
v 0 1 -1.29
v 0.22 1.6 -1.29
v 0.22 1.6 -1.25
v 0 1.6 -1.25
v 0 1.6 -1.29
usemtl Wood
s off
f 1668 1667 1666 1665
f 1669 1670 1671 1672
f 1665 1666 1670 1669
f 1666 1667 1671 1670
f 1667 1668 1672 1671
f 1668 1665 1669 1672
o Window.Shutter.Band
v 0.22 1.1 -1.305
v 0.22 1.1 -1.29
v 0 1.1 -1.29
v 0 1.1 -1.305
v 0.22 1.14 -1.305
v 0.22 1.14 -1.29
v 0 1.14 -1.29
v 0 1.14 -1.305
usemtl Timber
s off
f 1676 1675 1674 1673
f 1677 1678 1679 1680
f 1673 1674 1678 1677
f 1674 1675 1679 1678
f 1675 1676 1680 1679
f 1676 1673 1677 1680
o Window.Shutter.Band
v 0.22 1.46 -1.305
v 0.22 1.46 -1.29
v 0 1.46 -1.29
v 0 1.46 -1.305
v 0.22 1.5 -1.305
v 0.22 1.5 -1.29
v 0 1.5 -1.29
v 0 1.5 -1.305
usemtl Timber
s off
f 1684 1683 1682 1681
f 1685 1686 1687 1688
f 1681 1682 1686 1685
f 1682 1683 1687 1686
f 1683 1684 1688 1687
f 1684 1681 1685 1688
o Window.Shutter
v 1 1 -1.29
v 1 1 -1.25
v 0.78 1 -1.25
v 0.78 1 -1.29
v 1 1.6 -1.29
v 1 1.6 -1.25
v 0.78 1.6 -1.25
v 0.78 1.6 -1.29
usemtl Wood
s off
f 1692 1691 1690 1689
f 1693 1694 1695 1696
f 1689 1690 1694 1693
f 1690 1691 1695 1694
f 1691 1692 1696 1695
f 1692 1689 1693 1696
o Window.Shutter.Band
v 1 1.1 -1.305
v 1 1.1 -1.29
v 0.78 1.1 -1.29
v 0.78 1.1 -1.305
v 1 1.14 -1.305
v 1 1.14 -1.29
v 0.78 1.14 -1.29
v 0.78 1.14 -1.305
usemtl Timber
s off
f 1700 1699 1698 1697
f 1701 1702 1703 1704
f 1697 1698 1702 1701
f 1698 1699 1703 1702
f 1699 1700 1704 1703
f 1700 1697 1701 1704
o Window.Shutter.Band
v 1 1.46 -1.305
v 1 1.46 -1.29
v 0.78 1.46 -1.29
v 0.78 1.46 -1.305
v 1 1.5 -1.305
v 1 1.5 -1.29
v 0.78 1.5 -1.29
v 0.78 1.5 -1.305
usemtl Timber
s off
f 1708 1707 1706 1705
f 1709 1710 1711 1712
f 1705 1706 1710 1709
f 1706 1707 1711 1710
f 1707 1708 1712 1711
f 1708 1705 1709 1712
o Window.Light
v 0.91 2.75 1.37
v 0.91 2.75 1.4
v 0.49 2.75 1.4
v 0.49 2.75 1.37
v 0.91 3.2 1.37
v 0.91 3.2 1.4
v 0.49 3.2 1.4
v 0.49 3.2 1.37
usemtl WindowLit
s off
f 1716 1715 1714 1713
f 1717 1718 1719 1720
f 1713 1714 1718 1717
f 1714 1715 1719 1718
f 1715 1716 1720 1719
f 1716 1713 1717 1720
o Window.Bar
v 0.72 2.75 1.4
v 0.72 2.75 1.43
v 0.68 2.75 1.43
v 0.68 2.75 1.4
v 0.72 3.2 1.4
v 0.72 3.2 1.43
v 0.68 3.2 1.43
v 0.68 3.2 1.4
usemtl Timber
s off
f 1724 1723 1722 1721
f 1725 1726 1727 1728
f 1721 1722 1726 1725
f 1722 1723 1727 1726
f 1723 1724 1728 1727
f 1724 1721 1725 1728
o Window.Bar
v 0.91 2.955 1.4
v 0.91 2.955 1.43
v 0.49 2.955 1.43
v 0.49 2.955 1.4
v 0.91 2.995 1.4
v 0.91 2.995 1.43
v 0.49 2.995 1.43
v 0.49 2.995 1.4
usemtl Timber
s off
f 1732 1731 1730 1729
f 1733 1734 1735 1736
f 1729 1730 1734 1733
f 1730 1731 1735 1734
f 1731 1732 1736 1735
f 1732 1729 1733 1736
o Window.Sill
v 0.99 2.68 1.37
v 0.99 2.68 1.49
v 0.41 2.68 1.49
v 0.41 2.68 1.37
v 0.99 2.75 1.37
v 0.99 2.75 1.49
v 0.41 2.75 1.49
v 0.41 2.75 1.37
usemtl Timber
s off
f 1740 1739 1738 1737
f 1741 1742 1743 1744
f 1737 1738 1742 1741
f 1738 1739 1743 1742
f 1739 1740 1744 1743
f 1740 1737 1741 1744
o Window.Lintel
v 0.98 3.2 1.37
v 0.98 3.2 1.45
v 0.42 3.2 1.45
v 0.42 3.2 1.37
v 0.98 3.27 1.37
v 0.98 3.27 1.45
v 0.42 3.27 1.45
v 0.42 3.27 1.37
usemtl Timber
s off
f 1748 1747 1746 1745
f 1749 1750 1751 1752
f 1745 1746 1750 1749
f 1746 1747 1751 1750
f 1747 1748 1752 1751
f 1748 1745 1749 1752
o Window.Shutter
v 1.18 2.75 1.37
v 1.18 2.75 1.41
v 0.97 2.75 1.41
v 0.97 2.75 1.37
v 1.18 3.2 1.37
v 1.18 3.2 1.41
v 0.97 3.2 1.41
v 0.97 3.2 1.37
usemtl Wood
s off
f 1756 1755 1754 1753
f 1757 1758 1759 1760
f 1753 1754 1758 1757
f 1754 1755 1759 1758
f 1755 1756 1760 1759
f 1756 1753 1757 1760
o Window.Shutter.Band
v 1.18 2.85 1.41
v 1.18 2.85 1.425
v 0.97 2.85 1.425
v 0.97 2.85 1.41
v 1.18 2.89 1.41
v 1.18 2.89 1.425
v 0.97 2.89 1.425
v 0.97 2.89 1.41
usemtl Timber
s off
f 1764 1763 1762 1761
f 1765 1766 1767 1768
f 1761 1762 1766 1765
f 1762 1763 1767 1766
f 1763 1764 1768 1767
f 1764 1761 1765 1768
o Window.Shutter.Band
v 1.18 3.06 1.41
v 1.18 3.06 1.425
v 0.97 3.06 1.425
v 0.97 3.06 1.41
v 1.18 3.1 1.41
v 1.18 3.1 1.425
v 0.97 3.1 1.425
v 0.97 3.1 1.41
usemtl Timber
s off
f 1772 1771 1770 1769
f 1773 1774 1775 1776
f 1769 1770 1774 1773
f 1770 1771 1775 1774
f 1771 1772 1776 1775
f 1772 1769 1773 1776
o Window.Shutter
v 0.43 2.75 1.37
v 0.43 2.75 1.41
v 0.22 2.75 1.41
v 0.22 2.75 1.37
v 0.43 3.2 1.37
v 0.43 3.2 1.41
v 0.22 3.2 1.41
v 0.22 3.2 1.37
usemtl Wood
s off
f 1780 1779 1778 1777
f 1781 1782 1783 1784
f 1777 1778 1782 1781
f 1778 1779 1783 1782
f 1779 1780 1784 1783
f 1780 1777 1781 1784
o Window.Shutter.Band
v 0.43 2.85 1.41
v 0.43 2.85 1.425
v 0.22 2.85 1.425
v 0.22 2.85 1.41
v 0.43 2.89 1.41
v 0.43 2.89 1.425
v 0.22 2.89 1.425
v 0.22 2.89 1.41
usemtl Timber
s off
f 1788 1787 1786 1785
f 1789 1790 1791 1792
f 1785 1786 1790 1789
f 1786 1787 1791 1790
f 1787 1788 1792 1791
f 1788 1785 1789 1792
o Window.Shutter.Band
v 0.43 3.06 1.41
v 0.43 3.06 1.425
v 0.22 3.06 1.425
v 0.22 3.06 1.41
v 0.43 3.1 1.41
v 0.43 3.1 1.425
v 0.22 3.1 1.425
v 0.22 3.1 1.41
usemtl Timber
s off
f 1796 1795 1794 1793
f 1797 1798 1799 1800
f 1793 1794 1798 1797
f 1794 1795 1799 1798
f 1795 1796 1800 1799
f 1796 1793 1797 1800
o Window.Light
v -0.49 2.75 1.37
v -0.49 2.75 1.4
v -0.91 2.75 1.4
v -0.91 2.75 1.37
v -0.49 3.2 1.37
v -0.49 3.2 1.4
v -0.91 3.2 1.4
v -0.91 3.2 1.37
usemtl WindowLit
s off
f 1804 1803 1802 1801
f 1805 1806 1807 1808
f 1801 1802 1806 1805
f 1802 1803 1807 1806
f 1803 1804 1808 1807
f 1804 1801 1805 1808
o Window.Bar
v -0.68 2.75 1.4
v -0.68 2.75 1.43
v -0.72 2.75 1.43
v -0.72 2.75 1.4
v -0.68 3.2 1.4
v -0.68 3.2 1.43
v -0.72 3.2 1.43
v -0.72 3.2 1.4
usemtl Timber
s off
f 1812 1811 1810 1809
f 1813 1814 1815 1816
f 1809 1810 1814 1813
f 1810 1811 1815 1814
f 1811 1812 1816 1815
f 1812 1809 1813 1816
o Window.Bar
v -0.49 2.955 1.4
v -0.49 2.955 1.43
v -0.91 2.955 1.43
v -0.91 2.955 1.4
v -0.49 2.995 1.4
v -0.49 2.995 1.43
v -0.91 2.995 1.43
v -0.91 2.995 1.4
usemtl Timber
s off
f 1820 1819 1818 1817
f 1821 1822 1823 1824
f 1817 1818 1822 1821
f 1818 1819 1823 1822
f 1819 1820 1824 1823
f 1820 1817 1821 1824
o Window.Sill
v -0.41 2.68 1.37
v -0.41 2.68 1.49
v -0.99 2.68 1.49
v -0.99 2.68 1.37
v -0.41 2.75 1.37
v -0.41 2.75 1.49
v -0.99 2.75 1.49
v -0.99 2.75 1.37
usemtl Timber
s off
f 1828 1827 1826 1825
f 1829 1830 1831 1832
f 1825 1826 1830 1829
f 1826 1827 1831 1830
f 1827 1828 1832 1831
f 1828 1825 1829 1832
o Window.Lintel
v -0.42 3.2 1.37
v -0.42 3.2 1.45
v -0.98 3.2 1.45
v -0.98 3.2 1.37
v -0.42 3.27 1.37
v -0.42 3.27 1.45
v -0.98 3.27 1.45
v -0.98 3.27 1.37
usemtl Timber
s off
f 1836 1835 1834 1833
f 1837 1838 1839 1840
f 1833 1834 1838 1837
f 1834 1835 1839 1838
f 1835 1836 1840 1839
f 1836 1833 1837 1840
o Window.Shutter
v -0.22 2.75 1.37
v -0.22 2.75 1.41
v -0.43 2.75 1.41
v -0.43 2.75 1.37
v -0.22 3.2 1.37
v -0.22 3.2 1.41
v -0.43 3.2 1.41
v -0.43 3.2 1.37
usemtl Wood
s off
f 1844 1843 1842 1841
f 1845 1846 1847 1848
f 1841 1842 1846 1845
f 1842 1843 1847 1846
f 1843 1844 1848 1847
f 1844 1841 1845 1848
o Window.Shutter.Band
v -0.22 2.85 1.41
v -0.22 2.85 1.425
v -0.43 2.85 1.425
v -0.43 2.85 1.41
v -0.22 2.89 1.41
v -0.22 2.89 1.425
v -0.43 2.89 1.425
v -0.43 2.89 1.41
usemtl Timber
s off
f 1852 1851 1850 1849
f 1853 1854 1855 1856
f 1849 1850 1854 1853
f 1850 1851 1855 1854
f 1851 1852 1856 1855
f 1852 1849 1853 1856
o Window.Shutter.Band
v -0.22 3.06 1.41
v -0.22 3.06 1.425
v -0.43 3.06 1.425
v -0.43 3.06 1.41
v -0.22 3.1 1.41
v -0.22 3.1 1.425
v -0.43 3.1 1.425
v -0.43 3.1 1.41
usemtl Timber
s off
f 1860 1859 1858 1857
f 1861 1862 1863 1864
f 1857 1858 1862 1861
f 1858 1859 1863 1862
f 1859 1860 1864 1863
f 1860 1857 1861 1864
o Window.Shutter
v -0.97 2.75 1.37
v -0.97 2.75 1.41
v -1.18 2.75 1.41
v -1.18 2.75 1.37
v -0.97 3.2 1.37
v -0.97 3.2 1.41
v -1.18 3.2 1.41
v -1.18 3.2 1.37
usemtl Wood
s off
f 1868 1867 1866 1865
f 1869 1870 1871 1872
f 1865 1866 1870 1869
f 1866 1867 1871 1870
f 1867 1868 1872 1871
f 1868 1865 1869 1872
o Window.Shutter.Band
v -0.97 2.85 1.41
v -0.97 2.85 1.425
v -1.18 2.85 1.425
v -1.18 2.85 1.41
v -0.97 2.89 1.41
v -0.97 2.89 1.425
v -1.18 2.89 1.425
v -1.18 2.89 1.41
usemtl Timber
s off
f 1876 1875 1874 1873
f 1877 1878 1879 1880
f 1873 1874 1878 1877
f 1874 1875 1879 1878
f 1875 1876 1880 1879
f 1876 1873 1877 1880
o Window.Shutter.Band
v -0.97 3.06 1.41
v -0.97 3.06 1.425
v -1.18 3.06 1.425
v -1.18 3.06 1.41
v -0.97 3.1 1.41
v -0.97 3.1 1.425
v -1.18 3.1 1.425
v -1.18 3.1 1.41
usemtl Timber
s off
f 1884 1883 1882 1881
f 1885 1886 1887 1888
f 1881 1882 1886 1885
f 1882 1883 1887 1886
f 1883 1884 1888 1887
f 1884 1881 1885 1888
o Window.Light
v 1.6 2.75 -0.21
v 1.6 2.75 0.21
v 1.57 2.75 0.21
v 1.57 2.75 -0.21
v 1.6 3.2 -0.21
v 1.6 3.2 0.21
v 1.57 3.2 0.21
v 1.57 3.2 -0.21
usemtl WindowLit
s off
f 1892 1891 1890 1889
f 1893 1894 1895 1896
f 1889 1890 1894 1893
f 1890 1891 1895 1894
f 1891 1892 1896 1895
f 1892 1889 1893 1896
o Window.Bar
v 1.63 2.75 -0.02
v 1.63 2.75 0.02
v 1.6 2.75 0.02
v 1.6 2.75 -0.02
v 1.63 3.2 -0.02
v 1.63 3.2 0.02
v 1.6 3.2 0.02
v 1.6 3.2 -0.02
usemtl Timber
s off
f 1900 1899 1898 1897
f 1901 1902 1903 1904
f 1897 1898 1902 1901
f 1898 1899 1903 1902
f 1899 1900 1904 1903
f 1900 1897 1901 1904
o Window.Bar
v 1.63 2.955 -0.21
v 1.63 2.955 0.21
v 1.6 2.955 0.21
v 1.6 2.955 -0.21
v 1.63 2.995 -0.21
v 1.63 2.995 0.21
v 1.6 2.995 0.21
v 1.6 2.995 -0.21
usemtl Timber
s off
f 1908 1907 1906 1905
f 1909 1910 1911 1912
f 1905 1906 1910 1909
f 1906 1907 1911 1910
f 1907 1908 1912 1911
f 1908 1905 1909 1912
o Window.Sill
v 1.69 2.68 -0.29
v 1.69 2.68 0.29
v 1.57 2.68 0.29
v 1.57 2.68 -0.29
v 1.69 2.75 -0.29
v 1.69 2.75 0.29
v 1.57 2.75 0.29
v 1.57 2.75 -0.29
usemtl Timber
s off
f 1916 1915 1914 1913
f 1917 1918 1919 1920
f 1913 1914 1918 1917
f 1914 1915 1919 1918
f 1915 1916 1920 1919
f 1916 1913 1917 1920
o Window.Lintel
v 1.65 3.2 -0.28
v 1.65 3.2 0.28
v 1.57 3.2 0.28
v 1.57 3.2 -0.28
v 1.65 3.27 -0.28
v 1.65 3.27 0.28
v 1.57 3.27 0.28
v 1.57 3.27 -0.28
usemtl Timber
s off
f 1924 1923 1922 1921
f 1925 1926 1927 1928
f 1921 1922 1926 1925
f 1922 1923 1927 1926
f 1923 1924 1928 1927
f 1924 1921 1925 1928
o Window.Shutter
v 1.61 2.75 -0.48
v 1.61 2.75 -0.27
v 1.57 2.75 -0.27
v 1.57 2.75 -0.48
v 1.61 3.2 -0.48
v 1.61 3.2 -0.27
v 1.57 3.2 -0.27
v 1.57 3.2 -0.48
usemtl Wood
s off
f 1932 1931 1930 1929
f 1933 1934 1935 1936
f 1929 1930 1934 1933
f 1930 1931 1935 1934
f 1931 1932 1936 1935
f 1932 1929 1933 1936
o Window.Shutter.Band
v 1.625 2.85 -0.48
v 1.625 2.85 -0.27
v 1.61 2.85 -0.27
v 1.61 2.85 -0.48
v 1.625 2.89 -0.48
v 1.625 2.89 -0.27
v 1.61 2.89 -0.27
v 1.61 2.89 -0.48
usemtl Timber
s off
f 1940 1939 1938 1937
f 1941 1942 1943 1944
f 1937 1938 1942 1941
f 1938 1939 1943 1942
f 1939 1940 1944 1943
f 1940 1937 1941 1944
o Window.Shutter.Band
v 1.625 3.06 -0.48
v 1.625 3.06 -0.27
v 1.61 3.06 -0.27
v 1.61 3.06 -0.48
v 1.625 3.1 -0.48
v 1.625 3.1 -0.27
v 1.61 3.1 -0.27
v 1.61 3.1 -0.48
usemtl Timber
s off
f 1948 1947 1946 1945
f 1949 1950 1951 1952
f 1945 1946 1950 1949
f 1946 1947 1951 1950
f 1947 1948 1952 1951
f 1948 1945 1949 1952
o Window.Shutter
v 1.61 2.75 0.27
v 1.61 2.75 0.48
v 1.57 2.75 0.48
v 1.57 2.75 0.27
v 1.61 3.2 0.27
v 1.61 3.2 0.48
v 1.57 3.2 0.48
v 1.57 3.2 0.27
usemtl Wood
s off
f 1956 1955 1954 1953
f 1957 1958 1959 1960
f 1953 1954 1958 1957
f 1954 1955 1959 1958
f 1955 1956 1960 1959
f 1956 1953 1957 1960
o Window.Shutter.Band
v 1.625 2.85 0.27
v 1.625 2.85 0.48
v 1.61 2.85 0.48
v 1.61 2.85 0.27
v 1.625 2.89 0.27
v 1.625 2.89 0.48
v 1.61 2.89 0.48
v 1.61 2.89 0.27
usemtl Timber
s off
f 1964 1963 1962 1961
f 1965 1966 1967 1968
f 1961 1962 1966 1965
f 1962 1963 1967 1966
f 1963 1964 1968 1967
f 1964 1961 1965 1968
o Window.Shutter.Band
v 1.625 3.06 0.27
v 1.625 3.06 0.48
v 1.61 3.06 0.48
v 1.61 3.06 0.27
v 1.625 3.1 0.27
v 1.625 3.1 0.48
v 1.61 3.1 0.48
v 1.61 3.1 0.27
usemtl Timber
s off
f 1972 1971 1970 1969
f 1973 1974 1975 1976
f 1969 1970 1974 1973
f 1970 1971 1975 1974
f 1971 1972 1976 1975
f 1972 1969 1973 1976
o Window.Light
v -1.57 2.75 -0.21
v -1.57 2.75 0.21
v -1.6 2.75 0.21
v -1.6 2.75 -0.21
v -1.57 3.2 -0.21
v -1.57 3.2 0.21
v -1.6 3.2 0.21
v -1.6 3.2 -0.21
usemtl WindowLit
s off
f 1980 1979 1978 1977
f 1981 1982 1983 1984
f 1977 1978 1982 1981
f 1978 1979 1983 1982
f 1979 1980 1984 1983
f 1980 1977 1981 1984
o Window.Bar
v -1.6 2.75 -0.02
v -1.6 2.75 0.02
v -1.63 2.75 0.02
v -1.63 2.75 -0.02
v -1.6 3.2 -0.02
v -1.6 3.2 0.02
v -1.63 3.2 0.02
v -1.63 3.2 -0.02
usemtl Timber
s off
f 1988 1987 1986 1985
f 1989 1990 1991 1992
f 1985 1986 1990 1989
f 1986 1987 1991 1990
f 1987 1988 1992 1991
f 1988 1985 1989 1992
o Window.Bar
v -1.6 2.955 -0.21
v -1.6 2.955 0.21
v -1.63 2.955 0.21
v -1.63 2.955 -0.21
v -1.6 2.995 -0.21
v -1.6 2.995 0.21
v -1.63 2.995 0.21
v -1.63 2.995 -0.21
usemtl Timber
s off
f 1996 1995 1994 1993
f 1997 1998 1999 2000
f 1993 1994 1998 1997
f 1994 1995 1999 1998
f 1995 1996 2000 1999
f 1996 1993 1997 2000
o Window.Sill
v -1.57 2.68 -0.29
v -1.57 2.68 0.29
v -1.69 2.68 0.29
v -1.69 2.68 -0.29
v -1.57 2.75 -0.29
v -1.57 2.75 0.29
v -1.69 2.75 0.29
v -1.69 2.75 -0.29
usemtl Timber
s off
f 2004 2003 2002 2001
f 2005 2006 2007 2008
f 2001 2002 2006 2005
f 2002 2003 2007 2006
f 2003 2004 2008 2007
f 2004 2001 2005 2008
o Window.Lintel
v -1.57 3.2 -0.28
v -1.57 3.2 0.28
v -1.65 3.2 0.28
v -1.65 3.2 -0.28
v -1.57 3.27 -0.28
v -1.57 3.27 0.28
v -1.65 3.27 0.28
v -1.65 3.27 -0.28
usemtl Timber
s off
f 2012 2011 2010 2009
f 2013 2014 2015 2016
f 2009 2010 2014 2013
f 2010 2011 2015 2014
f 2011 2012 2016 2015
f 2012 2009 2013 2016
o Window.Shutter
v -1.57 2.75 0.27
v -1.57 2.75 0.48
v -1.61 2.75 0.48
v -1.61 2.75 0.27
v -1.57 3.2 0.27
v -1.57 3.2 0.48
v -1.61 3.2 0.48
v -1.61 3.2 0.27
usemtl Wood
s off
f 2020 2019 2018 2017
f 2021 2022 2023 2024
f 2017 2018 2022 2021
f 2018 2019 2023 2022
f 2019 2020 2024 2023
f 2020 2017 2021 2024
o Window.Shutter.Band
v -1.61 2.85 0.27
v -1.61 2.85 0.48
v -1.625 2.85 0.48
v -1.625 2.85 0.27
v -1.61 2.89 0.27
v -1.61 2.89 0.48
v -1.625 2.89 0.48
v -1.625 2.89 0.27
usemtl Timber
s off
f 2028 2027 2026 2025
f 2029 2030 2031 2032
f 2025 2026 2030 2029
f 2026 2027 2031 2030
f 2027 2028 2032 2031
f 2028 2025 2029 2032
o Window.Shutter.Band
v -1.61 3.06 0.27
v -1.61 3.06 0.48
v -1.625 3.06 0.48
v -1.625 3.06 0.27
v -1.61 3.1 0.27
v -1.61 3.1 0.48
v -1.625 3.1 0.48
v -1.625 3.1 0.27
usemtl Timber
s off
f 2036 2035 2034 2033
f 2037 2038 2039 2040
f 2033 2034 2038 2037
f 2034 2035 2039 2038
f 2035 2036 2040 2039
f 2036 2033 2037 2040
o Window.Shutter
v -1.57 2.75 -0.48
v -1.57 2.75 -0.27
v -1.61 2.75 -0.27
v -1.61 2.75 -0.48
v -1.57 3.2 -0.48
v -1.57 3.2 -0.27
v -1.61 3.2 -0.27
v -1.61 3.2 -0.48
usemtl Wood
s off
f 2044 2043 2042 2041
f 2045 2046 2047 2048
f 2041 2042 2046 2045
f 2042 2043 2047 2046
f 2043 2044 2048 2047
f 2044 2041 2045 2048
o Window.Shutter.Band
v -1.61 2.85 -0.48
v -1.61 2.85 -0.27
v -1.625 2.85 -0.27
v -1.625 2.85 -0.48
v -1.61 2.89 -0.48
v -1.61 2.89 -0.27
v -1.625 2.89 -0.27
v -1.625 2.89 -0.48
usemtl Timber
s off
f 2052 2051 2050 2049
f 2053 2054 2055 2056
f 2049 2050 2054 2053
f 2050 2051 2055 2054
f 2051 2052 2056 2055
f 2052 2049 2053 2056
o Window.Shutter.Band
v -1.61 3.06 -0.48
v -1.61 3.06 -0.27
v -1.625 3.06 -0.27
v -1.625 3.06 -0.48
v -1.61 3.1 -0.48
v -1.61 3.1 -0.27
v -1.625 3.1 -0.27
v -1.625 3.1 -0.48
usemtl Timber
s off
f 2060 2059 2058 2057
f 2061 2062 2063 2064
f 2057 2058 2062 2061
f 2058 2059 2063 2062
f 2059 2060 2064 2063
f 2060 2057 2061 2064
o Window.Light
v -0.29 2.75 -1.4
v -0.29 2.75 -1.37
v -0.71 2.75 -1.37
v -0.71 2.75 -1.4
v -0.29 3.2 -1.4
v -0.29 3.2 -1.37
v -0.71 3.2 -1.37
v -0.71 3.2 -1.4
usemtl WindowLit
s off
f 2068 2067 2066 2065
f 2069 2070 2071 2072
f 2065 2066 2070 2069
f 2066 2067 2071 2070
f 2067 2068 2072 2071
f 2068 2065 2069 2072
o Window.Bar
v -0.48 2.75 -1.43
v -0.48 2.75 -1.4
v -0.52 2.75 -1.4
v -0.52 2.75 -1.43
v -0.48 3.2 -1.43
v -0.48 3.2 -1.4
v -0.52 3.2 -1.4
v -0.52 3.2 -1.43
usemtl Timber
s off
f 2076 2075 2074 2073
f 2077 2078 2079 2080
f 2073 2074 2078 2077
f 2074 2075 2079 2078
f 2075 2076 2080 2079
f 2076 2073 2077 2080
o Window.Bar
v -0.29 2.955 -1.43
v -0.29 2.955 -1.4
v -0.71 2.955 -1.4
v -0.71 2.955 -1.43
v -0.29 2.995 -1.43
v -0.29 2.995 -1.4
v -0.71 2.995 -1.4
v -0.71 2.995 -1.43
usemtl Timber
s off
f 2084 2083 2082 2081
f 2085 2086 2087 2088
f 2081 2082 2086 2085
f 2082 2083 2087 2086
f 2083 2084 2088 2087
f 2084 2081 2085 2088
o Window.Sill
v -0.21 2.68 -1.49
v -0.21 2.68 -1.37
v -0.79 2.68 -1.37
v -0.79 2.68 -1.49
v -0.21 2.75 -1.49
v -0.21 2.75 -1.37
v -0.79 2.75 -1.37
v -0.79 2.75 -1.49
usemtl Timber
s off
f 2092 2091 2090 2089
f 2093 2094 2095 2096
f 2089 2090 2094 2093
f 2090 2091 2095 2094
f 2091 2092 2096 2095
f 2092 2089 2093 2096
o Window.Lintel
v -0.22 3.2 -1.45
v -0.22 3.2 -1.37
v -0.78 3.2 -1.37
v -0.78 3.2 -1.45
v -0.22 3.27 -1.45
v -0.22 3.27 -1.37
v -0.78 3.27 -1.37
v -0.78 3.27 -1.45
usemtl Timber
s off
f 2100 2099 2098 2097
f 2101 2102 2103 2104
f 2097 2098 2102 2101
f 2098 2099 2103 2102
f 2099 2100 2104 2103
f 2100 2097 2101 2104
o Window.Shutter
v -0.77 2.75 -1.41
v -0.77 2.75 -1.37
v -0.98 2.75 -1.37
v -0.98 2.75 -1.41
v -0.77 3.2 -1.41
v -0.77 3.2 -1.37
v -0.98 3.2 -1.37
v -0.98 3.2 -1.41
usemtl Wood
s off
f 2108 2107 2106 2105
f 2109 2110 2111 2112
f 2105 2106 2110 2109
f 2106 2107 2111 2110
f 2107 2108 2112 2111
f 2108 2105 2109 2112
o Window.Shutter.Band
v -0.77 2.85 -1.425
v -0.77 2.85 -1.41
v -0.98 2.85 -1.41
v -0.98 2.85 -1.425
v -0.77 2.89 -1.425
v -0.77 2.89 -1.41
v -0.98 2.89 -1.41
v -0.98 2.89 -1.425
usemtl Timber
s off
f 2116 2115 2114 2113
f 2117 2118 2119 2120
f 2113 2114 2118 2117
f 2114 2115 2119 2118
f 2115 2116 2120 2119
f 2116 2113 2117 2120
o Window.Shutter.Band
v -0.77 3.06 -1.425
v -0.77 3.06 -1.41
v -0.98 3.06 -1.41
v -0.98 3.06 -1.425
v -0.77 3.1 -1.425
v -0.77 3.1 -1.41
v -0.98 3.1 -1.41
v -0.98 3.1 -1.425
usemtl Timber
s off
f 2124 2123 2122 2121
f 2125 2126 2127 2128
f 2121 2122 2126 2125
f 2122 2123 2127 2126
f 2123 2124 2128 2127
f 2124 2121 2125 2128
o Window.Shutter
v -0.02 2.75 -1.41
v -0.02 2.75 -1.37
v -0.23 2.75 -1.37
v -0.23 2.75 -1.41
v -0.02 3.2 -1.41
v -0.02 3.2 -1.37
v -0.23 3.2 -1.37
v -0.23 3.2 -1.41
usemtl Wood
s off
f 2132 2131 2130 2129
f 2133 2134 2135 2136
f 2129 2130 2134 2133
f 2130 2131 2135 2134
f 2131 2132 2136 2135
f 2132 2129 2133 2136
o Window.Shutter.Band
v -0.02 2.85 -1.425
v -0.02 2.85 -1.41
v -0.23 2.85 -1.41
v -0.23 2.85 -1.425
v -0.02 2.89 -1.425
v -0.02 2.89 -1.41
v -0.23 2.89 -1.41
v -0.23 2.89 -1.425
usemtl Timber
s off
f 2140 2139 2138 2137
f 2141 2142 2143 2144
f 2137 2138 2142 2141
f 2138 2139 2143 2142
f 2139 2140 2144 2143
f 2140 2137 2141 2144
o Window.Shutter.Band
v -0.02 3.06 -1.425
v -0.02 3.06 -1.41
v -0.23 3.06 -1.41
v -0.23 3.06 -1.425
v -0.02 3.1 -1.425
v -0.02 3.1 -1.41
v -0.23 3.1 -1.41
v -0.23 3.1 -1.425
usemtl Timber
s off
f 2148 2147 2146 2145
f 2149 2150 2151 2152
f 2145 2146 2150 2149
f 2146 2147 2151 2150
f 2147 2148 2152 2151
f 2148 2145 2149 2152
o Window.Box
v 1.15 0.8 1.27
v 1.15 0.8 1.45
v 0.55 0.8 1.45
v 0.55 0.8 1.27
v 1.15 0.92 1.27
v 1.15 0.92 1.45
v 0.55 0.92 1.45
v 0.55 0.92 1.27
usemtl Wood
s off
f 2156 2155 2154 2153
f 2157 2158 2159 2160
f 2153 2154 2158 2157
f 2154 2155 2159 2158
f 2155 2156 2160 2159
f 2156 2153 2157 2160
o Window.Leaf
v 1.104 0.92 1.3
v 1.14 0.92 1.339
v 1.14 0.92 1.391
v 1.104 0.92 1.43
v 1.056 0.92 1.43
v 1.02 0.92 1.391
v 1.02 0.92 1.339
v 1.056 0.92 1.3
v 1.104 1 1.3
v 1.14 1 1.339
v 1.14 1 1.391
v 1.104 1 1.43
v 1.056 1 1.43
v 1.02 1 1.391
v 1.02 1 1.339
v 1.056 1 1.3
usemtl Ivy
s off
f 2168 2167 2166 2165 2164 2163 2162 2161
f 2169 2170 2171 2172 2173 2174 2175 2176
f 2161 2162 2170 2169
f 2162 2163 2171 2170
f 2163 2164 2172 2171
f 2164 2165 2173 2172
f 2165 2166 2174 2173
f 2166 2167 2175 2174
f 2167 2168 2176 2175
f 2168 2161 2169 2176
o Window.Flower
v 1.092 0.98 1.34
v 1.11 0.98 1.358
v 1.11 0.98 1.382
v 1.092 0.98 1.4
v 1.068 0.98 1.4
v 1.05 0.98 1.382
v 1.05 0.98 1.358
v 1.068 0.98 1.34
v 1.092 1.04 1.34
v 1.11 1.04 1.358
v 1.11 1.04 1.382
v 1.092 1.04 1.4
v 1.068 1.04 1.4
v 1.05 1.04 1.382
v 1.05 1.04 1.358
v 1.068 1.04 1.34
usemtl Flower
s off
f 2184 2183 2182 2181 2180 2179 2178 2177
f 2185 2186 2187 2188 2189 2190 2191 2192
f 2177 2178 2186 2185
f 2178 2179 2187 2186
f 2179 2180 2188 2187
f 2180 2181 2189 2188
f 2181 2182 2190 2189
f 2182 2183 2191 2190
f 2183 2184 2192 2191
f 2184 2177 2185 2192
o Window.Leaf
v 0.954 0.92 1.3
v 0.99 0.92 1.339
v 0.99 0.92 1.391
v 0.954 0.92 1.43
v 0.906 0.92 1.43
v 0.87 0.92 1.391
v 0.87 0.92 1.339
v 0.906 0.92 1.3
v 0.954 1 1.3
v 0.99 1 1.339
v 0.99 1 1.391
v 0.954 1 1.43
v 0.906 1 1.43
v 0.87 1 1.391
v 0.87 1 1.339
v 0.906 1 1.3
usemtl Ivy
s off
f 2200 2199 2198 2197 2196 2195 2194 2193
f 2201 2202 2203 2204 2205 2206 2207 2208
f 2193 2194 2202 2201
f 2194 2195 2203 2202
f 2195 2196 2204 2203
f 2196 2197 2205 2204
f 2197 2198 2206 2205
f 2198 2199 2207 2206
f 2199 2200 2208 2207
f 2200 2193 2201 2208
o Window.Flower
v 0.942 0.98 1.34
v 0.96 0.98 1.358
v 0.96 0.98 1.382
v 0.942 0.98 1.4
v 0.918 0.98 1.4
v 0.9 0.98 1.382
v 0.9 0.98 1.358
v 0.918 0.98 1.34
v 0.942 1.04 1.34
v 0.96 1.04 1.358
v 0.96 1.04 1.382
v 0.942 1.04 1.4
v 0.918 1.04 1.4
v 0.9 1.04 1.382
v 0.9 1.04 1.358
v 0.918 1.04 1.34
usemtl Flower
s off
f 2216 2215 2214 2213 2212 2211 2210 2209
f 2217 2218 2219 2220 2221 2222 2223 2224
f 2209 2210 2218 2217
f 2210 2211 2219 2218
f 2211 2212 2220 2219
f 2212 2213 2221 2220
f 2213 2214 2222 2221
f 2214 2215 2223 2222
f 2215 2216 2224 2223
f 2216 2209 2217 2224
o Window.Leaf
v 0.804 0.92 1.3
v 0.84 0.92 1.339
v 0.84 0.92 1.391
v 0.804 0.92 1.43
v 0.756 0.92 1.43
v 0.72 0.92 1.391
v 0.72 0.92 1.339
v 0.756 0.92 1.3
v 0.804 1 1.3
v 0.84 1 1.339
v 0.84 1 1.391
v 0.804 1 1.43
v 0.756 1 1.43
v 0.72 1 1.391
v 0.72 1 1.339
v 0.756 1 1.3
usemtl Ivy
s off
f 2232 2231 2230 2229 2228 2227 2226 2225
f 2233 2234 2235 2236 2237 2238 2239 2240
f 2225 2226 2234 2233
f 2226 2227 2235 2234
f 2227 2228 2236 2235
f 2228 2229 2237 2236
f 2229 2230 2238 2237
f 2230 2231 2239 2238
f 2231 2232 2240 2239
f 2232 2225 2233 2240
o Window.Flower
v 0.792 0.98 1.34
v 0.81 0.98 1.358
v 0.81 0.98 1.382
v 0.792 0.98 1.4
v 0.768 0.98 1.4
v 0.75 0.98 1.382
v 0.75 0.98 1.358
v 0.768 0.98 1.34
v 0.792 1.04 1.34
v 0.81 1.04 1.358
v 0.81 1.04 1.382
v 0.792 1.04 1.4
v 0.768 1.04 1.4
v 0.75 1.04 1.382
v 0.75 1.04 1.358
v 0.768 1.04 1.34
usemtl Flower
s off
f 2248 2247 2246 2245 2244 2243 2242 2241
f 2249 2250 2251 2252 2253 2254 2255 2256
f 2241 2242 2250 2249
f 2242 2243 2251 2250
f 2243 2244 2252 2251
f 2244 2245 2253 2252
f 2245 2246 2254 2253
f 2246 2247 2255 2254
f 2247 2248 2256 2255
f 2248 2241 2249 2256
o Window.Leaf
v 0.654 0.92 1.3
v 0.69 0.92 1.339
v 0.69 0.92 1.391
v 0.654 0.92 1.43
v 0.606 0.92 1.43
v 0.57 0.92 1.391
v 0.57 0.92 1.339
v 0.606 0.92 1.3
v 0.654 1 1.3
v 0.69 1 1.339
v 0.69 1 1.391
v 0.654 1 1.43
v 0.606 1 1.43
v 0.57 1 1.391
v 0.57 1 1.339
v 0.606 1 1.3
usemtl Ivy
s off
f 2264 2263 2262 2261 2260 2259 2258 2257
f 2265 2266 2267 2268 2269 2270 2271 2272
f 2257 2258 2266 2265
f 2258 2259 2267 2266
f 2259 2260 2268 2267
f 2260 2261 2269 2268
f 2261 2262 2270 2269
f 2262 2263 2271 2270
f 2263 2264 2272 2271
f 2264 2257 2265 2272
o Window.Flower
v 0.642 0.98 1.34
v 0.66 0.98 1.358
v 0.66 0.98 1.382
v 0.642 0.98 1.4
v 0.618 0.98 1.4
v 0.6 0.98 1.382
v 0.6 0.98 1.358
v 0.618 0.98 1.34
v 0.642 1.04 1.34
v 0.66 1.04 1.358
v 0.66 1.04 1.382
v 0.642 1.04 1.4
v 0.618 1.04 1.4
v 0.6 1.04 1.382
v 0.6 1.04 1.358
v 0.618 1.04 1.34
usemtl Flower
s off
f 2280 2279 2278 2277 2276 2275 2274 2273
f 2281 2282 2283 2284 2285 2286 2287 2288
f 2273 2274 2282 2281
f 2274 2275 2283 2282
f 2275 2276 2284 2283
f 2276 2277 2285 2284
f 2277 2278 2286 2285
f 2278 2279 2287 2286
f 2279 2280 2288 2287
f 2280 2273 2281 2288
o Door
v -0.16 0.35 1.25
v -0.16 0.35 1.31
v -0.94 0.35 1.31
v -0.94 0.35 1.25
v -0.16 2.1 1.25
v -0.16 2.1 1.31
v -0.94 2.1 1.31
v -0.94 2.1 1.25
usemtl Wood
s off
f 2292 2291 2290 2289
f 2293 2294 2295 2296
f 2289 2290 2294 2293
f 2290 2291 2295 2294
f 2291 2292 2296 2295
f 2292 2289 2293 2296
o Door.Seam
v -0.343 0.39 1.31
v -0.343 0.39 1.318
v -0.367 0.39 1.318
v -0.367 0.39 1.31
v -0.343 2.06 1.31
v -0.343 2.06 1.318
v -0.367 2.06 1.318
v -0.367 2.06 1.31
usemtl WoodDark
s off
f 2300 2299 2298 2297
f 2301 2302 2303 2304
f 2297 2298 2302 2301
f 2298 2299 2303 2302
f 2299 2300 2304 2303
f 2300 2297 2301 2304
o Door.Seam
v -0.538 0.39 1.31
v -0.538 0.39 1.318
v -0.562 0.39 1.318
v -0.562 0.39 1.31
v -0.538 2.06 1.31
v -0.538 2.06 1.318
v -0.562 2.06 1.318
v -0.562 2.06 1.31
usemtl WoodDark
s off
f 2308 2307 2306 2305
f 2309 2310 2311 2312
f 2305 2306 2310 2309
f 2306 2307 2311 2310
f 2307 2308 2312 2311
f 2308 2305 2309 2312
o Door.Seam
v -0.733 0.39 1.31
v -0.733 0.39 1.318
v -0.757 0.39 1.318
v -0.757 0.39 1.31
v -0.733 2.06 1.31
v -0.733 2.06 1.318
v -0.757 2.06 1.318
v -0.757 2.06 1.31
usemtl WoodDark
s off
f 2316 2315 2314 2313
f 2317 2318 2319 2320
f 2313 2314 2318 2317
f 2314 2315 2319 2318
f 2315 2316 2320 2319
f 2316 2313 2317 2320
o Door.Hinge
v -0.19 0.7 1.31
v -0.19 0.7 1.325
v -0.706 0.7 1.325
v -0.706 0.7 1.31
v -0.19 0.76 1.31
v -0.19 0.76 1.325
v -0.706 0.76 1.325
v -0.706 0.76 1.31
usemtl Iron
s off
f 2324 2323 2322 2321
f 2325 2326 2327 2328
f 2321 2322 2326 2325
f 2322 2323 2327 2326
f 2323 2324 2328 2327
f 2324 2321 2325 2328
o Door.Hinge
v -0.19 1.65 1.31
v -0.19 1.65 1.325
v -0.706 1.65 1.325
v -0.706 1.65 1.31
v -0.19 1.71 1.31
v -0.19 1.71 1.325
v -0.706 1.71 1.325
v -0.706 1.71 1.31
usemtl Iron
s off
f 2332 2331 2330 2329
f 2333 2334 2335 2336
f 2329 2330 2334 2333
f 2330 2331 2335 2334
f 2331 2332 2336 2335
f 2332 2329 2333 2336
o Door.Handle
v -0.805 1.172 1.31
v -0.784 1.172 1.322
v -0.784 1.172 1.338
v -0.805 1.172 1.35
v -0.833 1.172 1.35
v -0.854 1.172 1.338
v -0.854 1.172 1.322
v -0.833 1.172 1.31
v -0.805 1.262 1.31
v -0.784 1.262 1.322
v -0.784 1.262 1.338
v -0.805 1.262 1.35
v -0.833 1.262 1.35
v -0.854 1.262 1.338
v -0.854 1.262 1.322
v -0.833 1.262 1.31
usemtl Iron
s off
f 2344 2343 2342 2341 2340 2339 2338 2337
f 2345 2346 2347 2348 2349 2350 2351 2352
f 2337 2338 2346 2345
f 2338 2339 2347 2346
f 2339 2340 2348 2347
f 2340 2341 2349 2348
f 2341 2342 2350 2349
f 2342 2343 2351 2350
f 2343 2344 2352 2351
f 2344 2337 2345 2352
o Door.Frame
v -0.03 0.35 1.25
v -0.03 0.35 1.34
v -0.16 0.35 1.34
v -0.16 0.35 1.25
v -0.03 2.25 1.25
v -0.03 2.25 1.34
v -0.16 2.25 1.34
v -0.16 2.25 1.25
usemtl Timber
s off
f 2356 2355 2354 2353
f 2357 2358 2359 2360
f 2353 2354 2358 2357
f 2354 2355 2359 2358
f 2355 2356 2360 2359
f 2356 2353 2357 2360
o Door.Frame
v -0.94 0.35 1.25
v -0.94 0.35 1.34
v -1.07 0.35 1.34
v -1.07 0.35 1.25
v -0.94 2.25 1.25
v -0.94 2.25 1.34
v -1.07 2.25 1.34
v -1.07 2.25 1.25
usemtl Timber
s off
f 2364 2363 2362 2361
f 2365 2366 2367 2368
f 2361 2362 2366 2365
f 2362 2363 2367 2366
f 2363 2364 2368 2367
f 2364 2361 2365 2368
o Door.Frame
v -0.03 2.1 1.25
v -0.03 2.1 1.35
v -1.07 2.1 1.35
v -1.07 2.1 1.25
v -0.03 2.25 1.25
v -0.03 2.25 1.35
v -1.07 2.25 1.35
v -1.07 2.25 1.25
usemtl Timber
s off
f 2372 2371 2370 2369
f 2373 2374 2375 2376
f 2369 2370 2374 2373
f 2370 2371 2375 2374
f 2371 2372 2376 2375
f 2372 2369 2373 2376
o Step
v -0.15 0 1.27
v -0.05 0 1.31
v -0.05 0 1.63
v -0.15 0 1.67
v -0.95 0 1.67
v -1.05 0 1.63
v -1.05 0 1.31
v -0.95 0 1.27
v -0.15 0.35 1.27
v -0.05 0.35 1.31
v -0.05 0.35 1.63
v -0.15 0.35 1.67
v -0.95 0.35 1.67
v -1.05 0.35 1.63
v -1.05 0.35 1.31
v -0.95 0.35 1.27
usemtl StoneLight
s off
f 2384 2383 2382 2381 2380 2379 2378 2377
f 2385 2386 2387 2388 2389 2390 2391 2392
f 2377 2378 2386 2385
f 2378 2379 2387 2386
f 2379 2380 2388 2387
f 2380 2381 2389 2388
f 2381 2382 2390 2389
f 2382 2383 2391 2390
f 2383 2384 2392 2391
f 2384 2377 2385 2392
o Lantern
v -1.05 1.88 1.34
v -1.05 1.88 1.48
v -1.19 1.88 1.48
v -1.19 1.88 1.34
v -1.05 1.9 1.34
v -1.05 1.9 1.48
v -1.19 1.9 1.48
v -1.19 1.9 1.34
usemtl Iron
s off
f 2396 2395 2394 2393
f 2397 2398 2399 2400
f 2393 2394 2398 2397
f 2394 2395 2399 2398
f 2395 2396 2400 2399
f 2396 2393 2397 2400
o Lantern.Flame
v -1.07 1.9 1.36
v -1.07 1.9 1.46
v -1.17 1.9 1.46
v -1.17 1.9 1.36
v -1.07 2.04 1.36
v -1.07 2.04 1.46
v -1.17 2.04 1.46
v -1.17 2.04 1.36
usemtl Flame
s off
f 2404 2403 2402 2401
f 2405 2406 2407 2408
f 2401 2402 2406 2405
f 2402 2403 2407 2406
f 2403 2404 2408 2407
f 2404 2401 2405 2408
o Lantern.Cap
v -1.04 2.04 1.33
v -1.04 2.04 1.49
v -1.2 2.04 1.49
v -1.2 2.04 1.33
v -1.1 2.1 1.39
v -1.1 2.1 1.43
v -1.14 2.1 1.43
v -1.14 2.1 1.39
usemtl Iron
s off
f 2412 2411 2410 2409
f 2413 2414 2415 2416
f 2409 2410 2414 2413
f 2410 2411 2415 2414
f 2411 2412 2416 2415
f 2412 2409 2413 2416
o Lantern.Bracket
v -1.1 2.08 1.25
v -1.1 2.08 1.43
v -1.14 2.08 1.43
v -1.14 2.08 1.25
v -1.1 2.12 1.25
v -1.1 2.12 1.43
v -1.14 2.12 1.43
v -1.14 2.12 1.25
usemtl Iron
s off
f 2420 2419 2418 2417
f 2421 2422 2423 2424
f 2417 2418 2422 2421
f 2418 2419 2423 2422
f 2419 2420 2424 2423
f 2420 2417 2421 2424
o Shield
v -0.3 3.3 1.42
v -0.72 3.3 1.42
v -0.72 3.02 1.42
v -0.51 2.72 1.42
v -0.3 3.02 1.42
v -0.3 3.3 1.47
v -0.72 3.3 1.47
v -0.72 3.02 1.47
v -0.51 2.72 1.47
v -0.3 3.02 1.47
usemtl Paint
s off
f 2429 2428 2427 2426 2425
f 2430 2431 2432 2433 2434
f 2425 2426 2431 2430
f 2426 2427 2432 2431
f 2427 2428 2433 2432
f 2428 2429 2434 2433
f 2429 2425 2430 2434
o Shield.Stripe
v -0.365 3.285 1.51
v -0.365 3.285 1.44
v -0.315 3.235 1.44
v -0.315 3.235 1.51
v -0.705 2.945 1.51
v -0.705 2.945 1.44
v -0.655 2.895 1.44
v -0.655 2.895 1.51
usemtl Canvas
s off
f 2438 2437 2436 2435
f 2439 2440 2441 2442
f 2435 2436 2440 2439
f 2436 2437 2441 2440
f 2437 2438 2442 2441
f 2438 2435 2439 2442
o Roof
v 1.87 3.35 1.79
v 1.87 3.581 1.566
v 1.87 3.701 1.566
v 1.87 3.542 1.79
v -1.87 3.35 1.79
v -1.87 3.581 1.566
v -1.87 3.701 1.566
v -1.87 3.542 1.79
usemtl Shingle
s off
f 2446 2445 2444 2443
f 2447 2448 2449 2450
f 2443 2444 2448 2447
f 2444 2445 2449 2448
f 2445 2446 2450 2449
f 2446 2443 2447 2450
o Roof
v 1.87 3.581 1.566
v 1.87 3.813 1.343
v 1.87 3.933 1.343
v 1.87 3.773 1.566
v -1.87 3.581 1.566
v -1.87 3.813 1.343
v -1.87 3.933 1.343
v -1.87 3.773 1.566
usemtl Shingle
s off
f 2454 2453 2452 2451
f 2455 2456 2457 2458
f 2451 2452 2456 2455
f 2452 2453 2457 2456
f 2453 2454 2458 2457
f 2454 2451 2455 2458
o Roof
v 1.87 3.813 1.343
v 1.87 4.044 1.119
v 1.87 4.164 1.119
v 1.87 4.005 1.343
v -1.87 3.813 1.343
v -1.87 4.044 1.119
v -1.87 4.164 1.119
v -1.87 4.005 1.343
usemtl Shingle
s off
f 2462 2461 2460 2459
f 2463 2464 2465 2466
f 2459 2460 2464 2463
f 2460 2461 2465 2464
f 2461 2462 2466 2465
f 2462 2459 2463 2466
o Roof
v 1.87 4.044 1.119
v 1.87 4.275 0.895
v 1.87 4.395 0.895
v 1.87 4.236 1.119
v -1.87 4.044 1.119
v -1.87 4.275 0.895
v -1.87 4.395 0.895
v -1.87 4.236 1.119
usemtl Shingle
s off
f 2470 2469 2468 2467
f 2471 2472 2473 2474
f 2467 2468 2472 2471
f 2468 2469 2473 2472
f 2469 2470 2474 2473
f 2470 2467 2471 2474
o Roof
v 1.87 4.275 0.895
v 1.87 4.506 0.671
v 1.87 4.626 0.671
v 1.87 4.467 0.895
v -1.87 4.275 0.895
v -1.87 4.506 0.671
v -1.87 4.626 0.671
v -1.87 4.467 0.895
usemtl Shingle
s off
f 2478 2477 2476 2475
f 2479 2480 2481 2482
f 2475 2476 2480 2479
f 2476 2477 2481 2480
f 2477 2478 2482 2481
f 2478 2475 2479 2482
o Roof
v 1.87 4.506 0.671
v 1.87 4.738 0.448
v 1.87 4.858 0.448
v 1.87 4.698 0.671
v -1.87 4.506 0.671
v -1.87 4.738 0.448
v -1.87 4.858 0.448
v -1.87 4.698 0.671
usemtl Shingle
s off
f 2486 2485 2484 2483
f 2487 2488 2489 2490
f 2483 2484 2488 2487
f 2484 2485 2489 2488
f 2485 2486 2490 2489
f 2486 2483 2487 2490
o Roof
v 1.87 4.738 0.448
v 1.87 4.969 0.224
v 1.87 5.089 0.224
v 1.87 4.93 0.448
v -1.87 4.738 0.448
v -1.87 4.969 0.224
v -1.87 5.089 0.224
v -1.87 4.93 0.448
usemtl Shingle
s off
f 2494 2493 2492 2491
f 2495 2496 2497 2498
f 2491 2492 2496 2495
f 2492 2493 2497 2496
f 2493 2494 2498 2497
f 2494 2491 2495 2498
o Roof
v 1.87 4.969 0.224
v 1.87 5.2 0
v 1.87 5.32 0
v 1.87 5.089 0.224
v -1.87 4.969 0.224
v -1.87 5.2 0
v -1.87 5.32 0
v -1.87 5.089 0.224
usemtl Shingle
s off
f 2502 2501 2500 2499
f 2503 2504 2505 2506
f 2499 2500 2504 2503
f 2500 2501 2505 2504
f 2501 2502 2506 2505
f 2502 2499 2503 2506
o Roof
v 1.87 3.35 -1.79
v 1.87 3.581 -1.566
v 1.87 3.701 -1.566
v 1.87 3.542 -1.79
v -1.87 3.35 -1.79
v -1.87 3.581 -1.566
v -1.87 3.701 -1.566
v -1.87 3.542 -1.79
usemtl Shingle
s off
f 2510 2509 2508 2507
f 2511 2512 2513 2514
f 2507 2508 2512 2511
f 2508 2509 2513 2512
f 2509 2510 2514 2513
f 2510 2507 2511 2514
o Roof
v 1.87 3.581 -1.566
v 1.87 3.813 -1.343
v 1.87 3.933 -1.343
v 1.87 3.773 -1.566
v -1.87 3.581 -1.566
v -1.87 3.813 -1.343
v -1.87 3.933 -1.343
v -1.87 3.773 -1.566
usemtl Shingle
s off
f 2518 2517 2516 2515
f 2519 2520 2521 2522
f 2515 2516 2520 2519
f 2516 2517 2521 2520
f 2517 2518 2522 2521
f 2518 2515 2519 2522
o Roof
v 1.87 3.813 -1.343
v 1.87 4.044 -1.119
v 1.87 4.164 -1.119
v 1.87 4.005 -1.343
v -1.87 3.813 -1.343
v -1.87 4.044 -1.119
v -1.87 4.164 -1.119
v -1.87 4.005 -1.343
usemtl Shingle
s off
f 2526 2525 2524 2523
f 2527 2528 2529 2530
f 2523 2524 2528 2527
f 2524 2525 2529 2528
f 2525 2526 2530 2529
f 2526 2523 2527 2530
o Roof
v 1.87 4.044 -1.119
v 1.87 4.275 -0.895
v 1.87 4.395 -0.895
v 1.87 4.236 -1.119
v -1.87 4.044 -1.119
v -1.87 4.275 -0.895
v -1.87 4.395 -0.895
v -1.87 4.236 -1.119
usemtl Shingle
s off
f 2534 2533 2532 2531
f 2535 2536 2537 2538
f 2531 2532 2536 2535
f 2532 2533 2537 2536
f 2533 2534 2538 2537
f 2534 2531 2535 2538
o Roof
v 1.87 4.275 -0.895
v 1.87 4.506 -0.671
v 1.87 4.626 -0.671
v 1.87 4.467 -0.895
v -1.87 4.275 -0.895
v -1.87 4.506 -0.671
v -1.87 4.626 -0.671
v -1.87 4.467 -0.895
usemtl Shingle
s off
f 2542 2541 2540 2539
f 2543 2544 2545 2546
f 2539 2540 2544 2543
f 2540 2541 2545 2544
f 2541 2542 2546 2545
f 2542 2539 2543 2546
o Roof
v 1.87 4.506 -0.671
v 1.87 4.738 -0.448
v 1.87 4.858 -0.448
v 1.87 4.698 -0.671
v -1.87 4.506 -0.671
v -1.87 4.738 -0.448
v -1.87 4.858 -0.448
v -1.87 4.698 -0.671
usemtl Shingle
s off
f 2550 2549 2548 2547
f 2551 2552 2553 2554
f 2547 2548 2552 2551
f 2548 2549 2553 2552
f 2549 2550 2554 2553
f 2550 2547 2551 2554
o Roof
v 1.87 4.738 -0.448
v 1.87 4.969 -0.224
v 1.87 5.089 -0.224
v 1.87 4.93 -0.448
v -1.87 4.738 -0.448
v -1.87 4.969 -0.224
v -1.87 5.089 -0.224
v -1.87 4.93 -0.448
usemtl Shingle
s off
f 2558 2557 2556 2555
f 2559 2560 2561 2562
f 2555 2556 2560 2559
f 2556 2557 2561 2560
f 2557 2558 2562 2561
f 2558 2555 2559 2562
o Roof
v 1.87 4.969 -0.224
v 1.87 5.2 0
v 1.87 5.32 0
v 1.87 5.089 -0.224
v -1.87 4.969 -0.224
v -1.87 5.2 0
v -1.87 5.32 0
v -1.87 5.089 -0.224
usemtl Shingle
s off
f 2566 2565 2564 2563
f 2567 2568 2569 2570
f 2563 2564 2568 2567
f 2564 2565 2569 2568
f 2565 2566 2570 2569
f 2566 2563 2567 2570
o Roof.Ridge
v 1.91 5.308 0.104
v 1.91 5.35 0
v 1.91 5.308 -0.104
v 1.91 5.223 -0.104
v 1.91 5.18 0
v 1.91 5.223 0.104
v -1.91 5.308 0.104
v -1.91 5.35 0
v -1.91 5.308 -0.104
v -1.91 5.223 -0.104
v -1.91 5.18 0
v -1.91 5.223 0.104
usemtl ShingleDark
s off
f 2576 2575 2574 2573 2572 2571
f 2577 2578 2579 2580 2581 2582
f 2571 2572 2578 2577
f 2572 2573 2579 2578
f 2573 2574 2580 2579
f 2574 2575 2581 2580
f 2575 2576 2582 2581
f 2576 2571 2577 2582
o Gable
v 1.57 3.45 -1.37
v 1.57 3.45 1.37
v 1.57 5.1 0
v -1.57 3.45 -1.37
v -1.57 3.45 1.37
v -1.57 5.1 0
usemtl PlasterGrey
s off
f 2585 2584 2583
f 2586 2587 2588
f 2583 2584 2587 2586
f 2584 2585 2588 2587
f 2585 2583 2586 2588
o Gable.KingPost
v 1.555 3.45 -0.045
v 1.555 3.45 0.045
v 1.645 3.45 0.045
v 1.645 3.45 -0.045
v 1.555 5 -0.045
v 1.555 5 0.045
v 1.645 5 0.045
v 1.645 5 -0.045
usemtl Timber
s off
f 2592 2591 2590 2589
f 2593 2594 2595 2596
f 2589 2590 2594 2593
f 2590 2591 2595 2594
f 2591 2592 2596 2595
f 2592 2589 2593 2596
o Gable.Collar
v 1.645 4.37 -0.75
v 1.555 4.37 -0.75
v 1.555 4.28 -0.75
v 1.645 4.28 -0.75
v 1.645 4.37 0.75
v 1.555 4.37 0.75
v 1.555 4.28 0.75
v 1.645 4.28 0.75
usemtl Timber
s off
f 2600 2599 2598 2597
f 2601 2602 2603 2604
f 2597 2598 2602 2601
f 2598 2599 2603 2602
f 2599 2600 2604 2603
f 2600 2597 2601 2604
o Gable.Brace
v 1.64 3.478 -1.298
v 1.56 3.478 -1.298
v 1.56 3.422 -1.242
v 1.64 3.422 -1.242
v 1.64 4.353 -0.428
v 1.56 4.353 -0.428
v 1.56 4.297 -0.372
v 1.64 4.297 -0.372
usemtl Timber
s off
f 2608 2607 2606 2605
f 2609 2610 2611 2612
f 2605 2606 2610 2609
f 2606 2607 2611 2610
f 2607 2608 2612 2611
f 2608 2605 2609 2612
o Gable.Barge
v 1.95 3.431 -1.794
v 1.83 3.431 -1.794
v 1.83 3.349 -1.706
v 1.95 3.349 -1.706
v 1.95 5.341 -0.044
v 1.83 5.341 -0.044
v 1.83 5.259 0.044
v 1.95 5.259 0.044
usemtl Timber
s off
f 2616 2615 2614 2613
f 2617 2618 2619 2620
f 2613 2614 2618 2617
f 2614 2615 2619 2618
f 2615 2616 2620 2619
f 2616 2613 2617 2620
o Gable.Brace
v 1.56 3.478 1.298
v 1.64 3.478 1.298
v 1.64 3.422 1.242
v 1.56 3.422 1.242
v 1.56 4.353 0.428
v 1.64 4.353 0.428
v 1.64 4.297 0.372
v 1.56 4.297 0.372
usemtl Timber
s off
f 2624 2623 2622 2621
f 2625 2626 2627 2628
f 2621 2622 2626 2625
f 2622 2623 2627 2626
f 2623 2624 2628 2627
f 2624 2621 2625 2628
o Gable.Barge
v 1.83 3.431 1.794
v 1.95 3.431 1.794
v 1.95 3.349 1.706
v 1.83 3.349 1.706
v 1.83 5.341 0.044
v 1.95 5.341 0.044
v 1.95 5.259 -0.044
v 1.83 5.259 -0.044
usemtl Timber
s off
f 2632 2631 2630 2629
f 2633 2634 2635 2636
f 2629 2630 2634 2633
f 2630 2631 2635 2634
f 2631 2632 2636 2635
f 2632 2629 2633 2636
o Gable.Window
v 1.62 4.45 -0.16
v 1.62 4.45 0.16
v 1.58 4.45 0.16
v 1.58 4.45 -0.16
v 1.62 4.8 -0.16
v 1.62 4.8 0.16
v 1.58 4.8 0.16
v 1.58 4.8 -0.16
usemtl WindowLit
s off
f 2640 2639 2638 2637
f 2641 2642 2643 2644
f 2637 2638 2642 2641
f 2638 2639 2643 2642
f 2639 2640 2644 2643
f 2640 2637 2641 2644
o Gable.KingPost
v -1.645 3.45 -0.045
v -1.645 3.45 0.045
v -1.555 3.45 0.045
v -1.555 3.45 -0.045
v -1.645 5 -0.045
v -1.645 5 0.045
v -1.555 5 0.045
v -1.555 5 -0.045
usemtl Timber
s off
f 2648 2647 2646 2645
f 2649 2650 2651 2652
f 2645 2646 2650 2649
f 2646 2647 2651 2650
f 2647 2648 2652 2651
f 2648 2645 2649 2652
o Gable.Collar
v -1.555 4.37 -0.75
v -1.645 4.37 -0.75
v -1.645 4.28 -0.75
v -1.555 4.28 -0.75
v -1.555 4.37 0.75
v -1.645 4.37 0.75
v -1.645 4.28 0.75
v -1.555 4.28 0.75
usemtl Timber
s off
f 2656 2655 2654 2653
f 2657 2658 2659 2660
f 2653 2654 2658 2657
f 2654 2655 2659 2658
f 2655 2656 2660 2659
f 2656 2653 2657 2660
o Gable.Brace
v -1.56 3.478 -1.298
v -1.64 3.478 -1.298
v -1.64 3.422 -1.242
v -1.56 3.422 -1.242
v -1.56 4.353 -0.428
v -1.64 4.353 -0.428
v -1.64 4.297 -0.372
v -1.56 4.297 -0.372
usemtl Timber
s off
f 2664 2663 2662 2661
f 2665 2666 2667 2668
f 2661 2662 2666 2665
f 2662 2663 2667 2666
f 2663 2664 2668 2667
f 2664 2661 2665 2668
o Gable.Barge
v -1.83 3.431 -1.794
v -1.95 3.431 -1.794
v -1.95 3.349 -1.706
v -1.83 3.349 -1.706
v -1.83 5.341 -0.044
v -1.95 5.341 -0.044
v -1.95 5.259 0.044
v -1.83 5.259 0.044
usemtl Timber
s off
f 2672 2671 2670 2669
f 2673 2674 2675 2676
f 2669 2670 2674 2673
f 2670 2671 2675 2674
f 2671 2672 2676 2675
f 2672 2669 2673 2676
o Gable.Brace
v -1.64 3.478 1.298
v -1.56 3.478 1.298
v -1.56 3.422 1.242
v -1.64 3.422 1.242
v -1.64 4.353 0.428
v -1.56 4.353 0.428
v -1.56 4.297 0.372
v -1.64 4.297 0.372
usemtl Timber
s off
f 2680 2679 2678 2677
f 2681 2682 2683 2684
f 2677 2678 2682 2681
f 2678 2679 2683 2682
f 2679 2680 2684 2683
f 2680 2677 2681 2684
o Gable.Barge
v -1.95 3.431 1.794
v -1.83 3.431 1.794
v -1.83 3.349 1.706
v -1.95 3.349 1.706
v -1.95 5.341 0.044
v -1.83 5.341 0.044
v -1.83 5.259 -0.044
v -1.95 5.259 -0.044
usemtl Timber
s off
f 2688 2687 2686 2685
f 2689 2690 2691 2692
f 2685 2686 2690 2689
f 2686 2687 2691 2690
f 2687 2688 2692 2691
f 2688 2685 2689 2692
o Gable.Window
v -1.58 4.45 -0.16
v -1.58 4.45 0.16
v -1.62 4.45 0.16
v -1.62 4.45 -0.16
v -1.58 4.8 -0.16
v -1.58 4.8 0.16
v -1.62 4.8 0.16
v -1.62 4.8 -0.16
usemtl WindowLit
s off
f 2696 2695 2694 2693
f 2697 2698 2699 2700
f 2693 2694 2698 2697
f 2694 2695 2699 2698
f 2695 2696 2700 2699
f 2696 2693 2697 2700
o Chimney
v 1.124 3.25 -1
v 1.15 3.25 -0.974
v 1.15 3.25 -0.596
v 1.124 3.25 -0.57
v 0.746 3.25 -0.57
v 0.72 3.25 -0.596
v 0.72 3.25 -0.974
v 0.746 3.25 -1
v 1.124 5.75 -1
v 1.15 5.75 -0.974
v 1.15 5.75 -0.596
v 1.124 5.75 -0.57
v 0.746 5.75 -0.57
v 0.72 5.75 -0.596
v 0.72 5.75 -0.974
v 0.746 5.75 -1
usemtl Stone
s off
f 2708 2707 2706 2705 2704 2703 2702 2701
f 2709 2710 2711 2712 2713 2714 2715 2716
f 2701 2702 2710 2709
f 2702 2703 2711 2710
f 2703 2704 2712 2711
f 2704 2705 2713 2712
f 2705 2706 2714 2713
f 2706 2707 2715 2714
f 2707 2708 2716 2715
f 2708 2701 2709 2716
o Chimney.Cap
v 1.22 5.75 -1.07
v 1.22 5.75 -0.5
v 0.65 5.75 -0.5
v 0.65 5.75 -1.07
v 1.22 5.86 -1.07
v 1.22 5.86 -0.5
v 0.65 5.86 -0.5
v 0.65 5.86 -1.07
usemtl StoneDark
s off
f 2720 2719 2718 2717
f 2721 2722 2723 2724
f 2717 2718 2722 2721
f 2718 2719 2723 2722
f 2719 2720 2724 2723
f 2720 2717 2721 2724
o Chimney.Flue
v 1.05 5.86 -0.9
v 1.05 5.86 -0.67
v 0.82 5.86 -0.67
v 0.82 5.86 -0.9
v 1.05 5.87 -0.9
v 1.05 5.87 -0.67
v 0.82 5.87 -0.67
v 0.82 5.87 -0.9
usemtl Soot
s off
f 2728 2727 2726 2725
f 2729 2730 2731 2732
f 2725 2726 2730 2729
f 2726 2727 2731 2730
f 2727 2728 2732 2731
f 2728 2725 2729 2732
o Shed.Post
v -2.31 0 -1.19
v -2.31 0 -1.01
v -2.49 0 -1.01
v -2.49 0 -1.19
v -2.31 1.9 -1.19
v -2.31 1.9 -1.01
v -2.49 1.9 -1.01
v -2.49 1.9 -1.19
usemtl Timber
s off
f 2736 2735 2734 2733
f 2737 2738 2739 2740
f 2733 2734 2738 2737
f 2734 2735 2739 2738
f 2735 2736 2740 2739
f 2736 2733 2737 2740
o Shed.Brace
v -2.424 1.475 -1.135
v -2.424 1.475 -1.065
v -2.376 1.425 -1.065
v -2.376 1.425 -1.135
v -1.974 1.905 -1.135
v -1.974 1.905 -1.065
v -1.926 1.855 -1.065
v -1.926 1.855 -1.135
usemtl Timber
s off
f 2744 2743 2742 2741
f 2745 2746 2747 2748
f 2741 2742 2746 2745
f 2742 2743 2747 2746
f 2743 2744 2748 2747
f 2744 2741 2745 2748
o Shed.Post
v -2.31 0 1.01
v -2.31 0 1.19
v -2.49 0 1.19
v -2.49 0 1.01
v -2.31 1.9 1.01
v -2.31 1.9 1.19
v -2.49 1.9 1.19
v -2.49 1.9 1.01
usemtl Timber
s off
f 2752 2751 2750 2749
f 2753 2754 2755 2756
f 2749 2750 2754 2753
f 2750 2751 2755 2754
f 2751 2752 2756 2755
f 2752 2749 2753 2756
o Shed.Brace
v -2.424 1.475 1.065
v -2.424 1.475 1.135
v -2.376 1.425 1.135
v -2.376 1.425 1.065
v -1.974 1.905 1.065
v -1.974 1.905 1.135
v -1.926 1.855 1.135
v -1.926 1.855 1.065
usemtl Timber
s off
f 2760 2759 2758 2757
f 2761 2762 2763 2764
f 2757 2758 2762 2761
f 2758 2759 2763 2762
f 2759 2760 2764 2763
f 2760 2757 2761 2764
o Shed.Beam
v -2.32 1.85 -1.35
v -2.32 1.85 1.35
v -2.48 1.85 1.35
v -2.48 1.85 -1.35
v -2.32 1.98 -1.35
v -2.32 1.98 1.35
v -2.48 1.98 1.35
v -2.48 1.98 -1.35
usemtl Timber
s off
f 2768 2767 2766 2765
f 2769 2770 2771 2772
f 2765 2766 2770 2769
f 2766 2767 2771 2770
f 2767 2768 2772 2771
f 2768 2765 2769 2772
o Shed.Roof
v -2.65 1.9 -1.5
v -2.25 2.05 -1.5
v -2.25 2.15 -1.5
v -2.65 2.06 -1.5
v -2.65 1.9 1.5
v -2.25 2.05 1.5
v -2.25 2.15 1.5
v -2.65 2.06 1.5
usemtl Shingle
s off
f 2776 2775 2774 2773
f 2777 2778 2779 2780
f 2773 2774 2778 2777
f 2774 2775 2779 2778
f 2775 2776 2780 2779
f 2776 2773 2777 2780
o Shed.Roof
v -2.25 2.05 -1.5
v -1.85 2.2 -1.5
v -1.85 2.3 -1.5
v -2.25 2.21 -1.5
v -2.25 2.05 1.5
v -1.85 2.2 1.5
v -1.85 2.3 1.5
v -2.25 2.21 1.5
usemtl Shingle
s off
f 2784 2783 2782 2781
f 2785 2786 2787 2788
f 2781 2782 2786 2785
f 2782 2783 2787 2786
f 2783 2784 2788 2787
f 2784 2781 2785 2788
o Shed.Roof
v -1.85 2.2 -1.5
v -1.45 2.35 -1.5
v -1.45 2.45 -1.5
v -1.85 2.3 -1.5
v -1.85 2.2 1.5
v -1.45 2.35 1.5
v -1.45 2.45 1.5
v -1.85 2.3 1.5
usemtl Shingle
s off
f 2792 2791 2790 2789
f 2793 2794 2795 2796
f 2789 2790 2794 2793
f 2790 2791 2795 2794
f 2791 2792 2796 2795
f 2792 2789 2793 2796
o Firewood
v -1.57 0.163 -0.86
v -1.57 0.217 -0.928
v -1.57 0.198 -1.012
v -1.57 0.12 -1.05
v -1.57 0.042 -1.012
v -1.57 0.023 -0.928
v -1.57 0.077 -0.86
v -2.17 0.163 -0.86
v -2.17 0.217 -0.928
v -2.17 0.198 -1.012
v -2.17 0.12 -1.05
v -2.17 0.042 -1.012
v -2.17 0.023 -0.928
v -2.17 0.077 -0.86
usemtl Bark
s off
f 2803 2802 2801 2800 2799 2798 2797
f 2804 2805 2806 2807 2808 2809 2810
f 2797 2798 2805 2804
f 2798 2799 2806 2805
f 2799 2800 2807 2806
f 2800 2801 2808 2807
f 2801 2802 2809 2808
f 2802 2803 2810 2809
f 2803 2797 2804 2810
o Firewood.End
v -2.17 0.157 -0.873
v -2.17 0.203 -0.931
v -2.17 0.186 -1.003
v -2.17 0.12 -1.035
v -2.17 0.054 -1.003
v -2.17 0.037 -0.931
v -2.17 0.083 -0.873
v -2.18 0.157 -0.873
v -2.18 0.203 -0.931
v -2.18 0.186 -1.003
v -2.18 0.12 -1.035
v -2.18 0.054 -1.003
v -2.18 0.037 -0.931
v -2.18 0.083 -0.873
usemtl LogEnd
s off
f 2817 2816 2815 2814 2813 2812 2811
f 2818 2819 2820 2821 2822 2823 2824
f 2811 2812 2819 2818
f 2812 2813 2820 2819
f 2813 2814 2821 2820
f 2814 2815 2822 2821
f 2815 2816 2823 2822
f 2816 2817 2824 2823
f 2817 2811 2818 2824
o Firewood
v -1.57 0.163 -0.62
v -1.57 0.217 -0.688
v -1.57 0.198 -0.772
v -1.57 0.12 -0.81
v -1.57 0.042 -0.772
v -1.57 0.023 -0.688
v -1.57 0.077 -0.62
v -2.17 0.163 -0.62
v -2.17 0.217 -0.688
v -2.17 0.198 -0.772
v -2.17 0.12 -0.81
v -2.17 0.042 -0.772
v -2.17 0.023 -0.688
v -2.17 0.077 -0.62
usemtl Bark
s off
f 2831 2830 2829 2828 2827 2826 2825
f 2832 2833 2834 2835 2836 2837 2838
f 2825 2826 2833 2832
f 2826 2827 2834 2833
f 2827 2828 2835 2834
f 2828 2829 2836 2835
f 2829 2830 2837 2836
f 2830 2831 2838 2837
f 2831 2825 2832 2838
o Firewood.End
v -2.17 0.157 -0.633
v -2.17 0.203 -0.691
v -2.17 0.186 -0.763
v -2.17 0.12 -0.795
v -2.17 0.054 -0.763
v -2.17 0.037 -0.691
v -2.17 0.083 -0.633
v -2.18 0.157 -0.633
v -2.18 0.203 -0.691
v -2.18 0.186 -0.763
v -2.18 0.12 -0.795
v -2.18 0.054 -0.763
v -2.18 0.037 -0.691
v -2.18 0.083 -0.633
usemtl LogEnd
s off
f 2845 2844 2843 2842 2841 2840 2839
f 2846 2847 2848 2849 2850 2851 2852
f 2839 2840 2847 2846
f 2840 2841 2848 2847
f 2841 2842 2849 2848
f 2842 2843 2850 2849
f 2843 2844 2851 2850
f 2844 2845 2852 2851
f 2845 2839 2846 2852
o Firewood
v -1.57 0.163 -0.38
v -1.57 0.217 -0.448
v -1.57 0.198 -0.532
v -1.57 0.12 -0.57
v -1.57 0.042 -0.532
v -1.57 0.023 -0.448
v -1.57 0.077 -0.38
v -2.17 0.163 -0.38
v -2.17 0.217 -0.448
v -2.17 0.198 -0.532
v -2.17 0.12 -0.57
v -2.17 0.042 -0.532
v -2.17 0.023 -0.448
v -2.17 0.077 -0.38
usemtl Bark
s off
f 2859 2858 2857 2856 2855 2854 2853
f 2860 2861 2862 2863 2864 2865 2866
f 2853 2854 2861 2860
f 2854 2855 2862 2861
f 2855 2856 2863 2862
f 2856 2857 2864 2863
f 2857 2858 2865 2864
f 2858 2859 2866 2865
f 2859 2853 2860 2866
o Firewood.End
v -2.17 0.157 -0.393
v -2.17 0.203 -0.451
v -2.17 0.186 -0.523
v -2.17 0.12 -0.555
v -2.17 0.054 -0.523
v -2.17 0.037 -0.451
v -2.17 0.083 -0.393
v -2.18 0.157 -0.393
v -2.18 0.203 -0.451
v -2.18 0.186 -0.523
v -2.18 0.12 -0.555
v -2.18 0.054 -0.523
v -2.18 0.037 -0.451
v -2.18 0.083 -0.393
usemtl LogEnd
s off
f 2873 2872 2871 2870 2869 2868 2867
f 2874 2875 2876 2877 2878 2879 2880
f 2867 2868 2875 2874
f 2868 2869 2876 2875
f 2869 2870 2877 2876
f 2870 2871 2878 2877
f 2871 2872 2879 2878
f 2872 2873 2880 2879
f 2873 2867 2874 2880
o Firewood
v -1.57 0.163 -0.14
v -1.57 0.217 -0.208
v -1.57 0.198 -0.292
v -1.57 0.12 -0.33
v -1.57 0.042 -0.292
v -1.57 0.023 -0.208
v -1.57 0.077 -0.14
v -2.17 0.163 -0.14
v -2.17 0.217 -0.208
v -2.17 0.198 -0.292
v -2.17 0.12 -0.33
v -2.17 0.042 -0.292
v -2.17 0.023 -0.208
v -2.17 0.077 -0.14
usemtl Bark
s off
f 2887 2886 2885 2884 2883 2882 2881
f 2888 2889 2890 2891 2892 2893 2894
f 2881 2882 2889 2888
f 2882 2883 2890 2889
f 2883 2884 2891 2890
f 2884 2885 2892 2891
f 2885 2886 2893 2892
f 2886 2887 2894 2893
f 2887 2881 2888 2894
o Firewood.End
v -2.17 0.157 -0.153
v -2.17 0.203 -0.211
v -2.17 0.186 -0.283
v -2.17 0.12 -0.315
v -2.17 0.054 -0.283
v -2.17 0.037 -0.211
v -2.17 0.083 -0.153
v -2.18 0.157 -0.153
v -2.18 0.203 -0.211
v -2.18 0.186 -0.283
v -2.18 0.12 -0.315
v -2.18 0.054 -0.283
v -2.18 0.037 -0.211
v -2.18 0.083 -0.153
usemtl LogEnd
s off
f 2901 2900 2899 2898 2897 2896 2895
f 2902 2903 2904 2905 2906 2907 2908
f 2895 2896 2903 2902
f 2896 2897 2904 2903
f 2897 2898 2905 2904
f 2898 2899 2906 2905
f 2899 2900 2907 2906
f 2900 2901 2908 2907
f 2901 2895 2902 2908
o Firewood
v -1.57 0.163 0.1
v -1.57 0.217 0.032
v -1.57 0.198 -0.052
v -1.57 0.12 -0.09
v -1.57 0.042 -0.052
v -1.57 0.023 0.032
v -1.57 0.077 0.1
v -2.17 0.163 0.1
v -2.17 0.217 0.032
v -2.17 0.198 -0.052
v -2.17 0.12 -0.09
v -2.17 0.042 -0.052
v -2.17 0.023 0.032
v -2.17 0.077 0.1
usemtl Bark
s off
f 2915 2914 2913 2912 2911 2910 2909
f 2916 2917 2918 2919 2920 2921 2922
f 2909 2910 2917 2916
f 2910 2911 2918 2917
f 2911 2912 2919 2918
f 2912 2913 2920 2919
f 2913 2914 2921 2920
f 2914 2915 2922 2921
f 2915 2909 2916 2922
o Firewood.End
v -2.17 0.157 0.087
v -2.17 0.203 0.029
v -2.17 0.186 -0.043
v -2.17 0.12 -0.075
v -2.17 0.054 -0.043
v -2.17 0.037 0.029
v -2.17 0.083 0.087
v -2.18 0.157 0.087
v -2.18 0.203 0.029
v -2.18 0.186 -0.043
v -2.18 0.12 -0.075
v -2.18 0.054 -0.043
v -2.18 0.037 0.029
v -2.18 0.083 0.087
usemtl LogEnd
s off
f 2929 2928 2927 2926 2925 2924 2923
f 2930 2931 2932 2933 2934 2935 2936
f 2923 2924 2931 2930
f 2924 2925 2932 2931
f 2925 2926 2933 2932
f 2926 2927 2934 2933
f 2927 2928 2935 2934
f 2928 2929 2936 2935
f 2929 2923 2930 2936
o Firewood
v -1.57 0.363 -0.74
v -1.57 0.417 -0.808
v -1.57 0.398 -0.892
v -1.57 0.32 -0.93
v -1.57 0.242 -0.892
v -1.57 0.223 -0.808
v -1.57 0.277 -0.74
v -2.17 0.363 -0.74
v -2.17 0.417 -0.808
v -2.17 0.398 -0.892
v -2.17 0.32 -0.93
v -2.17 0.242 -0.892
v -2.17 0.223 -0.808
v -2.17 0.277 -0.74
usemtl Bark
s off
f 2943 2942 2941 2940 2939 2938 2937
f 2944 2945 2946 2947 2948 2949 2950
f 2937 2938 2945 2944
f 2938 2939 2946 2945
f 2939 2940 2947 2946
f 2940 2941 2948 2947
f 2941 2942 2949 2948
f 2942 2943 2950 2949
f 2943 2937 2944 2950
o Firewood.End
v -2.17 0.357 -0.753
v -2.17 0.403 -0.811
v -2.17 0.386 -0.883
v -2.17 0.32 -0.915
v -2.17 0.254 -0.883
v -2.17 0.237 -0.811
v -2.17 0.283 -0.753
v -2.18 0.357 -0.753
v -2.18 0.403 -0.811
v -2.18 0.386 -0.883
v -2.18 0.32 -0.915
v -2.18 0.254 -0.883
v -2.18 0.237 -0.811
v -2.18 0.283 -0.753
usemtl LogEnd
s off
f 2957 2956 2955 2954 2953 2952 2951
f 2958 2959 2960 2961 2962 2963 2964
f 2951 2952 2959 2958
f 2952 2953 2960 2959
f 2953 2954 2961 2960
f 2954 2955 2962 2961
f 2955 2956 2963 2962
f 2956 2957 2964 2963
f 2957 2951 2958 2964
o Firewood
v -1.57 0.363 -0.5
v -1.57 0.417 -0.568
v -1.57 0.398 -0.652
v -1.57 0.32 -0.69
v -1.57 0.242 -0.652
v -1.57 0.223 -0.568
v -1.57 0.277 -0.5
v -2.17 0.363 -0.5
v -2.17 0.417 -0.568
v -2.17 0.398 -0.652
v -2.17 0.32 -0.69
v -2.17 0.242 -0.652
v -2.17 0.223 -0.568
v -2.17 0.277 -0.5
usemtl Bark
s off
f 2971 2970 2969 2968 2967 2966 2965
f 2972 2973 2974 2975 2976 2977 2978
f 2965 2966 2973 2972
f 2966 2967 2974 2973
f 2967 2968 2975 2974
f 2968 2969 2976 2975
f 2969 2970 2977 2976
f 2970 2971 2978 2977
f 2971 2965 2972 2978
o Firewood.End
v -2.17 0.357 -0.513
v -2.17 0.403 -0.571
v -2.17 0.386 -0.643
v -2.17 0.32 -0.675
v -2.17 0.254 -0.643
v -2.17 0.237 -0.571
v -2.17 0.283 -0.513
v -2.18 0.357 -0.513
v -2.18 0.403 -0.571
v -2.18 0.386 -0.643
v -2.18 0.32 -0.675
v -2.18 0.254 -0.643
v -2.18 0.237 -0.571
v -2.18 0.283 -0.513
usemtl LogEnd
s off
f 2985 2984 2983 2982 2981 2980 2979
f 2986 2987 2988 2989 2990 2991 2992
f 2979 2980 2987 2986
f 2980 2981 2988 2987
f 2981 2982 2989 2988
f 2982 2983 2990 2989
f 2983 2984 2991 2990
f 2984 2985 2992 2991
f 2985 2979 2986 2992
o Firewood
v -1.57 0.363 -0.26
v -1.57 0.417 -0.328
v -1.57 0.398 -0.412
v -1.57 0.32 -0.45
v -1.57 0.242 -0.412
v -1.57 0.223 -0.328
v -1.57 0.277 -0.26
v -2.17 0.363 -0.26
v -2.17 0.417 -0.328
v -2.17 0.398 -0.412
v -2.17 0.32 -0.45
v -2.17 0.242 -0.412
v -2.17 0.223 -0.328
v -2.17 0.277 -0.26
usemtl Bark
s off
f 2999 2998 2997 2996 2995 2994 2993
f 3000 3001 3002 3003 3004 3005 3006
f 2993 2994 3001 3000
f 2994 2995 3002 3001
f 2995 2996 3003 3002
f 2996 2997 3004 3003
f 2997 2998 3005 3004
f 2998 2999 3006 3005
f 2999 2993 3000 3006
o Firewood.End
v -2.17 0.357 -0.273
v -2.17 0.403 -0.331
v -2.17 0.386 -0.403
v -2.17 0.32 -0.435
v -2.17 0.254 -0.403
v -2.17 0.237 -0.331
v -2.17 0.283 -0.273
v -2.18 0.357 -0.273
v -2.18 0.403 -0.331
v -2.18 0.386 -0.403
v -2.18 0.32 -0.435
v -2.18 0.254 -0.403
v -2.18 0.237 -0.331
v -2.18 0.283 -0.273
usemtl LogEnd
s off
f 3013 3012 3011 3010 3009 3008 3007
f 3014 3015 3016 3017 3018 3019 3020
f 3007 3008 3015 3014
f 3008 3009 3016 3015
f 3009 3010 3017 3016
f 3010 3011 3018 3017
f 3011 3012 3019 3018
f 3012 3013 3020 3019
f 3013 3007 3014 3020
o Firewood
v -1.57 0.363 -0.02
v -1.57 0.417 -0.088
v -1.57 0.398 -0.172
v -1.57 0.32 -0.21
v -1.57 0.242 -0.172
v -1.57 0.223 -0.088
v -1.57 0.277 -0.02
v -2.17 0.363 -0.02
v -2.17 0.417 -0.088
v -2.17 0.398 -0.172
v -2.17 0.32 -0.21
v -2.17 0.242 -0.172
v -2.17 0.223 -0.088
v -2.17 0.277 -0.02
usemtl Bark
s off
f 3027 3026 3025 3024 3023 3022 3021
f 3028 3029 3030 3031 3032 3033 3034
f 3021 3022 3029 3028
f 3022 3023 3030 3029
f 3023 3024 3031 3030
f 3024 3025 3032 3031
f 3025 3026 3033 3032
f 3026 3027 3034 3033
f 3027 3021 3028 3034
o Firewood.End
v -2.17 0.357 -0.033
v -2.17 0.403 -0.091
v -2.17 0.386 -0.163
v -2.17 0.32 -0.195
v -2.17 0.254 -0.163
v -2.17 0.237 -0.091
v -2.17 0.283 -0.033
v -2.18 0.357 -0.033
v -2.18 0.403 -0.091
v -2.18 0.386 -0.163
v -2.18 0.32 -0.195
v -2.18 0.254 -0.163
v -2.18 0.237 -0.091
v -2.18 0.283 -0.033
usemtl LogEnd
s off
f 3041 3040 3039 3038 3037 3036 3035
f 3042 3043 3044 3045 3046 3047 3048
f 3035 3036 3043 3042
f 3036 3037 3044 3043
f 3037 3038 3045 3044
f 3038 3039 3046 3045
f 3039 3040 3047 3046
f 3040 3041 3048 3047
f 3041 3035 3042 3048
o Firewood
v -1.57 0.563 -0.62
v -1.57 0.617 -0.688
v -1.57 0.598 -0.772
v -1.57 0.52 -0.81
v -1.57 0.442 -0.772
v -1.57 0.423 -0.688
v -1.57 0.477 -0.62
v -2.17 0.563 -0.62
v -2.17 0.617 -0.688
v -2.17 0.598 -0.772
v -2.17 0.52 -0.81
v -2.17 0.442 -0.772
v -2.17 0.423 -0.688
v -2.17 0.477 -0.62
usemtl Bark
s off
f 3055 3054 3053 3052 3051 3050 3049
f 3056 3057 3058 3059 3060 3061 3062
f 3049 3050 3057 3056
f 3050 3051 3058 3057
f 3051 3052 3059 3058
f 3052 3053 3060 3059
f 3053 3054 3061 3060
f 3054 3055 3062 3061
f 3055 3049 3056 3062
o Firewood.End
v -2.17 0.557 -0.633
v -2.17 0.603 -0.691
v -2.17 0.586 -0.763
v -2.17 0.52 -0.795
v -2.17 0.454 -0.763
v -2.17 0.437 -0.691
v -2.17 0.483 -0.633
v -2.18 0.557 -0.633
v -2.18 0.603 -0.691
v -2.18 0.586 -0.763
v -2.18 0.52 -0.795
v -2.18 0.454 -0.763
v -2.18 0.437 -0.691
v -2.18 0.483 -0.633
usemtl LogEnd
s off
f 3069 3068 3067 3066 3065 3064 3063
f 3070 3071 3072 3073 3074 3075 3076
f 3063 3064 3071 3070
f 3064 3065 3072 3071
f 3065 3066 3073 3072
f 3066 3067 3074 3073
f 3067 3068 3075 3074
f 3068 3069 3076 3075
f 3069 3063 3070 3076
o Firewood
v -1.57 0.563 -0.38
v -1.57 0.617 -0.448
v -1.57 0.598 -0.532
v -1.57 0.52 -0.57
v -1.57 0.442 -0.532
v -1.57 0.423 -0.448
v -1.57 0.477 -0.38
v -2.17 0.563 -0.38
v -2.17 0.617 -0.448
v -2.17 0.598 -0.532
v -2.17 0.52 -0.57
v -2.17 0.442 -0.532
v -2.17 0.423 -0.448
v -2.17 0.477 -0.38
usemtl Bark
s off
f 3083 3082 3081 3080 3079 3078 3077
f 3084 3085 3086 3087 3088 3089 3090
f 3077 3078 3085 3084
f 3078 3079 3086 3085
f 3079 3080 3087 3086
f 3080 3081 3088 3087
f 3081 3082 3089 3088
f 3082 3083 3090 3089
f 3083 3077 3084 3090
o Firewood.End
v -2.17 0.557 -0.393
v -2.17 0.603 -0.451
v -2.17 0.586 -0.523
v -2.17 0.52 -0.555
v -2.17 0.454 -0.523
v -2.17 0.437 -0.451
v -2.17 0.483 -0.393
v -2.18 0.557 -0.393
v -2.18 0.603 -0.451
v -2.18 0.586 -0.523
v -2.18 0.52 -0.555
v -2.18 0.454 -0.523
v -2.18 0.437 -0.451
v -2.18 0.483 -0.393
usemtl LogEnd
s off
f 3097 3096 3095 3094 3093 3092 3091
f 3098 3099 3100 3101 3102 3103 3104
f 3091 3092 3099 3098
f 3092 3093 3100 3099
f 3093 3094 3101 3100
f 3094 3095 3102 3101
f 3095 3096 3103 3102
f 3096 3097 3104 3103
f 3097 3091 3098 3104
o Firewood
v -1.57 0.563 -0.14
v -1.57 0.617 -0.208
v -1.57 0.598 -0.292
v -1.57 0.52 -0.33
v -1.57 0.442 -0.292
v -1.57 0.423 -0.208
v -1.57 0.477 -0.14
v -2.17 0.563 -0.14
v -2.17 0.617 -0.208
v -2.17 0.598 -0.292
v -2.17 0.52 -0.33
v -2.17 0.442 -0.292
v -2.17 0.423 -0.208
v -2.17 0.477 -0.14
usemtl Bark
s off
f 3111 3110 3109 3108 3107 3106 3105
f 3112 3113 3114 3115 3116 3117 3118
f 3105 3106 3113 3112
f 3106 3107 3114 3113
f 3107 3108 3115 3114
f 3108 3109 3116 3115
f 3109 3110 3117 3116
f 3110 3111 3118 3117
f 3111 3105 3112 3118
o Firewood.End
v -2.17 0.557 -0.153
v -2.17 0.603 -0.211
v -2.17 0.586 -0.283
v -2.17 0.52 -0.315
v -2.17 0.454 -0.283
v -2.17 0.437 -0.211
v -2.17 0.483 -0.153
v -2.18 0.557 -0.153
v -2.18 0.603 -0.211
v -2.18 0.586 -0.283
v -2.18 0.52 -0.315
v -2.18 0.454 -0.283
v -2.18 0.437 -0.211
v -2.18 0.483 -0.153
usemtl LogEnd
s off
f 3125 3124 3123 3122 3121 3120 3119
f 3126 3127 3128 3129 3130 3131 3132
f 3119 3120 3127 3126
f 3120 3121 3128 3127
f 3121 3122 3129 3128
f 3122 3123 3130 3129
f 3123 3124 3131 3130
f 3124 3125 3132 3131
f 3125 3119 3126 3132
o Firewood
v -1.57 0.763 -0.5
v -1.57 0.817 -0.568
v -1.57 0.798 -0.652
v -1.57 0.72 -0.69
v -1.57 0.642 -0.652
v -1.57 0.623 -0.568
v -1.57 0.677 -0.5
v -2.17 0.763 -0.5
v -2.17 0.817 -0.568
v -2.17 0.798 -0.652
v -2.17 0.72 -0.69
v -2.17 0.642 -0.652
v -2.17 0.623 -0.568
v -2.17 0.677 -0.5
usemtl Bark
s off
f 3139 3138 3137 3136 3135 3134 3133
f 3140 3141 3142 3143 3144 3145 3146
f 3133 3134 3141 3140
f 3134 3135 3142 3141
f 3135 3136 3143 3142
f 3136 3137 3144 3143
f 3137 3138 3145 3144
f 3138 3139 3146 3145
f 3139 3133 3140 3146
o Firewood.End
v -2.17 0.757 -0.513
v -2.17 0.803 -0.571
v -2.17 0.786 -0.643
v -2.17 0.72 -0.675
v -2.17 0.654 -0.643
v -2.17 0.637 -0.571
v -2.17 0.683 -0.513
v -2.18 0.757 -0.513
v -2.18 0.803 -0.571
v -2.18 0.786 -0.643
v -2.18 0.72 -0.675
v -2.18 0.654 -0.643
v -2.18 0.637 -0.571
v -2.18 0.683 -0.513
usemtl LogEnd
s off
f 3153 3152 3151 3150 3149 3148 3147
f 3154 3155 3156 3157 3158 3159 3160
f 3147 3148 3155 3154
f 3148 3149 3156 3155
f 3149 3150 3157 3156
f 3150 3151 3158 3157
f 3151 3152 3159 3158
f 3152 3153 3160 3159
f 3153 3147 3154 3160
o Firewood
v -1.57 0.763 -0.26
v -1.57 0.817 -0.328
v -1.57 0.798 -0.412
v -1.57 0.72 -0.45
v -1.57 0.642 -0.412
v -1.57 0.623 -0.328
v -1.57 0.677 -0.26
v -2.17 0.763 -0.26
v -2.17 0.817 -0.328
v -2.17 0.798 -0.412
v -2.17 0.72 -0.45
v -2.17 0.642 -0.412
v -2.17 0.623 -0.328
v -2.17 0.677 -0.26
usemtl Bark
s off
f 3167 3166 3165 3164 3163 3162 3161
f 3168 3169 3170 3171 3172 3173 3174
f 3161 3162 3169 3168
f 3162 3163 3170 3169
f 3163 3164 3171 3170
f 3164 3165 3172 3171
f 3165 3166 3173 3172
f 3166 3167 3174 3173
f 3167 3161 3168 3174
o Firewood.End
v -2.17 0.757 -0.273
v -2.17 0.803 -0.331
v -2.17 0.786 -0.403
v -2.17 0.72 -0.435
v -2.17 0.654 -0.403
v -2.17 0.637 -0.331
v -2.17 0.683 -0.273
v -2.18 0.757 -0.273
v -2.18 0.803 -0.331
v -2.18 0.786 -0.403
v -2.18 0.72 -0.435
v -2.18 0.654 -0.403
v -2.18 0.637 -0.331
v -2.18 0.683 -0.273
usemtl LogEnd
s off
f 3181 3180 3179 3178 3177 3176 3175
f 3182 3183 3184 3185 3186 3187 3188
f 3175 3176 3183 3182
f 3176 3177 3184 3183
f 3177 3178 3185 3184
f 3178 3179 3186 3185
f 3179 3180 3187 3186
f 3180 3181 3188 3187
f 3181 3175 3182 3188
o Block
v -2.738 0 1.468
v -2.65 0 1.573
v -2.515 0 1.597
v -2.397 0 1.529
v -2.35 0 1.4
v -2.397 0 1.271
v -2.515 0 1.203
v -2.65 0 1.227
v -2.738 0 1.332
v -2.738 0.4 1.468
v -2.65 0.4 1.573
v -2.515 0.4 1.597
v -2.397 0.4 1.529
v -2.35 0.4 1.4
v -2.397 0.4 1.271
v -2.515 0.4 1.203
v -2.65 0.4 1.227
v -2.738 0.4 1.332
usemtl Bark
s off
f 3197 3196 3195 3194 3193 3192 3191 3190 3189
f 3198 3199 3200 3201 3202 3203 3204 3205 3206
f 3189 3190 3199 3198
f 3190 3191 3200 3199
f 3191 3192 3201 3200
f 3192 3193 3202 3201
f 3193 3194 3203 3202
f 3194 3195 3204 3203
f 3195 3196 3205 3204
f 3196 3197 3206 3205
f 3197 3189 3198 3206
o Block.Top
v -2.719 0.4 1.462
v -2.64 0.4 1.556
v -2.519 0.4 1.577
v -2.412 0.4 1.516
v -2.37 0.4 1.4
v -2.412 0.4 1.284
v -2.519 0.4 1.223
v -2.64 0.4 1.244
v -2.719 0.4 1.338
v -2.719 0.41 1.462
v -2.64 0.41 1.556
v -2.519 0.41 1.577
v -2.412 0.41 1.516
v -2.37 0.41 1.4
v -2.412 0.41 1.284
v -2.519 0.41 1.223
v -2.64 0.41 1.244
v -2.719 0.41 1.338
usemtl LogEnd
s off
f 3215 3214 3213 3212 3211 3210 3209 3208 3207
f 3216 3217 3218 3219 3220 3221 3222 3223 3224
f 3207 3208 3217 3216
f 3208 3209 3218 3217
f 3209 3210 3219 3218
f 3210 3211 3220 3219
f 3211 3212 3221 3220
f 3212 3213 3222 3221
f 3213 3214 3223 3222
f 3214 3215 3224 3223
f 3215 3207 3216 3224
o Axe.Handle
v -2.506 0.412 1.41
v -2.526 0.412 1.375
v -2.554 0.388 1.39
v -2.534 0.388 1.425
v -2.776 0.812 1.56
v -2.796 0.812 1.525
v -2.824 0.788 1.54
v -2.804 0.788 1.575
usemtl WoodLight
s off
f 3228 3227 3226 3225
f 3229 3230 3231 3232
f 3225 3226 3230 3229
f 3226 3227 3231 3230
f 3227 3228 3232 3231
f 3228 3225 3229 3232
o Axe.Head
v -2.45 0.38 1.37
v -2.45 0.38 1.43
v -2.6 0.38 1.43
v -2.6 0.38 1.37
v -2.48 0.5 1.37
v -2.48 0.5 1.43
v -2.57 0.5 1.43
v -2.57 0.5 1.37
usemtl Iron
s off
f 3236 3235 3234 3233
f 3237 3238 3239 3240
f 3233 3234 3238 3237
f 3234 3235 3239 3238
f 3235 3236 3240 3239
f 3236 3233 3237 3240
o Barrel
v 1.54 0 1.568
v 1.62 0 1.679
v 1.75 0 1.721
v 1.88 0 1.679
v 1.96 0 1.568
v 1.96 0 1.432
v 1.88 0 1.321
v 1.75 0 1.279
v 1.62 0 1.321
v 1.54 0 1.432
v 1.503 0.375 1.58
v 1.597 0.375 1.71
v 1.75 0.375 1.76
v 1.903 0.375 1.71
v 1.997 0.375 1.58
v 1.997 0.375 1.42
v 1.903 0.375 1.29
v 1.75 0.375 1.24
v 1.597 0.375 1.29
v 1.503 0.375 1.42
usemtl Wood
s off
f 3250 3249 3248 3247 3246 3245 3244 3243 3242 3241
f 3251 3252 3253 3254 3255 3256 3257 3258 3259 3260
f 3241 3242 3252 3251
f 3242 3243 3253 3252
f 3243 3244 3254 3253
f 3244 3245 3255 3254
f 3245 3246 3256 3255
f 3246 3247 3257 3256
f 3247 3248 3258 3257
f 3248 3249 3259 3258
f 3249 3250 3260 3259
f 3250 3241 3251 3260
o Barrel
v 1.503 0.375 1.58
v 1.597 0.375 1.71
v 1.75 0.375 1.76
v 1.903 0.375 1.71
v 1.997 0.375 1.58
v 1.997 0.375 1.42
v 1.903 0.375 1.29
v 1.75 0.375 1.24
v 1.597 0.375 1.29
v 1.503 0.375 1.42
v 1.54 0.75 1.568
v 1.62 0.75 1.679
v 1.75 0.75 1.721
v 1.88 0.75 1.679
v 1.96 0.75 1.568
v 1.96 0.75 1.432
v 1.88 0.75 1.321
v 1.75 0.75 1.279
v 1.62 0.75 1.321
v 1.54 0.75 1.432
usemtl Wood
s off
f 3270 3269 3268 3267 3266 3265 3264 3263 3262 3261
f 3271 3272 3273 3274 3275 3276 3277 3278 3279 3280
f 3261 3262 3272 3271
f 3262 3263 3273 3272
f 3263 3264 3274 3273
f 3264 3265 3275 3274
f 3265 3266 3276 3275
f 3266 3267 3277 3276
f 3267 3268 3278 3277
f 3268 3269 3279 3278
f 3269 3270 3280 3279
f 3270 3261 3271 3280
o Barrel.Hoop
v 1.505 0.112 1.58
v 1.598 0.112 1.709
v 1.75 0.112 1.758
v 1.902 0.112 1.709
v 1.995 0.112 1.58
v 1.995 0.112 1.42
v 1.902 0.112 1.291
v 1.75 0.112 1.242
v 1.598 0.112 1.291
v 1.505 0.112 1.42
v 1.505 0.162 1.58
v 1.598 0.162 1.709
v 1.75 0.162 1.758
v 1.902 0.162 1.709
v 1.995 0.162 1.58
v 1.995 0.162 1.42
v 1.902 0.162 1.291
v 1.75 0.162 1.242
v 1.598 0.162 1.291
v 1.505 0.162 1.42
usemtl Iron
s off
f 3290 3289 3288 3287 3286 3285 3284 3283 3282 3281
f 3291 3292 3293 3294 3295 3296 3297 3298 3299 3300
f 3281 3282 3292 3291
f 3282 3283 3293 3292
f 3283 3284 3294 3293
f 3284 3285 3295 3294
f 3285 3286 3296 3295
f 3286 3287 3297 3296
f 3287 3288 3298 3297
f 3288 3289 3299 3298
f 3289 3290 3300 3299
f 3290 3281 3291 3300
o Barrel.Hoop
v 1.502 0.6 1.581
v 1.596 0.6 1.711
v 1.75 0.6 1.761
v 1.904 0.6 1.711
v 1.998 0.6 1.581
v 1.998 0.6 1.419
v 1.904 0.6 1.289
v 1.75 0.6 1.239
v 1.596 0.6 1.289
v 1.502 0.6 1.419
v 1.502 0.65 1.581
v 1.596 0.65 1.711
v 1.75 0.65 1.761
v 1.904 0.65 1.711
v 1.998 0.65 1.581
v 1.998 0.65 1.419
v 1.904 0.65 1.289
v 1.75 0.65 1.239
v 1.596 0.65 1.289
v 1.502 0.65 1.419
usemtl Iron
s off
f 3310 3309 3308 3307 3306 3305 3304 3303 3302 3301
f 3311 3312 3313 3314 3315 3316 3317 3318 3319 3320
f 3301 3302 3312 3311
f 3302 3303 3313 3312
f 3303 3304 3314 3313
f 3304 3305 3315 3314
f 3305 3306 3316 3315
f 3306 3307 3317 3316
f 3307 3308 3318 3317
f 3308 3309 3319 3318
f 3309 3310 3320 3319
f 3310 3301 3311 3320
o Barrel.Lid
v 1.557 0.75 1.563
v 1.631 0.75 1.664
v 1.75 0.75 1.703
v 1.869 0.75 1.664
v 1.943 0.75 1.563
v 1.943 0.75 1.437
v 1.869 0.75 1.336
v 1.75 0.75 1.297
v 1.631 0.75 1.336
v 1.557 0.75 1.437
v 1.557 0.77 1.563
v 1.631 0.77 1.664
v 1.75 0.77 1.703
v 1.869 0.77 1.664
v 1.943 0.77 1.563
v 1.943 0.77 1.437
v 1.869 0.77 1.336
v 1.75 0.77 1.297
v 1.631 0.77 1.336
v 1.557 0.77 1.437
usemtl WoodDark
s off
f 3330 3329 3328 3327 3326 3325 3324 3323 3322 3321
f 3331 3332 3333 3334 3335 3336 3337 3338 3339 3340
f 3321 3322 3332 3331
f 3322 3323 3333 3332
f 3323 3324 3334 3333
f 3324 3325 3335 3334
f 3325 3326 3336 3335
f 3326 3327 3337 3336
f 3327 3328 3338 3337
f 3328 3329 3339 3338
f 3329 3330 3340 3339
f 3330 3321 3331 3340
o Ivy
v 1.442 0.1 1.21
v 1.49 0.1 1.258
v 1.49 0.1 1.322
v 1.442 0.1 1.37
v 1.378 0.1 1.37
v 1.33 0.1 1.322
v 1.33 0.1 1.258
v 1.378 0.1 1.21
v 1.442 0.212 1.21
v 1.49 0.212 1.258
v 1.49 0.212 1.322
v 1.442 0.212 1.37
v 1.378 0.212 1.37
v 1.33 0.212 1.322
v 1.33 0.212 1.258
v 1.378 0.212 1.21
usemtl IvyDark
s off
f 3348 3347 3346 3345 3344 3343 3342 3341
f 3349 3350 3351 3352 3353 3354 3355 3356
f 3341 3342 3350 3349
f 3342 3343 3351 3350
f 3343 3344 3352 3351
f 3344 3345 3353 3352
f 3345 3346 3354 3353
f 3346 3347 3355 3354
f 3347 3348 3356 3355
f 3348 3341 3349 3356
o Ivy
v 1.556 0.27 1.266
v 1.616 0.27 1.326
v 1.616 0.27 1.406
v 1.556 0.27 1.466
v 1.476 0.27 1.466
v 1.416 0.27 1.406
v 1.416 0.27 1.326
v 1.476 0.27 1.266
v 1.556 0.41 1.266
v 1.616 0.41 1.326
v 1.616 0.41 1.406
v 1.556 0.41 1.466
v 1.476 0.41 1.466
v 1.416 0.41 1.406
v 1.416 0.41 1.326
v 1.476 0.41 1.266
usemtl Ivy
s off
f 3364 3363 3362 3361 3360 3359 3358 3357
f 3365 3366 3367 3368 3369 3370 3371 3372
f 3357 3358 3366 3365
f 3358 3359 3367 3366
f 3359 3360 3368 3367
f 3360 3361 3369 3368
f 3361 3362 3370 3369
f 3362 3363 3371 3370
f 3363 3364 3372 3371
f 3364 3357 3365 3372
o Ivy
v 1.601 0.44 1.121
v 1.673 0.44 1.193
v 1.673 0.44 1.289
v 1.601 0.44 1.361
v 1.505 0.44 1.361
v 1.433 0.44 1.289
v 1.433 0.44 1.193
v 1.505 0.44 1.121
v 1.601 0.608 1.121
v 1.673 0.608 1.193
v 1.673 0.608 1.289
v 1.601 0.608 1.361
v 1.505 0.608 1.361
v 1.433 0.608 1.289
v 1.433 0.608 1.193
v 1.505 0.608 1.121
usemtl IvyDark
s off
f 3380 3379 3378 3377 3376 3375 3374 3373
f 3381 3382 3383 3384 3385 3386 3387 3388
f 3373 3374 3382 3381
f 3374 3375 3383 3382
f 3375 3376 3384 3383
f 3376 3377 3385 3384
f 3377 3378 3386 3385
f 3378 3379 3387 3386
f 3379 3380 3388 3387
f 3380 3373 3381 3388
o Ivy
v 1.455 0.61 1.166
v 1.503 0.61 1.214
v 1.503 0.61 1.278
v 1.455 0.61 1.326
v 1.391 0.61 1.326
v 1.343 0.61 1.278
v 1.343 0.61 1.214
v 1.391 0.61 1.166
v 1.455 0.722 1.166
v 1.503 0.722 1.214
v 1.503 0.722 1.278
v 1.455 0.722 1.326
v 1.391 0.722 1.326
v 1.343 0.722 1.278
v 1.343 0.722 1.214
v 1.391 0.722 1.166
usemtl Ivy
s off
f 3396 3395 3394 3393 3392 3391 3390 3389
f 3397 3398 3399 3400 3401 3402 3403 3404
f 3389 3390 3398 3397
f 3390 3391 3399 3398
f 3391 3392 3400 3399
f 3392 3393 3401 3400
f 3393 3394 3402 3401
f 3394 3395 3403 3402
f 3395 3396 3404 3403
f 3396 3389 3397 3404
o Ivy
v 1.51 0.78 1.267
v 1.57 0.78 1.327
v 1.57 0.78 1.407
v 1.51 0.78 1.467
v 1.43 0.78 1.467
v 1.37 0.78 1.407
v 1.37 0.78 1.327
v 1.43 0.78 1.267
v 1.51 0.92 1.267
v 1.57 0.92 1.327
v 1.57 0.92 1.407
v 1.51 0.92 1.467
v 1.43 0.92 1.467
v 1.37 0.92 1.407
v 1.37 0.92 1.327
v 1.43 0.92 1.267
usemtl IvyDark
s off
f 3412 3411 3410 3409 3408 3407 3406 3405
f 3413 3414 3415 3416 3417 3418 3419 3420
f 3405 3406 3414 3413
f 3406 3407 3415 3414
f 3407 3408 3416 3415
f 3408 3409 3417 3416
f 3409 3410 3418 3417
f 3410 3411 3419 3418
f 3411 3412 3420 3419
f 3412 3405 3413 3420
o Ivy
v 1.618 0.95 1.164
v 1.69 0.95 1.236
v 1.69 0.95 1.332
v 1.618 0.95 1.404
v 1.522 0.95 1.404
v 1.45 0.95 1.332
v 1.45 0.95 1.236
v 1.522 0.95 1.164
v 1.618 1.118 1.164
v 1.69 1.118 1.236
v 1.69 1.118 1.332
v 1.618 1.118 1.404
v 1.522 1.118 1.404
v 1.45 1.118 1.332
v 1.45 1.118 1.236
v 1.522 1.118 1.164
usemtl Ivy
s off
f 3428 3427 3426 3425 3424 3423 3422 3421
f 3429 3430 3431 3432 3433 3434 3435 3436
f 3421 3422 3430 3429
f 3422 3423 3431 3430
f 3423 3424 3432 3431
f 3424 3425 3433 3432
f 3425 3426 3434 3433
f 3426 3427 3435 3434
f 3427 3428 3436 3435
f 3428 3421 3429 3436
o Ivy
v 1.491 1.12 1.136
v 1.539 1.12 1.184
v 1.539 1.12 1.248
v 1.491 1.12 1.296
v 1.427 1.12 1.296
v 1.379 1.12 1.248
v 1.379 1.12 1.184
v 1.427 1.12 1.136
v 1.491 1.232 1.136
v 1.539 1.232 1.184
v 1.539 1.232 1.248
v 1.491 1.232 1.296
v 1.427 1.232 1.296
v 1.379 1.232 1.248
v 1.379 1.232 1.184
v 1.427 1.232 1.136
usemtl IvyDark
s off
f 3444 3443 3442 3441 3440 3439 3438 3437
f 3445 3446 3447 3448 3449 3450 3451 3452
f 3437 3438 3446 3445
f 3438 3439 3447 3446
f 3439 3440 3448 3447
f 3440 3441 3449 3448
f 3441 3442 3450 3449
f 3442 3443 3451 3450
f 3443 3444 3452 3451
f 3444 3437 3445 3452
o Ivy
v 1.471 1.29 1.244
v 1.531 1.29 1.304
v 1.531 1.29 1.384
v 1.471 1.29 1.444
v 1.391 1.29 1.444
v 1.331 1.29 1.384
v 1.331 1.29 1.304
v 1.391 1.29 1.244
v 1.471 1.43 1.244
v 1.531 1.43 1.304
v 1.531 1.43 1.384
v 1.471 1.43 1.444
v 1.391 1.43 1.444
v 1.331 1.43 1.384
v 1.331 1.43 1.304
v 1.391 1.43 1.244
usemtl Ivy
s off
f 3460 3459 3458 3457 3456 3455 3454 3453
f 3461 3462 3463 3464 3465 3466 3467 3468
f 3453 3454 3462 3461
f 3454 3455 3463 3462
f 3455 3456 3464 3463
f 3456 3457 3465 3464
f 3457 3458 3466 3465
f 3458 3459 3467 3466
f 3459 3460 3468 3467
f 3460 3453 3461 3468
o Ivy
v 1.608 1.46 1.209
v 1.68 1.46 1.281
v 1.68 1.46 1.377
v 1.608 1.46 1.449
v 1.512 1.46 1.449
v 1.44 1.46 1.377
v 1.44 1.46 1.281
v 1.512 1.46 1.209
v 1.608 1.628 1.209
v 1.68 1.628 1.281
v 1.68 1.628 1.377
v 1.608 1.628 1.449
v 1.512 1.628 1.449
v 1.44 1.628 1.377
v 1.44 1.628 1.281
v 1.512 1.628 1.209
usemtl IvyDark
s off
f 3476 3475 3474 3473 3472 3471 3470 3469
f 3477 3478 3479 3480 3481 3482 3483 3484
f 3469 3470 3478 3477
f 3470 3471 3479 3478
f 3471 3472 3480 3479
f 3472 3473 3481 3480
f 3473 3474 3482 3481
f 3474 3475 3483 3482
f 3475 3476 3484 3483
f 3476 3469 3477 3484
o Ivy
v 1.536 1.63 1.131
v 1.584 1.63 1.179
v 1.584 1.63 1.243
v 1.536 1.63 1.291
v 1.472 1.63 1.291
v 1.424 1.63 1.243
v 1.424 1.63 1.179
v 1.472 1.63 1.131
v 1.536 1.742 1.131
v 1.584 1.742 1.179
v 1.584 1.742 1.243
v 1.536 1.742 1.291
v 1.472 1.742 1.291
v 1.424 1.742 1.243
v 1.424 1.742 1.179
v 1.472 1.742 1.131
usemtl Ivy
s off
f 3492 3491 3490 3489 3488 3487 3486 3485
f 3493 3494 3495 3496 3497 3498 3499 3500
f 3485 3486 3494 3493
f 3486 3487 3495 3494
f 3487 3488 3496 3495
f 3488 3489 3497 3496
f 3489 3490 3498 3497
f 3490 3491 3499 3498
f 3491 3492 3500 3499
f 3492 3485 3493 3500
o Ivy
v 1.451 1.8 1.202
v 1.511 1.8 1.262
v 1.511 1.8 1.342
v 1.451 1.8 1.402
v 1.371 1.8 1.402
v 1.311 1.8 1.342
v 1.311 1.8 1.262
v 1.371 1.8 1.202
v 1.451 1.94 1.202
v 1.511 1.94 1.262
v 1.511 1.94 1.342
v 1.451 1.94 1.402
v 1.371 1.94 1.402
v 1.311 1.94 1.342
v 1.311 1.94 1.262
v 1.371 1.94 1.202
usemtl IvyDark
s off
f 3508 3507 3506 3505 3504 3503 3502 3501
f 3509 3510 3511 3512 3513 3514 3515 3516
f 3501 3502 3510 3509
f 3502 3503 3511 3510
f 3503 3504 3512 3511
f 3504 3505 3513 3512
f 3505 3506 3514 3513
f 3506 3507 3515 3514
f 3507 3508 3516 3515
f 3508 3501 3509 3516
o Ivy
v 1.575 1.97 1.241
v 1.647 1.97 1.313
v 1.647 1.97 1.409
v 1.575 1.97 1.481
v 1.479 1.97 1.481
v 1.407 1.97 1.409
v 1.407 1.97 1.313
v 1.479 1.97 1.241
v 1.575 2.138 1.241
v 1.647 2.138 1.313
v 1.647 2.138 1.409
v 1.575 2.138 1.481
v 1.479 2.138 1.481
v 1.407 2.138 1.409
v 1.407 2.138 1.313
v 1.479 2.138 1.241
usemtl Ivy
s off
f 3524 3523 3522 3521 3520 3519 3518 3517
f 3525 3526 3527 3528 3529 3530 3531 3532
f 3517 3518 3526 3525
f 3518 3519 3527 3526
f 3519 3520 3528 3527
f 3520 3521 3529 3528
f 3521 3522 3530 3529
f 3522 3523 3531 3530
f 3523 3524 3532 3531
f 3524 3517 3525 3532
o Entry
v -0.52 0 1.8
v -0.52 0 1.85
v -0.58 0 1.85
v -0.58 0 1.8
v -0.52 0.05 1.8
v -0.52 0.05 1.85
v -0.58 0.05 1.85
v -0.58 0.05 1.8
usemtl Soot
s off
f 3536 3535 3534 3533
f 3537 3538 3539 3540
f 3533 3534 3538 3537
f 3534 3535 3539 3538
f 3535 3536 3540 3539
f 3536 3533 3537 3540
