# mill_4.obj - Muehle fuer procedurally-generated-map
# Einheiten: Meter (1 Tile = 5 m, Tueren 2.1 m, ein Dorfbewohner 1.75 m), Y oben,
# Vorderseite nach +Z - so wie Blender ein Modell exportiert, das in der
# Vorderansicht zum Betrachter schaut.
# Die Objekte Sails.* drehen sich im Spiel um ihre Mitte (die Nabe), Blickachse
# nach vorn. Material Paint (Band und Wappen) bekommt die Gebaeudefarbe aus dem Spiel.
# Das Objekt Entry markiert den Eingang und wird nicht gezeichnet.
mtllib mill_4.mtl
o Ground
v 1.1 0 -1.9
v 2.2 0 -0.875
v 2.2 0 1.175
v 1.1 0 2.2
v -1.1 0 2.2
v -2.2 0 1.175
v -2.2 0 -0.875
v -1.1 0 -1.9
v 1.1 0.03 -1.9
v 2.2 0.03 -0.875
v 2.2 0.03 1.175
v 1.1 0.03 2.2
v -1.1 0.03 2.2
v -2.2 0.03 1.175
v -2.2 0.03 -0.875
v -1.1 0.03 -1.9
usemtl Dirt
s off
f 8 7 6 5 4 3 2 1
f 9 10 11 12 13 14 15 16
f 1 2 10 9
f 2 3 11 10
f 3 4 12 11
f 4 5 13 12
f 5 6 14 13
f 6 7 15 14
f 7 8 16 15
f 8 1 9 16
o Base
v 1.55 0 -1.55
v 1.55 0 1.55
v -1.55 0 1.55
v -1.55 0 -1.55
v 1.55 0.6 -1.55
v 1.55 0.6 1.55
v -1.55 0.6 1.55
v -1.55 0.6 -1.55
usemtl Stone
s off
f 20 19 18 17
f 21 22 23 24
f 17 18 22 21
f 18 19 23 22
f 19 20 24 23
f 20 17 21 24
o Base.Stone
v 1.33 0.08 1.55
v 1.33 0.08 1.59
v 0.88 0.08 1.59
v 0.88 0.08 1.55
v 1.33 0.5 1.55
v 1.33 0.5 1.59
v 0.88 0.5 1.59
v 0.88 0.5 1.55
usemtl StoneLight
s off
f 28 27 26 25
f 29 30 31 32
f 25 26 30 29
f 26 27 31 30
f 27 28 32 31
f 28 25 29 32
o Base.Stone
v 0.73 0.2 1.55
v 0.73 0.2 1.59
v 0.28 0.2 1.59
v 0.28 0.2 1.55
v 0.73 0.5 1.55
v 0.73 0.5 1.59
v 0.28 0.5 1.59
v 0.28 0.5 1.55
usemtl StoneDark
s off
f 36 35 34 33
f 37 38 39 40
f 33 34 38 37
f 34 35 39 38
f 35 36 40 39
f 36 33 37 40
o Base.Stone
v 0.13 0.08 1.55
v 0.13 0.08 1.59
v -0.32 0.08 1.59
v -0.32 0.08 1.55
v 0.13 0.5 1.55
v 0.13 0.5 1.59
v -0.32 0.5 1.59
v -0.32 0.5 1.55
usemtl StoneLight
s off
f 44 43 42 41
f 45 46 47 48
f 41 42 46 45
f 42 43 47 46
f 43 44 48 47
f 44 41 45 48
o Base.Stone
v -0.47 0.2 1.55
v -0.47 0.2 1.59
v -0.92 0.2 1.59
v -0.92 0.2 1.55
v -0.47 0.5 1.55
v -0.47 0.5 1.59
v -0.92 0.5 1.59
v -0.92 0.5 1.55
usemtl StoneDark
s off
f 52 51 50 49
f 53 54 55 56
f 49 50 54 53
f 50 51 55 54
f 51 52 56 55
f 52 49 53 56
o Base.Stone
v -1.07 0.08 1.55
v -1.07 0.08 1.59
v -1.52 0.08 1.59
v -1.52 0.08 1.55
v -1.07 0.5 1.55
v -1.07 0.5 1.59
v -1.52 0.5 1.59
v -1.52 0.5 1.55
usemtl StoneLight
s off
f 60 59 58 57
f 61 62 63 64
f 57 58 62 61
f 58 59 63 62
f 59 60 64 63
f 60 57 61 64
o Base.Stone
v -0.88 0.08 -1.59
v -0.88 0.08 -1.55
v -1.33 0.08 -1.55
v -1.33 0.08 -1.59
v -0.88 0.5 -1.59
v -0.88 0.5 -1.55
v -1.33 0.5 -1.55
v -1.33 0.5 -1.59
usemtl StoneLight
s off
f 68 67 66 65
f 69 70 71 72
f 65 66 70 69
f 66 67 71 70
f 67 68 72 71
f 68 65 69 72
o Base.Stone
v -0.28 0.2 -1.59
v -0.28 0.2 -1.55
v -0.73 0.2 -1.55
v -0.73 0.2 -1.59
v -0.28 0.5 -1.59
v -0.28 0.5 -1.55
v -0.73 0.5 -1.55
v -0.73 0.5 -1.59
usemtl StoneDark
s off
f 76 75 74 73
f 77 78 79 80
f 73 74 78 77
f 74 75 79 78
f 75 76 80 79
f 76 73 77 80
o Base.Stone
v 0.32 0.08 -1.59
v 0.32 0.08 -1.55
v -0.13 0.08 -1.55
v -0.13 0.08 -1.59
v 0.32 0.5 -1.59
v 0.32 0.5 -1.55
v -0.13 0.5 -1.55
v -0.13 0.5 -1.59
usemtl StoneLight
s off
f 84 83 82 81
f 85 86 87 88
f 81 82 86 85
f 82 83 87 86
f 83 84 88 87
f 84 81 85 88
o Base.Stone
v 0.92 0.2 -1.59
v 0.92 0.2 -1.55
v 0.47 0.2 -1.55
v 0.47 0.2 -1.59
v 0.92 0.5 -1.59
v 0.92 0.5 -1.55
v 0.47 0.5 -1.55
v 0.47 0.5 -1.59
usemtl StoneDark
s off
f 92 91 90 89
f 93 94 95 96
f 89 90 94 93
f 90 91 95 94
f 91 92 96 95
f 92 89 93 96
o Base.Stone
v 1.52 0.08 -1.59
v 1.52 0.08 -1.55
v 1.07 0.08 -1.55
v 1.07 0.08 -1.59
v 1.52 0.5 -1.59
v 1.52 0.5 -1.55
v 1.07 0.5 -1.55
v 1.07 0.5 -1.59
usemtl StoneLight
s off
f 100 99 98 97
f 101 102 103 104
f 97 98 102 101
f 98 99 103 102
f 99 100 104 103
f 100 97 101 104
o Base.Stone
v 1.59 0.08 -1.33
v 1.59 0.08 -0.88
v 1.55 0.08 -0.88
v 1.55 0.08 -1.33
v 1.59 0.5 -1.33
v 1.59 0.5 -0.88
v 1.55 0.5 -0.88
v 1.55 0.5 -1.33
usemtl StoneLight
s off
f 108 107 106 105
f 109 110 111 112
f 105 106 110 109
f 106 107 111 110
f 107 108 112 111
f 108 105 109 112
o Base.Stone
v 1.59 0.2 -0.73
v 1.59 0.2 -0.28
v 1.55 0.2 -0.28
v 1.55 0.2 -0.73
v 1.59 0.5 -0.73
v 1.59 0.5 -0.28
v 1.55 0.5 -0.28
v 1.55 0.5 -0.73
usemtl StoneDark
s off
f 116 115 114 113
f 117 118 119 120
f 113 114 118 117
f 114 115 119 118
f 115 116 120 119
f 116 113 117 120
o Base.Stone
v 1.59 0.08 -0.13
v 1.59 0.08 0.32
v 1.55 0.08 0.32
v 1.55 0.08 -0.13
v 1.59 0.5 -0.13
v 1.59 0.5 0.32
v 1.55 0.5 0.32
v 1.55 0.5 -0.13
usemtl StoneLight
s off
f 124 123 122 121
f 125 126 127 128
f 121 122 126 125
f 122 123 127 126
f 123 124 128 127
f 124 121 125 128
o Base.Stone
v 1.59 0.2 0.47
v 1.59 0.2 0.92
v 1.55 0.2 0.92
v 1.55 0.2 0.47
v 1.59 0.5 0.47
v 1.59 0.5 0.92
v 1.55 0.5 0.92
v 1.55 0.5 0.47
usemtl StoneDark
s off
f 132 131 130 129
f 133 134 135 136
f 129 130 134 133
f 130 131 135 134
f 131 132 136 135
f 132 129 133 136
o Base.Stone
v 1.59 0.08 1.07
v 1.59 0.08 1.52
v 1.55 0.08 1.52
v 1.55 0.08 1.07
v 1.59 0.5 1.07
v 1.59 0.5 1.52
v 1.55 0.5 1.52
v 1.55 0.5 1.07
usemtl StoneLight
s off
f 140 139 138 137
f 141 142 143 144
f 137 138 142 141
f 138 139 143 142
f 139 140 144 143
f 140 137 141 144
o Base.Stone
v -1.55 0.08 0.88
v -1.55 0.08 1.33
v -1.59 0.08 1.33
v -1.59 0.08 0.88
v -1.55 0.5 0.88
v -1.55 0.5 1.33
v -1.59 0.5 1.33
v -1.59 0.5 0.88
usemtl StoneLight
s off
f 148 147 146 145
f 149 150 151 152
f 145 146 150 149
f 146 147 151 150
f 147 148 152 151
f 148 145 149 152
o Base.Stone
v -1.55 0.2 0.28
v -1.55 0.2 0.73
v -1.59 0.2 0.73
v -1.59 0.2 0.28
v -1.55 0.5 0.28
v -1.55 0.5 0.73
v -1.59 0.5 0.73
v -1.59 0.5 0.28
usemtl StoneDark
s off
f 156 155 154 153
f 157 158 159 160
f 153 154 158 157
f 154 155 159 158
f 155 156 160 159
f 156 153 157 160
o Base.Stone
v -1.55 0.08 -0.32
v -1.55 0.08 0.13
v -1.59 0.08 0.13
v -1.59 0.08 -0.32
v -1.55 0.5 -0.32
v -1.55 0.5 0.13
v -1.59 0.5 0.13
v -1.59 0.5 -0.32
usemtl StoneLight
s off
f 164 163 162 161
f 165 166 167 168
f 161 162 166 165
f 162 163 167 166
f 163 164 168 167
f 164 161 165 168
o Base.Stone
v -1.55 0.2 -0.92
v -1.55 0.2 -0.47
v -1.59 0.2 -0.47
v -1.59 0.2 -0.92
v -1.55 0.5 -0.92
v -1.55 0.5 -0.47
v -1.59 0.5 -0.47
v -1.59 0.5 -0.92
usemtl StoneDark
s off
f 172 171 170 169
f 173 174 175 176
f 169 170 174 173
f 170 171 175 174
f 171 172 176 175
f 172 169 173 176
o Base.Stone
v -1.55 0.08 -1.52
v -1.55 0.08 -1.07
v -1.59 0.08 -1.07
v -1.59 0.08 -1.52
v -1.55 0.5 -1.52
v -1.55 0.5 -1.07
v -1.59 0.5 -1.07
v -1.59 0.5 -1.52
usemtl StoneLight
s off
f 180 179 178 177
f 181 182 183 184
f 177 178 182 181
f 178 179 183 182
f 179 180 184 183
f 180 177 181 184
o Walls
v 1.45 0.6 -1.45
v 1.45 0.6 1.45
v -1.45 0.6 1.45
v -1.45 0.6 -1.45
v 1.45 3.3 -1.45
v 1.45 3.3 1.45
v -1.45 3.3 1.45
v -1.45 3.3 -1.45
usemtl Stone
s off
f 188 187 186 185
f 189 190 191 192
f 185 186 190 189
f 186 187 191 190
f 187 188 192 191
f 188 185 189 192
o Wall.Stone
v 1.35 0.65 1.45
v 1.35 0.65 1.48
v 0.9 0.65 1.48
v 0.9 0.65 1.45
v 1.35 0.9 1.45
v 1.35 0.9 1.48
v 0.9 0.9 1.48
v 0.9 0.9 1.45
usemtl StoneLight
s off
f 196 195 194 193
f 197 198 199 200
f 193 194 198 197
f 194 195 199 198
f 195 196 200 199
f 196 193 197 200
o Wall.Stone
v 0.75 0.65 1.45
v 0.75 0.65 1.48
v 0.3 0.65 1.48
v 0.3 0.65 1.45
v 0.75 0.9 1.45
v 0.75 0.9 1.48
v 0.3 0.9 1.48
v 0.3 0.9 1.45
usemtl StoneDark
s off
f 204 203 202 201
f 205 206 207 208
f 201 202 206 205
f 202 203 207 206
f 203 204 208 207
f 204 201 205 208
o Wall.Stone
v 0.15 0.65 1.45
v 0.15 0.65 1.48
v -0.3 0.65 1.48
v -0.3 0.65 1.45
v 0.15 0.9 1.45
v 0.15 0.9 1.48
v -0.3 0.9 1.48
v -0.3 0.9 1.45
usemtl StoneDark
s off
f 212 211 210 209
f 213 214 215 216
f 209 210 214 213
f 210 211 215 214
f 211 212 216 215
f 212 209 213 216
o Wall.Stone
v -0.45 0.65 1.45
v -0.45 0.65 1.48
v -0.9 0.65 1.48
v -0.9 0.65 1.45
v -0.45 0.9 1.45
v -0.45 0.9 1.48
v -0.9 0.9 1.48
v -0.9 0.9 1.45
usemtl StoneLight
s off
f 220 219 218 217
f 221 222 223 224
f 217 218 222 221
f 218 219 223 222
f 219 220 224 223
f 220 217 221 224
o Wall.Stone
v 1.05 0.95 1.45
v 1.05 0.95 1.48
v 0.6 0.95 1.48
v 0.6 0.95 1.45
v 1.05 1.2 1.45
v 1.05 1.2 1.48
v 0.6 1.2 1.48
v 0.6 1.2 1.45
usemtl StoneDark
s off
f 228 227 226 225
f 229 230 231 232
f 225 226 230 229
f 226 227 231 230
f 227 228 232 231
f 228 225 229 232
o Wall.Stone
v 0.45 0.95 1.45
v 0.45 0.95 1.48
v 0 0.95 1.48
v 0 0.95 1.45
v 0.45 1.2 1.45
v 0.45 1.2 1.48
v 0 1.2 1.48
v 0 1.2 1.45
usemtl StoneDark
s off
f 236 235 234 233
f 237 238 239 240
f 233 234 238 237
f 234 235 239 238
f 235 236 240 239
f 236 233 237 240
o Wall.Stone
v -0.15 0.95 1.45
v -0.15 0.95 1.48
v -0.6 0.95 1.48
v -0.6 0.95 1.45
v -0.15 1.2 1.45
v -0.15 1.2 1.48
v -0.6 1.2 1.48
v -0.6 1.2 1.45
usemtl StoneLight
s off
f 244 243 242 241
f 245 246 247 248
f 241 242 246 245
f 242 243 247 246
f 243 244 248 247
f 244 241 245 248
o Wall.Stone
v -0.75 0.95 1.45
v -0.75 0.95 1.48
v -1.2 0.95 1.48
v -1.2 0.95 1.45
v -0.75 1.2 1.45
v -0.75 1.2 1.48
v -1.2 1.2 1.48
v -1.2 1.2 1.45
usemtl StoneDark
s off
f 252 251 250 249
f 253 254 255 256
f 249 250 254 253
f 250 251 255 254
f 251 252 256 255
f 252 249 253 256
o Wall.Stone
v 1.35 1.25 1.45
v 1.35 1.25 1.48
v 0.9 1.25 1.48
v 0.9 1.25 1.45
v 1.35 1.5 1.45
v 1.35 1.5 1.48
v 0.9 1.5 1.48
v 0.9 1.5 1.45
usemtl StoneDark
s off
f 260 259 258 257
f 261 262 263 264
f 257 258 262 261
f 258 259 263 262
f 259 260 264 263
f 260 257 261 264
o Wall.Stone
v 0.75 1.25 1.45
v 0.75 1.25 1.48
v 0.3 1.25 1.48
v 0.3 1.25 1.45
v 0.75 1.5 1.45
v 0.75 1.5 1.48
v 0.3 1.5 1.48
v 0.3 1.5 1.45
usemtl StoneLight
s off
f 268 267 266 265
f 269 270 271 272
f 265 266 270 269
f 266 267 271 270
f 267 268 272 271
f 268 265 269 272
o Wall.Stone
v 0.15 1.25 1.45
v 0.15 1.25 1.48
v -0.3 1.25 1.48
v -0.3 1.25 1.45
v 0.15 1.5 1.45
v 0.15 1.5 1.48
v -0.3 1.5 1.48
v -0.3 1.5 1.45
usemtl StoneDark
s off
f 276 275 274 273
f 277 278 279 280
f 273 274 278 277
f 274 275 279 278
f 275 276 280 279
f 276 273 277 280
o Wall.Stone
v -0.45 1.25 1.45
v -0.45 1.25 1.48
v -0.9 1.25 1.48
v -0.9 1.25 1.45
v -0.45 1.5 1.45
v -0.45 1.5 1.48
v -0.9 1.5 1.48
v -0.9 1.5 1.45
usemtl StoneDark
s off
f 284 283 282 281
f 285 286 287 288
f 281 282 286 285
f 282 283 287 286
f 283 284 288 287
f 284 281 285 288
o Wall.Stone
v 1.05 1.55 1.45
v 1.05 1.55 1.48
v 0.6 1.55 1.48
v 0.6 1.55 1.45
v 1.05 1.8 1.45
v 1.05 1.8 1.48
v 0.6 1.8 1.48
v 0.6 1.8 1.45
usemtl StoneLight
s off
f 292 291 290 289
f 293 294 295 296
f 289 290 294 293
f 290 291 295 294
f 291 292 296 295
f 292 289 293 296
o Wall.Stone
v 0.45 1.55 1.45
v 0.45 1.55 1.48
v 0 1.55 1.48
v 0 1.55 1.45
v 0.45 1.8 1.45
v 0.45 1.8 1.48
v 0 1.8 1.48
v 0 1.8 1.45
usemtl StoneDark
s off
f 300 299 298 297
f 301 302 303 304
f 297 298 302 301
f 298 299 303 302
f 299 300 304 303
f 300 297 301 304
o Wall.Stone
v -0.15 1.55 1.45
v -0.15 1.55 1.48
v -0.6 1.55 1.48
v -0.6 1.55 1.45
v -0.15 1.8 1.45
v -0.15 1.8 1.48
v -0.6 1.8 1.48
v -0.6 1.8 1.45
usemtl StoneDark
s off
f 308 307 306 305
f 309 310 311 312
f 305 306 310 309
f 306 307 311 310
f 307 308 312 311
f 308 305 309 312
o Wall.Stone
v -0.75 1.55 1.45
v -0.75 1.55 1.48
v -1.2 1.55 1.48
v -1.2 1.55 1.45
v -0.75 1.8 1.45
v -0.75 1.8 1.48
v -1.2 1.8 1.48
v -1.2 1.8 1.45
usemtl StoneLight
s off
f 316 315 314 313
f 317 318 319 320
f 313 314 318 317
f 314 315 319 318
f 315 316 320 319
f 316 313 317 320
o Wall.Stone
v 1.35 1.85 1.45
v 1.35 1.85 1.48
v 0.9 1.85 1.48
v 0.9 1.85 1.45
v 1.35 2.1 1.45
v 1.35 2.1 1.48
v 0.9 2.1 1.48
v 0.9 2.1 1.45
usemtl StoneDark
s off
f 324 323 322 321
f 325 326 327 328
f 321 322 326 325
f 322 323 327 326
f 323 324 328 327
f 324 321 325 328
o Wall.Stone
v 0.75 1.85 1.45
v 0.75 1.85 1.48
v 0.3 1.85 1.48
v 0.3 1.85 1.45
v 0.75 2.1 1.45
v 0.75 2.1 1.48
v 0.3 2.1 1.48
v 0.3 2.1 1.45
usemtl StoneDark
s off
f 332 331 330 329
f 333 334 335 336
f 329 330 334 333
f 330 331 335 334
f 331 332 336 335
f 332 329 333 336
o Wall.Stone
v 0.15 1.85 1.45
v 0.15 1.85 1.48
v -0.3 1.85 1.48
v -0.3 1.85 1.45
v 0.15 2.1 1.45
v 0.15 2.1 1.48
v -0.3 2.1 1.48
v -0.3 2.1 1.45
usemtl StoneLight
s off
f 340 339 338 337
f 341 342 343 344
f 337 338 342 341
f 338 339 343 342
f 339 340 344 343
f 340 337 341 344
o Wall.Stone
v -0.45 1.85 1.45
v -0.45 1.85 1.48
v -0.9 1.85 1.48
v -0.9 1.85 1.45
v -0.45 2.1 1.45
v -0.45 2.1 1.48
v -0.9 2.1 1.48
v -0.9 2.1 1.45
usemtl StoneDark
s off
f 348 347 346 345
f 349 350 351 352
f 345 346 350 349
f 346 347 351 350
f 347 348 352 351
f 348 345 349 352
o Wall.Stone
v 1.05 2.15 1.45
v 1.05 2.15 1.48
v 0.6 2.15 1.48
v 0.6 2.15 1.45
v 1.05 2.4 1.45
v 1.05 2.4 1.48
v 0.6 2.4 1.48
v 0.6 2.4 1.45
usemtl StoneDark
s off
f 356 355 354 353
f 357 358 359 360
f 353 354 358 357
f 354 355 359 358
f 355 356 360 359
f 356 353 357 360
o Wall.Stone
v 0.45 2.15 1.45
v 0.45 2.15 1.48
v 0 2.15 1.48
v 0 2.15 1.45
v 0.45 2.4 1.45
v 0.45 2.4 1.48
v 0 2.4 1.48
v 0 2.4 1.45
usemtl StoneLight
s off
f 364 363 362 361
f 365 366 367 368
f 361 362 366 365
f 362 363 367 366
f 363 364 368 367
f 364 361 365 368
o Wall.Stone
v -0.15 2.15 1.45
v -0.15 2.15 1.48
v -0.6 2.15 1.48
v -0.6 2.15 1.45
v -0.15 2.4 1.45
v -0.15 2.4 1.48
v -0.6 2.4 1.48
v -0.6 2.4 1.45
usemtl StoneDark
s off
f 372 371 370 369
f 373 374 375 376
f 369 370 374 373
f 370 371 375 374
f 371 372 376 375
f 372 369 373 376
o Wall.Stone
v -0.75 2.15 1.45
v -0.75 2.15 1.48
v -1.2 2.15 1.48
v -1.2 2.15 1.45
v -0.75 2.4 1.45
v -0.75 2.4 1.48
v -1.2 2.4 1.48
v -1.2 2.4 1.45
usemtl StoneDark
s off
f 380 379 378 377
f 381 382 383 384
f 377 378 382 381
f 378 379 383 382
f 379 380 384 383
f 380 377 381 384
o Wall.Stone
v 1.35 2.45 1.45
v 1.35 2.45 1.48
v 0.9 2.45 1.48
v 0.9 2.45 1.45
v 1.35 2.7 1.45
v 1.35 2.7 1.48
v 0.9 2.7 1.48
v 0.9 2.7 1.45
usemtl StoneLight
s off
f 388 387 386 385
f 389 390 391 392
f 385 386 390 389
f 386 387 391 390
f 387 388 392 391
f 388 385 389 392
o Wall.Stone
v 0.75 2.45 1.45
v 0.75 2.45 1.48
v 0.3 2.45 1.48
v 0.3 2.45 1.45
v 0.75 2.7 1.45
v 0.75 2.7 1.48
v 0.3 2.7 1.48
v 0.3 2.7 1.45
usemtl StoneDark
s off
f 396 395 394 393
f 397 398 399 400
f 393 394 398 397
f 394 395 399 398
f 395 396 400 399
f 396 393 397 400
o Wall.Stone
v 0.15 2.45 1.45
v 0.15 2.45 1.48
v -0.3 2.45 1.48
v -0.3 2.45 1.45
v 0.15 2.7 1.45
v 0.15 2.7 1.48
v -0.3 2.7 1.48
v -0.3 2.7 1.45
usemtl StoneDark
s off
f 404 403 402 401
f 405 406 407 408
f 401 402 406 405
f 402 403 407 406
f 403 404 408 407
f 404 401 405 408
o Wall.Stone
v -0.45 2.45 1.45
v -0.45 2.45 1.48
v -0.9 2.45 1.48
v -0.9 2.45 1.45
v -0.45 2.7 1.45
v -0.45 2.7 1.48
v -0.9 2.7 1.48
v -0.9 2.7 1.45
usemtl StoneLight
s off
f 412 411 410 409
f 413 414 415 416
f 409 410 414 413
f 410 411 415 414
f 411 412 416 415
f 412 409 413 416
o Wall.Stone
v 1.05 2.75 1.45
v 1.05 2.75 1.48
v 0.6 2.75 1.48
v 0.6 2.75 1.45
v 1.05 3 1.45
v 1.05 3 1.48
v 0.6 3 1.48
v 0.6 3 1.45
usemtl StoneDark
s off
f 420 419 418 417
f 421 422 423 424
f 417 418 422 421
f 418 419 423 422
f 419 420 424 423
f 420 417 421 424
o Wall.Stone
v 0.45 2.75 1.45
v 0.45 2.75 1.48
v 0 2.75 1.48
v 0 2.75 1.45
v 0.45 3 1.45
v 0.45 3 1.48
v 0 3 1.48
v 0 3 1.45
usemtl StoneDark
s off
f 428 427 426 425
f 429 430 431 432
f 425 426 430 429
f 426 427 431 430
f 427 428 432 431
f 428 425 429 432
o Wall.Stone
v -0.15 2.75 1.45
v -0.15 2.75 1.48
v -0.6 2.75 1.48
v -0.6 2.75 1.45
v -0.15 3 1.45
v -0.15 3 1.48
v -0.6 3 1.48
v -0.6 3 1.45
usemtl StoneLight
s off
f 436 435 434 433
f 437 438 439 440
f 433 434 438 437
f 434 435 439 438
f 435 436 440 439
f 436 433 437 440
o Wall.Stone
v -0.75 2.75 1.45
v -0.75 2.75 1.48
v -1.2 2.75 1.48
v -1.2 2.75 1.45
v -0.75 3 1.45
v -0.75 3 1.48
v -1.2 3 1.48
v -1.2 3 1.45
usemtl StoneDark
s off
f 444 443 442 441
f 445 446 447 448
f 441 442 446 445
f 442 443 447 446
f 443 444 448 447
f 444 441 445 448
o Wall.Stone
v 1.35 3.05 1.45
v 1.35 3.05 1.48
v 0.9 3.05 1.48
v 0.9 3.05 1.45
v 1.35 3.3 1.45
v 1.35 3.3 1.48
v 0.9 3.3 1.48
v 0.9 3.3 1.45
usemtl StoneDark
s off
f 452 451 450 449
f 453 454 455 456
f 449 450 454 453
f 450 451 455 454
f 451 452 456 455
f 452 449 453 456
o Wall.Stone
v 0.75 3.05 1.45
v 0.75 3.05 1.48
v 0.3 3.05 1.48
v 0.3 3.05 1.45
v 0.75 3.3 1.45
v 0.75 3.3 1.48
v 0.3 3.3 1.48
v 0.3 3.3 1.45
usemtl StoneLight
s off
f 460 459 458 457
f 461 462 463 464
f 457 458 462 461
f 458 459 463 462
f 459 460 464 463
f 460 457 461 464
o Wall.Stone
v 0.15 3.05 1.45
v 0.15 3.05 1.48
v -0.3 3.05 1.48
v -0.3 3.05 1.45
v 0.15 3.3 1.45
v 0.15 3.3 1.48
v -0.3 3.3 1.48
v -0.3 3.3 1.45
usemtl StoneDark
s off
f 468 467 466 465
f 469 470 471 472
f 465 466 470 469
f 466 467 471 470
f 467 468 472 471
f 468 465 469 472
o Wall.Stone
v -0.45 3.05 1.45
v -0.45 3.05 1.48
v -0.9 3.05 1.48
v -0.9 3.05 1.45
v -0.45 3.3 1.45
v -0.45 3.3 1.48
v -0.9 3.3 1.48
v -0.9 3.3 1.45
usemtl StoneDark
s off
f 476 475 474 473
f 477 478 479 480
f 473 474 478 477
f 474 475 479 478
f 475 476 480 479
f 476 473 477 480
o Wall.Quoin
v 1.45 0.6 1.45
v 1.45 0.6 1.5
v 1.15 0.6 1.5
v 1.15 0.6 1.45
v 1.45 0.87 1.45
v 1.45 0.87 1.5
v 1.15 0.87 1.5
v 1.15 0.87 1.45
usemtl StoneLight
s off
f 484 483 482 481
f 485 486 487 488
f 481 482 486 485
f 482 483 487 486
f 483 484 488 487
f 484 481 485 488
o Wall.Quoin
v 1.37 0.9 1.45
v 1.37 0.9 1.5
v 1.15 0.9 1.5
v 1.15 0.9 1.45
v 1.37 1.17 1.45
v 1.37 1.17 1.5
v 1.15 1.17 1.5
v 1.15 1.17 1.45
usemtl StoneLight
s off
f 492 491 490 489
f 493 494 495 496
f 489 490 494 493
f 490 491 495 494
f 491 492 496 495
f 492 489 493 496
o Wall.Quoin
v 1.45 1.2 1.45
v 1.45 1.2 1.5
v 1.15 1.2 1.5
v 1.15 1.2 1.45
v 1.45 1.47 1.45
v 1.45 1.47 1.5
v 1.15 1.47 1.5
v 1.15 1.47 1.45
usemtl StoneLight
s off
f 500 499 498 497
f 501 502 503 504
f 497 498 502 501
f 498 499 503 502
f 499 500 504 503
f 500 497 501 504
o Wall.Quoin
v 1.37 1.5 1.45
v 1.37 1.5 1.5
v 1.15 1.5 1.5
v 1.15 1.5 1.45
v 1.37 1.77 1.45
v 1.37 1.77 1.5
v 1.15 1.77 1.5
v 1.15 1.77 1.45
usemtl StoneLight
s off
f 508 507 506 505
f 509 510 511 512
f 505 506 510 509
f 506 507 511 510
f 507 508 512 511
f 508 505 509 512
o Wall.Quoin
v 1.45 1.8 1.45
v 1.45 1.8 1.5
v 1.15 1.8 1.5
v 1.15 1.8 1.45
v 1.45 2.07 1.45
v 1.45 2.07 1.5
v 1.15 2.07 1.5
v 1.15 2.07 1.45
usemtl StoneLight
s off
f 516 515 514 513
f 517 518 519 520
f 513 514 518 517
f 514 515 519 518
f 515 516 520 519
f 516 513 517 520
o Wall.Quoin
v 1.37 2.1 1.45
v 1.37 2.1 1.5
v 1.15 2.1 1.5
v 1.15 2.1 1.45
v 1.37 2.37 1.45
v 1.37 2.37 1.5
v 1.15 2.37 1.5
v 1.15 2.37 1.45
usemtl StoneLight
s off
f 524 523 522 521
f 525 526 527 528
f 521 522 526 525
f 522 523 527 526
f 523 524 528 527
f 524 521 525 528
o Wall.Quoin
v 1.45 2.4 1.45
v 1.45 2.4 1.5
v 1.15 2.4 1.5
v 1.15 2.4 1.45
v 1.45 2.67 1.45
v 1.45 2.67 1.5
v 1.15 2.67 1.5
v 1.15 2.67 1.45
usemtl StoneLight
s off
f 532 531 530 529
f 533 534 535 536
f 529 530 534 533
f 530 531 535 534
f 531 532 536 535
f 532 529 533 536
o Wall.Quoin
v 1.37 2.7 1.45
v 1.37 2.7 1.5
v 1.15 2.7 1.5
v 1.15 2.7 1.45
v 1.37 2.97 1.45
v 1.37 2.97 1.5
v 1.15 2.97 1.5
v 1.15 2.97 1.45
usemtl StoneLight
s off
f 540 539 538 537
f 541 542 543 544
f 537 538 542 541
f 538 539 543 542
f 539 540 544 543
f 540 537 541 544
o Wall.Quoin
v 1.45 3 1.45
v 1.45 3 1.5
v 1.15 3 1.5
v 1.15 3 1.45
v 1.45 3.27 1.45
v 1.45 3.27 1.5
v 1.15 3.27 1.5
v 1.15 3.27 1.45
usemtl StoneLight
s off
f 548 547 546 545
f 549 550 551 552
f 545 546 550 549
f 546 547 551 550
f 547 548 552 551
f 548 545 549 552
o Wall.Quoin
v -1.15 0.6 1.45
v -1.15 0.6 1.5
v -1.45 0.6 1.5
v -1.45 0.6 1.45
v -1.15 0.87 1.45
v -1.15 0.87 1.5
v -1.45 0.87 1.5
v -1.45 0.87 1.45
usemtl StoneLight
s off
f 556 555 554 553
f 557 558 559 560
f 553 554 558 557
f 554 555 559 558
f 555 556 560 559
f 556 553 557 560
o Wall.Quoin
v -1.23 0.9 1.45
v -1.23 0.9 1.5
v -1.45 0.9 1.5
v -1.45 0.9 1.45
v -1.23 1.17 1.45
v -1.23 1.17 1.5
v -1.45 1.17 1.5
v -1.45 1.17 1.45
usemtl StoneLight
s off
f 564 563 562 561
f 565 566 567 568
f 561 562 566 565
f 562 563 567 566
f 563 564 568 567
f 564 561 565 568
o Wall.Quoin
v -1.15 1.2 1.45
v -1.15 1.2 1.5
v -1.45 1.2 1.5
v -1.45 1.2 1.45
v -1.15 1.47 1.45
v -1.15 1.47 1.5
v -1.45 1.47 1.5
v -1.45 1.47 1.45
usemtl StoneLight
s off
f 572 571 570 569
f 573 574 575 576
f 569 570 574 573
f 570 571 575 574
f 571 572 576 575
f 572 569 573 576
o Wall.Quoin
v -1.23 1.5 1.45
v -1.23 1.5 1.5
v -1.45 1.5 1.5
v -1.45 1.5 1.45
v -1.23 1.77 1.45
v -1.23 1.77 1.5
v -1.45 1.77 1.5
v -1.45 1.77 1.45
usemtl StoneLight
s off
f 580 579 578 577
f 581 582 583 584
f 577 578 582 581
f 578 579 583 582
f 579 580 584 583
f 580 577 581 584
o Wall.Quoin
v -1.15 1.8 1.45
v -1.15 1.8 1.5
v -1.45 1.8 1.5
v -1.45 1.8 1.45
v -1.15 2.07 1.45
v -1.15 2.07 1.5
v -1.45 2.07 1.5
v -1.45 2.07 1.45
usemtl StoneLight
s off
f 588 587 586 585
f 589 590 591 592
f 585 586 590 589
f 586 587 591 590
f 587 588 592 591
f 588 585 589 592
o Wall.Quoin
v -1.23 2.1 1.45
v -1.23 2.1 1.5
v -1.45 2.1 1.5
v -1.45 2.1 1.45
v -1.23 2.37 1.45
v -1.23 2.37 1.5
v -1.45 2.37 1.5
v -1.45 2.37 1.45
usemtl StoneLight
s off
f 596 595 594 593
f 597 598 599 600
f 593 594 598 597
f 594 595 599 598
f 595 596 600 599
f 596 593 597 600
o Wall.Quoin
v -1.15 2.4 1.45
v -1.15 2.4 1.5
v -1.45 2.4 1.5
v -1.45 2.4 1.45
v -1.15 2.67 1.45
v -1.15 2.67 1.5
v -1.45 2.67 1.5
v -1.45 2.67 1.45
usemtl StoneLight
s off
f 604 603 602 601
f 605 606 607 608
f 601 602 606 605
f 602 603 607 606
f 603 604 608 607
f 604 601 605 608
o Wall.Quoin
v -1.23 2.7 1.45
v -1.23 2.7 1.5
v -1.45 2.7 1.5
v -1.45 2.7 1.45
v -1.23 2.97 1.45
v -1.23 2.97 1.5
v -1.45 2.97 1.5
v -1.45 2.97 1.45
usemtl StoneLight
s off
f 612 611 610 609
f 613 614 615 616
f 609 610 614 613
f 610 611 615 614
f 611 612 616 615
f 612 609 613 616
o Wall.Quoin
v -1.15 3 1.45
v -1.15 3 1.5
v -1.45 3 1.5
v -1.45 3 1.45
v -1.15 3.27 1.45
v -1.15 3.27 1.5
v -1.45 3.27 1.5
v -1.45 3.27 1.45
usemtl StoneLight
s off
f 620 619 618 617
f 621 622 623 624
f 617 618 622 621
f 618 619 623 622
f 619 620 624 623
f 620 617 621 624
o Wall.Stone
v -0.9 0.65 -1.48
v -0.9 0.65 -1.45
v -1.35 0.65 -1.45
v -1.35 0.65 -1.48
v -0.9 0.9 -1.48
v -0.9 0.9 -1.45
v -1.35 0.9 -1.45
v -1.35 0.9 -1.48
usemtl StoneLight
s off
f 628 627 626 625
f 629 630 631 632
f 625 626 630 629
f 626 627 631 630
f 627 628 632 631
f 628 625 629 632
o Wall.Stone
v -0.3 0.65 -1.48
v -0.3 0.65 -1.45
v -0.75 0.65 -1.45
v -0.75 0.65 -1.48
v -0.3 0.9 -1.48
v -0.3 0.9 -1.45
v -0.75 0.9 -1.45
v -0.75 0.9 -1.48
usemtl StoneDark
s off
f 636 635 634 633
f 637 638 639 640
f 633 634 638 637
f 634 635 639 638
f 635 636 640 639
f 636 633 637 640
o Wall.Stone
v 0.3 0.65 -1.48
v 0.3 0.65 -1.45
v -0.15 0.65 -1.45
v -0.15 0.65 -1.48
v 0.3 0.9 -1.48
v 0.3 0.9 -1.45
v -0.15 0.9 -1.45
v -0.15 0.9 -1.48
usemtl StoneDark
s off
f 644 643 642 641
f 645 646 647 648
f 641 642 646 645
f 642 643 647 646
f 643 644 648 647
f 644 641 645 648
o Wall.Stone
v 0.9 0.65 -1.48
v 0.9 0.65 -1.45
v 0.45 0.65 -1.45
v 0.45 0.65 -1.48
v 0.9 0.9 -1.48
v 0.9 0.9 -1.45
v 0.45 0.9 -1.45
v 0.45 0.9 -1.48
usemtl StoneLight
s off
f 652 651 650 649
f 653 654 655 656
f 649 650 654 653
f 650 651 655 654
f 651 652 656 655
f 652 649 653 656
o Wall.Stone
v -0.6 0.95 -1.48
v -0.6 0.95 -1.45
v -1.05 0.95 -1.45
v -1.05 0.95 -1.48
v -0.6 1.2 -1.48
v -0.6 1.2 -1.45
v -1.05 1.2 -1.45
v -1.05 1.2 -1.48
usemtl StoneDark
s off
f 660 659 658 657
f 661 662 663 664
f 657 658 662 661
f 658 659 663 662
f 659 660 664 663
f 660 657 661 664
o Wall.Stone
v 0 0.95 -1.48
v 0 0.95 -1.45
v -0.45 0.95 -1.45
v -0.45 0.95 -1.48
v 0 1.2 -1.48
v 0 1.2 -1.45
v -0.45 1.2 -1.45
v -0.45 1.2 -1.48
usemtl StoneDark
s off
f 668 667 666 665
f 669 670 671 672
f 665 666 670 669
f 666 667 671 670
f 667 668 672 671
f 668 665 669 672
o Wall.Stone
v 0.6 0.95 -1.48
v 0.6 0.95 -1.45
v 0.15 0.95 -1.45
v 0.15 0.95 -1.48
v 0.6 1.2 -1.48
v 0.6 1.2 -1.45
v 0.15 1.2 -1.45
v 0.15 1.2 -1.48
usemtl StoneLight
s off
f 676 675 674 673
f 677 678 679 680
f 673 674 678 677
f 674 675 679 678
f 675 676 680 679
f 676 673 677 680
o Wall.Stone
v 1.2 0.95 -1.48
v 1.2 0.95 -1.45
v 0.75 0.95 -1.45
v 0.75 0.95 -1.48
v 1.2 1.2 -1.48
v 1.2 1.2 -1.45
v 0.75 1.2 -1.45
v 0.75 1.2 -1.48
usemtl StoneDark
s off
f 684 683 682 681
f 685 686 687 688
f 681 682 686 685
f 682 683 687 686
f 683 684 688 687
f 684 681 685 688
o Wall.Stone
v -0.9 1.25 -1.48
v -0.9 1.25 -1.45
v -1.35 1.25 -1.45
v -1.35 1.25 -1.48
v -0.9 1.5 -1.48
v -0.9 1.5 -1.45
v -1.35 1.5 -1.45
v -1.35 1.5 -1.48
usemtl StoneDark
s off
f 692 691 690 689
f 693 694 695 696
f 689 690 694 693
f 690 691 695 694
f 691 692 696 695
f 692 689 693 696
o Wall.Stone
v -0.3 1.25 -1.48
v -0.3 1.25 -1.45
v -0.75 1.25 -1.45
v -0.75 1.25 -1.48
v -0.3 1.5 -1.48
v -0.3 1.5 -1.45
v -0.75 1.5 -1.45
v -0.75 1.5 -1.48
usemtl StoneLight
s off
f 700 699 698 697
f 701 702 703 704
f 697 698 702 701
f 698 699 703 702
f 699 700 704 703
f 700 697 701 704
o Wall.Stone
v 0.3 1.25 -1.48
v 0.3 1.25 -1.45
v -0.15 1.25 -1.45
v -0.15 1.25 -1.48
v 0.3 1.5 -1.48
v 0.3 1.5 -1.45
v -0.15 1.5 -1.45
v -0.15 1.5 -1.48
usemtl StoneDark
s off
f 708 707 706 705
f 709 710 711 712
f 705 706 710 709
f 706 707 711 710
f 707 708 712 711
f 708 705 709 712
o Wall.Stone
v 0.9 1.25 -1.48
v 0.9 1.25 -1.45
v 0.45 1.25 -1.45
v 0.45 1.25 -1.48
v 0.9 1.5 -1.48
v 0.9 1.5 -1.45
v 0.45 1.5 -1.45
v 0.45 1.5 -1.48
usemtl StoneDark
s off
f 716 715 714 713
f 717 718 719 720
f 713 714 718 717
f 714 715 719 718
f 715 716 720 719
f 716 713 717 720
o Wall.Stone
v -0.6 1.55 -1.48
v -0.6 1.55 -1.45
v -1.05 1.55 -1.45
v -1.05 1.55 -1.48
v -0.6 1.8 -1.48
v -0.6 1.8 -1.45
v -1.05 1.8 -1.45
v -1.05 1.8 -1.48
usemtl StoneLight
s off
f 724 723 722 721
f 725 726 727 728
f 721 722 726 725
f 722 723 727 726
f 723 724 728 727
f 724 721 725 728
o Wall.Stone
v 0 1.55 -1.48
v 0 1.55 -1.45
v -0.45 1.55 -1.45
v -0.45 1.55 -1.48
v 0 1.8 -1.48
v 0 1.8 -1.45
v -0.45 1.8 -1.45
v -0.45 1.8 -1.48
usemtl StoneDark
s off
f 732 731 730 729
f 733 734 735 736
f 729 730 734 733
f 730 731 735 734
f 731 732 736 735
f 732 729 733 736
o Wall.Stone
v 0.6 1.55 -1.48
v 0.6 1.55 -1.45
v 0.15 1.55 -1.45
v 0.15 1.55 -1.48
v 0.6 1.8 -1.48
v 0.6 1.8 -1.45
v 0.15 1.8 -1.45
v 0.15 1.8 -1.48
usemtl StoneDark
s off
f 740 739 738 737
f 741 742 743 744
f 737 738 742 741
f 738 739 743 742
f 739 740 744 743
f 740 737 741 744
o Wall.Stone
v 1.2 1.55 -1.48
v 1.2 1.55 -1.45
v 0.75 1.55 -1.45
v 0.75 1.55 -1.48
v 1.2 1.8 -1.48
v 1.2 1.8 -1.45
v 0.75 1.8 -1.45
v 0.75 1.8 -1.48
usemtl StoneLight
s off
f 748 747 746 745
f 749 750 751 752
f 745 746 750 749
f 746 747 751 750
f 747 748 752 751
f 748 745 749 752
o Wall.Stone
v -0.9 1.85 -1.48
v -0.9 1.85 -1.45
v -1.35 1.85 -1.45
v -1.35 1.85 -1.48
v -0.9 2.1 -1.48
v -0.9 2.1 -1.45
v -1.35 2.1 -1.45
v -1.35 2.1 -1.48
usemtl StoneDark
s off
f 756 755 754 753
f 757 758 759 760
f 753 754 758 757
f 754 755 759 758
f 755 756 760 759
f 756 753 757 760
o Wall.Stone
v -0.3 1.85 -1.48
v -0.3 1.85 -1.45
v -0.75 1.85 -1.45
v -0.75 1.85 -1.48
v -0.3 2.1 -1.48
v -0.3 2.1 -1.45
v -0.75 2.1 -1.45
v -0.75 2.1 -1.48
usemtl StoneDark
s off
f 764 763 762 761
f 765 766 767 768
f 761 762 766 765
f 762 763 767 766
f 763 764 768 767
f 764 761 765 768
o Wall.Stone
v 0.3 1.85 -1.48
v 0.3 1.85 -1.45
v -0.15 1.85 -1.45
v -0.15 1.85 -1.48
v 0.3 2.1 -1.48
v 0.3 2.1 -1.45
v -0.15 2.1 -1.45
v -0.15 2.1 -1.48
usemtl StoneLight
s off
f 772 771 770 769
f 773 774 775 776
f 769 770 774 773
f 770 771 775 774
f 771 772 776 775
f 772 769 773 776
o Wall.Stone
v 0.9 1.85 -1.48
v 0.9 1.85 -1.45
v 0.45 1.85 -1.45
v 0.45 1.85 -1.48
v 0.9 2.1 -1.48
v 0.9 2.1 -1.45
v 0.45 2.1 -1.45
v 0.45 2.1 -1.48
usemtl StoneDark
s off
f 780 779 778 777
f 781 782 783 784
f 777 778 782 781
f 778 779 783 782
f 779 780 784 783
f 780 777 781 784
o Wall.Stone
v -0.6 2.15 -1.48
v -0.6 2.15 -1.45
v -1.05 2.15 -1.45
v -1.05 2.15 -1.48
v -0.6 2.4 -1.48
v -0.6 2.4 -1.45
v -1.05 2.4 -1.45
v -1.05 2.4 -1.48
usemtl StoneDark
s off
f 788 787 786 785
f 789 790 791 792
f 785 786 790 789
f 786 787 791 790
f 787 788 792 791
f 788 785 789 792
o Wall.Stone
v 0 2.15 -1.48
v 0 2.15 -1.45
v -0.45 2.15 -1.45
v -0.45 2.15 -1.48
v 0 2.4 -1.48
v 0 2.4 -1.45
v -0.45 2.4 -1.45
v -0.45 2.4 -1.48
usemtl StoneLight
s off
f 796 795 794 793
f 797 798 799 800
f 793 794 798 797
f 794 795 799 798
f 795 796 800 799
f 796 793 797 800
o Wall.Stone
v 0.6 2.15 -1.48
v 0.6 2.15 -1.45
v 0.15 2.15 -1.45
v 0.15 2.15 -1.48
v 0.6 2.4 -1.48
v 0.6 2.4 -1.45
v 0.15 2.4 -1.45
v 0.15 2.4 -1.48
usemtl StoneDark
s off
f 804 803 802 801
f 805 806 807 808
f 801 802 806 805
f 802 803 807 806
f 803 804 808 807
f 804 801 805 808
o Wall.Stone
v 1.2 2.15 -1.48
v 1.2 2.15 -1.45
v 0.75 2.15 -1.45
v 0.75 2.15 -1.48
v 1.2 2.4 -1.48
v 1.2 2.4 -1.45
v 0.75 2.4 -1.45
v 0.75 2.4 -1.48
usemtl StoneDark
s off
f 812 811 810 809
f 813 814 815 816
f 809 810 814 813
f 810 811 815 814
f 811 812 816 815
f 812 809 813 816
o Wall.Stone
v -0.9 2.45 -1.48
v -0.9 2.45 -1.45
v -1.35 2.45 -1.45
v -1.35 2.45 -1.48
v -0.9 2.7 -1.48
v -0.9 2.7 -1.45
v -1.35 2.7 -1.45
v -1.35 2.7 -1.48
usemtl StoneLight
s off
f 820 819 818 817
f 821 822 823 824
f 817 818 822 821
f 818 819 823 822
f 819 820 824 823
f 820 817 821 824
o Wall.Stone
v -0.3 2.45 -1.48
v -0.3 2.45 -1.45
v -0.75 2.45 -1.45
v -0.75 2.45 -1.48
v -0.3 2.7 -1.48
v -0.3 2.7 -1.45
v -0.75 2.7 -1.45
v -0.75 2.7 -1.48
usemtl StoneDark
s off
f 828 827 826 825
f 829 830 831 832
f 825 826 830 829
f 826 827 831 830
f 827 828 832 831
f 828 825 829 832
o Wall.Stone
v 0.3 2.45 -1.48
v 0.3 2.45 -1.45
v -0.15 2.45 -1.45
v -0.15 2.45 -1.48
v 0.3 2.7 -1.48
v 0.3 2.7 -1.45
v -0.15 2.7 -1.45
v -0.15 2.7 -1.48
usemtl StoneDark
s off
f 836 835 834 833
f 837 838 839 840
f 833 834 838 837
f 834 835 839 838
f 835 836 840 839
f 836 833 837 840
o Wall.Stone
v 0.9 2.45 -1.48
v 0.9 2.45 -1.45
v 0.45 2.45 -1.45
v 0.45 2.45 -1.48
v 0.9 2.7 -1.48
v 0.9 2.7 -1.45
v 0.45 2.7 -1.45
v 0.45 2.7 -1.48
usemtl StoneLight
s off
f 844 843 842 841
f 845 846 847 848
f 841 842 846 845
f 842 843 847 846
f 843 844 848 847
f 844 841 845 848
o Wall.Stone
v -0.6 2.75 -1.48
v -0.6 2.75 -1.45
v -1.05 2.75 -1.45
v -1.05 2.75 -1.48
v -0.6 3 -1.48
v -0.6 3 -1.45
v -1.05 3 -1.45
v -1.05 3 -1.48
usemtl StoneDark
s off
f 852 851 850 849
f 853 854 855 856
f 849 850 854 853
f 850 851 855 854
f 851 852 856 855
f 852 849 853 856
o Wall.Stone
v 0 2.75 -1.48
v 0 2.75 -1.45
v -0.45 2.75 -1.45
v -0.45 2.75 -1.48
v 0 3 -1.48
v 0 3 -1.45
v -0.45 3 -1.45
v -0.45 3 -1.48
usemtl StoneDark
s off
f 860 859 858 857
f 861 862 863 864
f 857 858 862 861
f 858 859 863 862
f 859 860 864 863
f 860 857 861 864
o Wall.Stone
v 0.6 2.75 -1.48
v 0.6 2.75 -1.45
v 0.15 2.75 -1.45
v 0.15 2.75 -1.48
v 0.6 3 -1.48
v 0.6 3 -1.45
v 0.15 3 -1.45
v 0.15 3 -1.48
usemtl StoneLight
s off
f 868 867 866 865
f 869 870 871 872
f 865 866 870 869
f 866 867 871 870
f 867 868 872 871
f 868 865 869 872
o Wall.Stone
v 1.2 2.75 -1.48
v 1.2 2.75 -1.45
v 0.75 2.75 -1.45
v 0.75 2.75 -1.48
v 1.2 3 -1.48
v 1.2 3 -1.45
v 0.75 3 -1.45
v 0.75 3 -1.48
usemtl StoneDark
s off
f 876 875 874 873
f 877 878 879 880
f 873 874 878 877
f 874 875 879 878
f 875 876 880 879
f 876 873 877 880
o Wall.Stone
v -0.9 3.05 -1.48
v -0.9 3.05 -1.45
v -1.35 3.05 -1.45
v -1.35 3.05 -1.48
v -0.9 3.3 -1.48
v -0.9 3.3 -1.45
v -1.35 3.3 -1.45
v -1.35 3.3 -1.48
usemtl StoneDark
s off
f 884 883 882 881
f 885 886 887 888
f 881 882 886 885
f 882 883 887 886
f 883 884 888 887
f 884 881 885 888
o Wall.Stone
v -0.3 3.05 -1.48
v -0.3 3.05 -1.45
v -0.75 3.05 -1.45
v -0.75 3.05 -1.48
v -0.3 3.3 -1.48
v -0.3 3.3 -1.45
v -0.75 3.3 -1.45
v -0.75 3.3 -1.48
usemtl StoneLight
s off
f 892 891 890 889
f 893 894 895 896
f 889 890 894 893
f 890 891 895 894
f 891 892 896 895
f 892 889 893 896
o Wall.Stone
v 0.3 3.05 -1.48
v 0.3 3.05 -1.45
v -0.15 3.05 -1.45
v -0.15 3.05 -1.48
v 0.3 3.3 -1.48
v 0.3 3.3 -1.45
v -0.15 3.3 -1.45
v -0.15 3.3 -1.48
usemtl StoneDark
s off
f 900 899 898 897
f 901 902 903 904
f 897 898 902 901
f 898 899 903 902
f 899 900 904 903
f 900 897 901 904
o Wall.Stone
v 0.9 3.05 -1.48
v 0.9 3.05 -1.45
v 0.45 3.05 -1.45
v 0.45 3.05 -1.48
v 0.9 3.3 -1.48
v 0.9 3.3 -1.45
v 0.45 3.3 -1.45
v 0.45 3.3 -1.48
usemtl StoneDark
s off
f 908 907 906 905
f 909 910 911 912
f 905 906 910 909
f 906 907 911 910
f 907 908 912 911
f 908 905 909 912
o Wall.Quoin
v -1.15 0.6 -1.5
v -1.15 0.6 -1.45
v -1.45 0.6 -1.45
v -1.45 0.6 -1.5
v -1.15 0.87 -1.5
v -1.15 0.87 -1.45
v -1.45 0.87 -1.45
v -1.45 0.87 -1.5
usemtl StoneLight
s off
f 916 915 914 913
f 917 918 919 920
f 913 914 918 917
f 914 915 919 918
f 915 916 920 919
f 916 913 917 920
o Wall.Quoin
v -1.15 0.9 -1.5
v -1.15 0.9 -1.45
v -1.37 0.9 -1.45
v -1.37 0.9 -1.5
v -1.15 1.17 -1.5
v -1.15 1.17 -1.45
v -1.37 1.17 -1.45
v -1.37 1.17 -1.5
usemtl StoneLight
s off
f 924 923 922 921
f 925 926 927 928
f 921 922 926 925
f 922 923 927 926
f 923 924 928 927
f 924 921 925 928
o Wall.Quoin
v -1.15 1.2 -1.5
v -1.15 1.2 -1.45
v -1.45 1.2 -1.45
v -1.45 1.2 -1.5
v -1.15 1.47 -1.5
v -1.15 1.47 -1.45
v -1.45 1.47 -1.45
v -1.45 1.47 -1.5
usemtl StoneLight
s off
f 932 931 930 929
f 933 934 935 936
f 929 930 934 933
f 930 931 935 934
f 931 932 936 935
f 932 929 933 936
o Wall.Quoin
v -1.15 1.5 -1.5
v -1.15 1.5 -1.45
v -1.37 1.5 -1.45
v -1.37 1.5 -1.5
v -1.15 1.77 -1.5
v -1.15 1.77 -1.45
v -1.37 1.77 -1.45
v -1.37 1.77 -1.5
usemtl StoneLight
s off
f 940 939 938 937
f 941 942 943 944
f 937 938 942 941
f 938 939 943 942
f 939 940 944 943
f 940 937 941 944
o Wall.Quoin
v -1.15 1.8 -1.5
v -1.15 1.8 -1.45
v -1.45 1.8 -1.45
v -1.45 1.8 -1.5
v -1.15 2.07 -1.5
v -1.15 2.07 -1.45
v -1.45 2.07 -1.45
v -1.45 2.07 -1.5
usemtl StoneLight
s off
f 948 947 946 945
f 949 950 951 952
f 945 946 950 949
f 946 947 951 950
f 947 948 952 951
f 948 945 949 952
o Wall.Quoin
v -1.15 2.1 -1.5
v -1.15 2.1 -1.45
v -1.37 2.1 -1.45
v -1.37 2.1 -1.5
v -1.15 2.37 -1.5
v -1.15 2.37 -1.45
v -1.37 2.37 -1.45
v -1.37 2.37 -1.5
usemtl StoneLight
s off
f 956 955 954 953
f 957 958 959 960
f 953 954 958 957
f 954 955 959 958
f 955 956 960 959
f 956 953 957 960
o Wall.Quoin
v -1.15 2.4 -1.5
v -1.15 2.4 -1.45
v -1.45 2.4 -1.45
v -1.45 2.4 -1.5
v -1.15 2.67 -1.5
v -1.15 2.67 -1.45
v -1.45 2.67 -1.45
v -1.45 2.67 -1.5
usemtl StoneLight
s off
f 964 963 962 961
f 965 966 967 968
f 961 962 966 965
f 962 963 967 966
f 963 964 968 967
f 964 961 965 968
o Wall.Quoin
v -1.15 2.7 -1.5
v -1.15 2.7 -1.45
v -1.37 2.7 -1.45
v -1.37 2.7 -1.5
v -1.15 2.97 -1.5
v -1.15 2.97 -1.45
v -1.37 2.97 -1.45
v -1.37 2.97 -1.5
usemtl StoneLight
s off
f 972 971 970 969
f 973 974 975 976
f 969 970 974 973
f 970 971 975 974
f 971 972 976 975
f 972 969 973 976
o Wall.Quoin
v -1.15 3 -1.5
v -1.15 3 -1.45
v -1.45 3 -1.45
v -1.45 3 -1.5
v -1.15 3.27 -1.5
v -1.15 3.27 -1.45
v -1.45 3.27 -1.45
v -1.45 3.27 -1.5
usemtl StoneLight
s off
f 980 979 978 977
f 981 982 983 984
f 977 978 982 981
f 978 979 983 982
f 979 980 984 983
f 980 977 981 984
o Wall.Quoin
v 1.45 0.6 -1.5
v 1.45 0.6 -1.45
v 1.15 0.6 -1.45
v 1.15 0.6 -1.5
v 1.45 0.87 -1.5
v 1.45 0.87 -1.45
v 1.15 0.87 -1.45
v 1.15 0.87 -1.5
usemtl StoneLight
s off
f 988 987 986 985
f 989 990 991 992
f 985 986 990 989
f 986 987 991 990
f 987 988 992 991
f 988 985 989 992
o Wall.Quoin
v 1.45 0.9 -1.5
v 1.45 0.9 -1.45
v 1.23 0.9 -1.45
v 1.23 0.9 -1.5
v 1.45 1.17 -1.5
v 1.45 1.17 -1.45
v 1.23 1.17 -1.45
v 1.23 1.17 -1.5
usemtl StoneLight
s off
f 996 995 994 993
f 997 998 999 1000
f 993 994 998 997
f 994 995 999 998
f 995 996 1000 999
f 996 993 997 1000
o Wall.Quoin
v 1.45 1.2 -1.5
v 1.45 1.2 -1.45
v 1.15 1.2 -1.45
v 1.15 1.2 -1.5
v 1.45 1.47 -1.5
v 1.45 1.47 -1.45
v 1.15 1.47 -1.45
v 1.15 1.47 -1.5
usemtl StoneLight
s off
f 1004 1003 1002 1001
f 1005 1006 1007 1008
f 1001 1002 1006 1005
f 1002 1003 1007 1006
f 1003 1004 1008 1007
f 1004 1001 1005 1008
o Wall.Quoin
v 1.45 1.5 -1.5
v 1.45 1.5 -1.45
v 1.23 1.5 -1.45
v 1.23 1.5 -1.5
v 1.45 1.77 -1.5
v 1.45 1.77 -1.45
v 1.23 1.77 -1.45
v 1.23 1.77 -1.5
usemtl StoneLight
s off
f 1012 1011 1010 1009
f 1013 1014 1015 1016
f 1009 1010 1014 1013
f 1010 1011 1015 1014
f 1011 1012 1016 1015
f 1012 1009 1013 1016
o Wall.Quoin
v 1.45 1.8 -1.5
v 1.45 1.8 -1.45
v 1.15 1.8 -1.45
v 1.15 1.8 -1.5
v 1.45 2.07 -1.5
v 1.45 2.07 -1.45
v 1.15 2.07 -1.45
v 1.15 2.07 -1.5
usemtl StoneLight
s off
f 1020 1019 1018 1017
f 1021 1022 1023 1024
f 1017 1018 1022 1021
f 1018 1019 1023 1022
f 1019 1020 1024 1023
f 1020 1017 1021 1024
o Wall.Quoin
v 1.45 2.1 -1.5
v 1.45 2.1 -1.45
v 1.23 2.1 -1.45
v 1.23 2.1 -1.5
v 1.45 2.37 -1.5
v 1.45 2.37 -1.45
v 1.23 2.37 -1.45
v 1.23 2.37 -1.5
usemtl StoneLight
s off
f 1028 1027 1026 1025
f 1029 1030 1031 1032
f 1025 1026 1030 1029
f 1026 1027 1031 1030
f 1027 1028 1032 1031
f 1028 1025 1029 1032
o Wall.Quoin
v 1.45 2.4 -1.5
v 1.45 2.4 -1.45
v 1.15 2.4 -1.45
v 1.15 2.4 -1.5
v 1.45 2.67 -1.5
v 1.45 2.67 -1.45
v 1.15 2.67 -1.45
v 1.15 2.67 -1.5
usemtl StoneLight
s off
f 1036 1035 1034 1033
f 1037 1038 1039 1040
f 1033 1034 1038 1037
f 1034 1035 1039 1038
f 1035 1036 1040 1039
f 1036 1033 1037 1040
o Wall.Quoin
v 1.45 2.7 -1.5
v 1.45 2.7 -1.45
v 1.23 2.7 -1.45
v 1.23 2.7 -1.5
v 1.45 2.97 -1.5
v 1.45 2.97 -1.45
v 1.23 2.97 -1.45
v 1.23 2.97 -1.5
usemtl StoneLight
s off
f 1044 1043 1042 1041
f 1045 1046 1047 1048
f 1041 1042 1046 1045
f 1042 1043 1047 1046
f 1043 1044 1048 1047
f 1044 1041 1045 1048
o Wall.Quoin
v 1.45 3 -1.5
v 1.45 3 -1.45
v 1.15 3 -1.45
v 1.15 3 -1.5
v 1.45 3.27 -1.5
v 1.45 3.27 -1.45
v 1.15 3.27 -1.45
v 1.15 3.27 -1.5
usemtl StoneLight
s off
f 1052 1051 1050 1049
f 1053 1054 1055 1056
f 1049 1050 1054 1053
f 1050 1051 1055 1054
f 1051 1052 1056 1055
f 1052 1049 1053 1056
o Wall.Stone
v 1.48 0.65 -1.35
v 1.48 0.65 -0.9
v 1.45 0.65 -0.9
v 1.45 0.65 -1.35
v 1.48 0.9 -1.35
v 1.48 0.9 -0.9
v 1.45 0.9 -0.9
v 1.45 0.9 -1.35
usemtl StoneLight
s off
f 1060 1059 1058 1057
f 1061 1062 1063 1064
f 1057 1058 1062 1061
f 1058 1059 1063 1062
f 1059 1060 1064 1063
f 1060 1057 1061 1064
o Wall.Stone
v 1.48 0.65 -0.75
v 1.48 0.65 -0.3
v 1.45 0.65 -0.3
v 1.45 0.65 -0.75
v 1.48 0.9 -0.75
v 1.48 0.9 -0.3
v 1.45 0.9 -0.3
v 1.45 0.9 -0.75
usemtl StoneDark
s off
f 1068 1067 1066 1065
f 1069 1070 1071 1072
f 1065 1066 1070 1069
f 1066 1067 1071 1070
f 1067 1068 1072 1071
f 1068 1065 1069 1072
o Wall.Stone
v 1.48 0.65 -0.15
v 1.48 0.65 0.3
v 1.45 0.65 0.3
v 1.45 0.65 -0.15
v 1.48 0.9 -0.15
v 1.48 0.9 0.3
v 1.45 0.9 0.3
v 1.45 0.9 -0.15
usemtl StoneDark
s off
f 1076 1075 1074 1073
f 1077 1078 1079 1080
f 1073 1074 1078 1077
f 1074 1075 1079 1078
f 1075 1076 1080 1079
f 1076 1073 1077 1080
o Wall.Stone
v 1.48 0.65 0.45
v 1.48 0.65 0.9
v 1.45 0.65 0.9
v 1.45 0.65 0.45
v 1.48 0.9 0.45
v 1.48 0.9 0.9
v 1.45 0.9 0.9
v 1.45 0.9 0.45
usemtl StoneLight
s off
f 1084 1083 1082 1081
f 1085 1086 1087 1088
f 1081 1082 1086 1085
f 1082 1083 1087 1086
f 1083 1084 1088 1087
f 1084 1081 1085 1088
o Wall.Stone
v 1.48 0.95 -1.05
v 1.48 0.95 -0.6
v 1.45 0.95 -0.6
v 1.45 0.95 -1.05
v 1.48 1.2 -1.05
v 1.48 1.2 -0.6
v 1.45 1.2 -0.6
v 1.45 1.2 -1.05
usemtl StoneDark
s off
f 1092 1091 1090 1089
f 1093 1094 1095 1096
f 1089 1090 1094 1093
f 1090 1091 1095 1094
f 1091 1092 1096 1095
f 1092 1089 1093 1096
o Wall.Stone
v 1.48 0.95 -0.45
v 1.48 0.95 0
v 1.45 0.95 0
v 1.45 0.95 -0.45
v 1.48 1.2 -0.45
v 1.48 1.2 0
v 1.45 1.2 0
v 1.45 1.2 -0.45
usemtl StoneDark
s off
f 1100 1099 1098 1097
f 1101 1102 1103 1104
f 1097 1098 1102 1101
f 1098 1099 1103 1102
f 1099 1100 1104 1103
f 1100 1097 1101 1104
o Wall.Stone
v 1.48 0.95 0.15
v 1.48 0.95 0.6
v 1.45 0.95 0.6
v 1.45 0.95 0.15
v 1.48 1.2 0.15
v 1.48 1.2 0.6
v 1.45 1.2 0.6
v 1.45 1.2 0.15
usemtl StoneLight
s off
f 1108 1107 1106 1105
f 1109 1110 1111 1112
f 1105 1106 1110 1109
f 1106 1107 1111 1110
f 1107 1108 1112 1111
f 1108 1105 1109 1112
o Wall.Stone
v 1.48 0.95 0.75
v 1.48 0.95 1.2
v 1.45 0.95 1.2
v 1.45 0.95 0.75
v 1.48 1.2 0.75
v 1.48 1.2 1.2
v 1.45 1.2 1.2
v 1.45 1.2 0.75
usemtl StoneDark
s off
f 1116 1115 1114 1113
f 1117 1118 1119 1120
f 1113 1114 1118 1117
f 1114 1115 1119 1118
f 1115 1116 1120 1119
f 1116 1113 1117 1120
o Wall.Stone
v 1.48 1.25 -1.35
v 1.48 1.25 -0.9
v 1.45 1.25 -0.9
v 1.45 1.25 -1.35
v 1.48 1.5 -1.35
v 1.48 1.5 -0.9
v 1.45 1.5 -0.9
v 1.45 1.5 -1.35
usemtl StoneDark
s off
f 1124 1123 1122 1121
f 1125 1126 1127 1128
f 1121 1122 1126 1125
f 1122 1123 1127 1126
f 1123 1124 1128 1127
f 1124 1121 1125 1128
o Wall.Stone
v 1.48 1.25 -0.75
v 1.48 1.25 -0.3
v 1.45 1.25 -0.3
v 1.45 1.25 -0.75
v 1.48 1.5 -0.75
v 1.48 1.5 -0.3
v 1.45 1.5 -0.3
v 1.45 1.5 -0.75
usemtl StoneLight
s off
f 1132 1131 1130 1129
f 1133 1134 1135 1136
f 1129 1130 1134 1133
f 1130 1131 1135 1134
f 1131 1132 1136 1135
f 1132 1129 1133 1136
o Wall.Stone
v 1.48 1.25 -0.15
v 1.48 1.25 0.3
v 1.45 1.25 0.3
v 1.45 1.25 -0.15
v 1.48 1.5 -0.15
v 1.48 1.5 0.3
v 1.45 1.5 0.3
v 1.45 1.5 -0.15
usemtl StoneDark
s off
f 1140 1139 1138 1137
f 1141 1142 1143 1144
f 1137 1138 1142 1141
f 1138 1139 1143 1142
f 1139 1140 1144 1143
f 1140 1137 1141 1144
o Wall.Stone
v 1.48 1.25 0.45
v 1.48 1.25 0.9
v 1.45 1.25 0.9
v 1.45 1.25 0.45
v 1.48 1.5 0.45
v 1.48 1.5 0.9
v 1.45 1.5 0.9
v 1.45 1.5 0.45
usemtl StoneDark
s off
f 1148 1147 1146 1145
f 1149 1150 1151 1152
f 1145 1146 1150 1149
f 1146 1147 1151 1150
f 1147 1148 1152 1151
f 1148 1145 1149 1152
o Wall.Stone
v 1.48 1.55 -1.05
v 1.48 1.55 -0.6
v 1.45 1.55 -0.6
v 1.45 1.55 -1.05
v 1.48 1.8 -1.05
v 1.48 1.8 -0.6
v 1.45 1.8 -0.6
v 1.45 1.8 -1.05
usemtl StoneLight
s off
f 1156 1155 1154 1153
f 1157 1158 1159 1160
f 1153 1154 1158 1157
f 1154 1155 1159 1158
f 1155 1156 1160 1159
f 1156 1153 1157 1160
o Wall.Stone
v 1.48 1.55 -0.45
v 1.48 1.55 0
v 1.45 1.55 0
v 1.45 1.55 -0.45
v 1.48 1.8 -0.45
v 1.48 1.8 0
v 1.45 1.8 0
v 1.45 1.8 -0.45
usemtl StoneDark
s off
f 1164 1163 1162 1161
f 1165 1166 1167 1168
f 1161 1162 1166 1165
f 1162 1163 1167 1166
f 1163 1164 1168 1167
f 1164 1161 1165 1168
o Wall.Stone
v 1.48 1.55 0.15
v 1.48 1.55 0.6
v 1.45 1.55 0.6
v 1.45 1.55 0.15
v 1.48 1.8 0.15
v 1.48 1.8 0.6
v 1.45 1.8 0.6
v 1.45 1.8 0.15
usemtl StoneDark
s off
f 1172 1171 1170 1169
f 1173 1174 1175 1176
f 1169 1170 1174 1173
f 1170 1171 1175 1174
f 1171 1172 1176 1175
f 1172 1169 1173 1176
o Wall.Stone
v 1.48 1.55 0.75
v 1.48 1.55 1.2
v 1.45 1.55 1.2
v 1.45 1.55 0.75
v 1.48 1.8 0.75
v 1.48 1.8 1.2
v 1.45 1.8 1.2
v 1.45 1.8 0.75
usemtl StoneLight
s off
f 1180 1179 1178 1177
f 1181 1182 1183 1184
f 1177 1178 1182 1181
f 1178 1179 1183 1182
f 1179 1180 1184 1183
f 1180 1177 1181 1184
o Wall.Stone
v 1.48 1.85 -1.35
v 1.48 1.85 -0.9
v 1.45 1.85 -0.9
v 1.45 1.85 -1.35
v 1.48 2.1 -1.35
v 1.48 2.1 -0.9
v 1.45 2.1 -0.9
v 1.45 2.1 -1.35
usemtl StoneDark
s off
f 1188 1187 1186 1185
f 1189 1190 1191 1192
f 1185 1186 1190 1189
f 1186 1187 1191 1190
f 1187 1188 1192 1191
f 1188 1185 1189 1192
o Wall.Stone
v 1.48 1.85 -0.75
v 1.48 1.85 -0.3
v 1.45 1.85 -0.3
v 1.45 1.85 -0.75
v 1.48 2.1 -0.75
v 1.48 2.1 -0.3
v 1.45 2.1 -0.3
v 1.45 2.1 -0.75
usemtl StoneDark
s off
f 1196 1195 1194 1193
f 1197 1198 1199 1200
f 1193 1194 1198 1197
f 1194 1195 1199 1198
f 1195 1196 1200 1199
f 1196 1193 1197 1200
o Wall.Stone
v 1.48 1.85 -0.15
v 1.48 1.85 0.3
v 1.45 1.85 0.3
v 1.45 1.85 -0.15
v 1.48 2.1 -0.15
v 1.48 2.1 0.3
v 1.45 2.1 0.3
v 1.45 2.1 -0.15
usemtl StoneLight
s off
f 1204 1203 1202 1201
f 1205 1206 1207 1208
f 1201 1202 1206 1205
f 1202 1203 1207 1206
f 1203 1204 1208 1207
f 1204 1201 1205 1208
o Wall.Stone
v 1.48 1.85 0.45
v 1.48 1.85 0.9
v 1.45 1.85 0.9
v 1.45 1.85 0.45
v 1.48 2.1 0.45
v 1.48 2.1 0.9
v 1.45 2.1 0.9
v 1.45 2.1 0.45
usemtl StoneDark
s off
f 1212 1211 1210 1209
f 1213 1214 1215 1216
f 1209 1210 1214 1213
f 1210 1211 1215 1214
f 1211 1212 1216 1215
f 1212 1209 1213 1216
o Wall.Stone
v 1.48 2.15 -1.05
v 1.48 2.15 -0.6
v 1.45 2.15 -0.6
v 1.45 2.15 -1.05
v 1.48 2.4 -1.05
v 1.48 2.4 -0.6
v 1.45 2.4 -0.6
v 1.45 2.4 -1.05
usemtl StoneDark
s off
f 1220 1219 1218 1217
f 1221 1222 1223 1224
f 1217 1218 1222 1221
f 1218 1219 1223 1222
f 1219 1220 1224 1223
f 1220 1217 1221 1224
o Wall.Stone
v 1.48 2.15 -0.45
v 1.48 2.15 0
v 1.45 2.15 0
v 1.45 2.15 -0.45
v 1.48 2.4 -0.45
v 1.48 2.4 0
v 1.45 2.4 0
v 1.45 2.4 -0.45
usemtl StoneLight
s off
f 1228 1227 1226 1225
f 1229 1230 1231 1232
f 1225 1226 1230 1229
f 1226 1227 1231 1230
f 1227 1228 1232 1231
f 1228 1225 1229 1232
o Wall.Stone
v 1.48 2.15 0.15
v 1.48 2.15 0.6
v 1.45 2.15 0.6
v 1.45 2.15 0.15
v 1.48 2.4 0.15
v 1.48 2.4 0.6
v 1.45 2.4 0.6
v 1.45 2.4 0.15
usemtl StoneDark
s off
f 1236 1235 1234 1233
f 1237 1238 1239 1240
f 1233 1234 1238 1237
f 1234 1235 1239 1238
f 1235 1236 1240 1239
f 1236 1233 1237 1240
o Wall.Stone
v 1.48 2.15 0.75
v 1.48 2.15 1.2
v 1.45 2.15 1.2
v 1.45 2.15 0.75
v 1.48 2.4 0.75
v 1.48 2.4 1.2
v 1.45 2.4 1.2
v 1.45 2.4 0.75
usemtl StoneDark
s off
f 1244 1243 1242 1241
f 1245 1246 1247 1248
f 1241 1242 1246 1245
f 1242 1243 1247 1246
f 1243 1244 1248 1247
f 1244 1241 1245 1248
o Wall.Stone
v 1.48 2.45 -1.35
v 1.48 2.45 -0.9
v 1.45 2.45 -0.9
v 1.45 2.45 -1.35
v 1.48 2.7 -1.35
v 1.48 2.7 -0.9
v 1.45 2.7 -0.9
v 1.45 2.7 -1.35
usemtl StoneLight
s off
f 1252 1251 1250 1249
f 1253 1254 1255 1256
f 1249 1250 1254 1253
f 1250 1251 1255 1254
f 1251 1252 1256 1255
f 1252 1249 1253 1256
o Wall.Stone
v 1.48 2.45 -0.75
v 1.48 2.45 -0.3
v 1.45 2.45 -0.3
v 1.45 2.45 -0.75
v 1.48 2.7 -0.75
v 1.48 2.7 -0.3
v 1.45 2.7 -0.3
v 1.45 2.7 -0.75
usemtl StoneDark
s off
f 1260 1259 1258 1257
f 1261 1262 1263 1264
f 1257 1258 1262 1261
f 1258 1259 1263 1262
f 1259 1260 1264 1263
f 1260 1257 1261 1264
o Wall.Stone
v 1.48 2.45 -0.15
v 1.48 2.45 0.3
v 1.45 2.45 0.3
v 1.45 2.45 -0.15
v 1.48 2.7 -0.15
v 1.48 2.7 0.3
v 1.45 2.7 0.3
v 1.45 2.7 -0.15
usemtl StoneDark
s off
f 1268 1267 1266 1265
f 1269 1270 1271 1272
f 1265 1266 1270 1269
f 1266 1267 1271 1270
f 1267 1268 1272 1271
f 1268 1265 1269 1272
o Wall.Stone
v 1.48 2.45 0.45
v 1.48 2.45 0.9
v 1.45 2.45 0.9
v 1.45 2.45 0.45
v 1.48 2.7 0.45
v 1.48 2.7 0.9
v 1.45 2.7 0.9
v 1.45 2.7 0.45
usemtl StoneLight
s off
f 1276 1275 1274 1273
f 1277 1278 1279 1280
f 1273 1274 1278 1277
f 1274 1275 1279 1278
f 1275 1276 1280 1279
f 1276 1273 1277 1280
o Wall.Stone
v 1.48 2.75 -1.05
v 1.48 2.75 -0.6
v 1.45 2.75 -0.6
v 1.45 2.75 -1.05
v 1.48 3 -1.05
v 1.48 3 -0.6
v 1.45 3 -0.6
v 1.45 3 -1.05
usemtl StoneDark
s off
f 1284 1283 1282 1281
f 1285 1286 1287 1288
f 1281 1282 1286 1285
f 1282 1283 1287 1286
f 1283 1284 1288 1287
f 1284 1281 1285 1288
o Wall.Stone
v 1.48 2.75 -0.45
v 1.48 2.75 0
v 1.45 2.75 0
v 1.45 2.75 -0.45
v 1.48 3 -0.45
v 1.48 3 0
v 1.45 3 0
v 1.45 3 -0.45
usemtl StoneDark
s off
f 1292 1291 1290 1289
f 1293 1294 1295 1296
f 1289 1290 1294 1293
f 1290 1291 1295 1294
f 1291 1292 1296 1295
f 1292 1289 1293 1296
o Wall.Stone
v 1.48 2.75 0.15
v 1.48 2.75 0.6
v 1.45 2.75 0.6
v 1.45 2.75 0.15
v 1.48 3 0.15
v 1.48 3 0.6
v 1.45 3 0.6
v 1.45 3 0.15
usemtl StoneLight
s off
f 1300 1299 1298 1297
f 1301 1302 1303 1304
f 1297 1298 1302 1301
f 1298 1299 1303 1302
f 1299 1300 1304 1303
f 1300 1297 1301 1304
o Wall.Stone
v 1.48 2.75 0.75
v 1.48 2.75 1.2
v 1.45 2.75 1.2
v 1.45 2.75 0.75
v 1.48 3 0.75
v 1.48 3 1.2
v 1.45 3 1.2
v 1.45 3 0.75
usemtl StoneDark
s off
f 1308 1307 1306 1305
f 1309 1310 1311 1312
f 1305 1306 1310 1309
f 1306 1307 1311 1310
f 1307 1308 1312 1311
f 1308 1305 1309 1312
o Wall.Stone
v 1.48 3.05 -1.35
v 1.48 3.05 -0.9
v 1.45 3.05 -0.9
v 1.45 3.05 -1.35
v 1.48 3.3 -1.35
v 1.48 3.3 -0.9
v 1.45 3.3 -0.9
v 1.45 3.3 -1.35
usemtl StoneDark
s off
f 1316 1315 1314 1313
f 1317 1318 1319 1320
f 1313 1314 1318 1317
f 1314 1315 1319 1318
f 1315 1316 1320 1319
f 1316 1313 1317 1320
o Wall.Stone
v 1.48 3.05 -0.75
v 1.48 3.05 -0.3
v 1.45 3.05 -0.3
v 1.45 3.05 -0.75
v 1.48 3.3 -0.75
v 1.48 3.3 -0.3
v 1.45 3.3 -0.3
v 1.45 3.3 -0.75
usemtl StoneLight
s off
f 1324 1323 1322 1321
f 1325 1326 1327 1328
f 1321 1322 1326 1325
f 1322 1323 1327 1326
f 1323 1324 1328 1327
f 1324 1321 1325 1328
o Wall.Stone
v 1.48 3.05 -0.15
v 1.48 3.05 0.3
v 1.45 3.05 0.3
v 1.45 3.05 -0.15
v 1.48 3.3 -0.15
v 1.48 3.3 0.3
v 1.45 3.3 0.3
v 1.45 3.3 -0.15
usemtl StoneDark
s off
f 1332 1331 1330 1329
f 1333 1334 1335 1336
f 1329 1330 1334 1333
f 1330 1331 1335 1334
f 1331 1332 1336 1335
f 1332 1329 1333 1336
o Wall.Stone
v 1.48 3.05 0.45
v 1.48 3.05 0.9
v 1.45 3.05 0.9
v 1.45 3.05 0.45
v 1.48 3.3 0.45
v 1.48 3.3 0.9
v 1.45 3.3 0.9
v 1.45 3.3 0.45
usemtl StoneDark
s off
f 1340 1339 1338 1337
f 1341 1342 1343 1344
f 1337 1338 1342 1341
f 1338 1339 1343 1342
f 1339 1340 1344 1343
f 1340 1337 1341 1344
o Wall.Quoin
v 1.5 0.6 -1.45
v 1.5 0.6 -1.15
v 1.45 0.6 -1.15
v 1.45 0.6 -1.45
v 1.5 0.87 -1.45
v 1.5 0.87 -1.15
v 1.45 0.87 -1.15
v 1.45 0.87 -1.45
usemtl StoneLight
s off
f 1348 1347 1346 1345
f 1349 1350 1351 1352
f 1345 1346 1350 1349
f 1346 1347 1351 1350
f 1347 1348 1352 1351
f 1348 1345 1349 1352
o Wall.Quoin
v 1.5 0.9 -1.37
v 1.5 0.9 -1.15
v 1.45 0.9 -1.15
v 1.45 0.9 -1.37
v 1.5 1.17 -1.37
v 1.5 1.17 -1.15
v 1.45 1.17 -1.15
v 1.45 1.17 -1.37
usemtl StoneLight
s off
f 1356 1355 1354 1353
f 1357 1358 1359 1360
f 1353 1354 1358 1357
f 1354 1355 1359 1358
f 1355 1356 1360 1359
f 1356 1353 1357 1360
o Wall.Quoin
v 1.5 1.2 -1.45
v 1.5 1.2 -1.15
v 1.45 1.2 -1.15
v 1.45 1.2 -1.45
v 1.5 1.47 -1.45
v 1.5 1.47 -1.15
v 1.45 1.47 -1.15
v 1.45 1.47 -1.45
usemtl StoneLight
s off
f 1364 1363 1362 1361
f 1365 1366 1367 1368
f 1361 1362 1366 1365
f 1362 1363 1367 1366
f 1363 1364 1368 1367
f 1364 1361 1365 1368
o Wall.Quoin
v 1.5 1.5 -1.37
v 1.5 1.5 -1.15
v 1.45 1.5 -1.15
v 1.45 1.5 -1.37
v 1.5 1.77 -1.37
v 1.5 1.77 -1.15
v 1.45 1.77 -1.15
v 1.45 1.77 -1.37
usemtl StoneLight
s off
f 1372 1371 1370 1369
f 1373 1374 1375 1376
f 1369 1370 1374 1373
f 1370 1371 1375 1374
f 1371 1372 1376 1375
f 1372 1369 1373 1376
o Wall.Quoin
v 1.5 1.8 -1.45
v 1.5 1.8 -1.15
v 1.45 1.8 -1.15
v 1.45 1.8 -1.45
v 1.5 2.07 -1.45
v 1.5 2.07 -1.15
v 1.45 2.07 -1.15
v 1.45 2.07 -1.45
usemtl StoneLight
s off
f 1380 1379 1378 1377
f 1381 1382 1383 1384
f 1377 1378 1382 1381
f 1378 1379 1383 1382
f 1379 1380 1384 1383
f 1380 1377 1381 1384
o Wall.Quoin
v 1.5 2.1 -1.37
v 1.5 2.1 -1.15
v 1.45 2.1 -1.15
v 1.45 2.1 -1.37
v 1.5 2.37 -1.37
v 1.5 2.37 -1.15
v 1.45 2.37 -1.15
v 1.45 2.37 -1.37
usemtl StoneLight
s off
f 1388 1387 1386 1385
f 1389 1390 1391 1392
f 1385 1386 1390 1389
f 1386 1387 1391 1390
f 1387 1388 1392 1391
f 1388 1385 1389 1392
o Wall.Quoin
v 1.5 2.4 -1.45
v 1.5 2.4 -1.15
v 1.45 2.4 -1.15
v 1.45 2.4 -1.45
v 1.5 2.67 -1.45
v 1.5 2.67 -1.15
v 1.45 2.67 -1.15
v 1.45 2.67 -1.45
usemtl StoneLight
s off
f 1396 1395 1394 1393
f 1397 1398 1399 1400
f 1393 1394 1398 1397
f 1394 1395 1399 1398
f 1395 1396 1400 1399
f 1396 1393 1397 1400
o Wall.Quoin
v 1.5 2.7 -1.37
v 1.5 2.7 -1.15
v 1.45 2.7 -1.15
v 1.45 2.7 -1.37
v 1.5 2.97 -1.37
v 1.5 2.97 -1.15
v 1.45 2.97 -1.15
v 1.45 2.97 -1.37
usemtl StoneLight
s off
f 1404 1403 1402 1401
f 1405 1406 1407 1408
f 1401 1402 1406 1405
f 1402 1403 1407 1406
f 1403 1404 1408 1407
f 1404 1401 1405 1408
o Wall.Quoin
v 1.5 3 -1.45
v 1.5 3 -1.15
v 1.45 3 -1.15
v 1.45 3 -1.45
v 1.5 3.27 -1.45
v 1.5 3.27 -1.15
v 1.45 3.27 -1.15
v 1.45 3.27 -1.45
usemtl StoneLight
s off
f 1412 1411 1410 1409
f 1413 1414 1415 1416
f 1409 1410 1414 1413
f 1410 1411 1415 1414
f 1411 1412 1416 1415
f 1412 1409 1413 1416
o Wall.Quoin
v 1.5 0.6 1.15
v 1.5 0.6 1.45
v 1.45 0.6 1.45
v 1.45 0.6 1.15
v 1.5 0.87 1.15
v 1.5 0.87 1.45
v 1.45 0.87 1.45
v 1.45 0.87 1.15
usemtl StoneLight
s off
f 1420 1419 1418 1417
f 1421 1422 1423 1424
f 1417 1418 1422 1421
f 1418 1419 1423 1422
f 1419 1420 1424 1423
f 1420 1417 1421 1424
o Wall.Quoin
v 1.5 0.9 1.23
v 1.5 0.9 1.45
v 1.45 0.9 1.45
v 1.45 0.9 1.23
v 1.5 1.17 1.23
v 1.5 1.17 1.45
v 1.45 1.17 1.45
v 1.45 1.17 1.23
usemtl StoneLight
s off
f 1428 1427 1426 1425
f 1429 1430 1431 1432
f 1425 1426 1430 1429
f 1426 1427 1431 1430
f 1427 1428 1432 1431
f 1428 1425 1429 1432
o Wall.Quoin
v 1.5 1.2 1.15
v 1.5 1.2 1.45
v 1.45 1.2 1.45
v 1.45 1.2 1.15
v 1.5 1.47 1.15
v 1.5 1.47 1.45
v 1.45 1.47 1.45
v 1.45 1.47 1.15
usemtl StoneLight
s off
f 1436 1435 1434 1433
f 1437 1438 1439 1440
f 1433 1434 1438 1437
f 1434 1435 1439 1438
f 1435 1436 1440 1439
f 1436 1433 1437 1440
o Wall.Quoin
v 1.5 1.5 1.23
v 1.5 1.5 1.45
v 1.45 1.5 1.45
v 1.45 1.5 1.23
v 1.5 1.77 1.23
v 1.5 1.77 1.45
v 1.45 1.77 1.45
v 1.45 1.77 1.23
usemtl StoneLight
s off
f 1444 1443 1442 1441
f 1445 1446 1447 1448
f 1441 1442 1446 1445
f 1442 1443 1447 1446
f 1443 1444 1448 1447
f 1444 1441 1445 1448
o Wall.Quoin
v 1.5 1.8 1.15
v 1.5 1.8 1.45
v 1.45 1.8 1.45
v 1.45 1.8 1.15
v 1.5 2.07 1.15
v 1.5 2.07 1.45
v 1.45 2.07 1.45
v 1.45 2.07 1.15
usemtl StoneLight
s off
f 1452 1451 1450 1449
f 1453 1454 1455 1456
f 1449 1450 1454 1453
f 1450 1451 1455 1454
f 1451 1452 1456 1455
f 1452 1449 1453 1456
o Wall.Quoin
v 1.5 2.1 1.23
v 1.5 2.1 1.45
v 1.45 2.1 1.45
v 1.45 2.1 1.23
v 1.5 2.37 1.23
v 1.5 2.37 1.45
v 1.45 2.37 1.45
v 1.45 2.37 1.23
usemtl StoneLight
s off
f 1460 1459 1458 1457
f 1461 1462 1463 1464
f 1457 1458 1462 1461
f 1458 1459 1463 1462
f 1459 1460 1464 1463
f 1460 1457 1461 1464
o Wall.Quoin
v 1.5 2.4 1.15
v 1.5 2.4 1.45
v 1.45 2.4 1.45
v 1.45 2.4 1.15
v 1.5 2.67 1.15
v 1.5 2.67 1.45
v 1.45 2.67 1.45
v 1.45 2.67 1.15
usemtl StoneLight
s off
f 1468 1467 1466 1465
f 1469 1470 1471 1472
f 1465 1466 1470 1469
f 1466 1467 1471 1470
f 1467 1468 1472 1471
f 1468 1465 1469 1472
o Wall.Quoin
v 1.5 2.7 1.23
v 1.5 2.7 1.45
v 1.45 2.7 1.45
v 1.45 2.7 1.23
v 1.5 2.97 1.23
v 1.5 2.97 1.45
v 1.45 2.97 1.45
v 1.45 2.97 1.23
usemtl StoneLight
s off
f 1476 1475 1474 1473
f 1477 1478 1479 1480
f 1473 1474 1478 1477
f 1474 1475 1479 1478
f 1475 1476 1480 1479
f 1476 1473 1477 1480
o Wall.Quoin
v 1.5 3 1.15
v 1.5 3 1.45
v 1.45 3 1.45
v 1.45 3 1.15
v 1.5 3.27 1.15
v 1.5 3.27 1.45
v 1.45 3.27 1.45
v 1.45 3.27 1.15
usemtl StoneLight
s off
f 1484 1483 1482 1481
f 1485 1486 1487 1488
f 1481 1482 1486 1485
f 1482 1483 1487 1486
f 1483 1484 1488 1487
f 1484 1481 1485 1488
o Wall.Stone
v -1.45 0.65 0.9
v -1.45 0.65 1.35
v -1.48 0.65 1.35
v -1.48 0.65 0.9
v -1.45 0.9 0.9
v -1.45 0.9 1.35
v -1.48 0.9 1.35
v -1.48 0.9 0.9
usemtl StoneLight
s off
f 1492 1491 1490 1489
f 1493 1494 1495 1496
f 1489 1490 1494 1493
f 1490 1491 1495 1494
f 1491 1492 1496 1495
f 1492 1489 1493 1496
o Wall.Stone
v -1.45 0.65 0.3
v -1.45 0.65 0.75
v -1.48 0.65 0.75
v -1.48 0.65 0.3
v -1.45 0.9 0.3
v -1.45 0.9 0.75
v -1.48 0.9 0.75
v -1.48 0.9 0.3
usemtl StoneDark
s off
f 1500 1499 1498 1497
f 1501 1502 1503 1504
f 1497 1498 1502 1501
f 1498 1499 1503 1502
f 1499 1500 1504 1503
f 1500 1497 1501 1504
o Wall.Stone
v -1.45 0.65 -0.3
v -1.45 0.65 0.15
v -1.48 0.65 0.15
v -1.48 0.65 -0.3
v -1.45 0.9 -0.3
v -1.45 0.9 0.15
v -1.48 0.9 0.15
v -1.48 0.9 -0.3
usemtl StoneDark
s off
f 1508 1507 1506 1505
f 1509 1510 1511 1512
f 1505 1506 1510 1509
f 1506 1507 1511 1510
f 1507 1508 1512 1511
f 1508 1505 1509 1512
o Wall.Stone
v -1.45 0.65 -0.9
v -1.45 0.65 -0.45
v -1.48 0.65 -0.45
v -1.48 0.65 -0.9
v -1.45 0.9 -0.9
v -1.45 0.9 -0.45
v -1.48 0.9 -0.45
v -1.48 0.9 -0.9
usemtl StoneLight
s off
f 1516 1515 1514 1513
f 1517 1518 1519 1520
f 1513 1514 1518 1517
f 1514 1515 1519 1518
f 1515 1516 1520 1519
f 1516 1513 1517 1520
o Wall.Stone
v -1.45 0.95 0.6
v -1.45 0.95 1.05
v -1.48 0.95 1.05
v -1.48 0.95 0.6
v -1.45 1.2 0.6
v -1.45 1.2 1.05
v -1.48 1.2 1.05
v -1.48 1.2 0.6
usemtl StoneDark
s off
f 1524 1523 1522 1521
f 1525 1526 1527 1528
f 1521 1522 1526 1525
f 1522 1523 1527 1526
f 1523 1524 1528 1527
f 1524 1521 1525 1528
o Wall.Stone
v -1.45 0.95 0
v -1.45 0.95 0.45
v -1.48 0.95 0.45
v -1.48 0.95 0
v -1.45 1.2 0
v -1.45 1.2 0.45
v -1.48 1.2 0.45
v -1.48 1.2 0
usemtl StoneDark
s off
f 1532 1531 1530 1529
f 1533 1534 1535 1536
f 1529 1530 1534 1533
f 1530 1531 1535 1534
f 1531 1532 1536 1535
f 1532 1529 1533 1536
o Wall.Stone
v -1.45 0.95 -0.6
v -1.45 0.95 -0.15
v -1.48 0.95 -0.15
v -1.48 0.95 -0.6
v -1.45 1.2 -0.6
v -1.45 1.2 -0.15
v -1.48 1.2 -0.15
v -1.48 1.2 -0.6
usemtl StoneLight
s off
f 1540 1539 1538 1537
f 1541 1542 1543 1544
f 1537 1538 1542 1541
f 1538 1539 1543 1542
f 1539 1540 1544 1543
f 1540 1537 1541 1544
o Wall.Stone
v -1.45 0.95 -1.2
v -1.45 0.95 -0.75
v -1.48 0.95 -0.75
v -1.48 0.95 -1.2
v -1.45 1.2 -1.2
v -1.45 1.2 -0.75
v -1.48 1.2 -0.75
v -1.48 1.2 -1.2
usemtl StoneDark
s off
f 1548 1547 1546 1545
f 1549 1550 1551 1552
f 1545 1546 1550 1549
f 1546 1547 1551 1550
f 1547 1548 1552 1551
f 1548 1545 1549 1552
o Wall.Stone
v -1.45 1.25 0.9
v -1.45 1.25 1.35
v -1.48 1.25 1.35
v -1.48 1.25 0.9
v -1.45 1.5 0.9
v -1.45 1.5 1.35
v -1.48 1.5 1.35
v -1.48 1.5 0.9
usemtl StoneDark
s off
f 1556 1555 1554 1553
f 1557 1558 1559 1560
f 1553 1554 1558 1557
f 1554 1555 1559 1558
f 1555 1556 1560 1559
f 1556 1553 1557 1560
o Wall.Stone
v -1.45 1.25 0.3
v -1.45 1.25 0.75
v -1.48 1.25 0.75
v -1.48 1.25 0.3
v -1.45 1.5 0.3
v -1.45 1.5 0.75
v -1.48 1.5 0.75
v -1.48 1.5 0.3
usemtl StoneLight
s off
f 1564 1563 1562 1561
f 1565 1566 1567 1568
f 1561 1562 1566 1565
f 1562 1563 1567 1566
f 1563 1564 1568 1567
f 1564 1561 1565 1568
o Wall.Stone
v -1.45 1.25 -0.3
v -1.45 1.25 0.15
v -1.48 1.25 0.15
v -1.48 1.25 -0.3
v -1.45 1.5 -0.3
v -1.45 1.5 0.15
v -1.48 1.5 0.15
v -1.48 1.5 -0.3
usemtl StoneDark
s off
f 1572 1571 1570 1569
f 1573 1574 1575 1576
f 1569 1570 1574 1573
f 1570 1571 1575 1574
f 1571 1572 1576 1575
f 1572 1569 1573 1576
o Wall.Stone
v -1.45 1.25 -0.9
v -1.45 1.25 -0.45
v -1.48 1.25 -0.45
v -1.48 1.25 -0.9
v -1.45 1.5 -0.9
v -1.45 1.5 -0.45
v -1.48 1.5 -0.45
v -1.48 1.5 -0.9
usemtl StoneDark
s off
f 1580 1579 1578 1577
f 1581 1582 1583 1584
f 1577 1578 1582 1581
f 1578 1579 1583 1582
f 1579 1580 1584 1583
f 1580 1577 1581 1584
o Wall.Stone
v -1.45 1.55 0.6
v -1.45 1.55 1.05
v -1.48 1.55 1.05
v -1.48 1.55 0.6
v -1.45 1.8 0.6
v -1.45 1.8 1.05
v -1.48 1.8 1.05
v -1.48 1.8 0.6
usemtl StoneLight
s off
f 1588 1587 1586 1585
f 1589 1590 1591 1592
f 1585 1586 1590 1589
f 1586 1587 1591 1590
f 1587 1588 1592 1591
f 1588 1585 1589 1592
o Wall.Stone
v -1.45 1.55 0
v -1.45 1.55 0.45
v -1.48 1.55 0.45
v -1.48 1.55 0
v -1.45 1.8 0
v -1.45 1.8 0.45
v -1.48 1.8 0.45
v -1.48 1.8 0
usemtl StoneDark
s off
f 1596 1595 1594 1593
f 1597 1598 1599 1600
f 1593 1594 1598 1597
f 1594 1595 1599 1598
f 1595 1596 1600 1599
f 1596 1593 1597 1600
o Wall.Stone
v -1.45 1.55 -0.6
v -1.45 1.55 -0.15
v -1.48 1.55 -0.15
v -1.48 1.55 -0.6
v -1.45 1.8 -0.6
v -1.45 1.8 -0.15
v -1.48 1.8 -0.15
v -1.48 1.8 -0.6
usemtl StoneDark
s off
f 1604 1603 1602 1601
f 1605 1606 1607 1608
f 1601 1602 1606 1605
f 1602 1603 1607 1606
f 1603 1604 1608 1607
f 1604 1601 1605 1608
o Wall.Stone
v -1.45 1.55 -1.2
v -1.45 1.55 -0.75
v -1.48 1.55 -0.75
v -1.48 1.55 -1.2
v -1.45 1.8 -1.2
v -1.45 1.8 -0.75
v -1.48 1.8 -0.75
v -1.48 1.8 -1.2
usemtl StoneLight
s off
f 1612 1611 1610 1609
f 1613 1614 1615 1616
f 1609 1610 1614 1613
f 1610 1611 1615 1614
f 1611 1612 1616 1615
f 1612 1609 1613 1616
o Wall.Stone
v -1.45 1.85 0.9
v -1.45 1.85 1.35
v -1.48 1.85 1.35
v -1.48 1.85 0.9
v -1.45 2.1 0.9
v -1.45 2.1 1.35
v -1.48 2.1 1.35
v -1.48 2.1 0.9
usemtl StoneDark
s off
f 1620 1619 1618 1617
f 1621 1622 1623 1624
f 1617 1618 1622 1621
f 1618 1619 1623 1622
f 1619 1620 1624 1623
f 1620 1617 1621 1624
o Wall.Stone
v -1.45 1.85 0.3
v -1.45 1.85 0.75
v -1.48 1.85 0.75
v -1.48 1.85 0.3
v -1.45 2.1 0.3
v -1.45 2.1 0.75
v -1.48 2.1 0.75
v -1.48 2.1 0.3
usemtl StoneDark
s off
f 1628 1627 1626 1625
f 1629 1630 1631 1632
f 1625 1626 1630 1629
f 1626 1627 1631 1630
f 1627 1628 1632 1631
f 1628 1625 1629 1632
o Wall.Stone
v -1.45 1.85 -0.3
v -1.45 1.85 0.15
v -1.48 1.85 0.15
v -1.48 1.85 -0.3
v -1.45 2.1 -0.3
v -1.45 2.1 0.15
v -1.48 2.1 0.15
v -1.48 2.1 -0.3
usemtl StoneLight
s off
f 1636 1635 1634 1633
f 1637 1638 1639 1640
f 1633 1634 1638 1637
f 1634 1635 1639 1638
f 1635 1636 1640 1639
f 1636 1633 1637 1640
o Wall.Stone
v -1.45 1.85 -0.9
v -1.45 1.85 -0.45
v -1.48 1.85 -0.45
v -1.48 1.85 -0.9
v -1.45 2.1 -0.9
v -1.45 2.1 -0.45
v -1.48 2.1 -0.45
v -1.48 2.1 -0.9
usemtl StoneDark
s off
f 1644 1643 1642 1641
f 1645 1646 1647 1648
f 1641 1642 1646 1645
f 1642 1643 1647 1646
f 1643 1644 1648 1647
f 1644 1641 1645 1648
o Wall.Stone
v -1.45 2.15 0.6
v -1.45 2.15 1.05
v -1.48 2.15 1.05
v -1.48 2.15 0.6
v -1.45 2.4 0.6
v -1.45 2.4 1.05
v -1.48 2.4 1.05
v -1.48 2.4 0.6
usemtl StoneDark
s off
f 1652 1651 1650 1649
f 1653 1654 1655 1656
f 1649 1650 1654 1653
f 1650 1651 1655 1654
f 1651 1652 1656 1655
f 1652 1649 1653 1656
o Wall.Stone
v -1.45 2.15 0
v -1.45 2.15 0.45
v -1.48 2.15 0.45
v -1.48 2.15 0
v -1.45 2.4 0
v -1.45 2.4 0.45
v -1.48 2.4 0.45
v -1.48 2.4 0
usemtl StoneLight
s off
f 1660 1659 1658 1657
f 1661 1662 1663 1664
f 1657 1658 1662 1661
f 1658 1659 1663 1662
f 1659 1660 1664 1663
f 1660 1657 1661 1664
o Wall.Stone
v -1.45 2.15 -0.6
v -1.45 2.15 -0.15
v -1.48 2.15 -0.15
v -1.48 2.15 -0.6
v -1.45 2.4 -0.6
v -1.45 2.4 -0.15
v -1.48 2.4 -0.15
v -1.48 2.4 -0.6
usemtl StoneDark
s off
f 1668 1667 1666 1665
f 1669 1670 1671 1672
f 1665 1666 1670 1669
f 1666 1667 1671 1670
f 1667 1668 1672 1671
f 1668 1665 1669 1672
o Wall.Stone
v -1.45 2.15 -1.2
v -1.45 2.15 -0.75
v -1.48 2.15 -0.75
v -1.48 2.15 -1.2
v -1.45 2.4 -1.2
v -1.45 2.4 -0.75
v -1.48 2.4 -0.75
v -1.48 2.4 -1.2
usemtl StoneDark
s off
f 1676 1675 1674 1673
f 1677 1678 1679 1680
f 1673 1674 1678 1677
f 1674 1675 1679 1678
f 1675 1676 1680 1679
f 1676 1673 1677 1680
o Wall.Stone
v -1.45 2.45 0.9
v -1.45 2.45 1.35
v -1.48 2.45 1.35
v -1.48 2.45 0.9
v -1.45 2.7 0.9
v -1.45 2.7 1.35
v -1.48 2.7 1.35
v -1.48 2.7 0.9
usemtl StoneLight
s off
f 1684 1683 1682 1681
f 1685 1686 1687 1688
f 1681 1682 1686 1685
f 1682 1683 1687 1686
f 1683 1684 1688 1687
f 1684 1681 1685 1688
o Wall.Stone
v -1.45 2.45 0.3
v -1.45 2.45 0.75
v -1.48 2.45 0.75
v -1.48 2.45 0.3
v -1.45 2.7 0.3
v -1.45 2.7 0.75
v -1.48 2.7 0.75
v -1.48 2.7 0.3
usemtl StoneDark
s off
f 1692 1691 1690 1689
f 1693 1694 1695 1696
f 1689 1690 1694 1693
f 1690 1691 1695 1694
f 1691 1692 1696 1695
f 1692 1689 1693 1696
o Wall.Stone
v -1.45 2.45 -0.3
v -1.45 2.45 0.15
v -1.48 2.45 0.15
v -1.48 2.45 -0.3
v -1.45 2.7 -0.3
v -1.45 2.7 0.15
v -1.48 2.7 0.15
v -1.48 2.7 -0.3
usemtl StoneDark
s off
f 1700 1699 1698 1697
f 1701 1702 1703 1704
f 1697 1698 1702 1701
f 1698 1699 1703 1702
f 1699 1700 1704 1703
f 1700 1697 1701 1704
o Wall.Stone
v -1.45 2.45 -0.9
v -1.45 2.45 -0.45
v -1.48 2.45 -0.45
v -1.48 2.45 -0.9
v -1.45 2.7 -0.9
v -1.45 2.7 -0.45
v -1.48 2.7 -0.45
v -1.48 2.7 -0.9
usemtl StoneLight
s off
f 1708 1707 1706 1705
f 1709 1710 1711 1712
f 1705 1706 1710 1709
f 1706 1707 1711 1710
f 1707 1708 1712 1711
f 1708 1705 1709 1712
o Wall.Stone
v -1.45 2.75 0.6
v -1.45 2.75 1.05
v -1.48 2.75 1.05
v -1.48 2.75 0.6
v -1.45 3 0.6
v -1.45 3 1.05
v -1.48 3 1.05
v -1.48 3 0.6
usemtl StoneDark
s off
f 1716 1715 1714 1713
f 1717 1718 1719 1720
f 1713 1714 1718 1717
f 1714 1715 1719 1718
f 1715 1716 1720 1719
f 1716 1713 1717 1720
o Wall.Stone
v -1.45 2.75 0
v -1.45 2.75 0.45
v -1.48 2.75 0.45
v -1.48 2.75 0
v -1.45 3 0
v -1.45 3 0.45
v -1.48 3 0.45
v -1.48 3 0
usemtl StoneDark
s off
f 1724 1723 1722 1721
f 1725 1726 1727 1728
f 1721 1722 1726 1725
f 1722 1723 1727 1726
f 1723 1724 1728 1727
f 1724 1721 1725 1728
o Wall.Stone
v -1.45 2.75 -0.6
v -1.45 2.75 -0.15
v -1.48 2.75 -0.15
v -1.48 2.75 -0.6
v -1.45 3 -0.6
v -1.45 3 -0.15
v -1.48 3 -0.15
v -1.48 3 -0.6
usemtl StoneLight
s off
f 1732 1731 1730 1729
f 1733 1734 1735 1736
f 1729 1730 1734 1733
f 1730 1731 1735 1734
f 1731 1732 1736 1735
f 1732 1729 1733 1736
o Wall.Stone
v -1.45 2.75 -1.2
v -1.45 2.75 -0.75
v -1.48 2.75 -0.75
v -1.48 2.75 -1.2
v -1.45 3 -1.2
v -1.45 3 -0.75
v -1.48 3 -0.75
v -1.48 3 -1.2
usemtl StoneDark
s off
f 1740 1739 1738 1737
f 1741 1742 1743 1744
f 1737 1738 1742 1741
f 1738 1739 1743 1742
f 1739 1740 1744 1743
f 1740 1737 1741 1744
o Wall.Stone
v -1.45 3.05 0.9
v -1.45 3.05 1.35
v -1.48 3.05 1.35
v -1.48 3.05 0.9
v -1.45 3.3 0.9
v -1.45 3.3 1.35
v -1.48 3.3 1.35
v -1.48 3.3 0.9
usemtl StoneDark
s off
f 1748 1747 1746 1745
f 1749 1750 1751 1752
f 1745 1746 1750 1749
f 1746 1747 1751 1750
f 1747 1748 1752 1751
f 1748 1745 1749 1752
o Wall.Stone
v -1.45 3.05 0.3
v -1.45 3.05 0.75
v -1.48 3.05 0.75
v -1.48 3.05 0.3
v -1.45 3.3 0.3
v -1.45 3.3 0.75
v -1.48 3.3 0.75
v -1.48 3.3 0.3
usemtl StoneLight
s off
f 1756 1755 1754 1753
f 1757 1758 1759 1760
f 1753 1754 1758 1757
f 1754 1755 1759 1758
f 1755 1756 1760 1759
f 1756 1753 1757 1760
o Wall.Stone
v -1.45 3.05 -0.3
v -1.45 3.05 0.15
v -1.48 3.05 0.15
v -1.48 3.05 -0.3
v -1.45 3.3 -0.3
v -1.45 3.3 0.15
v -1.48 3.3 0.15
v -1.48 3.3 -0.3
usemtl StoneDark
s off
f 1764 1763 1762 1761
f 1765 1766 1767 1768
f 1761 1762 1766 1765
f 1762 1763 1767 1766
f 1763 1764 1768 1767
f 1764 1761 1765 1768
o Wall.Stone
v -1.45 3.05 -0.9
v -1.45 3.05 -0.45
v -1.48 3.05 -0.45
v -1.48 3.05 -0.9
v -1.45 3.3 -0.9
v -1.45 3.3 -0.45
v -1.48 3.3 -0.45
v -1.48 3.3 -0.9
usemtl StoneDark
s off
f 1772 1771 1770 1769
f 1773 1774 1775 1776
f 1769 1770 1774 1773
f 1770 1771 1775 1774
f 1771 1772 1776 1775
f 1772 1769 1773 1776
o Wall.Quoin
v -1.45 0.6 1.15
v -1.45 0.6 1.45
v -1.5 0.6 1.45
v -1.5 0.6 1.15
v -1.45 0.87 1.15
v -1.45 0.87 1.45
v -1.5 0.87 1.45
v -1.5 0.87 1.15
usemtl StoneLight
s off
f 1780 1779 1778 1777
f 1781 1782 1783 1784
f 1777 1778 1782 1781
f 1778 1779 1783 1782
f 1779 1780 1784 1783
f 1780 1777 1781 1784
o Wall.Quoin
v -1.45 0.9 1.15
v -1.45 0.9 1.37
v -1.5 0.9 1.37
v -1.5 0.9 1.15
v -1.45 1.17 1.15
v -1.45 1.17 1.37
v -1.5 1.17 1.37
v -1.5 1.17 1.15
usemtl StoneLight
s off
f 1788 1787 1786 1785
f 1789 1790 1791 1792
f 1785 1786 1790 1789
f 1786 1787 1791 1790
f 1787 1788 1792 1791
f 1788 1785 1789 1792
o Wall.Quoin
v -1.45 1.2 1.15
v -1.45 1.2 1.45
v -1.5 1.2 1.45
v -1.5 1.2 1.15
v -1.45 1.47 1.15
v -1.45 1.47 1.45
v -1.5 1.47 1.45
v -1.5 1.47 1.15
usemtl StoneLight
s off
f 1796 1795 1794 1793
f 1797 1798 1799 1800
f 1793 1794 1798 1797
f 1794 1795 1799 1798
f 1795 1796 1800 1799
f 1796 1793 1797 1800
o Wall.Quoin
v -1.45 1.5 1.15
v -1.45 1.5 1.37
v -1.5 1.5 1.37
v -1.5 1.5 1.15
v -1.45 1.77 1.15
v -1.45 1.77 1.37
v -1.5 1.77 1.37
v -1.5 1.77 1.15
usemtl StoneLight
s off
f 1804 1803 1802 1801
f 1805 1806 1807 1808
f 1801 1802 1806 1805
f 1802 1803 1807 1806
f 1803 1804 1808 1807
f 1804 1801 1805 1808
o Wall.Quoin
v -1.45 1.8 1.15
v -1.45 1.8 1.45
v -1.5 1.8 1.45
v -1.5 1.8 1.15
v -1.45 2.07 1.15
v -1.45 2.07 1.45
v -1.5 2.07 1.45
v -1.5 2.07 1.15
usemtl StoneLight
s off
f 1812 1811 1810 1809
f 1813 1814 1815 1816
f 1809 1810 1814 1813
f 1810 1811 1815 1814
f 1811 1812 1816 1815
f 1812 1809 1813 1816
o Wall.Quoin
v -1.45 2.1 1.15
v -1.45 2.1 1.37
v -1.5 2.1 1.37
v -1.5 2.1 1.15
v -1.45 2.37 1.15
v -1.45 2.37 1.37
v -1.5 2.37 1.37
v -1.5 2.37 1.15
usemtl StoneLight
s off
f 1820 1819 1818 1817
f 1821 1822 1823 1824
f 1817 1818 1822 1821
f 1818 1819 1823 1822
f 1819 1820 1824 1823
f 1820 1817 1821 1824
o Wall.Quoin
v -1.45 2.4 1.15
v -1.45 2.4 1.45
v -1.5 2.4 1.45
v -1.5 2.4 1.15
v -1.45 2.67 1.15
v -1.45 2.67 1.45
v -1.5 2.67 1.45
v -1.5 2.67 1.15
usemtl StoneLight
s off
f 1828 1827 1826 1825
f 1829 1830 1831 1832
f 1825 1826 1830 1829
f 1826 1827 1831 1830
f 1827 1828 1832 1831
f 1828 1825 1829 1832
o Wall.Quoin
v -1.45 2.7 1.15
v -1.45 2.7 1.37
v -1.5 2.7 1.37
v -1.5 2.7 1.15
v -1.45 2.97 1.15
v -1.45 2.97 1.37
v -1.5 2.97 1.37
v -1.5 2.97 1.15
usemtl StoneLight
s off
f 1836 1835 1834 1833
f 1837 1838 1839 1840
f 1833 1834 1838 1837
f 1834 1835 1839 1838
f 1835 1836 1840 1839
f 1836 1833 1837 1840
o Wall.Quoin
v -1.45 3 1.15
v -1.45 3 1.45
v -1.5 3 1.45
v -1.5 3 1.15
v -1.45 3.27 1.15
v -1.45 3.27 1.45
v -1.5 3.27 1.45
v -1.5 3.27 1.15
usemtl StoneLight
s off
f 1844 1843 1842 1841
f 1845 1846 1847 1848
f 1841 1842 1846 1845
f 1842 1843 1847 1846
f 1843 1844 1848 1847
f 1844 1841 1845 1848
o Wall.Quoin
v -1.45 0.6 -1.45
v -1.45 0.6 -1.15
v -1.5 0.6 -1.15
v -1.5 0.6 -1.45
v -1.45 0.87 -1.45
v -1.45 0.87 -1.15
v -1.5 0.87 -1.15
v -1.5 0.87 -1.45
usemtl StoneLight
s off
f 1852 1851 1850 1849
f 1853 1854 1855 1856
f 1849 1850 1854 1853
f 1850 1851 1855 1854
f 1851 1852 1856 1855
f 1852 1849 1853 1856
o Wall.Quoin
v -1.45 0.9 -1.45
v -1.45 0.9 -1.23
v -1.5 0.9 -1.23
v -1.5 0.9 -1.45
v -1.45 1.17 -1.45
v -1.45 1.17 -1.23
v -1.5 1.17 -1.23
v -1.5 1.17 -1.45
usemtl StoneLight
s off
f 1860 1859 1858 1857
f 1861 1862 1863 1864
f 1857 1858 1862 1861
f 1858 1859 1863 1862
f 1859 1860 1864 1863
f 1860 1857 1861 1864
o Wall.Quoin
v -1.45 1.2 -1.45
v -1.45 1.2 -1.15
v -1.5 1.2 -1.15
v -1.5 1.2 -1.45
v -1.45 1.47 -1.45
v -1.45 1.47 -1.15
v -1.5 1.47 -1.15
v -1.5 1.47 -1.45
usemtl StoneLight
s off
f 1868 1867 1866 1865
f 1869 1870 1871 1872
f 1865 1866 1870 1869
f 1866 1867 1871 1870
f 1867 1868 1872 1871
f 1868 1865 1869 1872
o Wall.Quoin
v -1.45 1.5 -1.45
v -1.45 1.5 -1.23
v -1.5 1.5 -1.23
v -1.5 1.5 -1.45
v -1.45 1.77 -1.45
v -1.45 1.77 -1.23
v -1.5 1.77 -1.23
v -1.5 1.77 -1.45
usemtl StoneLight
s off
f 1876 1875 1874 1873
f 1877 1878 1879 1880
f 1873 1874 1878 1877
f 1874 1875 1879 1878
f 1875 1876 1880 1879
f 1876 1873 1877 1880
o Wall.Quoin
v -1.45 1.8 -1.45
v -1.45 1.8 -1.15
v -1.5 1.8 -1.15
v -1.5 1.8 -1.45
v -1.45 2.07 -1.45
v -1.45 2.07 -1.15
v -1.5 2.07 -1.15
v -1.5 2.07 -1.45
usemtl StoneLight
s off
f 1884 1883 1882 1881
f 1885 1886 1887 1888
f 1881 1882 1886 1885
f 1882 1883 1887 1886
f 1883 1884 1888 1887
f 1884 1881 1885 1888
o Wall.Quoin
v -1.45 2.1 -1.45
v -1.45 2.1 -1.23
v -1.5 2.1 -1.23
v -1.5 2.1 -1.45
v -1.45 2.37 -1.45
v -1.45 2.37 -1.23
v -1.5 2.37 -1.23
v -1.5 2.37 -1.45
usemtl StoneLight
s off
f 1892 1891 1890 1889
f 1893 1894 1895 1896
f 1889 1890 1894 1893
f 1890 1891 1895 1894
f 1891 1892 1896 1895
f 1892 1889 1893 1896
o Wall.Quoin
v -1.45 2.4 -1.45
v -1.45 2.4 -1.15
v -1.5 2.4 -1.15
v -1.5 2.4 -1.45
v -1.45 2.67 -1.45
v -1.45 2.67 -1.15
v -1.5 2.67 -1.15
v -1.5 2.67 -1.45
usemtl StoneLight
s off
f 1900 1899 1898 1897
f 1901 1902 1903 1904
f 1897 1898 1902 1901
f 1898 1899 1903 1902
f 1899 1900 1904 1903
f 1900 1897 1901 1904
o Wall.Quoin
v -1.45 2.7 -1.45
v -1.45 2.7 -1.23
v -1.5 2.7 -1.23
v -1.5 2.7 -1.45
v -1.45 2.97 -1.45
v -1.45 2.97 -1.23
v -1.5 2.97 -1.23
v -1.5 2.97 -1.45
usemtl StoneLight
s off
f 1908 1907 1906 1905
f 1909 1910 1911 1912
f 1905 1906 1910 1909
f 1906 1907 1911 1910
f 1907 1908 1912 1911
f 1908 1905 1909 1912
o Wall.Quoin
v -1.45 3 -1.45
v -1.45 3 -1.15
v -1.5 3 -1.15
v -1.5 3 -1.45
v -1.45 3.27 -1.45
v -1.45 3.27 -1.15
v -1.5 3.27 -1.15
v -1.5 3.27 -1.45
usemtl StoneLight
s off
f 1916 1915 1914 1913
f 1917 1918 1919 1920
f 1913 1914 1918 1917
f 1914 1915 1919 1918
f 1915 1916 1920 1919
f 1916 1913 1917 1920
o Band
v 1.59 3.3 -1.59
v 1.59 3.3 1.59
v -1.59 3.3 1.59
v -1.59 3.3 -1.59
v 1.59 3.5 -1.59
v 1.59 3.5 1.59
v -1.59 3.5 1.59
v -1.59 3.5 -1.59
usemtl Paint
s off
f 1924 1923 1922 1921
f 1925 1926 1927 1928
f 1921 1922 1926 1925
f 1922 1923 1927 1926
f 1923 1924 1928 1927
f 1924 1921 1925 1928
o Band.Edge
v 1.61 3.5 -1.61
v 1.61 3.5 1.61
v -1.61 3.5 1.61
v -1.61 3.5 -1.61
v 1.61 3.56 -1.61
v 1.61 3.56 1.61
v -1.61 3.56 1.61
v -1.61 3.56 -1.61
usemtl Timber
s off
f 1932 1931 1930 1929
f 1933 1934 1935 1936
f 1929 1930 1934 1933
f 1930 1931 1935 1934
f 1931 1932 1936 1935
f 1932 1929 1933 1936
o Upper
v 1.57 3.56 -1.57
v 1.57 3.56 1.57
v -1.57 3.56 1.57
v -1.57 3.56 -1.57
v 1.57 6.9 -1.57
v 1.57 6.9 1.57
v -1.57 6.9 1.57
v -1.57 6.9 -1.57
usemtl PlasterGrey
s off
f 1940 1939 1938 1937
f 1941 1942 1943 1944
f 1937 1938 1942 1941
f 1938 1939 1943 1942
f 1939 1940 1944 1943
f 1940 1937 1941 1944
o Timber.Post
v 1.64 3.56 1.57
v 1.64 3.56 1.63
v 1.5 3.56 1.63
v 1.5 3.56 1.57
v 1.64 6.9 1.57
v 1.64 6.9 1.63
v 1.5 6.9 1.63
v 1.5 6.9 1.57
usemtl Timber
s off
f 1948 1947 1946 1945
f 1949 1950 1951 1952
f 1945 1946 1950 1949
f 1946 1947 1951 1950
f 1947 1948 1952 1951
f 1948 1945 1949 1952
o Timber.Post
v 0.593 3.56 1.57
v 0.593 3.56 1.63
v 0.453 3.56 1.63
v 0.453 3.56 1.57
v 0.593 6.9 1.57
v 0.593 6.9 1.63
v 0.453 6.9 1.63
v 0.453 6.9 1.57
usemtl Timber
s off
f 1956 1955 1954 1953
f 1957 1958 1959 1960
f 1953 1954 1958 1957
f 1954 1955 1959 1958
f 1955 1956 1960 1959
f 1956 1953 1957 1960
o Timber.Post
v -0.453 3.56 1.57
v -0.453 3.56 1.63
v -0.593 3.56 1.63
v -0.593 3.56 1.57
v -0.453 6.9 1.57
v -0.453 6.9 1.63
v -0.593 6.9 1.63
v -0.593 6.9 1.57
usemtl Timber
s off
f 1964 1963 1962 1961
f 1965 1966 1967 1968
f 1961 1962 1966 1965
f 1962 1963 1967 1966
f 1963 1964 1968 1967
f 1964 1961 1965 1968
o Timber.Post
v -1.5 3.56 1.57
v -1.5 3.56 1.63
v -1.64 3.56 1.63
v -1.64 3.56 1.57
v -1.5 6.9 1.57
v -1.5 6.9 1.63
v -1.64 6.9 1.63
v -1.64 6.9 1.57
usemtl Timber
s off
f 1972 1971 1970 1969
f 1973 1974 1975 1976
f 1969 1970 1974 1973
f 1970 1971 1975 1974
f 1971 1972 1976 1975
f 1972 1969 1973 1976
o Timber.Rail
v 1.57 4.55 1.57
v 1.57 4.55 1.63
v -1.57 4.55 1.63
v -1.57 4.55 1.57
v 1.57 4.65 1.57
v 1.57 4.65 1.63
v -1.57 4.65 1.63
v -1.57 4.65 1.57
usemtl Timber
s off
f 1980 1979 1978 1977
f 1981 1982 1983 1984
f 1977 1978 1982 1981
f 1978 1979 1983 1982
f 1979 1980 1984 1983
f 1980 1977 1981 1984
o Timber.Rail
v 1.57 5.75 1.57
v 1.57 5.75 1.63
v -1.57 5.75 1.63
v -1.57 5.75 1.57
v 1.57 5.85 1.57
v 1.57 5.85 1.63
v -1.57 5.85 1.63
v -1.57 5.85 1.57
usemtl Timber
s off
f 1988 1987 1986 1985
f 1989 1990 1991 1992
f 1985 1986 1990 1989
f 1986 1987 1991 1990
f 1987 1988 1992 1991
f 1988 1985 1989 1992
o Timber.Plate
v 1.61 6.76 1.57
v 1.61 6.76 1.64
v -1.61 6.76 1.64
v -1.61 6.76 1.57
v 1.61 6.9 1.57
v 1.61 6.9 1.64
v -1.61 6.9 1.64
v -1.61 6.9 1.57
usemtl Timber
s off
f 1996 1995 1994 1993
f 1997 1998 1999 2000
f 1993 1994 1998 1997
f 1994 1995 1999 1998
f 1995 1996 2000 1999
f 1996 1993 1997 2000
o Timber.Post
v -1.5 3.56 -1.63
v -1.5 3.56 -1.57
v -1.64 3.56 -1.57
v -1.64 3.56 -1.63
v -1.5 6.9 -1.63
v -1.5 6.9 -1.57
v -1.64 6.9 -1.57
v -1.64 6.9 -1.63
usemtl Timber
s off
f 2004 2003 2002 2001
f 2005 2006 2007 2008
f 2001 2002 2006 2005
f 2002 2003 2007 2006
f 2003 2004 2008 2007
f 2004 2001 2005 2008
o Timber.Post
v -0.453 3.56 -1.63
v -0.453 3.56 -1.57
v -0.593 3.56 -1.57
v -0.593 3.56 -1.63
v -0.453 6.9 -1.63
v -0.453 6.9 -1.57
v -0.593 6.9 -1.57
v -0.593 6.9 -1.63
usemtl Timber
s off
f 2012 2011 2010 2009
f 2013 2014 2015 2016
f 2009 2010 2014 2013
f 2010 2011 2015 2014
f 2011 2012 2016 2015
f 2012 2009 2013 2016
o Timber.Post
v 0.593 3.56 -1.63
v 0.593 3.56 -1.57
v 0.453 3.56 -1.57
v 0.453 3.56 -1.63
v 0.593 6.9 -1.63
v 0.593 6.9 -1.57
v 0.453 6.9 -1.57
v 0.453 6.9 -1.63
usemtl Timber
s off
f 2020 2019 2018 2017
f 2021 2022 2023 2024
f 2017 2018 2022 2021
f 2018 2019 2023 2022
f 2019 2020 2024 2023
f 2020 2017 2021 2024
o Timber.Post
v 1.64 3.56 -1.63
v 1.64 3.56 -1.57
v 1.5 3.56 -1.57
v 1.5 3.56 -1.63
v 1.64 6.9 -1.63
v 1.64 6.9 -1.57
v 1.5 6.9 -1.57
v 1.5 6.9 -1.63
usemtl Timber
s off
f 2028 2027 2026 2025
f 2029 2030 2031 2032
f 2025 2026 2030 2029
f 2026 2027 2031 2030
f 2027 2028 2032 2031
f 2028 2025 2029 2032
o Timber.Rail
v 1.57 4.55 -1.63
v 1.57 4.55 -1.57
v -1.57 4.55 -1.57
v -1.57 4.55 -1.63
v 1.57 4.65 -1.63
v 1.57 4.65 -1.57
v -1.57 4.65 -1.57
v -1.57 4.65 -1.63
usemtl Timber
s off
f 2036 2035 2034 2033
f 2037 2038 2039 2040
f 2033 2034 2038 2037
f 2034 2035 2039 2038
f 2035 2036 2040 2039
f 2036 2033 2037 2040
o Timber.Rail
v 1.57 5.75 -1.63
v 1.57 5.75 -1.57
v -1.57 5.75 -1.57
v -1.57 5.75 -1.63
v 1.57 5.85 -1.63
v 1.57 5.85 -1.57
v -1.57 5.85 -1.57
v -1.57 5.85 -1.63
usemtl Timber
s off
f 2044 2043 2042 2041
f 2045 2046 2047 2048
f 2041 2042 2046 2045
f 2042 2043 2047 2046
f 2043 2044 2048 2047
f 2044 2041 2045 2048
o Timber.Plate
v 1.61 6.76 -1.64
v 1.61 6.76 -1.57
v -1.61 6.76 -1.57
v -1.61 6.76 -1.64
v 1.61 6.9 -1.64
v 1.61 6.9 -1.57
v -1.61 6.9 -1.57
v -1.61 6.9 -1.64
usemtl Timber
s off
f 2052 2051 2050 2049
f 2053 2054 2055 2056
f 2049 2050 2054 2053
f 2050 2051 2055 2054
f 2051 2052 2056 2055
f 2052 2049 2053 2056
o Timber.Post
v 1.63 3.56 -1.64
v 1.63 3.56 -1.5
v 1.57 3.56 -1.5
v 1.57 3.56 -1.64
v 1.63 6.9 -1.64
v 1.63 6.9 -1.5
v 1.57 6.9 -1.5
v 1.57 6.9 -1.64
usemtl Timber
s off
f 2060 2059 2058 2057
f 2061 2062 2063 2064
f 2057 2058 2062 2061
f 2058 2059 2063 2062
f 2059 2060 2064 2063
f 2060 2057 2061 2064
o Timber.Post
v 1.63 3.56 -0.593
v 1.63 3.56 -0.453
v 1.57 3.56 -0.453
v 1.57 3.56 -0.593
v 1.63 6.9 -0.593
v 1.63 6.9 -0.453
v 1.57 6.9 -0.453
v 1.57 6.9 -0.593
usemtl Timber
s off
f 2068 2067 2066 2065
f 2069 2070 2071 2072
f 2065 2066 2070 2069
f 2066 2067 2071 2070
f 2067 2068 2072 2071
f 2068 2065 2069 2072
o Timber.Post
v 1.63 3.56 0.453
v 1.63 3.56 0.593
v 1.57 3.56 0.593
v 1.57 3.56 0.453
v 1.63 6.9 0.453
v 1.63 6.9 0.593
v 1.57 6.9 0.593
v 1.57 6.9 0.453
usemtl Timber
s off
f 2076 2075 2074 2073
f 2077 2078 2079 2080
f 2073 2074 2078 2077
f 2074 2075 2079 2078
f 2075 2076 2080 2079
f 2076 2073 2077 2080
o Timber.Post
v 1.63 3.56 1.5
v 1.63 3.56 1.64
v 1.57 3.56 1.64
v 1.57 3.56 1.5
v 1.63 6.9 1.5
v 1.63 6.9 1.64
v 1.57 6.9 1.64
v 1.57 6.9 1.5
usemtl Timber
s off
f 2084 2083 2082 2081
f 2085 2086 2087 2088
f 2081 2082 2086 2085
f 2082 2083 2087 2086
f 2083 2084 2088 2087
f 2084 2081 2085 2088
o Timber.Rail
v 1.63 4.55 -1.57
v 1.63 4.55 1.57
v 1.57 4.55 1.57
v 1.57 4.55 -1.57
v 1.63 4.65 -1.57
v 1.63 4.65 1.57
v 1.57 4.65 1.57
v 1.57 4.65 -1.57
usemtl Timber
s off
f 2092 2091 2090 2089
f 2093 2094 2095 2096
f 2089 2090 2094 2093
f 2090 2091 2095 2094
f 2091 2092 2096 2095
f 2092 2089 2093 2096
o Timber.Rail
v 1.63 5.75 -1.57
v 1.63 5.75 1.57
v 1.57 5.75 1.57
v 1.57 5.75 -1.57
v 1.63 5.85 -1.57
v 1.63 5.85 1.57
v 1.57 5.85 1.57
v 1.57 5.85 -1.57
usemtl Timber
s off
f 2100 2099 2098 2097
f 2101 2102 2103 2104
f 2097 2098 2102 2101
f 2098 2099 2103 2102
f 2099 2100 2104 2103
f 2100 2097 2101 2104
o Timber.Plate
v 1.64 6.76 -1.61
v 1.64 6.76 1.61
v 1.57 6.76 1.61
v 1.57 6.76 -1.61
v 1.64 6.9 -1.61
v 1.64 6.9 1.61
v 1.57 6.9 1.61
v 1.57 6.9 -1.61
usemtl Timber
s off
f 2108 2107 2106 2105
f 2109 2110 2111 2112
f 2105 2106 2110 2109
f 2106 2107 2111 2110
f 2107 2108 2112 2111
f 2108 2105 2109 2112
o Timber.Post
v -1.57 3.56 1.5
v -1.57 3.56 1.64
v -1.63 3.56 1.64
v -1.63 3.56 1.5
v -1.57 6.9 1.5
v -1.57 6.9 1.64
v -1.63 6.9 1.64
v -1.63 6.9 1.5
usemtl Timber
s off
f 2116 2115 2114 2113
f 2117 2118 2119 2120
f 2113 2114 2118 2117
f 2114 2115 2119 2118
f 2115 2116 2120 2119
f 2116 2113 2117 2120
o Timber.Post
v -1.57 3.56 0.453
v -1.57 3.56 0.593
v -1.63 3.56 0.593
v -1.63 3.56 0.453
v -1.57 6.9 0.453
v -1.57 6.9 0.593
v -1.63 6.9 0.593
v -1.63 6.9 0.453
usemtl Timber
s off
f 2124 2123 2122 2121
f 2125 2126 2127 2128
f 2121 2122 2126 2125
f 2122 2123 2127 2126
f 2123 2124 2128 2127
f 2124 2121 2125 2128
o Timber.Post
v -1.57 3.56 -0.593
v -1.57 3.56 -0.453
v -1.63 3.56 -0.453
v -1.63 3.56 -0.593
v -1.57 6.9 -0.593
v -1.57 6.9 -0.453
v -1.63 6.9 -0.453
v -1.63 6.9 -0.593
usemtl Timber
s off
f 2132 2131 2130 2129
f 2133 2134 2135 2136
f 2129 2130 2134 2133
f 2130 2131 2135 2134
f 2131 2132 2136 2135
f 2132 2129 2133 2136
o Timber.Post
v -1.57 3.56 -1.64
v -1.57 3.56 -1.5
v -1.63 3.56 -1.5
v -1.63 3.56 -1.64
v -1.57 6.9 -1.64
v -1.57 6.9 -1.5
v -1.63 6.9 -1.5
v -1.63 6.9 -1.64
usemtl Timber
s off
f 2140 2139 2138 2137
f 2141 2142 2143 2144
f 2137 2138 2142 2141
f 2138 2139 2143 2142
f 2139 2140 2144 2143
f 2140 2137 2141 2144
o Timber.Rail
v -1.57 4.55 -1.57
v -1.57 4.55 1.57
v -1.63 4.55 1.57
v -1.63 4.55 -1.57
v -1.57 4.65 -1.57
v -1.57 4.65 1.57
v -1.63 4.65 1.57
v -1.63 4.65 -1.57
usemtl Timber
s off
f 2148 2147 2146 2145
f 2149 2150 2151 2152
f 2145 2146 2150 2149
f 2146 2147 2151 2150
f 2147 2148 2152 2151
f 2148 2145 2149 2152
o Timber.Rail
v -1.57 5.75 -1.57
v -1.57 5.75 1.57
v -1.63 5.75 1.57
v -1.63 5.75 -1.57
v -1.57 5.85 -1.57
v -1.57 5.85 1.57
v -1.63 5.85 1.57
v -1.63 5.85 -1.57
usemtl Timber
s off
f 2156 2155 2154 2153
f 2157 2158 2159 2160
f 2153 2154 2158 2157
f 2154 2155 2159 2158
f 2155 2156 2160 2159
f 2156 2153 2157 2160
o Timber.Plate
v -1.57 6.76 -1.61
v -1.57 6.76 1.61
v -1.64 6.76 1.61
v -1.64 6.76 -1.61
v -1.57 6.9 -1.61
v -1.57 6.9 1.61
v -1.64 6.9 1.61
v -1.64 6.9 -1.61
usemtl Timber
s off
f 2164 2163 2162 2161
f 2165 2166 2167 2168
f 2161 2162 2166 2165
f 2162 2163 2167 2166
f 2163 2164 2168 2167
f 2164 2161 2165 2168
o Window.Light
v 0.97 1.1 1.45
v 0.97 1.1 1.48
v 0.53 1.1 1.48
v 0.53 1.1 1.45
v 0.97 1.75 1.45
v 0.97 1.75 1.48
v 0.53 1.75 1.48
v 0.53 1.75 1.45
usemtl WindowLit
s off
f 2172 2171 2170 2169
f 2173 2174 2175 2176
f 2169 2170 2174 2173
f 2170 2171 2175 2174
f 2171 2172 2176 2175
f 2172 2169 2173 2176
o Window.Bar
v 0.77 1.1 1.48
v 0.77 1.1 1.51
v 0.73 1.1 1.51
v 0.73 1.1 1.48
v 0.77 1.75 1.48
v 0.77 1.75 1.51
v 0.73 1.75 1.51
v 0.73 1.75 1.48
usemtl Timber
s off
f 2180 2179 2178 2177
f 2181 2182 2183 2184
f 2177 2178 2182 2181
f 2178 2179 2183 2182
f 2179 2180 2184 2183
f 2180 2177 2181 2184
o Window.Sill
v 1.05 1.03 1.45
v 1.05 1.03 1.57
v 0.45 1.03 1.57
v 0.45 1.03 1.45
v 1.05 1.1 1.45
v 1.05 1.1 1.57
v 0.45 1.1 1.57
v 0.45 1.1 1.45
usemtl Timber
s off
f 2188 2187 2186 2185
f 2189 2190 2191 2192
f 2185 2186 2190 2189
f 2186 2187 2191 2190
f 2187 2188 2192 2191
f 2188 2185 2189 2192
o Window.Lintel
v 1.04 1.75 1.45
v 1.04 1.75 1.53
v 0.46 1.75 1.53
v 0.46 1.75 1.45
v 1.04 1.82 1.45
v 1.04 1.82 1.53
v 0.46 1.82 1.53
v 0.46 1.82 1.45
usemtl Timber
s off
f 2196 2195 2194 2193
f 2197 2198 2199 2200
f 2193 2194 2198 2197
f 2194 2195 2199 2198
f 2195 2196 2200 2199
f 2196 2193 2197 2200
o Window.Shutter
v 1.25 1.1 1.45
v 1.25 1.1 1.49
v 1.03 1.1 1.49
v 1.03 1.1 1.45
v 1.25 1.75 1.45
v 1.25 1.75 1.49
v 1.03 1.75 1.49
v 1.03 1.75 1.45
usemtl Wood
s off
f 2204 2203 2202 2201
f 2205 2206 2207 2208
f 2201 2202 2206 2205
f 2202 2203 2207 2206
f 2203 2204 2208 2207
f 2204 2201 2205 2208
o Window.Shutter.Band
v 1.25 1.2 1.49
v 1.25 1.2 1.505
v 1.03 1.2 1.505
v 1.03 1.2 1.49
v 1.25 1.24 1.49
v 1.25 1.24 1.505
v 1.03 1.24 1.505
v 1.03 1.24 1.49
usemtl Timber
s off
f 2212 2211 2210 2209
f 2213 2214 2215 2216
f 2209 2210 2214 2213
f 2210 2211 2215 2214
f 2211 2212 2216 2215
f 2212 2209 2213 2216
o Window.Shutter.Band
v 1.25 1.61 1.49
v 1.25 1.61 1.505
v 1.03 1.61 1.505
v 1.03 1.61 1.49
v 1.25 1.65 1.49
v 1.25 1.65 1.505
v 1.03 1.65 1.505
v 1.03 1.65 1.49
usemtl Timber
s off
f 2220 2219 2218 2217
f 2221 2222 2223 2224
f 2217 2218 2222 2221
f 2218 2219 2223 2222
f 2219 2220 2224 2223
f 2220 2217 2221 2224
o Window.Shutter
v 0.47 1.1 1.45
v 0.47 1.1 1.49
v 0.25 1.1 1.49
v 0.25 1.1 1.45
v 0.47 1.75 1.45
v 0.47 1.75 1.49
v 0.25 1.75 1.49
v 0.25 1.75 1.45
usemtl Wood
s off
f 2228 2227 2226 2225
f 2229 2230 2231 2232
f 2225 2226 2230 2229
f 2226 2227 2231 2230
f 2227 2228 2232 2231
f 2228 2225 2229 2232
o Window.Shutter.Band
v 0.47 1.2 1.49
v 0.47 1.2 1.505
v 0.25 1.2 1.505
v 0.25 1.2 1.49
v 0.47 1.24 1.49
v 0.47 1.24 1.505
v 0.25 1.24 1.505
v 0.25 1.24 1.49
usemtl Timber
s off
f 2236 2235 2234 2233
f 2237 2238 2239 2240
f 2233 2234 2238 2237
f 2234 2235 2239 2238
f 2235 2236 2240 2239
f 2236 2233 2237 2240
o Window.Shutter.Band
v 0.47 1.61 1.49
v 0.47 1.61 1.505
v 0.25 1.61 1.505
v 0.25 1.61 1.49
v 0.47 1.65 1.49
v 0.47 1.65 1.505
v 0.25 1.65 1.505
v 0.25 1.65 1.49
usemtl Timber
s off
f 2244 2243 2242 2241
f 2245 2246 2247 2248
f 2241 2242 2246 2245
f 2242 2243 2247 2246
f 2243 2244 2248 2247
f 2244 2241 2245 2248
o Window.Light
v 1.48 1.1 0.28
v 1.48 1.1 0.72
v 1.45 1.1 0.72
v 1.45 1.1 0.28
v 1.48 1.75 0.28
v 1.48 1.75 0.72
v 1.45 1.75 0.72
v 1.45 1.75 0.28
usemtl WindowLit
s off
f 2252 2251 2250 2249
f 2253 2254 2255 2256
f 2249 2250 2254 2253
f 2250 2251 2255 2254
f 2251 2252 2256 2255
f 2252 2249 2253 2256
o Window.Bar
v 1.51 1.1 0.48
v 1.51 1.1 0.52
v 1.48 1.1 0.52
v 1.48 1.1 0.48
v 1.51 1.75 0.48
v 1.51 1.75 0.52
v 1.48 1.75 0.52
v 1.48 1.75 0.48
usemtl Timber
s off
f 2260 2259 2258 2257
f 2261 2262 2263 2264
f 2257 2258 2262 2261
f 2258 2259 2263 2262
f 2259 2260 2264 2263
f 2260 2257 2261 2264
o Window.Sill
v 1.57 1.03 0.2
v 1.57 1.03 0.8
v 1.45 1.03 0.8
v 1.45 1.03 0.2
v 1.57 1.1 0.2
v 1.57 1.1 0.8
v 1.45 1.1 0.8
v 1.45 1.1 0.2
usemtl Timber
s off
f 2268 2267 2266 2265
f 2269 2270 2271 2272
f 2265 2266 2270 2269
f 2266 2267 2271 2270
f 2267 2268 2272 2271
f 2268 2265 2269 2272
o Window.Lintel
v 1.53 1.75 0.21
v 1.53 1.75 0.79
v 1.45 1.75 0.79
v 1.45 1.75 0.21
v 1.53 1.82 0.21
v 1.53 1.82 0.79
v 1.45 1.82 0.79
v 1.45 1.82 0.21
usemtl Timber
s off
f 2276 2275 2274 2273
f 2277 2278 2279 2280
f 2273 2274 2278 2277
f 2274 2275 2279 2278
f 2275 2276 2280 2279
f 2276 2273 2277 2280
o Window.Shutter
v 1.49 1.1 0
v 1.49 1.1 0.22
v 1.45 1.1 0.22
v 1.45 1.1 0
v 1.49 1.75 0
v 1.49 1.75 0.22
v 1.45 1.75 0.22
v 1.45 1.75 0
usemtl Wood
s off
f 2284 2283 2282 2281
f 2285 2286 2287 2288
f 2281 2282 2286 2285
f 2282 2283 2287 2286
f 2283 2284 2288 2287
f 2284 2281 2285 2288
o Window.Shutter.Band
v 1.505 1.2 0
v 1.505 1.2 0.22
v 1.49 1.2 0.22
v 1.49 1.2 0
v 1.505 1.24 0
v 1.505 1.24 0.22
v 1.49 1.24 0.22
v 1.49 1.24 0
usemtl Timber
s off
f 2292 2291 2290 2289
f 2293 2294 2295 2296
f 2289 2290 2294 2293
f 2290 2291 2295 2294
f 2291 2292 2296 2295
f 2292 2289 2293 2296
o Window.Shutter.Band
v 1.505 1.61 0
v 1.505 1.61 0.22
v 1.49 1.61 0.22
v 1.49 1.61 0
v 1.505 1.65 0
v 1.505 1.65 0.22
v 1.49 1.65 0.22
v 1.49 1.65 0
usemtl Timber
s off
f 2300 2299 2298 2297
f 2301 2302 2303 2304
f 2297 2298 2302 2301
f 2298 2299 2303 2302
f 2299 2300 2304 2303
f 2300 2297 2301 2304
o Window.Shutter
v 1.49 1.1 0.78
v 1.49 1.1 1
v 1.45 1.1 1
v 1.45 1.1 0.78
v 1.49 1.75 0.78
v 1.49 1.75 1
v 1.45 1.75 1
v 1.45 1.75 0.78
usemtl Wood
s off
f 2308 2307 2306 2305
f 2309 2310 2311 2312
f 2305 2306 2310 2309
f 2306 2307 2311 2310
f 2307 2308 2312 2311
f 2308 2305 2309 2312
o Window.Shutter.Band
v 1.505 1.2 0.78
v 1.505 1.2 1
v 1.49 1.2 1
v 1.49 1.2 0.78
v 1.505 1.24 0.78
v 1.505 1.24 1
v 1.49 1.24 1
v 1.49 1.24 0.78
usemtl Timber
s off
f 2316 2315 2314 2313
f 2317 2318 2319 2320
f 2313 2314 2318 2317
f 2314 2315 2319 2318
f 2315 2316 2320 2319
f 2316 2313 2317 2320
o Window.Shutter.Band
v 1.505 1.61 0.78
v 1.505 1.61 1
v 1.49 1.61 1
v 1.49 1.61 0.78
v 1.505 1.65 0.78
v 1.505 1.65 1
v 1.49 1.65 1
v 1.49 1.65 0.78
usemtl Timber
s off
f 2324 2323 2322 2321
f 2325 2326 2327 2328
f 2321 2322 2326 2325
f 2322 2323 2327 2326
f 2323 2324 2328 2327
f 2324 2321 2325 2328
o Window.Light
v 0.22 1.1 -1.48
v 0.22 1.1 -1.45
v -0.22 1.1 -1.45
v -0.22 1.1 -1.48
v 0.22 1.75 -1.48
v 0.22 1.75 -1.45
v -0.22 1.75 -1.45
v -0.22 1.75 -1.48
usemtl WindowLit
s off
f 2332 2331 2330 2329
f 2333 2334 2335 2336
f 2329 2330 2334 2333
f 2330 2331 2335 2334
f 2331 2332 2336 2335
f 2332 2329 2333 2336
o Window.Bar
v 0.02 1.1 -1.51
v 0.02 1.1 -1.48
v -0.02 1.1 -1.48
v -0.02 1.1 -1.51
v 0.02 1.75 -1.51
v 0.02 1.75 -1.48
v -0.02 1.75 -1.48
v -0.02 1.75 -1.51
usemtl Timber
s off
f 2340 2339 2338 2337
f 2341 2342 2343 2344
f 2337 2338 2342 2341
f 2338 2339 2343 2342
f 2339 2340 2344 2343
f 2340 2337 2341 2344
o Window.Sill
v 0.3 1.03 -1.57
v 0.3 1.03 -1.45
v -0.3 1.03 -1.45
v -0.3 1.03 -1.57
v 0.3 1.1 -1.57
v 0.3 1.1 -1.45
v -0.3 1.1 -1.45
v -0.3 1.1 -1.57
usemtl Timber
s off
f 2348 2347 2346 2345
f 2349 2350 2351 2352
f 2345 2346 2350 2349
f 2346 2347 2351 2350
f 2347 2348 2352 2351
f 2348 2345 2349 2352
o Window.Lintel
v 0.29 1.75 -1.53
v 0.29 1.75 -1.45
v -0.29 1.75 -1.45
v -0.29 1.75 -1.53
v 0.29 1.82 -1.53
v 0.29 1.82 -1.45
v -0.29 1.82 -1.45
v -0.29 1.82 -1.53
usemtl Timber
s off
f 2356 2355 2354 2353
f 2357 2358 2359 2360
f 2353 2354 2358 2357
f 2354 2355 2359 2358
f 2355 2356 2360 2359
f 2356 2353 2357 2360
o Window.Shutter
v -0.28 1.1 -1.49
v -0.28 1.1 -1.45
v -0.5 1.1 -1.45
v -0.5 1.1 -1.49
v -0.28 1.75 -1.49
v -0.28 1.75 -1.45
v -0.5 1.75 -1.45
v -0.5 1.75 -1.49
usemtl Wood
s off
f 2364 2363 2362 2361
f 2365 2366 2367 2368
f 2361 2362 2366 2365
f 2362 2363 2367 2366
f 2363 2364 2368 2367
f 2364 2361 2365 2368
o Window.Shutter.Band
v -0.28 1.2 -1.505
v -0.28 1.2 -1.49
v -0.5 1.2 -1.49
v -0.5 1.2 -1.505
v -0.28 1.24 -1.505
v -0.28 1.24 -1.49
v -0.5 1.24 -1.49
v -0.5 1.24 -1.505
usemtl Timber
s off
f 2372 2371 2370 2369
f 2373 2374 2375 2376
f 2369 2370 2374 2373
f 2370 2371 2375 2374
f 2371 2372 2376 2375
f 2372 2369 2373 2376
o Window.Shutter.Band
v -0.28 1.61 -1.505
v -0.28 1.61 -1.49
v -0.5 1.61 -1.49
v -0.5 1.61 -1.505
v -0.28 1.65 -1.505
v -0.28 1.65 -1.49
v -0.5 1.65 -1.49
v -0.5 1.65 -1.505
usemtl Timber
s off
f 2380 2379 2378 2377
f 2381 2382 2383 2384
f 2377 2378 2382 2381
f 2378 2379 2383 2382
f 2379 2380 2384 2383
f 2380 2377 2381 2384
o Window.Shutter
v 0.5 1.1 -1.49
v 0.5 1.1 -1.45
v 0.28 1.1 -1.45
v 0.28 1.1 -1.49
v 0.5 1.75 -1.49
v 0.5 1.75 -1.45
v 0.28 1.75 -1.45
v 0.28 1.75 -1.49
usemtl Wood
s off
f 2388 2387 2386 2385
f 2389 2390 2391 2392
f 2385 2386 2390 2389
f 2386 2387 2391 2390
f 2387 2388 2392 2391
f 2388 2385 2389 2392
o Window.Shutter.Band
v 0.5 1.2 -1.505
v 0.5 1.2 -1.49
v 0.28 1.2 -1.49
v 0.28 1.2 -1.505
v 0.5 1.24 -1.505
v 0.5 1.24 -1.49
v 0.28 1.24 -1.49
v 0.28 1.24 -1.505
usemtl Timber
s off
f 2396 2395 2394 2393
f 2397 2398 2399 2400
f 2393 2394 2398 2397
f 2394 2395 2399 2398
f 2395 2396 2400 2399
f 2396 2393 2397 2400
o Window.Shutter.Band
v 0.5 1.61 -1.505
v 0.5 1.61 -1.49
v 0.28 1.61 -1.49
v 0.28 1.61 -1.505
v 0.5 1.65 -1.505
v 0.5 1.65 -1.49
v 0.28 1.65 -1.49
v 0.28 1.65 -1.505
usemtl Timber
s off
f 2404 2403 2402 2401
f 2405 2406 2407 2408
f 2401 2402 2406 2405
f 2402 2403 2407 2406
f 2403 2404 2408 2407
f 2404 2401 2405 2408
o Window.Light
v -1.57 3.8 0.34
v -1.57 3.8 0.76
v -1.6 3.8 0.76
v -1.6 3.8 0.34
v -1.57 4.4 0.34
v -1.57 4.4 0.76
v -1.6 4.4 0.76
v -1.6 4.4 0.34
usemtl WindowLit
s off
f 2412 2411 2410 2409
f 2413 2414 2415 2416
f 2409 2410 2414 2413
f 2410 2411 2415 2414
f 2411 2412 2416 2415
f 2412 2409 2413 2416
o Window.Bar
v -1.6 3.8 0.53
v -1.6 3.8 0.57
v -1.63 3.8 0.57
v -1.63 3.8 0.53
v -1.6 4.4 0.53
v -1.6 4.4 0.57
v -1.63 4.4 0.57
v -1.63 4.4 0.53
usemtl Timber
s off
f 2420 2419 2418 2417
f 2421 2422 2423 2424
f 2417 2418 2422 2421
f 2418 2419 2423 2422
f 2419 2420 2424 2423
f 2420 2417 2421 2424
o Window.Sill
v -1.57 3.73 0.26
v -1.57 3.73 0.84
v -1.69 3.73 0.84
v -1.69 3.73 0.26
v -1.57 3.8 0.26
v -1.57 3.8 0.84
v -1.69 3.8 0.84
v -1.69 3.8 0.26
usemtl Timber
s off
f 2428 2427 2426 2425
f 2429 2430 2431 2432
f 2425 2426 2430 2429
f 2426 2427 2431 2430
f 2427 2428 2432 2431
f 2428 2425 2429 2432
o Window.Lintel
v -1.57 4.4 0.27
v -1.57 4.4 0.83
v -1.65 4.4 0.83
v -1.65 4.4 0.27
v -1.57 4.47 0.27
v -1.57 4.47 0.83
v -1.65 4.47 0.83
v -1.65 4.47 0.27
usemtl Timber
s off
f 2436 2435 2434 2433
f 2437 2438 2439 2440
f 2433 2434 2438 2437
f 2434 2435 2439 2438
f 2435 2436 2440 2439
f 2436 2433 2437 2440
o Window.Shutter
v -1.57 3.8 0.82
v -1.57 3.8 1.03
v -1.61 3.8 1.03
v -1.61 3.8 0.82
v -1.57 4.4 0.82
v -1.57 4.4 1.03
v -1.61 4.4 1.03
v -1.61 4.4 0.82
usemtl Wood
s off
f 2444 2443 2442 2441
f 2445 2446 2447 2448
f 2441 2442 2446 2445
f 2442 2443 2447 2446
f 2443 2444 2448 2447
f 2444 2441 2445 2448
o Window.Shutter.Band
v -1.61 3.9 0.82
v -1.61 3.9 1.03
v -1.625 3.9 1.03
v -1.625 3.9 0.82
v -1.61 3.94 0.82
v -1.61 3.94 1.03
v -1.625 3.94 1.03
v -1.625 3.94 0.82
usemtl Timber
s off
f 2452 2451 2450 2449
f 2453 2454 2455 2456
f 2449 2450 2454 2453
f 2450 2451 2455 2454
f 2451 2452 2456 2455
f 2452 2449 2453 2456
o Window.Shutter.Band
v -1.61 4.26 0.82
v -1.61 4.26 1.03
v -1.625 4.26 1.03
v -1.625 4.26 0.82
v -1.61 4.3 0.82
v -1.61 4.3 1.03
v -1.625 4.3 1.03
v -1.625 4.3 0.82
usemtl Timber
s off
f 2460 2459 2458 2457
f 2461 2462 2463 2464
f 2457 2458 2462 2461
f 2458 2459 2463 2462
f 2459 2460 2464 2463
f 2460 2457 2461 2464
o Window.Shutter
v -1.57 3.8 0.07
v -1.57 3.8 0.28
v -1.61 3.8 0.28
v -1.61 3.8 0.07
v -1.57 4.4 0.07
v -1.57 4.4 0.28
v -1.61 4.4 0.28
v -1.61 4.4 0.07
usemtl Wood
s off
f 2468 2467 2466 2465
f 2469 2470 2471 2472
f 2465 2466 2470 2469
f 2466 2467 2471 2470
f 2467 2468 2472 2471
f 2468 2465 2469 2472
o Window.Shutter.Band
v -1.61 3.9 0.07
v -1.61 3.9 0.28
v -1.625 3.9 0.28
v -1.625 3.9 0.07
v -1.61 3.94 0.07
v -1.61 3.94 0.28
v -1.625 3.94 0.28
v -1.625 3.94 0.07
usemtl Timber
s off
f 2476 2475 2474 2473
f 2477 2478 2479 2480
f 2473 2474 2478 2477
f 2474 2475 2479 2478
f 2475 2476 2480 2479
f 2476 2473 2477 2480
o Window.Shutter.Band
v -1.61 4.26 0.07
v -1.61 4.26 0.28
v -1.625 4.26 0.28
v -1.625 4.26 0.07
v -1.61 4.3 0.07
v -1.61 4.3 0.28
v -1.625 4.3 0.28
v -1.625 4.3 0.07
usemtl Timber
s off
f 2484 2483 2482 2481
f 2485 2486 2487 2488
f 2481 2482 2486 2485
f 2482 2483 2487 2486
f 2483 2484 2488 2487
f 2484 2481 2485 2488
o Window.Light
v 1.6 3.8 -0.21
v 1.6 3.8 0.21
v 1.57 3.8 0.21
v 1.57 3.8 -0.21
v 1.6 4.4 -0.21
v 1.6 4.4 0.21
v 1.57 4.4 0.21
v 1.57 4.4 -0.21
usemtl WindowLit
s off
f 2492 2491 2490 2489
f 2493 2494 2495 2496
f 2489 2490 2494 2493
f 2490 2491 2495 2494
f 2491 2492 2496 2495
f 2492 2489 2493 2496
o Window.Bar
v 1.63 3.8 -0.02
v 1.63 3.8 0.02
v 1.6 3.8 0.02
v 1.6 3.8 -0.02
v 1.63 4.4 -0.02
v 1.63 4.4 0.02
v 1.6 4.4 0.02
v 1.6 4.4 -0.02
usemtl Timber
s off
f 2500 2499 2498 2497
f 2501 2502 2503 2504
f 2497 2498 2502 2501
f 2498 2499 2503 2502
f 2499 2500 2504 2503
f 2500 2497 2501 2504
o Window.Sill
v 1.69 3.73 -0.29
v 1.69 3.73 0.29
v 1.57 3.73 0.29
v 1.57 3.73 -0.29
v 1.69 3.8 -0.29
v 1.69 3.8 0.29
v 1.57 3.8 0.29
v 1.57 3.8 -0.29
usemtl Timber
s off
f 2508 2507 2506 2505
f 2509 2510 2511 2512
f 2505 2506 2510 2509
f 2506 2507 2511 2510
f 2507 2508 2512 2511
f 2508 2505 2509 2512
o Window.Lintel
v 1.65 4.4 -0.28
v 1.65 4.4 0.28
v 1.57 4.4 0.28
v 1.57 4.4 -0.28
v 1.65 4.47 -0.28
v 1.65 4.47 0.28
v 1.57 4.47 0.28
v 1.57 4.47 -0.28
usemtl Timber
s off
f 2516 2515 2514 2513
f 2517 2518 2519 2520
f 2513 2514 2518 2517
f 2514 2515 2519 2518
f 2515 2516 2520 2519
f 2516 2513 2517 2520
o Window.Shutter
v 1.61 3.8 -0.48
v 1.61 3.8 -0.27
v 1.57 3.8 -0.27
v 1.57 3.8 -0.48
v 1.61 4.4 -0.48
v 1.61 4.4 -0.27
v 1.57 4.4 -0.27
v 1.57 4.4 -0.48
usemtl Wood
s off
f 2524 2523 2522 2521
f 2525 2526 2527 2528
f 2521 2522 2526 2525
f 2522 2523 2527 2526
f 2523 2524 2528 2527
f 2524 2521 2525 2528
o Window.Shutter.Band
v 1.625 3.9 -0.48
v 1.625 3.9 -0.27
v 1.61 3.9 -0.27
v 1.61 3.9 -0.48
v 1.625 3.94 -0.48
v 1.625 3.94 -0.27
v 1.61 3.94 -0.27
v 1.61 3.94 -0.48
usemtl Timber
s off
f 2532 2531 2530 2529
f 2533 2534 2535 2536
f 2529 2530 2534 2533
f 2530 2531 2535 2534
f 2531 2532 2536 2535
f 2532 2529 2533 2536
o Window.Shutter.Band
v 1.625 4.26 -0.48
v 1.625 4.26 -0.27
v 1.61 4.26 -0.27
v 1.61 4.26 -0.48
v 1.625 4.3 -0.48
v 1.625 4.3 -0.27
v 1.61 4.3 -0.27
v 1.61 4.3 -0.48
usemtl Timber
s off
f 2540 2539 2538 2537
f 2541 2542 2543 2544
f 2537 2538 2542 2541
f 2538 2539 2543 2542
f 2539 2540 2544 2543
f 2540 2537 2541 2544
o Window.Shutter
v 1.61 3.8 0.27
v 1.61 3.8 0.48
v 1.57 3.8 0.48
v 1.57 3.8 0.27
v 1.61 4.4 0.27
v 1.61 4.4 0.48
v 1.57 4.4 0.48
v 1.57 4.4 0.27
usemtl Wood
s off
f 2548 2547 2546 2545
f 2549 2550 2551 2552
f 2545 2546 2550 2549
f 2546 2547 2551 2550
f 2547 2548 2552 2551
f 2548 2545 2549 2552
o Window.Shutter.Band
v 1.625 3.9 0.27
v 1.625 3.9 0.48
v 1.61 3.9 0.48
v 1.61 3.9 0.27
v 1.625 3.94 0.27
v 1.625 3.94 0.48
v 1.61 3.94 0.48
v 1.61 3.94 0.27
usemtl Timber
s off
f 2556 2555 2554 2553
f 2557 2558 2559 2560
f 2553 2554 2558 2557
f 2554 2555 2559 2558
f 2555 2556 2560 2559
f 2556 2553 2557 2560
o Window.Shutter.Band
v 1.625 4.26 0.27
v 1.625 4.26 0.48
v 1.61 4.26 0.48
v 1.61 4.26 0.27
v 1.625 4.3 0.27
v 1.625 4.3 0.48
v 1.61 4.3 0.48
v 1.61 4.3 0.27
usemtl Timber
s off
f 2564 2563 2562 2561
f 2565 2566 2567 2568
f 2561 2562 2566 2565
f 2562 2563 2567 2566
f 2563 2564 2568 2567
f 2564 2561 2565 2568
o Window.Light
v 0.21 3.8 -1.6
v 0.21 3.8 -1.57
v -0.21 3.8 -1.57
v -0.21 3.8 -1.6
v 0.21 4.4 -1.6
v 0.21 4.4 -1.57
v -0.21 4.4 -1.57
v -0.21 4.4 -1.6
usemtl WindowLit
s off
f 2572 2571 2570 2569
f 2573 2574 2575 2576
f 2569 2570 2574 2573
f 2570 2571 2575 2574
f 2571 2572 2576 2575
f 2572 2569 2573 2576
o Window.Bar
v 0.02 3.8 -1.63
v 0.02 3.8 -1.6
v -0.02 3.8 -1.6
v -0.02 3.8 -1.63
v 0.02 4.4 -1.63
v 0.02 4.4 -1.6
v -0.02 4.4 -1.6
v -0.02 4.4 -1.63
usemtl Timber
s off
f 2580 2579 2578 2577
f 2581 2582 2583 2584
f 2577 2578 2582 2581
f 2578 2579 2583 2582
f 2579 2580 2584 2583
f 2580 2577 2581 2584
o Window.Sill
v 0.29 3.73 -1.69
v 0.29 3.73 -1.57
v -0.29 3.73 -1.57
v -0.29 3.73 -1.69
v 0.29 3.8 -1.69
v 0.29 3.8 -1.57
v -0.29 3.8 -1.57
v -0.29 3.8 -1.69
usemtl Timber
s off
f 2588 2587 2586 2585
f 2589 2590 2591 2592
f 2585 2586 2590 2589
f 2586 2587 2591 2590
f 2587 2588 2592 2591
f 2588 2585 2589 2592
o Window.Lintel
v 0.28 4.4 -1.65
v 0.28 4.4 -1.57
v -0.28 4.4 -1.57
v -0.28 4.4 -1.65
v 0.28 4.47 -1.65
v 0.28 4.47 -1.57
v -0.28 4.47 -1.57
v -0.28 4.47 -1.65
usemtl Timber
s off
f 2596 2595 2594 2593
f 2597 2598 2599 2600
f 2593 2594 2598 2597
f 2594 2595 2599 2598
f 2595 2596 2600 2599
f 2596 2593 2597 2600
o Window.Shutter
v -0.27 3.8 -1.61
v -0.27 3.8 -1.57
v -0.48 3.8 -1.57
v -0.48 3.8 -1.61
v -0.27 4.4 -1.61
v -0.27 4.4 -1.57
v -0.48 4.4 -1.57
v -0.48 4.4 -1.61
usemtl Wood
s off
f 2604 2603 2602 2601
f 2605 2606 2607 2608
f 2601 2602 2606 2605
f 2602 2603 2607 2606
f 2603 2604 2608 2607
f 2604 2601 2605 2608
o Window.Shutter.Band
v -0.27 3.9 -1.625
v -0.27 3.9 -1.61
v -0.48 3.9 -1.61
v -0.48 3.9 -1.625
v -0.27 3.94 -1.625
v -0.27 3.94 -1.61
v -0.48 3.94 -1.61
v -0.48 3.94 -1.625
usemtl Timber
s off
f 2612 2611 2610 2609
f 2613 2614 2615 2616
f 2609 2610 2614 2613
f 2610 2611 2615 2614
f 2611 2612 2616 2615
f 2612 2609 2613 2616
o Window.Shutter.Band
v -0.27 4.26 -1.625
v -0.27 4.26 -1.61
v -0.48 4.26 -1.61
v -0.48 4.26 -1.625
v -0.27 4.3 -1.625
v -0.27 4.3 -1.61
v -0.48 4.3 -1.61
v -0.48 4.3 -1.625
usemtl Timber
s off
f 2620 2619 2618 2617
f 2621 2622 2623 2624
f 2617 2618 2622 2621
f 2618 2619 2623 2622
f 2619 2620 2624 2623
f 2620 2617 2621 2624
o Window.Shutter
v 0.48 3.8 -1.61
v 0.48 3.8 -1.57
v 0.27 3.8 -1.57
v 0.27 3.8 -1.61
v 0.48 4.4 -1.61
v 0.48 4.4 -1.57
v 0.27 4.4 -1.57
v 0.27 4.4 -1.61
usemtl Wood
s off
f 2628 2627 2626 2625
f 2629 2630 2631 2632
f 2625 2626 2630 2629
f 2626 2627 2631 2630
f 2627 2628 2632 2631
f 2628 2625 2629 2632
o Window.Shutter.Band
v 0.48 3.9 -1.625
v 0.48 3.9 -1.61
v 0.27 3.9 -1.61
v 0.27 3.9 -1.625
v 0.48 3.94 -1.625
v 0.48 3.94 -1.61
v 0.27 3.94 -1.61
v 0.27 3.94 -1.625
usemtl Timber
s off
f 2636 2635 2634 2633
f 2637 2638 2639 2640
f 2633 2634 2638 2637
f 2634 2635 2639 2638
f 2635 2636 2640 2639
f 2636 2633 2637 2640
o Window.Shutter.Band
v 0.48 4.26 -1.625
v 0.48 4.26 -1.61
v 0.27 4.26 -1.61
v 0.27 4.26 -1.625
v 0.48 4.3 -1.625
v 0.48 4.3 -1.61
v 0.27 4.3 -1.61
v 0.27 4.3 -1.625
usemtl Timber
s off
f 2644 2643 2642 2641
f 2645 2646 2647 2648
f 2641 2642 2646 2645
f 2642 2643 2647 2646
f 2643 2644 2648 2647
f 2644 2641 2645 2648
o Window.Light
v -0.56 4.85 1.57
v -0.56 4.85 1.6
v -0.94 4.85 1.6
v -0.94 4.85 1.57
v -0.56 5.45 1.57
v -0.56 5.45 1.6
v -0.94 5.45 1.6
v -0.94 5.45 1.57
usemtl WindowLit
s off
f 2652 2651 2650 2649
f 2653 2654 2655 2656
f 2649 2650 2654 2653
f 2650 2651 2655 2654
f 2651 2652 2656 2655
f 2652 2649 2653 2656
o Window.Bar
v -0.73 4.85 1.6
v -0.73 4.85 1.63
v -0.77 4.85 1.63
v -0.77 4.85 1.6
v -0.73 5.45 1.6
v -0.73 5.45 1.63
v -0.77 5.45 1.63
v -0.77 5.45 1.6
usemtl Timber
s off
f 2660 2659 2658 2657
f 2661 2662 2663 2664
f 2657 2658 2662 2661
f 2658 2659 2663 2662
f 2659 2660 2664 2663
f 2660 2657 2661 2664
o Window.Sill
v -0.48 4.78 1.57
v -0.48 4.78 1.69
v -1.02 4.78 1.69
v -1.02 4.78 1.57
v -0.48 4.85 1.57
v -0.48 4.85 1.69
v -1.02 4.85 1.69
v -1.02 4.85 1.57
usemtl Timber
s off
f 2668 2667 2666 2665
f 2669 2670 2671 2672
f 2665 2666 2670 2669
f 2666 2667 2671 2670
f 2667 2668 2672 2671
f 2668 2665 2669 2672
o Window.Lintel
v -0.49 5.45 1.57
v -0.49 5.45 1.65
v -1.01 5.45 1.65
v -1.01 5.45 1.57
v -0.49 5.52 1.57
v -0.49 5.52 1.65
v -1.01 5.52 1.65
v -1.01 5.52 1.57
usemtl Timber
s off
f 2676 2675 2674 2673
f 2677 2678 2679 2680
f 2673 2674 2678 2677
f 2674 2675 2679 2678
f 2675 2676 2680 2679
f 2676 2673 2677 2680
o Window.Shutter
v -0.31 4.85 1.57
v -0.31 4.85 1.61
v -0.5 4.85 1.61
v -0.5 4.85 1.57
v -0.31 5.45 1.57
v -0.31 5.45 1.61
v -0.5 5.45 1.61
v -0.5 5.45 1.57
usemtl Wood
s off
f 2684 2683 2682 2681
f 2685 2686 2687 2688
f 2681 2682 2686 2685
f 2682 2683 2687 2686
f 2683 2684 2688 2687
f 2684 2681 2685 2688
o Window.Shutter.Band
v -0.31 4.95 1.61
v -0.31 4.95 1.625
v -0.5 4.95 1.625
v -0.5 4.95 1.61
v -0.31 4.99 1.61
v -0.31 4.99 1.625
v -0.5 4.99 1.625
v -0.5 4.99 1.61
usemtl Timber
s off
f 2692 2691 2690 2689
f 2693 2694 2695 2696
f 2689 2690 2694 2693
f 2690 2691 2695 2694
f 2691 2692 2696 2695
f 2692 2689 2693 2696
o Window.Shutter.Band
v -0.31 5.31 1.61
v -0.31 5.31 1.625
v -0.5 5.31 1.625
v -0.5 5.31 1.61
v -0.31 5.35 1.61
v -0.31 5.35 1.625
v -0.5 5.35 1.625
v -0.5 5.35 1.61
usemtl Timber
s off
f 2700 2699 2698 2697
f 2701 2702 2703 2704
f 2697 2698 2702 2701
f 2698 2699 2703 2702
f 2699 2700 2704 2703
f 2700 2697 2701 2704
o Window.Shutter
v -1 4.85 1.57
v -1 4.85 1.61
v -1.19 4.85 1.61
v -1.19 4.85 1.57
v -1 5.45 1.57
v -1 5.45 1.61
v -1.19 5.45 1.61
v -1.19 5.45 1.57
usemtl Wood
s off
f 2708 2707 2706 2705
f 2709 2710 2711 2712
f 2705 2706 2710 2709
f 2706 2707 2711 2710
f 2707 2708 2712 2711
f 2708 2705 2709 2712
o Window.Shutter.Band
v -1 4.95 1.61
v -1 4.95 1.625
v -1.19 4.95 1.625
v -1.19 4.95 1.61
v -1 4.99 1.61
v -1 4.99 1.625
v -1.19 4.99 1.625
v -1.19 4.99 1.61
usemtl Timber
s off
f 2716 2715 2714 2713
f 2717 2718 2719 2720
f 2713 2714 2718 2717
f 2714 2715 2719 2718
f 2715 2716 2720 2719
f 2716 2713 2717 2720
o Window.Shutter.Band
v -1 5.31 1.61
v -1 5.31 1.625
v -1.19 5.31 1.625
v -1.19 5.31 1.61
v -1 5.35 1.61
v -1 5.35 1.625
v -1.19 5.35 1.625
v -1.19 5.35 1.61
usemtl Timber
s off
f 2724 2723 2722 2721
f 2725 2726 2727 2728
f 2721 2722 2726 2725
f 2722 2723 2727 2726
f 2723 2724 2728 2727
f 2724 2721 2725 2728
o Window.Light
v 1.6 6.05 -0.2
v 1.6 6.05 0.2
v 1.57 6.05 0.2
v 1.57 6.05 -0.2
v 1.6 6.6 -0.2
v 1.6 6.6 0.2
v 1.57 6.6 0.2
v 1.57 6.6 -0.2
usemtl WindowLit
s off
f 2732 2731 2730 2729
f 2733 2734 2735 2736
f 2729 2730 2734 2733
f 2730 2731 2735 2734
f 2731 2732 2736 2735
f 2732 2729 2733 2736
o Window.Bar
v 1.63 6.05 -0.02
v 1.63 6.05 0.02
v 1.6 6.05 0.02
v 1.6 6.05 -0.02
v 1.63 6.6 -0.02
v 1.63 6.6 0.02
v 1.6 6.6 0.02
v 1.6 6.6 -0.02
usemtl Timber
s off
f 2740 2739 2738 2737
f 2741 2742 2743 2744
f 2737 2738 2742 2741
f 2738 2739 2743 2742
f 2739 2740 2744 2743
f 2740 2737 2741 2744
o Window.Sill
v 1.69 5.98 -0.28
v 1.69 5.98 0.28
v 1.57 5.98 0.28
v 1.57 5.98 -0.28
v 1.69 6.05 -0.28
v 1.69 6.05 0.28
v 1.57 6.05 0.28
v 1.57 6.05 -0.28
usemtl Timber
s off
f 2748 2747 2746 2745
f 2749 2750 2751 2752
f 2745 2746 2750 2749
f 2746 2747 2751 2750
f 2747 2748 2752 2751
f 2748 2745 2749 2752
o Window.Lintel
v 1.65 6.6 -0.27
v 1.65 6.6 0.27
v 1.57 6.6 0.27
v 1.57 6.6 -0.27
v 1.65 6.67 -0.27
v 1.65 6.67 0.27
v 1.57 6.67 0.27
v 1.57 6.67 -0.27
usemtl Timber
s off
f 2756 2755 2754 2753
f 2757 2758 2759 2760
f 2753 2754 2758 2757
f 2754 2755 2759 2758
f 2755 2756 2760 2759
f 2756 2753 2757 2760
o Window.Shutter
v 1.61 6.05 -0.46
v 1.61 6.05 -0.26
v 1.57 6.05 -0.26
v 1.57 6.05 -0.46
v 1.61 6.6 -0.46
v 1.61 6.6 -0.26
v 1.57 6.6 -0.26
v 1.57 6.6 -0.46
usemtl Wood
s off
f 2764 2763 2762 2761
f 2765 2766 2767 2768
f 2761 2762 2766 2765
f 2762 2763 2767 2766
f 2763 2764 2768 2767
f 2764 2761 2765 2768
o Window.Shutter.Band
v 1.625 6.15 -0.46
v 1.625 6.15 -0.26
v 1.61 6.15 -0.26
v 1.61 6.15 -0.46
v 1.625 6.19 -0.46
v 1.625 6.19 -0.26
v 1.61 6.19 -0.26
v 1.61 6.19 -0.46
usemtl Timber
s off
f 2772 2771 2770 2769
f 2773 2774 2775 2776
f 2769 2770 2774 2773
f 2770 2771 2775 2774
f 2771 2772 2776 2775
f 2772 2769 2773 2776
o Window.Shutter.Band
v 1.625 6.46 -0.46
v 1.625 6.46 -0.26
v 1.61 6.46 -0.26
v 1.61 6.46 -0.46
v 1.625 6.5 -0.46
v 1.625 6.5 -0.26
v 1.61 6.5 -0.26
v 1.61 6.5 -0.46
usemtl Timber
s off
f 2780 2779 2778 2777
f 2781 2782 2783 2784
f 2777 2778 2782 2781
f 2778 2779 2783 2782
f 2779 2780 2784 2783
f 2780 2777 2781 2784
o Window.Shutter
v 1.61 6.05 0.26
v 1.61 6.05 0.46
v 1.57 6.05 0.46
v 1.57 6.05 0.26
v 1.61 6.6 0.26
v 1.61 6.6 0.46
v 1.57 6.6 0.46
v 1.57 6.6 0.26
usemtl Wood
s off
f 2788 2787 2786 2785
f 2789 2790 2791 2792
f 2785 2786 2790 2789
f 2786 2787 2791 2790
f 2787 2788 2792 2791
f 2788 2785 2789 2792
o Window.Shutter.Band
v 1.625 6.15 0.26
v 1.625 6.15 0.46
v 1.61 6.15 0.46
v 1.61 6.15 0.26
v 1.625 6.19 0.26
v 1.625 6.19 0.46
v 1.61 6.19 0.46
v 1.61 6.19 0.26
usemtl Timber
s off
f 2796 2795 2794 2793
f 2797 2798 2799 2800
f 2793 2794 2798 2797
f 2794 2795 2799 2798
f 2795 2796 2800 2799
f 2796 2793 2797 2800
o Window.Shutter.Band
v 1.625 6.46 0.26
v 1.625 6.46 0.46
v 1.61 6.46 0.46
v 1.61 6.46 0.26
v 1.625 6.5 0.26
v 1.625 6.5 0.46
v 1.61 6.5 0.46
v 1.61 6.5 0.26
usemtl Timber
s off
f 2804 2803 2802 2801
f 2805 2806 2807 2808
f 2801 2802 2806 2805
f 2802 2803 2807 2806
f 2803 2804 2808 2807
f 2804 2801 2805 2808
o Window.Light
v -1.57 6.05 -0.5
v -1.57 6.05 -0.1
v -1.6 6.05 -0.1
v -1.6 6.05 -0.5
v -1.57 6.6 -0.5
v -1.57 6.6 -0.1
v -1.6 6.6 -0.1
v -1.6 6.6 -0.5
usemtl WindowLit
s off
f 2812 2811 2810 2809
f 2813 2814 2815 2816
f 2809 2810 2814 2813
f 2810 2811 2815 2814
f 2811 2812 2816 2815
f 2812 2809 2813 2816
o Window.Bar
v -1.6 6.05 -0.32
v -1.6 6.05 -0.28
v -1.63 6.05 -0.28
v -1.63 6.05 -0.32
v -1.6 6.6 -0.32
v -1.6 6.6 -0.28
v -1.63 6.6 -0.28
v -1.63 6.6 -0.32
usemtl Timber
s off
f 2820 2819 2818 2817
f 2821 2822 2823 2824
f 2817 2818 2822 2821
f 2818 2819 2823 2822
f 2819 2820 2824 2823
f 2820 2817 2821 2824
o Window.Sill
v -1.57 5.98 -0.58
v -1.57 5.98 -0.02
v -1.69 5.98 -0.02
v -1.69 5.98 -0.58
v -1.57 6.05 -0.58
v -1.57 6.05 -0.02
v -1.69 6.05 -0.02
v -1.69 6.05 -0.58
usemtl Timber
s off
f 2828 2827 2826 2825
f 2829 2830 2831 2832
f 2825 2826 2830 2829
f 2826 2827 2831 2830
f 2827 2828 2832 2831
f 2828 2825 2829 2832
o Window.Lintel
v -1.57 6.6 -0.57
v -1.57 6.6 -0.03
v -1.65 6.6 -0.03
v -1.65 6.6 -0.57
v -1.57 6.67 -0.57
v -1.57 6.67 -0.03
v -1.65 6.67 -0.03
v -1.65 6.67 -0.57
usemtl Timber
s off
f 2836 2835 2834 2833
f 2837 2838 2839 2840
f 2833 2834 2838 2837
f 2834 2835 2839 2838
f 2835 2836 2840 2839
f 2836 2833 2837 2840
o Window.Shutter
v -1.57 6.05 -0.04
v -1.57 6.05 0.16
v -1.61 6.05 0.16
v -1.61 6.05 -0.04
v -1.57 6.6 -0.04
v -1.57 6.6 0.16
v -1.61 6.6 0.16
v -1.61 6.6 -0.04
usemtl Wood
s off
f 2844 2843 2842 2841
f 2845 2846 2847 2848
f 2841 2842 2846 2845
f 2842 2843 2847 2846
f 2843 2844 2848 2847
f 2844 2841 2845 2848
o Window.Shutter.Band
v -1.61 6.15 -0.04
v -1.61 6.15 0.16
v -1.625 6.15 0.16
v -1.625 6.15 -0.04
v -1.61 6.19 -0.04
v -1.61 6.19 0.16
v -1.625 6.19 0.16
v -1.625 6.19 -0.04
usemtl Timber
s off
f 2852 2851 2850 2849
f 2853 2854 2855 2856
f 2849 2850 2854 2853
f 2850 2851 2855 2854
f 2851 2852 2856 2855
f 2852 2849 2853 2856
o Window.Shutter.Band
v -1.61 6.46 -0.04
v -1.61 6.46 0.16
v -1.625 6.46 0.16
v -1.625 6.46 -0.04
v -1.61 6.5 -0.04
v -1.61 6.5 0.16
v -1.625 6.5 0.16
v -1.625 6.5 -0.04
usemtl Timber
s off
f 2860 2859 2858 2857
f 2861 2862 2863 2864
f 2857 2858 2862 2861
f 2858 2859 2863 2862
f 2859 2860 2864 2863
f 2860 2857 2861 2864
o Window.Shutter
v -1.57 6.05 -0.76
v -1.57 6.05 -0.56
v -1.61 6.05 -0.56
v -1.61 6.05 -0.76
v -1.57 6.6 -0.76
v -1.57 6.6 -0.56
v -1.61 6.6 -0.56
v -1.61 6.6 -0.76
usemtl Wood
s off
f 2868 2867 2866 2865
f 2869 2870 2871 2872
f 2865 2866 2870 2869
f 2866 2867 2871 2870
f 2867 2868 2872 2871
f 2868 2865 2869 2872
o Window.Shutter.Band
v -1.61 6.15 -0.76
v -1.61 6.15 -0.56
v -1.625 6.15 -0.56
v -1.625 6.15 -0.76
v -1.61 6.19 -0.76
v -1.61 6.19 -0.56
v -1.625 6.19 -0.56
v -1.625 6.19 -0.76
usemtl Timber
s off
f 2876 2875 2874 2873
f 2877 2878 2879 2880
f 2873 2874 2878 2877
f 2874 2875 2879 2878
f 2875 2876 2880 2879
f 2876 2873 2877 2880
o Window.Shutter.Band
v -1.61 6.46 -0.76
v -1.61 6.46 -0.56
v -1.625 6.46 -0.56
v -1.625 6.46 -0.76
v -1.61 6.5 -0.76
v -1.61 6.5 -0.56
v -1.625 6.5 -0.56
v -1.625 6.5 -0.76
usemtl Timber
s off
f 2884 2883 2882 2881
f 2885 2886 2887 2888
f 2881 2882 2886 2885
f 2882 2883 2887 2886
f 2883 2884 2888 2887
f 2884 2881 2885 2888
o Door
v -1.45 0.6 -0.775
v -1.45 0.6 0.075
v -1.51 0.6 0.075
v -1.51 0.6 -0.775
v -1.45 2.5 -0.775
v -1.45 2.5 0.075
v -1.51 2.5 0.075
v -1.51 2.5 -0.775
usemtl Wood
s off
f 2892 2891 2890 2889
f 2893 2894 2895 2896
f 2889 2890 2894 2893
f 2890 2891 2895 2894
f 2891 2892 2896 2895
f 2892 2889 2893 2896
o Door.Seam
v -1.51 0.64 -0.149
v -1.51 0.64 -0.125
v -1.518 0.64 -0.125
v -1.518 0.64 -0.149
v -1.51 2.46 -0.149
v -1.51 2.46 -0.125
v -1.518 2.46 -0.125
v -1.518 2.46 -0.149
usemtl WoodDark
s off
f 2900 2899 2898 2897
f 2901 2902 2903 2904
f 2897 2898 2902 2901
f 2898 2899 2903 2902
f 2899 2900 2904 2903
f 2900 2897 2901 2904
o Door.Seam
v -1.51 0.64 -0.362
v -1.51 0.64 -0.338
v -1.518 0.64 -0.338
v -1.518 0.64 -0.362
v -1.51 2.46 -0.362
v -1.51 2.46 -0.338
v -1.518 2.46 -0.338
v -1.518 2.46 -0.362
usemtl WoodDark
s off
f 2908 2907 2906 2905
f 2909 2910 2911 2912
f 2905 2906 2910 2909
f 2906 2907 2911 2910
f 2907 2908 2912 2911
f 2908 2905 2909 2912
o Door.Seam
v -1.51 0.64 -0.575
v -1.51 0.64 -0.55
v -1.518 0.64 -0.55
v -1.518 0.64 -0.575
v -1.51 2.46 -0.575
v -1.51 2.46 -0.55
v -1.518 2.46 -0.55
v -1.518 2.46 -0.575
usemtl WoodDark
s off
f 2916 2915 2914 2913
f 2917 2918 2919 2920
f 2913 2914 2918 2917
f 2914 2915 2919 2918
f 2915 2916 2920 2919
f 2916 2913 2917 2920
o Door.Hinge
v -1.51 0.95 -0.52
v -1.51 0.95 0.045
v -1.525 0.95 0.045
v -1.525 0.95 -0.52
v -1.51 1.01 -0.52
v -1.51 1.01 0.045
v -1.525 1.01 0.045
v -1.525 1.01 -0.52
usemtl Iron
s off
f 2924 2923 2922 2921
f 2925 2926 2927 2928
f 2921 2922 2926 2925
f 2922 2923 2927 2926
f 2923 2924 2928 2927
f 2924 2921 2925 2928
o Door.Hinge
v -1.51 2.05 -0.52
v -1.51 2.05 0.045
v -1.525 2.05 0.045
v -1.525 2.05 -0.52
v -1.51 2.11 -0.52
v -1.51 2.11 0.045
v -1.525 2.11 0.045
v -1.525 2.11 -0.52
usemtl Iron
s off
f 2932 2931 2930 2929
f 2933 2934 2935 2936
f 2929 2930 2934 2933
f 2930 2931 2935 2934
f 2931 2932 2936 2935
f 2932 2929 2933 2936
o Door.Handle
v -1.522 1.493 -0.675
v -1.51 1.493 -0.654
v -1.51 1.493 -0.626
v -1.522 1.493 -0.605
v -1.538 1.493 -0.605
v -1.55 1.493 -0.626
v -1.55 1.493 -0.654
v -1.538 1.493 -0.675
v -1.522 1.583 -0.675
v -1.51 1.583 -0.654
v -1.51 1.583 -0.626
v -1.522 1.583 -0.605
v -1.538 1.583 -0.605
v -1.55 1.583 -0.626
v -1.55 1.583 -0.654
v -1.538 1.583 -0.675
usemtl Iron
s off
f 2944 2943 2942 2941 2940 2939 2938 2937
f 2945 2946 2947 2948 2949 2950 2951 2952
f 2937 2938 2946 2945
f 2938 2939 2947 2946
f 2939 2940 2948 2947
f 2940 2941 2949 2948
f 2941 2942 2950 2949
f 2942 2943 2951 2950
f 2943 2944 2952 2951
f 2944 2937 2945 2952
o Door.Frame
v -1.45 0.6 0.075
v -1.45 0.6 0.205
v -1.54 0.6 0.205
v -1.54 0.6 0.075
v -1.45 2.65 0.075
v -1.45 2.65 0.205
v -1.54 2.65 0.205
v -1.54 2.65 0.075
usemtl Timber
s off
f 2956 2955 2954 2953
f 2957 2958 2959 2960
f 2953 2954 2958 2957
f 2954 2955 2959 2958
f 2955 2956 2960 2959
f 2956 2953 2957 2960
o Door.Frame
v -1.45 0.6 -0.905
v -1.45 0.6 -0.775
v -1.54 0.6 -0.775
v -1.54 0.6 -0.905
v -1.45 2.65 -0.905
v -1.45 2.65 -0.775
v -1.54 2.65 -0.775
v -1.54 2.65 -0.905
usemtl Timber
s off
f 2964 2963 2962 2961
f 2965 2966 2967 2968
f 2961 2962 2966 2965
f 2962 2963 2967 2966
f 2963 2964 2968 2967
f 2964 2961 2965 2968
o Door.Frame
v -1.45 2.5 -0.905
v -1.45 2.5 0.205
v -1.55 2.5 0.205
v -1.55 2.5 -0.905
v -1.45 2.65 -0.905
v -1.45 2.65 0.205
v -1.55 2.65 0.205
v -1.55 2.65 -0.905
usemtl Timber
s off
f 2972 2971 2970 2969
f 2973 2974 2975 2976
f 2969 2970 2974 2973
f 2970 2971 2975 2974
f 2971 2972 2976 2975
f 2972 2969 2973 2976
o Step
v -1.518 0 -0.9
v -1.47 0 -0.785
v -1.47 0 0.135
v -1.518 0 0.25
v -1.902 0 0.25
v -1.95 0 0.135
v -1.95 0 -0.785
v -1.902 0 -0.9
v -1.518 0.6 -0.9
v -1.47 0.6 -0.785
v -1.47 0.6 0.135
v -1.518 0.6 0.25
v -1.902 0.6 0.25
v -1.95 0.6 0.135
v -1.95 0.6 -0.785
v -1.902 0.6 -0.9
usemtl StoneLight
s off
f 2984 2983 2982 2981 2980 2979 2978 2977
f 2985 2986 2987 2988 2989 2990 2991 2992
f 2977 2978 2986 2985
f 2978 2979 2987 2986
f 2979 2980 2988 2987
f 2980 2981 2989 2988
f 2981 2982 2990 2989
f 2982 2983 2991 2990
f 2983 2984 2992 2991
f 2984 2977 2985 2992
o Step
v -1.47 0.3 -0.9
v -1.47 0.3 0.25
v -1.75 0.3 0.25
v -1.75 0.3 -0.9
v -1.47 0.6 -0.9
v -1.47 0.6 0.25
v -1.75 0.6 0.25
v -1.75 0.6 -0.9
usemtl StoneLight
s off
f 2996 2995 2994 2993
f 2997 2998 2999 3000
f 2993 2994 2998 2997
f 2994 2995 2999 2998
f 2995 2996 3000 2999
f 2996 2993 2997 3000
o Lantern
v -1.54 2.53 -0.92
v -1.54 2.53 -0.78
v -1.68 2.53 -0.78
v -1.68 2.53 -0.92
v -1.54 2.55 -0.92
v -1.54 2.55 -0.78
v -1.68 2.55 -0.78
v -1.68 2.55 -0.92
usemtl Iron
s off
f 3004 3003 3002 3001
f 3005 3006 3007 3008
f 3001 3002 3006 3005
f 3002 3003 3007 3006
f 3003 3004 3008 3007
f 3004 3001 3005 3008
o Lantern.Flame
v -1.56 2.55 -0.9
v -1.56 2.55 -0.8
v -1.66 2.55 -0.8
v -1.66 2.55 -0.9
v -1.56 2.69 -0.9
v -1.56 2.69 -0.8
v -1.66 2.69 -0.8
v -1.66 2.69 -0.9
usemtl Flame
s off
f 3012 3011 3010 3009
f 3013 3014 3015 3016
f 3009 3010 3014 3013
f 3010 3011 3015 3014
f 3011 3012 3016 3015
f 3012 3009 3013 3016
o Lantern.Cap
v -1.53 2.69 -0.93
v -1.53 2.69 -0.77
v -1.69 2.69 -0.77
v -1.69 2.69 -0.93
v -1.59 2.75 -0.87
v -1.59 2.75 -0.83
v -1.63 2.75 -0.83
v -1.63 2.75 -0.87
usemtl Iron
s off
f 3020 3019 3018 3017
f 3021 3022 3023 3024
f 3017 3018 3022 3021
f 3018 3019 3023 3022
f 3019 3020 3024 3023
f 3020 3017 3021 3024
o Lantern.Bracket
v -1.45 2.73 -0.87
v -1.45 2.73 -0.83
v -1.63 2.73 -0.83
v -1.63 2.73 -0.87
v -1.45 2.77 -0.87
v -1.45 2.77 -0.83
v -1.63 2.77 -0.83
v -1.63 2.77 -0.87
usemtl Iron
s off
f 3028 3027 3026 3025
f 3029 3030 3031 3032
f 3025 3026 3030 3029
f 3026 3027 3031 3030
f 3027 3028 3032 3031
f 3028 3025 3029 3032
o Shield
v -1.62 5.45 0.25
v -1.62 5.45 0.75
v -1.62 5.15 0.75
v -1.62 4.8 0.5
v -1.62 5.15 0.25
v -1.67 5.45 0.25
v -1.67 5.45 0.75
v -1.67 5.15 0.75
v -1.67 4.8 0.5
v -1.67 5.15 0.25
usemtl Paint
s off
f 3037 3036 3035 3034 3033
f 3038 3039 3040 3041 3042
f 3033 3034 3039 3038
f 3034 3035 3040 3039
f 3035 3036 3041 3040
f 3036 3037 3042 3041
f 3037 3033 3038 3042
o Shield.Stripe
v -1.64 5.436 0.314
v -1.71 5.436 0.314
v -1.71 5.384 0.266
v -1.64 5.384 0.266
v -1.64 5.046 0.734
v -1.71 5.046 0.734
v -1.71 4.994 0.686
v -1.64 4.994 0.686
usemtl Canvas
s off
f 3046 3045 3044 3043
f 3047 3048 3049 3050
f 3043 3044 3048 3047
f 3044 3045 3049 3048
f 3045 3046 3050 3049
f 3046 3043 3047 3050
o Roof
v -1.95 6.8 -1.92
v -1.706 7.075 -1.92
v -1.706 7.195 -1.92
v -1.95 6.992 -1.92
v -1.95 6.8 1.92
v -1.706 7.075 1.92
v -1.706 7.195 1.92
v -1.95 6.992 1.92
usemtl Shingle
s off
f 3054 3053 3052 3051
f 3055 3056 3057 3058
f 3051 3052 3056 3055
f 3052 3053 3057 3056
f 3053 3054 3058 3057
f 3054 3051 3055 3058
o Roof
v -1.706 7.075 -1.92
v -1.462 7.35 -1.92
v -1.462 7.47 -1.92
v -1.706 7.267 -1.92
v -1.706 7.075 1.92
v -1.462 7.35 1.92
v -1.462 7.47 1.92
v -1.706 7.267 1.92
usemtl Shingle
s off
f 3062 3061 3060 3059
f 3063 3064 3065 3066
f 3059 3060 3064 3063
f 3060 3061 3065 3064
f 3061 3062 3066 3065
f 3062 3059 3063 3066
o Roof
v -1.462 7.35 -1.92
v -1.219 7.625 -1.92
v -1.219 7.745 -1.92
v -1.462 7.542 -1.92
v -1.462 7.35 1.92
v -1.219 7.625 1.92
v -1.219 7.745 1.92
v -1.462 7.542 1.92
usemtl Shingle
s off
f 3070 3069 3068 3067
f 3071 3072 3073 3074
f 3067 3068 3072 3071
f 3068 3069 3073 3072
f 3069 3070 3074 3073
f 3070 3067 3071 3074
o Roof
v -1.219 7.625 -1.92
v -0.975 7.9 -1.92
v -0.975 8.02 -1.92
v -1.219 7.817 -1.92
v -1.219 7.625 1.92
v -0.975 7.9 1.92
v -0.975 8.02 1.92
v -1.219 7.817 1.92
usemtl Shingle
s off
f 3078 3077 3076 3075
f 3079 3080 3081 3082
f 3075 3076 3080 3079
f 3076 3077 3081 3080
f 3077 3078 3082 3081
f 3078 3075 3079 3082
o Roof
v -0.975 7.9 -1.92
v -0.731 8.175 -1.92
v -0.731 8.295 -1.92
v -0.975 8.092 -1.92
v -0.975 7.9 1.92
v -0.731 8.175 1.92
v -0.731 8.295 1.92
v -0.975 8.092 1.92
usemtl Shingle
s off
f 3086 3085 3084 3083
f 3087 3088 3089 3090
f 3083 3084 3088 3087
f 3084 3085 3089 3088
f 3085 3086 3090 3089
f 3086 3083 3087 3090
o Roof
v -0.731 8.175 -1.92
v -0.487 8.45 -1.92
v -0.487 8.57 -1.92
v -0.731 8.367 -1.92
v -0.731 8.175 1.92
v -0.487 8.45 1.92
v -0.487 8.57 1.92
v -0.731 8.367 1.92
usemtl Shingle
s off
f 3094 3093 3092 3091
f 3095 3096 3097 3098
f 3091 3092 3096 3095
f 3092 3093 3097 3096
f 3093 3094 3098 3097
f 3094 3091 3095 3098
o Roof
v -0.487 8.45 -1.92
v -0.244 8.725 -1.92
v -0.244 8.845 -1.92
v -0.487 8.642 -1.92
v -0.487 8.45 1.92
v -0.244 8.725 1.92
v -0.244 8.845 1.92
v -0.487 8.642 1.92
usemtl Shingle
s off
f 3102 3101 3100 3099
f 3103 3104 3105 3106
f 3099 3100 3104 3103
f 3100 3101 3105 3104
f 3101 3102 3106 3105
f 3102 3099 3103 3106
o Roof
v -0.244 8.725 -1.92
v 0 9 -1.92
v 0 9.12 -1.92
v -0.244 8.845 -1.92
v -0.244 8.725 1.92
v 0 9 1.92
v 0 9.12 1.92
v -0.244 8.845 1.92
usemtl Shingle
s off
f 3110 3109 3108 3107
f 3111 3112 3113 3114
f 3107 3108 3112 3111
f 3108 3109 3113 3112
f 3109 3110 3114 3113
f 3110 3107 3111 3114
o Roof
v 1.95 6.8 -1.92
v 1.706 7.075 -1.92
v 1.706 7.195 -1.92
v 1.95 6.992 -1.92
v 1.95 6.8 1.92
v 1.706 7.075 1.92
v 1.706 7.195 1.92
v 1.95 6.992 1.92
usemtl Shingle
s off
f 3118 3117 3116 3115
f 3119 3120 3121 3122
f 3115 3116 3120 3119
f 3116 3117 3121 3120
f 3117 3118 3122 3121
f 3118 3115 3119 3122
o Roof
v 1.706 7.075 -1.92
v 1.462 7.35 -1.92
v 1.462 7.47 -1.92
v 1.706 7.267 -1.92
v 1.706 7.075 1.92
v 1.462 7.35 1.92
v 1.462 7.47 1.92
v 1.706 7.267 1.92
usemtl Shingle
s off
f 3126 3125 3124 3123
f 3127 3128 3129 3130
f 3123 3124 3128 3127
f 3124 3125 3129 3128
f 3125 3126 3130 3129
f 3126 3123 3127 3130
o Roof
v 1.462 7.35 -1.92
v 1.219 7.625 -1.92
v 1.219 7.745 -1.92
v 1.462 7.542 -1.92
v 1.462 7.35 1.92
v 1.219 7.625 1.92
v 1.219 7.745 1.92
v 1.462 7.542 1.92
usemtl Shingle
s off
f 3134 3133 3132 3131
f 3135 3136 3137 3138
f 3131 3132 3136 3135
f 3132 3133 3137 3136
f 3133 3134 3138 3137
f 3134 3131 3135 3138
o Roof
v 1.219 7.625 -1.92
v 0.975 7.9 -1.92
v 0.975 8.02 -1.92
v 1.219 7.817 -1.92
v 1.219 7.625 1.92
v 0.975 7.9 1.92
v 0.975 8.02 1.92
v 1.219 7.817 1.92
usemtl Shingle
s off
f 3142 3141 3140 3139
f 3143 3144 3145 3146
f 3139 3140 3144 3143
f 3140 3141 3145 3144
f 3141 3142 3146 3145
f 3142 3139 3143 3146
o Roof
v 0.975 7.9 -1.92
v 0.731 8.175 -1.92
v 0.731 8.295 -1.92
v 0.975 8.092 -1.92
v 0.975 7.9 1.92
v 0.731 8.175 1.92
v 0.731 8.295 1.92
v 0.975 8.092 1.92
usemtl Shingle
s off
f 3150 3149 3148 3147
f 3151 3152 3153 3154
f 3147 3148 3152 3151
f 3148 3149 3153 3152
f 3149 3150 3154 3153
f 3150 3147 3151 3154
o Roof
v 0.731 8.175 -1.92
v 0.487 8.45 -1.92
v 0.487 8.57 -1.92
v 0.731 8.367 -1.92
v 0.731 8.175 1.92
v 0.487 8.45 1.92
v 0.487 8.57 1.92
v 0.731 8.367 1.92
usemtl Shingle
s off
f 3158 3157 3156 3155
f 3159 3160 3161 3162
f 3155 3156 3160 3159
f 3156 3157 3161 3160
f 3157 3158 3162 3161
f 3158 3155 3159 3162
o Roof
v 0.487 8.45 -1.92
v 0.244 8.725 -1.92
v 0.244 8.845 -1.92
v 0.487 8.642 -1.92
v 0.487 8.45 1.92
v 0.244 8.725 1.92
v 0.244 8.845 1.92
v 0.487 8.642 1.92
usemtl Shingle
s off
f 3166 3165 3164 3163
f 3167 3168 3169 3170
f 3163 3164 3168 3167
f 3164 3165 3169 3168
f 3165 3166 3170 3169
f 3166 3163 3167 3170
o Roof
v 0.244 8.725 -1.92
v 0 9 -1.92
v 0 9.12 -1.92
v 0.244 8.845 -1.92
v 0.244 8.725 1.92
v 0 9 1.92
v 0 9.12 1.92
v 0.244 8.845 1.92
usemtl Shingle
s off
f 3174 3173 3172 3171
f 3175 3176 3177 3178
f 3171 3172 3176 3175
f 3172 3173 3177 3176
f 3173 3174 3178 3177
f 3174 3171 3175 3178
o Roof.Ridge
v -0.104 9.108 -1.96
v 0 9.15 -1.96
v 0.104 9.108 -1.96
v 0.104 9.023 -1.96
v 0 8.98 -1.96
v -0.104 9.023 -1.96
v -0.104 9.108 1.96
v 0 9.15 1.96
v 0.104 9.108 1.96
v 0.104 9.023 1.96
v 0 8.98 1.96
v -0.104 9.023 1.96
usemtl ShingleDark
s off
f 3184 3183 3182 3181 3180 3179
f 3185 3186 3187 3188 3189 3190
f 3179 3180 3186 3185
f 3180 3181 3187 3186
f 3181 3182 3188 3187
f 3182 3183 3189 3188
f 3183 3184 3190 3189
f 3184 3179 3185 3190
o Gable
v 1.57 6.9 -1.57
v -1.57 6.9 -1.57
v 0 8.9 -1.57
v 1.57 6.9 1.57
v -1.57 6.9 1.57
v 0 8.9 1.57
usemtl PlasterGrey
s off
f 3193 3192 3191
f 3194 3195 3196
f 3191 3192 3195 3194
f 3192 3193 3196 3195
f 3193 3191 3194 3196
o Gable.KingPost
v -0.05 6.9 -1.65
v -0.05 6.9 -1.55
v 0.05 6.9 -1.55
v 0.05 6.9 -1.65
v -0.05 8.8 -1.65
v -0.05 8.8 -1.55
v 0.05 8.8 -1.55
v 0.05 8.8 -1.65
usemtl Timber
s off
f 3200 3199 3198 3197
f 3201 3202 3203 3204
f 3197 3198 3202 3201
f 3198 3199 3203 3202
f 3199 3200 3204 3203
f 3200 3197 3201 3204
o Gable.Brace
v 1.502 6.932 -1.555
v 1.502 6.932 -1.645
v 1.438 6.868 -1.645
v 1.438 6.868 -1.555
v 0.382 8.032 -1.555
v 0.382 8.032 -1.645
v 0.318 7.968 -1.645
v 0.318 7.968 -1.555
usemtl Timber
s off
f 3208 3207 3206 3205
f 3209 3210 3211 3212
f 3205 3206 3210 3209
f 3206 3207 3211 3210
f 3207 3208 3212 3211
f 3208 3205 3209 3212
o Gable.Barge
v 1.96 6.882 -1.875
v 1.96 6.882 -2.005
v 1.86 6.798 -2.005
v 1.86 6.798 -1.875
v 0.05 9.142 -1.875
v 0.05 9.142 -2.005
v -0.05 9.058 -2.005
v -0.05 9.058 -1.875
usemtl Timber
s off
f 3216 3215 3214 3213
f 3217 3218 3219 3220
f 3213 3214 3218 3217
f 3214 3215 3219 3218
f 3215 3216 3220 3219
f 3216 3213 3217 3220
o Gable.Brace
v -1.502 6.932 -1.645
v -1.502 6.932 -1.555
v -1.438 6.868 -1.555
v -1.438 6.868 -1.645
v -0.382 8.032 -1.645
v -0.382 8.032 -1.555
v -0.318 7.968 -1.555
v -0.318 7.968 -1.645
usemtl Timber
s off
f 3224 3223 3222 3221
f 3225 3226 3227 3228
f 3221 3222 3226 3225
f 3222 3223 3227 3226
f 3223 3224 3228 3227
f 3224 3221 3225 3228
o Gable.Barge
v -1.96 6.882 -2.005
v -1.96 6.882 -1.875
v -1.86 6.798 -1.875
v -1.86 6.798 -2.005
v -0.05 9.142 -2.005
v -0.05 9.142 -1.875
v 0.05 9.058 -1.875
v 0.05 9.058 -2.005
usemtl Timber
s off
f 3232 3231 3230 3229
f 3233 3234 3235 3236
f 3229 3230 3234 3233
f 3230 3231 3235 3234
f 3231 3232 3236 3235
f 3232 3229 3233 3236
o Gable.KingPost
v -0.05 6.9 1.55
v -0.05 6.9 1.65
v 0.05 6.9 1.65
v 0.05 6.9 1.55
v -0.05 8.8 1.55
v -0.05 8.8 1.65
v 0.05 8.8 1.65
v 0.05 8.8 1.55
usemtl Timber
s off
f 3240 3239 3238 3237
f 3241 3242 3243 3244
f 3237 3238 3242 3241
f 3238 3239 3243 3242
f 3239 3240 3244 3243
f 3240 3237 3241 3244
o Gable.Brace
v 1.502 6.932 1.645
v 1.502 6.932 1.555
v 1.438 6.868 1.555
v 1.438 6.868 1.645
v 0.382 8.032 1.645
v 0.382 8.032 1.555
v 0.318 7.968 1.555
v 0.318 7.968 1.645
usemtl Timber
s off
f 3248 3247 3246 3245
f 3249 3250 3251 3252
f 3245 3246 3250 3249
f 3246 3247 3251 3250
f 3247 3248 3252 3251
f 3248 3245 3249 3252
o Gable.Barge
v 1.96 6.882 2.005
v 1.96 6.882 1.875
v 1.86 6.798 1.875
v 1.86 6.798 2.005
v 0.05 9.142 2.005
v 0.05 9.142 1.875
v -0.05 9.058 1.875
v -0.05 9.058 2.005
usemtl Timber
s off
f 3256 3255 3254 3253
f 3257 3258 3259 3260
f 3253 3254 3258 3257
f 3254 3255 3259 3258
f 3255 3256 3260 3259
f 3256 3253 3257 3260
o Gable.Brace
v -1.502 6.932 1.555
v -1.502 6.932 1.645
v -1.438 6.868 1.645
v -1.438 6.868 1.555
v -0.382 8.032 1.555
v -0.382 8.032 1.645
v -0.318 7.968 1.645
v -0.318 7.968 1.555
usemtl Timber
s off
f 3264 3263 3262 3261
f 3265 3266 3267 3268
f 3261 3262 3266 3265
f 3262 3263 3267 3266
f 3263 3264 3268 3267
f 3264 3261 3265 3268
o Gable.Barge
v -1.96 6.882 1.875
v -1.96 6.882 2.005
v -1.86 6.798 2.005
v -1.86 6.798 1.875
v -0.05 9.142 1.875
v -0.05 9.142 2.005
v 0.05 9.058 2.005
v 0.05 9.058 1.875
usemtl Timber
s off
f 3272 3271 3270 3269
f 3273 3274 3275 3276
f 3269 3270 3274 3273
f 3270 3271 3275 3274
f 3271 3272 3276 3275
f 3272 3269 3273 3276
o Finial
v -0.061 9.1 1.955
v 0 9.1 1.99
v 0.061 9.1 1.955
v 0.061 9.1 1.885
v 0 9.1 1.85
v -0.061 9.1 1.885
v 0 9.55 1.92
v 0 9.55 1.92
v 0 9.55 1.92
v 0 9.55 1.92
v 0 9.55 1.92
v 0 9.55 1.92
usemtl Wood
s off
f 3282 3281 3280 3279 3278 3277
f 3283 3284 3285 3286 3287 3288
f 3277 3278 3284 3283
f 3278 3279 3285 3284
f 3279 3280 3286 3285
f 3280 3281 3287 3286
f 3281 3282 3288 3287
f 3282 3277 3283 3288
o Axle
v -0.139 7.607 1.37
v -0.057 7.689 1.37
v 0.057 7.689 1.37
v 0.139 7.607 1.37
v 0.139 7.493 1.37
v 0.057 7.411 1.37
v -0.057 7.411 1.37
v -0.139 7.493 1.37
v -0.139 7.607 2.37
v -0.057 7.689 2.37
v 0.057 7.689 2.37
v 0.139 7.607 2.37
v 0.139 7.493 2.37
v 0.057 7.411 2.37
v -0.057 7.411 2.37
v -0.139 7.493 2.37
usemtl Wood
s off
f 3296 3295 3294 3293 3292 3291 3290 3289
f 3297 3298 3299 3300 3301 3302 3303 3304
f 3289 3290 3298 3297
f 3290 3291 3299 3298
f 3291 3292 3300 3299
f 3292 3293 3301 3300
f 3293 3294 3302 3301
f 3294 3295 3303 3302
f 3295 3296 3304 3303
f 3296 3289 3297 3304
o Axle.Bearing
v 0.32 7.25 1.57
v 0.32 7.25 2.07
v -0.32 7.25 2.07
v -0.32 7.25 1.57
v 0.32 7.43 1.57
v 0.32 7.43 2.07
v -0.32 7.43 2.07
v -0.32 7.43 1.57
usemtl Timber
s off
f 3308 3307 3306 3305
f 3309 3310 3311 3312
f 3305 3306 3310 3309
f 3306 3307 3311 3310
f 3307 3308 3312 3311
f 3308 3305 3309 3312
o Hub
v -0.296 7.672 2.35
v -0.122 7.846 2.35
v 0.122 7.846 2.35
v 0.296 7.672 2.35
v 0.296 7.428 2.35
v 0.122 7.254 2.35
v -0.122 7.254 2.35
v -0.296 7.428 2.35
v -0.296 7.672 2.59
v -0.122 7.846 2.59
v 0.122 7.846 2.59
v 0.296 7.672 2.59
v 0.296 7.428 2.59
v 0.122 7.254 2.59
v -0.122 7.254 2.59
v -0.296 7.428 2.59
usemtl WoodDark
s off
f 3320 3319 3318 3317 3316 3315 3314 3313
f 3321 3322 3323 3324 3325 3326 3327 3328
f 3313 3314 3322 3321
f 3314 3315 3323 3322
f 3315 3316 3324 3323
f 3316 3317 3325 3324
f 3317 3318 3326 3325
f 3318 3319 3327 3326
f 3319 3320 3328 3327
f 3320 3313 3321 3328
o Hub.Cap
v -0.139 7.607 2.59
v -0.057 7.689 2.59
v 0.057 7.689 2.59
v 0.139 7.607 2.59
v 0.139 7.493 2.59
v 0.057 7.411 2.59
v -0.057 7.411 2.59
v -0.139 7.493 2.59
v -0.139 7.607 2.67
v -0.057 7.689 2.67
v 0.057 7.689 2.67
v 0.139 7.607 2.67
v 0.139 7.493 2.67
v 0.057 7.411 2.67
v -0.057 7.411 2.67
v -0.139 7.493 2.67
usemtl Iron
s off
f 3336 3335 3334 3333 3332 3331 3330 3329
f 3337 3338 3339 3340 3341 3342 3343 3344
f 3329 3330 3338 3337
f 3330 3331 3339 3338
f 3331 3332 3340 3339
f 3332 3333 3341 3340
f 3333 3334 3342 3341
f 3334 3335 3343 3342
f 3335 3336 3344 3343
f 3336 3329 3337 3344
o Sails.Spar
v -0.25 7.46 2.49
v -0.25 7.46 2.63
v -5.2 7.46 2.63
v -5.2 7.46 2.49
v -0.25 7.64 2.49
v -0.25 7.64 2.63
v -5.2 7.64 2.63
v -5.2 7.64 2.49
usemtl Wood
s off
f 3348 3347 3346 3345
f 3349 3350 3351 3352
f 3345 3346 3350 3349
f 3346 3347 3351 3350
f 3347 3348 3352 3351
f 3348 3345 3349 3352
o Sails.Canvas
v -0.95 6.6 2.47
v -0.95 6.6 2.51
v -1.642 6.6 2.51
v -1.642 6.6 2.47
v -0.95 7.45 2.47
v -0.95 7.45 2.51
v -1.642 7.45 2.51
v -1.642 7.45 2.47
usemtl Canvas
s off
f 3356 3355 3354 3353
f 3357 3358 3359 3360
f 3353 3354 3358 3357
f 3354 3355 3359 3358
f 3355 3356 3360 3359
f 3356 3353 3357 3360
o Sails.Canvas
v -1.642 6.6 2.47
v -1.642 6.6 2.51
v -2.333 6.6 2.51
v -2.333 6.6 2.47
v -1.642 7.45 2.47
v -1.642 7.45 2.51
v -2.333 7.45 2.51
v -2.333 7.45 2.47
usemtl Paint
s off
f 3364 3363 3362 3361
f 3365 3366 3367 3368
f 3361 3362 3366 3365
f 3362 3363 3367 3366
f 3363 3364 3368 3367
f 3364 3361 3365 3368
o Sails.Canvas
v -2.333 6.6 2.47
v -2.333 6.6 2.51
v -3.025 6.6 2.51
v -3.025 6.6 2.47
v -2.333 7.45 2.47
v -2.333 7.45 2.51
v -3.025 7.45 2.51
v -3.025 7.45 2.47
usemtl Canvas
s off
f 3372 3371 3370 3369
f 3373 3374 3375 3376
f 3369 3370 3374 3373
f 3370 3371 3375 3374
f 3371 3372 3376 3375
f 3372 3369 3373 3376
o Sails.Canvas
v -3.025 6.6 2.47
v -3.025 6.6 2.51
v -3.717 6.6 2.51
v -3.717 6.6 2.47
v -3.025 7.45 2.47
v -3.025 7.45 2.51
v -3.717 7.45 2.51
v -3.717 7.45 2.47
usemtl Paint
s off
f 3380 3379 3378 3377
f 3381 3382 3383 3384
f 3377 3378 3382 3381
f 3378 3379 3383 3382
f 3379 3380 3384 3383
f 3380 3377 3381 3384
o Sails.Canvas
v -3.717 6.6 2.47
v -3.717 6.6 2.51
v -4.408 6.6 2.51
v -4.408 6.6 2.47
v -3.717 7.45 2.47
v -3.717 7.45 2.51
v -4.408 7.45 2.51
v -4.408 7.45 2.47
usemtl Canvas
s off
f 3388 3387 3386 3385
f 3389 3390 3391 3392
f 3385 3386 3390 3389
f 3386 3387 3391 3390
f 3387 3388 3392 3391
f 3388 3385 3389 3392
o Sails.Canvas
v -4.408 6.6 2.47
v -4.408 6.6 2.51
v -5.1 6.6 2.51
v -5.1 6.6 2.47
v -4.408 7.45 2.47
v -4.408 7.45 2.51
v -5.1 7.45 2.51
v -5.1 7.45 2.47
usemtl Paint
s off
f 3396 3395 3394 3393
f 3397 3398 3399 3400
f 3393 3394 3398 3397
f 3394 3395 3399 3398
f 3395 3396 3400 3399
f 3396 3393 3397 3400
o Sails.Rail
v -0.9 6.55 2.49
v -0.9 6.55 2.59
v -5.2 6.55 2.59
v -5.2 6.55 2.49
v -0.9 6.65 2.49
v -0.9 6.65 2.59
v -5.2 6.65 2.59
v -5.2 6.65 2.49
usemtl Wood
s off
f 3404 3403 3402 3401
f 3405 3406 3407 3408
f 3401 3402 3406 3405
f 3402 3403 3407 3406
f 3403 3404 3408 3407
f 3404 3401 3405 3408
o Sails.Bar
v -0.91 6.55 2.49
v -0.91 6.55 2.59
v -0.99 6.55 2.59
v -0.99 6.55 2.49
v -0.91 7.55 2.49
v -0.91 7.55 2.59
v -0.99 7.55 2.59
v -0.99 7.55 2.49
usemtl Wood
s off
f 3412 3411 3410 3409
f 3413 3414 3415 3416
f 3409 3410 3414 3413
f 3410 3411 3415 3414
f 3411 3412 3416 3415
f 3412 3409 3413 3416
o Sails.Bar
v -1.74 6.55 2.49
v -1.74 6.55 2.59
v -1.82 6.55 2.59
v -1.82 6.55 2.49
v -1.74 7.55 2.49
v -1.74 7.55 2.59
v -1.82 7.55 2.59
v -1.82 7.55 2.49
usemtl Wood
s off
f 3420 3419 3418 3417
f 3421 3422 3423 3424
f 3417 3418 3422 3421
f 3418 3419 3423 3422
f 3419 3420 3424 3423
f 3420 3417 3421 3424
o Sails.Bar
v -2.57 6.55 2.49
v -2.57 6.55 2.59
v -2.65 6.55 2.59
v -2.65 6.55 2.49
v -2.57 7.55 2.49
v -2.57 7.55 2.59
v -2.65 7.55 2.59
v -2.65 7.55 2.49
usemtl Wood
s off
f 3428 3427 3426 3425
f 3429 3430 3431 3432
f 3425 3426 3430 3429
f 3426 3427 3431 3430
f 3427 3428 3432 3431
f 3428 3425 3429 3432
o Sails.Bar
v -3.4 6.55 2.49
v -3.4 6.55 2.59
v -3.48 6.55 2.59
v -3.48 6.55 2.49
v -3.4 7.55 2.49
v -3.4 7.55 2.59
v -3.48 7.55 2.59
v -3.48 7.55 2.49
usemtl Wood
s off
f 3436 3435 3434 3433
f 3437 3438 3439 3440
f 3433 3434 3438 3437
f 3434 3435 3439 3438
f 3435 3436 3440 3439
f 3436 3433 3437 3440
o Sails.Bar
v -4.23 6.55 2.49
v -4.23 6.55 2.59
v -4.31 6.55 2.59
v -4.31 6.55 2.49
v -4.23 7.55 2.49
v -4.23 7.55 2.59
v -4.31 7.55 2.59
v -4.31 7.55 2.49
usemtl Wood
s off
f 3444 3443 3442 3441
f 3445 3446 3447 3448
f 3441 3442 3446 3445
f 3442 3443 3447 3446
f 3443 3444 3448 3447
f 3444 3441 3445 3448
o Sails.Bar
v -5.06 6.55 2.49
v -5.06 6.55 2.59
v -5.14 6.55 2.59
v -5.14 6.55 2.49
v -5.06 7.55 2.49
v -5.06 7.55 2.59
v -5.14 7.55 2.59
v -5.14 7.55 2.49
usemtl Wood
s off
f 3452 3451 3450 3449
f 3453 3454 3455 3456
f 3449 3450 3454 3453
f 3450 3451 3455 3454
f 3451 3452 3456 3455
f 3452 3449 3453 3456
o Sails.Spar
v 0.09 7.8 2.49
v 0.09 7.8 2.63
v -0.09 7.8 2.63
v -0.09 7.8 2.49
v 0.09 12.75 2.49
v 0.09 12.75 2.63
v -0.09 12.75 2.63
v -0.09 12.75 2.49
usemtl Wood
s off
f 3460 3459 3458 3457
f 3461 3462 3463 3464
f 3457 3458 3462 3461
f 3458 3459 3463 3462
f 3459 3460 3464 3463
f 3460 3457 3461 3464
o Sails.Canvas
v -0.1 8.5 2.47
v -0.1 8.5 2.51
v -0.95 8.5 2.51
v -0.95 8.5 2.47
v -0.1 9.192 2.47
v -0.1 9.192 2.51
v -0.95 9.192 2.51
v -0.95 9.192 2.47
usemtl Canvas
s off
f 3468 3467 3466 3465
f 3469 3470 3471 3472
f 3465 3466 3470 3469
f 3466 3467 3471 3470
f 3467 3468 3472 3471
f 3468 3465 3469 3472
o Sails.Canvas
v -0.1 9.192 2.47
v -0.1 9.192 2.51
v -0.95 9.192 2.51
v -0.95 9.192 2.47
v -0.1 9.883 2.47
v -0.1 9.883 2.51
v -0.95 9.883 2.51
v -0.95 9.883 2.47
usemtl Paint
s off
f 3476 3475 3474 3473
f 3477 3478 3479 3480
f 3473 3474 3478 3477
f 3474 3475 3479 3478
f 3475 3476 3480 3479
f 3476 3473 3477 3480
o Sails.Canvas
v -0.1 9.883 2.47
v -0.1 9.883 2.51
v -0.95 9.883 2.51
v -0.95 9.883 2.47
v -0.1 10.575 2.47
v -0.1 10.575 2.51
v -0.95 10.575 2.51
v -0.95 10.575 2.47
usemtl Canvas
s off
f 3484 3483 3482 3481
f 3485 3486 3487 3488
f 3481 3482 3486 3485
f 3482 3483 3487 3486
f 3483 3484 3488 3487
f 3484 3481 3485 3488
o Sails.Canvas
v -0.1 10.575 2.47
v -0.1 10.575 2.51
v -0.95 10.575 2.51
v -0.95 10.575 2.47
v -0.1 11.267 2.47
v -0.1 11.267 2.51
v -0.95 11.267 2.51
v -0.95 11.267 2.47
usemtl Paint
s off
f 3492 3491 3490 3489
f 3493 3494 3495 3496
f 3489 3490 3494 3493
f 3490 3491 3495 3494
f 3491 3492 3496 3495
f 3492 3489 3493 3496
o Sails.Canvas
v -0.1 11.267 2.47
v -0.1 11.267 2.51
v -0.95 11.267 2.51
v -0.95 11.267 2.47
v -0.1 11.958 2.47
v -0.1 11.958 2.51
v -0.95 11.958 2.51
v -0.95 11.958 2.47
usemtl Canvas
s off
f 3500 3499 3498 3497
f 3501 3502 3503 3504
f 3497 3498 3502 3501
f 3498 3499 3503 3502
f 3499 3500 3504 3503
f 3500 3497 3501 3504
o Sails.Canvas
v -0.1 11.958 2.47
v -0.1 11.958 2.51
v -0.95 11.958 2.51
v -0.95 11.958 2.47
v -0.1 12.65 2.47
v -0.1 12.65 2.51
v -0.95 12.65 2.51
v -0.95 12.65 2.47
usemtl Paint
s off
f 3508 3507 3506 3505
f 3509 3510 3511 3512
f 3505 3506 3510 3509
f 3506 3507 3511 3510
f 3507 3508 3512 3511
f 3508 3505 3509 3512
o Sails.Rail
v -0.9 8.45 2.49
v -0.9 8.45 2.59
v -1 8.45 2.59
v -1 8.45 2.49
v -0.9 12.75 2.49
v -0.9 12.75 2.59
v -1 12.75 2.59
v -1 12.75 2.49
usemtl Wood
s off
f 3516 3515 3514 3513
f 3517 3518 3519 3520
f 3513 3514 3518 3517
f 3514 3515 3519 3518
f 3515 3516 3520 3519
f 3516 3513 3517 3520
o Sails.Bar
v 0 8.46 2.49
v 0 8.46 2.59
v -1 8.46 2.59
v -1 8.46 2.49
v 0 8.54 2.49
v 0 8.54 2.59
v -1 8.54 2.59
v -1 8.54 2.49
usemtl Wood
s off
f 3524 3523 3522 3521
f 3525 3526 3527 3528
f 3521 3522 3526 3525
f 3522 3523 3527 3526
f 3523 3524 3528 3527
f 3524 3521 3525 3528
o Sails.Bar
v 0 9.29 2.49
v 0 9.29 2.59
v -1 9.29 2.59
v -1 9.29 2.49
v 0 9.37 2.49
v 0 9.37 2.59
v -1 9.37 2.59
v -1 9.37 2.49
usemtl Wood
s off
f 3532 3531 3530 3529
f 3533 3534 3535 3536
f 3529 3530 3534 3533
f 3530 3531 3535 3534
f 3531 3532 3536 3535
f 3532 3529 3533 3536
o Sails.Bar
v 0 10.12 2.49
v 0 10.12 2.59
v -1 10.12 2.59
v -1 10.12 2.49
v 0 10.2 2.49
v 0 10.2 2.59
v -1 10.2 2.59
v -1 10.2 2.49
usemtl Wood
s off
f 3540 3539 3538 3537
f 3541 3542 3543 3544
f 3537 3538 3542 3541
f 3538 3539 3543 3542
f 3539 3540 3544 3543
f 3540 3537 3541 3544
o Sails.Bar
v 0 10.95 2.49
v 0 10.95 2.59
v -1 10.95 2.59
v -1 10.95 2.49
v 0 11.03 2.49
v 0 11.03 2.59
v -1 11.03 2.59
v -1 11.03 2.49
usemtl Wood
s off
f 3548 3547 3546 3545
f 3549 3550 3551 3552
f 3545 3546 3550 3549
f 3546 3547 3551 3550
f 3547 3548 3552 3551
f 3548 3545 3549 3552
o Sails.Bar
v 0 11.78 2.49
v 0 11.78 2.59
v -1 11.78 2.59
v -1 11.78 2.49
v 0 11.86 2.49
v 0 11.86 2.59
v -1 11.86 2.59
v -1 11.86 2.49
usemtl Wood
s off
f 3556 3555 3554 3553
f 3557 3558 3559 3560
f 3553 3554 3558 3557
f 3554 3555 3559 3558
f 3555 3556 3560 3559
f 3556 3553 3557 3560
o Sails.Bar
v 0 12.61 2.49
v 0 12.61 2.59
v -1 12.61 2.59
v -1 12.61 2.49
v 0 12.69 2.49
v 0 12.69 2.59
v -1 12.69 2.59
v -1 12.69 2.49
usemtl Wood
s off
f 3564 3563 3562 3561
f 3565 3566 3567 3568
f 3561 3562 3566 3565
f 3562 3563 3567 3566
f 3563 3564 3568 3567
f 3564 3561 3565 3568
o Sails.Spar
v 5.2 7.46 2.49
v 5.2 7.46 2.63
v 0.25 7.46 2.63
v 0.25 7.46 2.49
v 5.2 7.64 2.49
v 5.2 7.64 2.63
v 0.25 7.64 2.63
v 0.25 7.64 2.49
usemtl Wood
s off
f 3572 3571 3570 3569
f 3573 3574 3575 3576
f 3569 3570 3574 3573
f 3570 3571 3575 3574
f 3571 3572 3576 3575
f 3572 3569 3573 3576
o Sails.Canvas
v 1.642 7.65 2.47
v 1.642 7.65 2.51
v 0.95 7.65 2.51
v 0.95 7.65 2.47
v 1.642 8.5 2.47
v 1.642 8.5 2.51
v 0.95 8.5 2.51
v 0.95 8.5 2.47
usemtl Canvas
s off
f 3580 3579 3578 3577
f 3581 3582 3583 3584
f 3577 3578 3582 3581
f 3578 3579 3583 3582
f 3579 3580 3584 3583
f 3580 3577 3581 3584
o Sails.Canvas
v 2.333 7.65 2.47
v 2.333 7.65 2.51
v 1.642 7.65 2.51
v 1.642 7.65 2.47
v 2.333 8.5 2.47
v 2.333 8.5 2.51
v 1.642 8.5 2.51
v 1.642 8.5 2.47
usemtl Paint
s off
f 3588 3587 3586 3585
f 3589 3590 3591 3592
f 3585 3586 3590 3589
f 3586 3587 3591 3590
f 3587 3588 3592 3591
f 3588 3585 3589 3592
o Sails.Canvas
v 3.025 7.65 2.47
v 3.025 7.65 2.51
v 2.333 7.65 2.51
v 2.333 7.65 2.47
v 3.025 8.5 2.47
v 3.025 8.5 2.51
v 2.333 8.5 2.51
v 2.333 8.5 2.47
usemtl Canvas
s off
f 3596 3595 3594 3593
f 3597 3598 3599 3600
f 3593 3594 3598 3597
f 3594 3595 3599 3598
f 3595 3596 3600 3599
f 3596 3593 3597 3600
o Sails.Canvas
v 3.717 7.65 2.47
v 3.717 7.65 2.51
v 3.025 7.65 2.51
v 3.025 7.65 2.47
v 3.717 8.5 2.47
v 3.717 8.5 2.51
v 3.025 8.5 2.51
v 3.025 8.5 2.47
usemtl Paint
s off
f 3604 3603 3602 3601
f 3605 3606 3607 3608
f 3601 3602 3606 3605
f 3602 3603 3607 3606
f 3603 3604 3608 3607
f 3604 3601 3605 3608
o Sails.Canvas
v 4.408 7.65 2.47
v 4.408 7.65 2.51
v 3.717 7.65 2.51
v 3.717 7.65 2.47
v 4.408 8.5 2.47
v 4.408 8.5 2.51
v 3.717 8.5 2.51
v 3.717 8.5 2.47
usemtl Canvas
s off
f 3612 3611 3610 3609
f 3613 3614 3615 3616
f 3609 3610 3614 3613
f 3610 3611 3615 3614
f 3611 3612 3616 3615
f 3612 3609 3613 3616
o Sails.Canvas
v 5.1 7.65 2.47
v 5.1 7.65 2.51
v 4.408 7.65 2.51
v 4.408 7.65 2.47
v 5.1 8.5 2.47
v 5.1 8.5 2.51
v 4.408 8.5 2.51
v 4.408 8.5 2.47
usemtl Paint
s off
f 3620 3619 3618 3617
f 3621 3622 3623 3624
f 3617 3618 3622 3621
f 3618 3619 3623 3622
f 3619 3620 3624 3623
f 3620 3617 3621 3624
o Sails.Rail
v 5.2 8.45 2.49
v 5.2 8.45 2.59
v 0.9 8.45 2.59
v 0.9 8.45 2.49
v 5.2 8.55 2.49
v 5.2 8.55 2.59
v 0.9 8.55 2.59
v 0.9 8.55 2.49
usemtl Wood
s off
f 3628 3627 3626 3625
f 3629 3630 3631 3632
f 3625 3626 3630 3629
f 3626 3627 3631 3630
f 3627 3628 3632 3631
f 3628 3625 3629 3632
o Sails.Bar
v 0.99 7.55 2.49
v 0.99 7.55 2.59
v 0.91 7.55 2.59
v 0.91 7.55 2.49
v 0.99 8.55 2.49
v 0.99 8.55 2.59
v 0.91 8.55 2.59
v 0.91 8.55 2.49
usemtl Wood
s off
f 3636 3635 3634 3633
f 3637 3638 3639 3640
f 3633 3634 3638 3637
f 3634 3635 3639 3638
f 3635 3636 3640 3639
f 3636 3633 3637 3640
o Sails.Bar
v 1.82 7.55 2.49
v 1.82 7.55 2.59
v 1.74 7.55 2.59
v 1.74 7.55 2.49
v 1.82 8.55 2.49
v 1.82 8.55 2.59
v 1.74 8.55 2.59
v 1.74 8.55 2.49
usemtl Wood
s off
f 3644 3643 3642 3641
f 3645 3646 3647 3648
f 3641 3642 3646 3645
f 3642 3643 3647 3646
f 3643 3644 3648 3647
f 3644 3641 3645 3648
o Sails.Bar
v 2.65 7.55 2.49
v 2.65 7.55 2.59
v 2.57 7.55 2.59
v 2.57 7.55 2.49
v 2.65 8.55 2.49
v 2.65 8.55 2.59
v 2.57 8.55 2.59
v 2.57 8.55 2.49
usemtl Wood
s off
f 3652 3651 3650 3649
f 3653 3654 3655 3656
f 3649 3650 3654 3653
f 3650 3651 3655 3654
f 3651 3652 3656 3655
f 3652 3649 3653 3656
o Sails.Bar
v 3.48 7.55 2.49
v 3.48 7.55 2.59
v 3.4 7.55 2.59
v 3.4 7.55 2.49
v 3.48 8.55 2.49
v 3.48 8.55 2.59
v 3.4 8.55 2.59
v 3.4 8.55 2.49
usemtl Wood
s off
f 3660 3659 3658 3657
f 3661 3662 3663 3664
f 3657 3658 3662 3661
f 3658 3659 3663 3662
f 3659 3660 3664 3663
f 3660 3657 3661 3664
o Sails.Bar
v 4.31 7.55 2.49
v 4.31 7.55 2.59
v 4.23 7.55 2.59
v 4.23 7.55 2.49
v 4.31 8.55 2.49
v 4.31 8.55 2.59
v 4.23 8.55 2.59
v 4.23 8.55 2.49
usemtl Wood
s off
f 3668 3667 3666 3665
f 3669 3670 3671 3672
f 3665 3666 3670 3669
f 3666 3667 3671 3670
f 3667 3668 3672 3671
f 3668 3665 3669 3672
o Sails.Bar
v 5.14 7.55 2.49
v 5.14 7.55 2.59
v 5.06 7.55 2.59
v 5.06 7.55 2.49
v 5.14 8.55 2.49
v 5.14 8.55 2.59
v 5.06 8.55 2.59
v 5.06 8.55 2.49
usemtl Wood
s off
f 3676 3675 3674 3673
f 3677 3678 3679 3680
f 3673 3674 3678 3677
f 3674 3675 3679 3678
f 3675 3676 3680 3679
f 3676 3673 3677 3680
o Sails.Spar
v 0.09 2.35 2.49
v 0.09 2.35 2.63
v -0.09 2.35 2.63
v -0.09 2.35 2.49
v 0.09 7.3 2.49
v 0.09 7.3 2.63
v -0.09 7.3 2.63
v -0.09 7.3 2.49
usemtl Wood
s off
f 3684 3683 3682 3681
f 3685 3686 3687 3688
f 3681 3682 3686 3685
f 3682 3683 3687 3686
f 3683 3684 3688 3687
f 3684 3681 3685 3688
o Sails.Canvas
v 0.95 5.908 2.47
v 0.95 5.908 2.51
v 0.1 5.908 2.51
v 0.1 5.908 2.47
v 0.95 6.6 2.47
v 0.95 6.6 2.51
v 0.1 6.6 2.51
v 0.1 6.6 2.47
usemtl Canvas
s off
f 3692 3691 3690 3689
f 3693 3694 3695 3696
f 3689 3690 3694 3693
f 3690 3691 3695 3694
f 3691 3692 3696 3695
f 3692 3689 3693 3696
o Sails.Canvas
v 0.95 5.217 2.47
v 0.95 5.217 2.51
v 0.1 5.217 2.51
v 0.1 5.217 2.47
v 0.95 5.908 2.47
v 0.95 5.908 2.51
v 0.1 5.908 2.51
v 0.1 5.908 2.47
usemtl Paint
s off
f 3700 3699 3698 3697
f 3701 3702 3703 3704
f 3697 3698 3702 3701
f 3698 3699 3703 3702
f 3699 3700 3704 3703
f 3700 3697 3701 3704
o Sails.Canvas
v 0.95 4.525 2.47
v 0.95 4.525 2.51
v 0.1 4.525 2.51
v 0.1 4.525 2.47
v 0.95 5.217 2.47
v 0.95 5.217 2.51
v 0.1 5.217 2.51
v 0.1 5.217 2.47
usemtl Canvas
s off
f 3708 3707 3706 3705
f 3709 3710 3711 3712
f 3705 3706 3710 3709
f 3706 3707 3711 3710
f 3707 3708 3712 3711
f 3708 3705 3709 3712
o Sails.Canvas
v 0.95 3.833 2.47
v 0.95 3.833 2.51
v 0.1 3.833 2.51
v 0.1 3.833 2.47
v 0.95 4.525 2.47
v 0.95 4.525 2.51
v 0.1 4.525 2.51
v 0.1 4.525 2.47
usemtl Paint
s off
f 3716 3715 3714 3713
f 3717 3718 3719 3720
f 3713 3714 3718 3717
f 3714 3715 3719 3718
f 3715 3716 3720 3719
f 3716 3713 3717 3720
o Sails.Canvas
v 0.95 3.142 2.47
v 0.95 3.142 2.51
v 0.1 3.142 2.51
v 0.1 3.142 2.47
v 0.95 3.833 2.47
v 0.95 3.833 2.51
v 0.1 3.833 2.51
v 0.1 3.833 2.47
usemtl Canvas
s off
f 3724 3723 3722 3721
f 3725 3726 3727 3728
f 3721 3722 3726 3725
f 3722 3723 3727 3726
f 3723 3724 3728 3727
f 3724 3721 3725 3728
o Sails.Canvas
v 0.95 2.45 2.47
v 0.95 2.45 2.51
v 0.1 2.45 2.51
v 0.1 2.45 2.47
v 0.95 3.142 2.47
v 0.95 3.142 2.51
v 0.1 3.142 2.51
v 0.1 3.142 2.47
usemtl Paint
s off
f 3732 3731 3730 3729
f 3733 3734 3735 3736
f 3729 3730 3734 3733
f 3730 3731 3735 3734
f 3731 3732 3736 3735
f 3732 3729 3733 3736
o Sails.Rail
v 1 2.35 2.49
v 1 2.35 2.59
v 0.9 2.35 2.59
v 0.9 2.35 2.49
v 1 6.65 2.49
v 1 6.65 2.59
v 0.9 6.65 2.59
v 0.9 6.65 2.49
usemtl Wood
s off
f 3740 3739 3738 3737
f 3741 3742 3743 3744
f 3737 3738 3742 3741
f 3738 3739 3743 3742
f 3739 3740 3744 3743
f 3740 3737 3741 3744
o Sails.Bar
v 1 6.56 2.49
v 1 6.56 2.59
v 0 6.56 2.59
v 0 6.56 2.49
v 1 6.64 2.49
v 1 6.64 2.59
v 0 6.64 2.59
v 0 6.64 2.49
usemtl Wood
s off
f 3748 3747 3746 3745
f 3749 3750 3751 3752
f 3745 3746 3750 3749
f 3746 3747 3751 3750
f 3747 3748 3752 3751
f 3748 3745 3749 3752
o Sails.Bar
v 1 5.73 2.49
v 1 5.73 2.59
v 0 5.73 2.59
v 0 5.73 2.49
v 1 5.81 2.49
v 1 5.81 2.59
v 0 5.81 2.59
v 0 5.81 2.49
usemtl Wood
s off
f 3756 3755 3754 3753
f 3757 3758 3759 3760
f 3753 3754 3758 3757
f 3754 3755 3759 3758
f 3755 3756 3760 3759
f 3756 3753 3757 3760
o Sails.Bar
v 1 4.9 2.49
v 1 4.9 2.59
v 0 4.9 2.59
v 0 4.9 2.49
v 1 4.98 2.49
v 1 4.98 2.59
v 0 4.98 2.59
v 0 4.98 2.49
usemtl Wood
s off
f 3764 3763 3762 3761
f 3765 3766 3767 3768
f 3761 3762 3766 3765
f 3762 3763 3767 3766
f 3763 3764 3768 3767
f 3764 3761 3765 3768
o Sails.Bar
v 1 4.07 2.49
v 1 4.07 2.59
v 0 4.07 2.59
v 0 4.07 2.49
v 1 4.15 2.49
v 1 4.15 2.59
v 0 4.15 2.59
v 0 4.15 2.49
usemtl Wood
s off
f 3772 3771 3770 3769
f 3773 3774 3775 3776
f 3769 3770 3774 3773
f 3770 3771 3775 3774
f 3771 3772 3776 3775
f 3772 3769 3773 3776
o Sails.Bar
v 1 3.24 2.49
v 1 3.24 2.59
v 0 3.24 2.59
v 0 3.24 2.49
v 1 3.32 2.49
v 1 3.32 2.59
v 0 3.32 2.59
v 0 3.32 2.49
usemtl Wood
s off
f 3780 3779 3778 3777
f 3781 3782 3783 3784
f 3777 3778 3782 3781
f 3778 3779 3783 3782
f 3779 3780 3784 3783
f 3780 3777 3781 3784
o Sails.Bar
v 1 2.41 2.49
v 1 2.41 2.59
v 0 2.41 2.59
v 0 2.41 2.49
v 1 2.49 2.49
v 1 2.49 2.59
v 0 2.49 2.59
v 0 2.49 2.49
usemtl Wood
s off
f 3788 3787 3786 3785
f 3789 3790 3791 3792
f 3785 3786 3790 3789
f 3786 3787 3791 3790
f 3787 3788 3792 3791
f 3788 3785 3789 3792
o Shed.Post
v 2.29 0 -1.34
v 2.29 0 -1.16
v 2.11 0 -1.16
v 2.11 0 -1.34
v 2.29 2.1 -1.34
v 2.29 2.1 -1.16
v 2.11 2.1 -1.16
v 2.11 2.1 -1.34
usemtl Timber
s off
f 3796 3795 3794 3793
f 3797 3798 3799 3800
f 3793 3794 3798 3797
f 3794 3795 3799 3798
f 3795 3796 3800 3799
f 3796 3793 3797 3800
o Shed.Brace
v 2.226 1.624 -1.215
v 2.226 1.624 -1.285
v 2.174 1.576 -1.285
v 2.174 1.576 -1.215
v 1.776 2.104 -1.215
v 1.776 2.104 -1.285
v 1.724 2.056 -1.285
v 1.724 2.056 -1.215
usemtl Timber
s off
f 3804 3803 3802 3801
f 3805 3806 3807 3808
f 3801 3802 3806 3805
f 3802 3803 3807 3806
f 3803 3804 3808 3807
f 3804 3801 3805 3808
o Shed.Post
v 2.29 0 1.16
v 2.29 0 1.34
v 2.11 0 1.34
v 2.11 0 1.16
v 2.29 2.1 1.16
v 2.29 2.1 1.34
v 2.11 2.1 1.34
v 2.11 2.1 1.16
usemtl Timber
s off
f 3812 3811 3810 3809
f 3813 3814 3815 3816
f 3809 3810 3814 3813
f 3810 3811 3815 3814
f 3811 3812 3816 3815
f 3812 3809 3813 3816
o Shed.Brace
v 2.226 1.624 1.285
v 2.226 1.624 1.215
v 2.174 1.576 1.215
v 2.174 1.576 1.285
v 1.776 2.104 1.285
v 1.776 2.104 1.215
v 1.724 2.056 1.215
v 1.724 2.056 1.285
usemtl Timber
s off
f 3820 3819 3818 3817
f 3821 3822 3823 3824
f 3817 3818 3822 3821
f 3818 3819 3823 3822
f 3819 3820 3824 3823
f 3820 3817 3821 3824
o Shed.Beam
v 2.28 2.05 -1.55
v 2.28 2.05 1.55
v 2.12 2.05 1.55
v 2.12 2.05 -1.55
v 2.28 2.18 -1.55
v 2.28 2.18 1.55
v 2.12 2.18 1.55
v 2.12 2.18 -1.55
usemtl Timber
s off
f 3828 3827 3826 3825
f 3829 3830 3831 3832
f 3825 3826 3830 3829
f 3826 3827 3831 3830
f 3827 3828 3832 3831
f 3828 3825 3829 3832
o Shed.Roof
v 2.45 2.1 -1.7
v 2.117 2.267 -1.7
v 2.117 2.367 -1.7
v 2.45 2.26 -1.7
v 2.45 2.1 1.7
v 2.117 2.267 1.7
v 2.117 2.367 1.7
v 2.45 2.26 1.7
usemtl Shingle
s off
f 3836 3835 3834 3833
f 3837 3838 3839 3840
f 3833 3834 3838 3837
f 3834 3835 3839 3838
f 3835 3836 3840 3839
f 3836 3833 3837 3840
o Shed.Roof
v 2.117 2.267 -1.7
v 1.783 2.433 -1.7
v 1.783 2.533 -1.7
v 2.117 2.427 -1.7
v 2.117 2.267 1.7
v 1.783 2.433 1.7
v 1.783 2.533 1.7
v 2.117 2.427 1.7
usemtl Shingle
s off
f 3844 3843 3842 3841
f 3845 3846 3847 3848
f 3841 3842 3846 3845
f 3842 3843 3847 3846
f 3843 3844 3848 3847
f 3844 3841 3845 3848
o Shed.Roof
v 1.783 2.433 -1.7
v 1.45 2.6 -1.7
v 1.45 2.7 -1.7
v 1.783 2.533 -1.7
v 1.783 2.433 1.7
v 1.45 2.6 1.7
v 1.45 2.7 1.7
v 1.783 2.533 1.7
usemtl Shingle
s off
f 3852 3851 3850 3849
f 3853 3854 3855 3856
f 3849 3850 3854 3853
f 3850 3851 3855 3854
f 3851 3852 3856 3855
f 3852 3849 3853 3856
o Sack
v 1.938 0.03 -1
v 2.07 0.03 -0.88
v 2.07 0.03 -0.72
v 1.938 0.03 -0.6
v 1.762 0.03 -0.6
v 1.63 0.03 -0.72
v 1.63 0.03 -0.88
v 1.762 0.03 -1
v 1.91 0.58 -0.93
v 2 0.58 -0.852
v 2 0.58 -0.748
v 1.91 0.58 -0.67
v 1.79 0.58 -0.67
v 1.7 0.58 -0.748
v 1.7 0.58 -0.852
v 1.79 0.58 -0.93
usemtl Sack
s off
f 3864 3863 3862 3861 3860 3859 3858 3857
f 3865 3866 3867 3868 3869 3870 3871 3872
f 3857 3858 3866 3865
f 3858 3859 3867 3866
f 3859 3860 3868 3867
f 3860 3861 3869 3868
f 3861 3862 3870 3869
f 3862 3863 3871 3870
f 3863 3864 3872 3871
f 3864 3857 3865 3872
o Sack.Tie
v 1.898 0.5 -0.9
v 1.97 0.5 -0.84
v 1.97 0.5 -0.76
v 1.898 0.5 -0.7
v 1.802 0.5 -0.7
v 1.73 0.5 -0.76
v 1.73 0.5 -0.84
v 1.802 0.5 -0.9
v 1.898 0.54 -0.9
v 1.97 0.54 -0.84
v 1.97 0.54 -0.76
v 1.898 0.54 -0.7
v 1.802 0.54 -0.7
v 1.73 0.54 -0.76
v 1.73 0.54 -0.84
v 1.802 0.54 -0.9
usemtl WoodDark
s off
f 3880 3879 3878 3877 3876 3875 3874 3873
f 3881 3882 3883 3884 3885 3886 3887 3888
f 3873 3874 3882 3881
f 3874 3875 3883 3882
f 3875 3876 3884 3883
f 3876 3877 3885 3884
f 3877 3878 3886 3885
f 3878 3879 3887 3886
f 3879 3880 3888 3887
f 3880 3873 3881 3888
o Sack
v 1.988 0.03 -0.55
v 2.12 0.03 -0.43
v 2.12 0.03 -0.27
v 1.988 0.03 -0.15
v 1.812 0.03 -0.15
v 1.68 0.03 -0.27
v 1.68 0.03 -0.43
v 1.812 0.03 -0.55
v 1.96 0.53 -0.48
v 2.05 0.53 -0.402
v 2.05 0.53 -0.298
v 1.96 0.53 -0.22
v 1.84 0.53 -0.22
v 1.75 0.53 -0.298
v 1.75 0.53 -0.402
v 1.84 0.53 -0.48
usemtl Sack
s off
f 3896 3895 3894 3893 3892 3891 3890 3889
f 3897 3898 3899 3900 3901 3902 3903 3904
f 3889 3890 3898 3897
f 3890 3891 3899 3898
f 3891 3892 3900 3899
f 3892 3893 3901 3900
f 3893 3894 3902 3901
f 3894 3895 3903 3902
f 3895 3896 3904 3903
f 3896 3889 3897 3904
o Sack.Tie
v 1.948 0.45 -0.45
v 2.02 0.45 -0.39
v 2.02 0.45 -0.31
v 1.948 0.45 -0.25
v 1.852 0.45 -0.25
v 1.78 0.45 -0.31
v 1.78 0.45 -0.39
v 1.852 0.45 -0.45
v 1.948 0.49 -0.45
v 2.02 0.49 -0.39
v 2.02 0.49 -0.31
v 1.948 0.49 -0.25
v 1.852 0.49 -0.25
v 1.78 0.49 -0.31
v 1.78 0.49 -0.39
v 1.852 0.49 -0.45
usemtl WoodDark
s off
f 3912 3911 3910 3909 3908 3907 3906 3905
f 3913 3914 3915 3916 3917 3918 3919 3920
f 3905 3906 3914 3913
f 3906 3907 3915 3914
f 3907 3908 3916 3915
f 3908 3909 3917 3916
f 3909 3910 3918 3917
f 3910 3911 3919 3918
f 3911 3912 3920 3919
f 3912 3905 3913 3920
o Sack
v 1.888 0.03 -0.1
v 2.02 0.03 0.02
v 2.02 0.03 0.18
v 1.888 0.03 0.3
v 1.712 0.03 0.3
v 1.58 0.03 0.18
v 1.58 0.03 0.02
v 1.712 0.03 -0.1
v 1.86 0.58 -0.03
v 1.95 0.58 0.048
v 1.95 0.58 0.152
v 1.86 0.58 0.23
v 1.74 0.58 0.23
v 1.65 0.58 0.152
v 1.65 0.58 0.048
v 1.74 0.58 -0.03
usemtl Sack
s off
f 3928 3927 3926 3925 3924 3923 3922 3921
f 3929 3930 3931 3932 3933 3934 3935 3936
f 3921 3922 3930 3929
f 3922 3923 3931 3930
f 3923 3924 3932 3931
f 3924 3925 3933 3932
f 3925 3926 3934 3933
f 3926 3927 3935 3934
f 3927 3928 3936 3935
f 3928 3921 3929 3936
o Sack.Tie
v 1.848 0.5 0
v 1.92 0.5 0.06
v 1.92 0.5 0.14
v 1.848 0.5 0.2
v 1.752 0.5 0.2
v 1.68 0.5 0.14
v 1.68 0.5 0.06
v 1.752 0.5 0
v 1.848 0.54 0
v 1.92 0.54 0.06
v 1.92 0.54 0.14
v 1.848 0.54 0.2
v 1.752 0.54 0.2
v 1.68 0.54 0.14
v 1.68 0.54 0.06
v 1.752 0.54 0
usemtl WoodDark
s off
f 3944 3943 3942 3941 3940 3939 3938 3937
f 3945 3946 3947 3948 3949 3950 3951 3952
f 3937 3938 3946 3945
f 3938 3939 3947 3946
f 3939 3940 3948 3947
f 3940 3941 3949 3948
f 3941 3942 3950 3949
f 3942 3943 3951 3950
f 3943 3944 3952 3951
f 3944 3937 3945 3952
o Sack
v 1.988 0.03 0.35
v 2.12 0.03 0.47
v 2.12 0.03 0.63
v 1.988 0.03 0.75
v 1.812 0.03 0.75
v 1.68 0.03 0.63
v 1.68 0.03 0.47
v 1.812 0.03 0.35
v 1.96 0.53 0.42
v 2.05 0.53 0.498
v 2.05 0.53 0.602
v 1.96 0.53 0.68
v 1.84 0.53 0.68
v 1.75 0.53 0.602
v 1.75 0.53 0.498
v 1.84 0.53 0.42
usemtl Sack
s off
f 3960 3959 3958 3957 3956 3955 3954 3953
f 3961 3962 3963 3964 3965 3966 3967 3968
f 3953 3954 3962 3961
f 3954 3955 3963 3962
f 3955 3956 3964 3963
f 3956 3957 3965 3964
f 3957 3958 3966 3965
f 3958 3959 3967 3966
f 3959 3960 3968 3967
f 3960 3953 3961 3968
o Sack.Tie
v 1.948 0.45 0.45
v 2.02 0.45 0.51
v 2.02 0.45 0.59
v 1.948 0.45 0.65
v 1.852 0.45 0.65
v 1.78 0.45 0.59
v 1.78 0.45 0.51
v 1.852 0.45 0.45
v 1.948 0.49 0.45
v 2.02 0.49 0.51
v 2.02 0.49 0.59
v 1.948 0.49 0.65
v 1.852 0.49 0.65
v 1.78 0.49 0.59
v 1.78 0.49 0.51
v 1.852 0.49 0.45
usemtl WoodDark
s off
f 3976 3975 3974 3973 3972 3971 3970 3969
f 3977 3978 3979 3980 3981 3982 3983 3984
f 3969 3970 3978 3977
f 3970 3971 3979 3978
f 3971 3972 3980 3979
f 3972 3973 3981 3980
f 3973 3974 3982 3981
f 3974 3975 3983 3982
f 3975 3976 3984 3983
f 3976 3969 3977 3984
o Sack
v 1.938 0.5 -0.75
v 2.07 0.5 -0.63
v 2.07 0.5 -0.47
v 1.938 0.5 -0.35
v 1.762 0.5 -0.35
v 1.63 0.5 -0.47
v 1.63 0.5 -0.63
v 1.762 0.5 -0.75
v 1.91 0.95 -0.68
v 2 0.95 -0.602
v 2 0.95 -0.498
v 1.91 0.95 -0.42
v 1.79 0.95 -0.42
v 1.7 0.95 -0.498
v 1.7 0.95 -0.602
v 1.79 0.95 -0.68
usemtl Sack
s off
f 3992 3991 3990 3989 3988 3987 3986 3985
f 3993 3994 3995 3996 3997 3998 3999 4000
f 3985 3986 3994 3993
f 3986 3987 3995 3994
f 3987 3988 3996 3995
f 3988 3989 3997 3996
f 3989 3990 3998 3997
f 3990 3991 3999 3998
f 3991 3992 4000 3999
f 3992 3985 3993 4000
o Sack.Tie
v 1.898 0.87 -0.65
v 1.97 0.87 -0.59
v 1.97 0.87 -0.51
v 1.898 0.87 -0.45
v 1.802 0.87 -0.45
v 1.73 0.87 -0.51
v 1.73 0.87 -0.59
v 1.802 0.87 -0.65
v 1.898 0.91 -0.65
v 1.97 0.91 -0.59
v 1.97 0.91 -0.51
v 1.898 0.91 -0.45
v 1.802 0.91 -0.45
v 1.73 0.91 -0.51
v 1.73 0.91 -0.59
v 1.802 0.91 -0.65
usemtl WoodDark
s off
f 4008 4007 4006 4005 4004 4003 4002 4001
f 4009 4010 4011 4012 4013 4014 4015 4016
f 4001 4002 4010 4009
f 4002 4003 4011 4010
f 4003 4004 4012 4011
f 4004 4005 4013 4012
f 4005 4006 4014 4013
f 4006 4007 4015 4014
f 4007 4008 4016 4015
f 4008 4001 4009 4016
o Millstone
v 2.3 0.554 1.536
v 2.3 0.733 1.433
v 2.3 0.836 1.254
v 2.3 0.836 1.046
v 2.3 0.733 0.867
v 2.3 0.554 0.764
v 2.3 0.346 0.764
v 2.3 0.167 0.867
v 2.3 0.064 1.046
v 2.3 0.064 1.254
v 2.3 0.167 1.433
v 2.3 0.346 1.536
v 2.1 0.554 1.536
v 2.1 0.733 1.433
v 2.1 0.836 1.254
v 2.1 0.836 1.046
v 2.1 0.733 0.867
v 2.1 0.554 0.764
v 2.1 0.346 0.764
v 2.1 0.167 0.867
v 2.1 0.064 1.046
v 2.1 0.064 1.254
v 2.1 0.167 1.433
v 2.1 0.346 1.536
usemtl StoneLight
s off
f 4028 4027 4026 4025 4024 4023 4022 4021 4020 4019 4018 4017
f 4029 4030 4031 4032 4033 4034 4035 4036 4037 4038 4039 4040
f 4017 4018 4030 4029
f 4018 4019 4031 4030
f 4019 4020 4032 4031
f 4020 4021 4033 4032
f 4021 4022 4034 4033
f 4022 4023 4035 4034
f 4023 4024 4036 4035
f 4024 4025 4037 4036
f 4025 4026 4038 4037
f 4026 4027 4039 4038
f 4027 4028 4040 4039
f 4028 4017 4029 4040
o Millstone.Eye
v 2.32 0.484 1.233
v 2.32 0.533 1.184
v 2.32 0.533 1.116
v 2.32 0.484 1.067
v 2.32 0.416 1.067
v 2.32 0.367 1.116
v 2.32 0.367 1.184
v 2.32 0.416 1.233
v 2.08 0.484 1.233
v 2.08 0.533 1.184
v 2.08 0.533 1.116
v 2.08 0.484 1.067
v 2.08 0.416 1.067
v 2.08 0.367 1.116
v 2.08 0.367 1.184
v 2.08 0.416 1.233
usemtl StoneDark
s off
f 4048 4047 4046 4045 4044 4043 4042 4041
f 4049 4050 4051 4052 4053 4054 4055 4056
f 4041 4042 4050 4049
f 4042 4043 4051 4050
f 4043 4044 4052 4051
f 4044 4045 4053 4052
f 4045 4046 4054 4053
f 4046 4047 4055 4054
f 4047 4048 4056 4055
f 4048 4041 4049 4056
o Crate
v -1.55 0.03 1.2
v -1.55 0.03 1.65
v -2 0.03 1.65
v -2 0.03 1.2
v -1.55 0.48 1.2
v -1.55 0.48 1.65
v -2 0.48 1.65
v -2 0.48 1.2
usemtl WoodLight
s off
f 4060 4059 4058 4057
f 4061 4062 4063 4064
f 4057 4058 4062 4061
f 4058 4059 4063 4062
f 4059 4060 4064 4063
f 4060 4057 4061 4064
o Crate.Edge
v -1.54 0.03 1.19
v -1.54 0.03 1.25
v -1.6 0.03 1.25
v -1.6 0.03 1.19
v -1.54 0.48 1.19
v -1.54 0.48 1.25
v -1.6 0.48 1.25
v -1.6 0.48 1.19
usemtl Wood
s off
f 4068 4067 4066 4065
f 4069 4070 4071 4072
f 4065 4066 4070 4069
f 4066 4067 4071 4070
f 4067 4068 4072 4071
f 4068 4065 4069 4072
o Crate.Edge
v -1.54 0.03 1.6
v -1.54 0.03 1.66
v -1.6 0.03 1.66
v -1.6 0.03 1.6
v -1.54 0.48 1.6
v -1.54 0.48 1.66
v -1.6 0.48 1.66
v -1.6 0.48 1.6
usemtl Wood
s off
f 4076 4075 4074 4073
f 4077 4078 4079 4080
f 4073 4074 4078 4077
f 4074 4075 4079 4078
f 4075 4076 4080 4079
f 4076 4073 4077 4080
o Crate.Edge
v -1.95 0.03 1.19
v -1.95 0.03 1.25
v -2.01 0.03 1.25
v -2.01 0.03 1.19
v -1.95 0.48 1.19
v -1.95 0.48 1.25
v -2.01 0.48 1.25
v -2.01 0.48 1.19
usemtl Wood
s off
f 4084 4083 4082 4081
f 4085 4086 4087 4088
f 4081 4082 4086 4085
f 4082 4083 4087 4086
f 4083 4084 4088 4087
f 4084 4081 4085 4088
o Crate.Edge
v -1.95 0.03 1.6
v -1.95 0.03 1.66
v -2.01 0.03 1.66
v -2.01 0.03 1.6
v -1.95 0.48 1.6
v -1.95 0.48 1.66
v -2.01 0.48 1.66
v -2.01 0.48 1.6
usemtl Wood
s off
f 4092 4091 4090 4089
f 4093 4094 4095 4096
f 4089 4090 4094 4093
f 4090 4091 4095 4094
f 4091 4092 4096 4095
f 4092 4089 4093 4096
o Crate.Edge
v -1.54 0.025 1.19
v -1.54 0.025 1.25
v -2.01 0.025 1.25
v -2.01 0.025 1.19
v -1.54 0.08 1.19
v -1.54 0.08 1.25
v -2.01 0.08 1.25
v -2.01 0.08 1.19
usemtl Wood
s off
f 4100 4099 4098 4097
f 4101 4102 4103 4104
f 4097 4098 4102 4101
f 4098 4099 4103 4102
f 4099 4100 4104 4103
f 4100 4097 4101 4104
o Crate.Edge
v -1.54 0.025 1.6
v -1.54 0.025 1.66
v -2.01 0.025 1.66
v -2.01 0.025 1.6
v -1.54 0.08 1.6
v -1.54 0.08 1.66
v -2.01 0.08 1.66
v -2.01 0.08 1.6
usemtl Wood
s off
f 4108 4107 4106 4105
f 4109 4110 4111 4112
f 4105 4106 4110 4109
f 4106 4107 4111 4110
f 4107 4108 4112 4111
f 4108 4105 4109 4112
o Crate.Edge
v -1.54 0.43 1.19
v -1.54 0.43 1.25
v -2.01 0.43 1.25
v -2.01 0.43 1.19
v -1.54 0.485 1.19
v -1.54 0.485 1.25
v -2.01 0.485 1.25
v -2.01 0.485 1.19
usemtl Wood
s off
f 4116 4115 4114 4113
f 4117 4118 4119 4120
f 4113 4114 4118 4117
f 4114 4115 4119 4118
f 4115 4116 4120 4119
f 4116 4113 4117 4120
o Crate.Edge
v -1.54 0.43 1.6
v -1.54 0.43 1.66
v -2.01 0.43 1.66
v -2.01 0.43 1.6
v -1.54 0.485 1.6
v -1.54 0.485 1.66
v -2.01 0.485 1.66
v -2.01 0.485 1.6
usemtl Wood
s off
f 4124 4123 4122 4121
f 4125 4126 4127 4128
f 4121 4122 4126 4125
f 4122 4123 4127 4126
f 4123 4124 4128 4127
f 4124 4121 4125 4128
o Crate.Brace
v -1.582 0.098 1.68
v -1.582 0.098 1.63
v -1.618 0.062 1.63
v -1.618 0.062 1.68
v -1.932 0.448 1.68
v -1.932 0.448 1.63
v -1.968 0.412 1.63
v -1.968 0.412 1.68
usemtl Wood
s off
f 4132 4131 4130 4129
f 4133 4134 4135 4136
f 4129 4130 4134 4133
f 4130 4131 4135 4134
f 4131 4132 4136 4135
f 4132 4129 4133 4136
o Barrel
v -2.026 0 -1.476
v -1.94 0 -1.357
v -1.8 0 -1.312
v -1.66 0 -1.357
v -1.574 0 -1.476
v -1.574 0 -1.624
v -1.66 0 -1.743
v -1.8 0 -1.788
v -1.94 0 -1.743
v -2.026 0 -1.624
v -2.066 0.4 -1.463
v -1.965 0.4 -1.323
v -1.8 0.4 -1.27
v -1.635 0.4 -1.323
v -1.534 0.4 -1.463
v -1.534 0.4 -1.637
v -1.635 0.4 -1.777
v -1.8 0.4 -1.83
v -1.965 0.4 -1.777
v -2.066 0.4 -1.637
usemtl Wood
s off
f 4146 4145 4144 4143 4142 4141 4140 4139 4138 4137
f 4147 4148 4149 4150 4151 4152 4153 4154 4155 4156
f 4137 4138 4148 4147
f 4138 4139 4149 4148
f 4139 4140 4150 4149
f 4140 4141 4151 4150
f 4141 4142 4152 4151
f 4142 4143 4153 4152
f 4143 4144 4154 4153
f 4144 4145 4155 4154
f 4145 4146 4156 4155
f 4146 4137 4147 4156
o Barrel
v -2.066 0.4 -1.463
v -1.965 0.4 -1.323
v -1.8 0.4 -1.27
v -1.635 0.4 -1.323
v -1.534 0.4 -1.463
v -1.534 0.4 -1.637
v -1.635 0.4 -1.777
v -1.8 0.4 -1.83
v -1.965 0.4 -1.777
v -2.066 0.4 -1.637
v -2.026 0.8 -1.476
v -1.94 0.8 -1.357
v -1.8 0.8 -1.312
v -1.66 0.8 -1.357
v -1.574 0.8 -1.476
v -1.574 0.8 -1.624
v -1.66 0.8 -1.743
v -1.8 0.8 -1.788
v -1.94 0.8 -1.743
v -2.026 0.8 -1.624
usemtl Wood
s off
f 4166 4165 4164 4163 4162 4161 4160 4159 4158 4157
f 4167 4168 4169 4170 4171 4172 4173 4174 4175 4176
f 4157 4158 4168 4167
f 4158 4159 4169 4168
f 4159 4160 4170 4169
f 4160 4161 4171 4170
f 4161 4162 4172 4171
f 4162 4163 4173 4172
f 4163 4164 4174 4173
f 4164 4165 4175 4174
f 4165 4166 4176 4175
f 4166 4157 4167 4176
o Barrel.Hoop
v -2.063 0.12 -1.464
v -1.963 0.12 -1.326
v -1.8 0.12 -1.273
v -1.637 0.12 -1.326
v -1.537 0.12 -1.464
v -1.537 0.12 -1.636
v -1.637 0.12 -1.774
v -1.8 0.12 -1.827
v -1.963 0.12 -1.774
v -2.063 0.12 -1.636
v -2.063 0.17 -1.464
v -1.963 0.17 -1.326
v -1.8 0.17 -1.273
v -1.637 0.17 -1.326
v -1.537 0.17 -1.464
v -1.537 0.17 -1.636
v -1.637 0.17 -1.774
v -1.8 0.17 -1.827
v -1.963 0.17 -1.774
v -2.063 0.17 -1.636
usemtl Iron
s off
f 4186 4185 4184 4183 4182 4181 4180 4179 4178 4177
f 4187 4188 4189 4190 4191 4192 4193 4194 4195 4196
f 4177 4178 4188 4187
f 4178 4179 4189 4188
f 4179 4180 4190 4189
f 4180 4181 4191 4190
f 4181 4182 4192 4191
f 4182 4183 4193 4192
f 4183 4184 4194 4193
f 4184 4185 4195 4194
f 4185 4186 4196 4195
f 4186 4177 4187 4196
o Barrel.Hoop
v -2.067 0.64 -1.463
v -1.965 0.64 -1.323
v -1.8 0.64 -1.27
v -1.635 0.64 -1.323
v -1.533 0.64 -1.463
v -1.533 0.64 -1.637
v -1.635 0.64 -1.777
v -1.8 0.64 -1.83
v -1.965 0.64 -1.777
v -2.067 0.64 -1.637
v -2.067 0.69 -1.463
v -1.965 0.69 -1.323
v -1.8 0.69 -1.27
v -1.635 0.69 -1.323
v -1.533 0.69 -1.463
v -1.533 0.69 -1.637
v -1.635 0.69 -1.777
v -1.8 0.69 -1.83
v -1.965 0.69 -1.777
v -2.067 0.69 -1.637
usemtl Iron
s off
f 4206 4205 4204 4203 4202 4201 4200 4199 4198 4197
f 4207 4208 4209 4210 4211 4212 4213 4214 4215 4216
f 4197 4198 4208 4207
f 4198 4199 4209 4208
f 4199 4200 4210 4209
f 4200 4201 4211 4210
f 4201 4202 4212 4211
f 4202 4203 4213 4212
f 4203 4204 4214 4213
f 4204 4205 4215 4214
f 4205 4206 4216 4215
f 4206 4197 4207 4216
o Barrel.Lid
v -2.008 0.8 -1.483
v -1.928 0.8 -1.373
v -1.8 0.8 -1.332
v -1.672 0.8 -1.373
v -1.592 0.8 -1.483
v -1.592 0.8 -1.617
v -1.672 0.8 -1.727
v -1.8 0.8 -1.768
v -1.928 0.8 -1.727
v -2.008 0.8 -1.617
v -2.008 0.82 -1.483
v -1.928 0.82 -1.373
v -1.8 0.82 -1.332
v -1.672 0.82 -1.373
v -1.592 0.82 -1.483
v -1.592 0.82 -1.617
v -1.672 0.82 -1.727
v -1.8 0.82 -1.768
v -1.928 0.82 -1.727
v -2.008 0.82 -1.617
usemtl WoodDark
s off
f 4226 4225 4224 4223 4222 4221 4220 4219 4218 4217
f 4227 4228 4229 4230 4231 4232 4233 4234 4235 4236
f 4217 4218 4228 4227
f 4218 4219 4229 4228
f 4219 4220 4230 4229
f 4220 4221 4231 4230
f 4221 4222 4232 4231
f 4222 4223 4233 4232
f 4223 4224 4234 4233
f 4224 4225 4235 4234
f 4225 4226 4236 4235
f 4226 4217 4227 4236
o Ivy
v -1.538 0.1 1.41
v -1.49 0.1 1.458
v -1.49 0.1 1.522
v -1.538 0.1 1.57
v -1.602 0.1 1.57
v -1.65 0.1 1.522
v -1.65 0.1 1.458
v -1.602 0.1 1.41
v -1.538 0.212 1.41
v -1.49 0.212 1.458
v -1.49 0.212 1.522
v -1.538 0.212 1.57
v -1.602 0.212 1.57
v -1.65 0.212 1.522
v -1.65 0.212 1.458
v -1.602 0.212 1.41
usemtl IvyDark
s off
f 4244 4243 4242 4241 4240 4239 4238 4237
f 4245 4246 4247 4248 4249 4250 4251 4252
f 4237 4238 4246 4245
f 4238 4239 4247 4246
f 4239 4240 4248 4247
f 4240 4241 4249 4248
f 4241 4242 4250 4249
f 4242 4243 4251 4250
f 4243 4244 4252 4251
f 4244 4237 4245 4252
o Ivy
v -1.424 0.28 1.466
v -1.364 0.28 1.526
v -1.364 0.28 1.606
v -1.424 0.28 1.666
v -1.504 0.28 1.666
v -1.564 0.28 1.606
v -1.564 0.28 1.526
v -1.504 0.28 1.466
v -1.424 0.42 1.466
v -1.364 0.42 1.526
v -1.364 0.42 1.606
v -1.424 0.42 1.666
v -1.504 0.42 1.666
v -1.564 0.42 1.606
v -1.564 0.42 1.526
v -1.504 0.42 1.466
usemtl Ivy
s off
f 4260 4259 4258 4257 4256 4255 4254 4253
f 4261 4262 4263 4264 4265 4266 4267 4268
f 4253 4254 4262 4261
f 4254 4255 4263 4262
f 4255 4256 4264 4263
f 4256 4257 4265 4264
f 4257 4258 4266 4265
f 4258 4259 4267 4266
f 4259 4260 4268 4267
f 4260 4253 4261 4268
o Ivy
v -1.379 0.46 1.321
v -1.307 0.46 1.393
v -1.307 0.46 1.489
v -1.379 0.46 1.561
v -1.475 0.46 1.561
v -1.547 0.46 1.489
v -1.547 0.46 1.393
v -1.475 0.46 1.321
v -1.379 0.628 1.321
v -1.307 0.628 1.393
v -1.307 0.628 1.489
v -1.379 0.628 1.561
v -1.475 0.628 1.561
v -1.547 0.628 1.489
v -1.547 0.628 1.393
v -1.475 0.628 1.321
usemtl IvyDark
s off
f 4276 4275 4274 4273 4272 4271 4270 4269
f 4277 4278 4279 4280 4281 4282 4283 4284
f 4269 4270 4278 4277
f 4270 4271 4279 4278
f 4271 4272 4280 4279
f 4272 4273 4281 4280
f 4273 4274 4282 4281
f 4274 4275 4283 4282
f 4275 4276 4284 4283
f 4276 4269 4277 4284
o Ivy
v -1.525 0.64 1.366
v -1.477 0.64 1.414
v -1.477 0.64 1.478
v -1.525 0.64 1.526
v -1.589 0.64 1.526
v -1.637 0.64 1.478
v -1.637 0.64 1.414
v -1.589 0.64 1.366
v -1.525 0.752 1.366
v -1.477 0.752 1.414
v -1.477 0.752 1.478
v -1.525 0.752 1.526
v -1.589 0.752 1.526
v -1.637 0.752 1.478
v -1.637 0.752 1.414
v -1.589 0.752 1.366
usemtl Ivy
s off
f 4292 4291 4290 4289 4288 4287 4286 4285
f 4293 4294 4295 4296 4297 4298 4299 4300
f 4285 4286 4294 4293
f 4286 4287 4295 4294
f 4287 4288 4296 4295
f 4288 4289 4297 4296
f 4289 4290 4298 4297
f 4290 4291 4299 4298
f 4291 4292 4300 4299
f 4292 4285 4293 4300
o Ivy
v -1.47 0.82 1.467
v -1.41 0.82 1.527
v -1.41 0.82 1.607
v -1.47 0.82 1.667
v -1.55 0.82 1.667
v -1.61 0.82 1.607
v -1.61 0.82 1.527
v -1.55 0.82 1.467
v -1.47 0.96 1.467
v -1.41 0.96 1.527
v -1.41 0.96 1.607
v -1.47 0.96 1.667
v -1.55 0.96 1.667
v -1.61 0.96 1.607
v -1.61 0.96 1.527
v -1.55 0.96 1.467
usemtl IvyDark
s off
f 4308 4307 4306 4305 4304 4303 4302 4301
f 4309 4310 4311 4312 4313 4314 4315 4316
f 4301 4302 4310 4309
f 4302 4303 4311 4310
f 4303 4304 4312 4311
f 4304 4305 4313 4312
f 4305 4306 4314 4313
f 4306 4307 4315 4314
f 4307 4308 4316 4315
f 4308 4301 4309 4316
o Ivy
v -1.362 1 1.364
v -1.29 1 1.436
v -1.29 1 1.532
v -1.362 1 1.604
v -1.458 1 1.604
v -1.53 1 1.532
v -1.53 1 1.436
v -1.458 1 1.364
v -1.362 1.168 1.364
v -1.29 1.168 1.436
v -1.29 1.168 1.532
v -1.362 1.168 1.604
v -1.458 1.168 1.604
v -1.53 1.168 1.532
v -1.53 1.168 1.436
v -1.458 1.168 1.364
usemtl Ivy
s off
f 4324 4323 4322 4321 4320 4319 4318 4317
f 4325 4326 4327 4328 4329 4330 4331 4332
f 4317 4318 4326 4325
f 4318 4319 4327 4326
f 4319 4320 4328 4327
f 4320 4321 4329 4328
f 4321 4322 4330 4329
f 4322 4323 4331 4330
f 4323 4324 4332 4331
f 4324 4317 4325 4332
o Ivy
v -1.489 1.18 1.336
v -1.441 1.18 1.384
v -1.441 1.18 1.448
v -1.489 1.18 1.496
v -1.553 1.18 1.496
v -1.601 1.18 1.448
v -1.601 1.18 1.384
v -1.553 1.18 1.336
v -1.489 1.292 1.336
v -1.441 1.292 1.384
v -1.441 1.292 1.448
v -1.489 1.292 1.496
v -1.553 1.292 1.496
v -1.601 1.292 1.448
v -1.601 1.292 1.384
v -1.553 1.292 1.336
usemtl IvyDark
s off
f 4340 4339 4338 4337 4336 4335 4334 4333
f 4341 4342 4343 4344 4345 4346 4347 4348
f 4333 4334 4342 4341
f 4334 4335 4343 4342
f 4335 4336 4344 4343
f 4336 4337 4345 4344
f 4337 4338 4346 4345
f 4338 4339 4347 4346
f 4339 4340 4348 4347
f 4340 4333 4341 4348
o Ivy
v -1.509 1.36 1.444
v -1.449 1.36 1.504
v -1.449 1.36 1.584
v -1.509 1.36 1.644
v -1.589 1.36 1.644
v -1.649 1.36 1.584
v -1.649 1.36 1.504
v -1.589 1.36 1.444
v -1.509 1.5 1.444
v -1.449 1.5 1.504
v -1.449 1.5 1.584
v -1.509 1.5 1.644
v -1.589 1.5 1.644
v -1.649 1.5 1.584
v -1.649 1.5 1.504
v -1.589 1.5 1.444
usemtl Ivy
s off
f 4356 4355 4354 4353 4352 4351 4350 4349
f 4357 4358 4359 4360 4361 4362 4363 4364
f 4349 4350 4358 4357
f 4350 4351 4359 4358
f 4351 4352 4360 4359
f 4352 4353 4361 4360
f 4353 4354 4362 4361
f 4354 4355 4363 4362
f 4355 4356 4364 4363
f 4356 4349 4357 4364
o Ivy
v -1.372 1.54 1.409
v -1.3 1.54 1.481
v -1.3 1.54 1.577
v -1.372 1.54 1.649
v -1.468 1.54 1.649
v -1.54 1.54 1.577
v -1.54 1.54 1.481
v -1.468 1.54 1.409
v -1.372 1.708 1.409
v -1.3 1.708 1.481
v -1.3 1.708 1.577
v -1.372 1.708 1.649
v -1.468 1.708 1.649
v -1.54 1.708 1.577
v -1.54 1.708 1.481
v -1.468 1.708 1.409
usemtl IvyDark
s off
f 4372 4371 4370 4369 4368 4367 4366 4365
f 4373 4374 4375 4376 4377 4378 4379 4380
f 4365 4366 4374 4373
f 4366 4367 4375 4374
f 4367 4368 4376 4375
f 4368 4369 4377 4376
f 4369 4370 4378 4377
f 4370 4371 4379 4378
f 4371 4372 4380 4379
f 4372 4365 4373 4380
o Ivy
v -1.444 1.72 1.331
v -1.396 1.72 1.379
v -1.396 1.72 1.443
v -1.444 1.72 1.491
v -1.508 1.72 1.491
v -1.556 1.72 1.443
v -1.556 1.72 1.379
v -1.508 1.72 1.331
v -1.444 1.832 1.331
v -1.396 1.832 1.379
v -1.396 1.832 1.443
v -1.444 1.832 1.491
v -1.508 1.832 1.491
v -1.556 1.832 1.443
v -1.556 1.832 1.379
v -1.508 1.832 1.331
usemtl Ivy
s off
f 4388 4387 4386 4385 4384 4383 4382 4381
f 4389 4390 4391 4392 4393 4394 4395 4396
f 4381 4382 4390 4389
f 4382 4383 4391 4390
f 4383 4384 4392 4391
f 4384 4385 4393 4392
f 4385 4386 4394 4393
f 4386 4387 4395 4394
f 4387 4388 4396 4395
f 4388 4381 4389 4396
o Ivy
v -1.529 1.9 1.402
v -1.469 1.9 1.462
v -1.469 1.9 1.542
v -1.529 1.9 1.602
v -1.609 1.9 1.602
v -1.669 1.9 1.542
v -1.669 1.9 1.462
v -1.609 1.9 1.402
v -1.529 2.04 1.402
v -1.469 2.04 1.462
v -1.469 2.04 1.542
v -1.529 2.04 1.602
v -1.609 2.04 1.602
v -1.669 2.04 1.542
v -1.669 2.04 1.462
v -1.609 2.04 1.402
usemtl IvyDark
s off
f 4404 4403 4402 4401 4400 4399 4398 4397
f 4405 4406 4407 4408 4409 4410 4411 4412
f 4397 4398 4406 4405
f 4398 4399 4407 4406
f 4399 4400 4408 4407
f 4400 4401 4409 4408
f 4401 4402 4410 4409
f 4402 4403 4411 4410
f 4403 4404 4412 4411
f 4404 4397 4405 4412
o Ivy
v -1.405 2.08 1.441
v -1.333 2.08 1.513
v -1.333 2.08 1.609
v -1.405 2.08 1.681
v -1.501 2.08 1.681
v -1.573 2.08 1.609
v -1.573 2.08 1.513
v -1.501 2.08 1.441
v -1.405 2.248 1.441
v -1.333 2.248 1.513
v -1.333 2.248 1.609
v -1.405 2.248 1.681
v -1.501 2.248 1.681
v -1.573 2.248 1.609
v -1.573 2.248 1.513
v -1.501 2.248 1.441
usemtl Ivy
s off
f 4420 4419 4418 4417 4416 4415 4414 4413
f 4421 4422 4423 4424 4425 4426 4427 4428
f 4413 4414 4422 4421
f 4414 4415 4423 4422
f 4415 4416 4424 4423
f 4416 4417 4425 4424
f 4417 4418 4426 4425
f 4418 4419 4427 4426
f 4419 4420 4428 4427
f 4420 4413 4421 4428
o Ivy
v -1.403 2.26 1.352
v -1.355 2.26 1.4
v -1.355 2.26 1.464
v -1.403 2.26 1.512
v -1.467 2.26 1.512
v -1.515 2.26 1.464
v -1.515 2.26 1.4
v -1.467 2.26 1.352
v -1.403 2.372 1.352
v -1.355 2.372 1.4
v -1.355 2.372 1.464
v -1.403 2.372 1.512
v -1.467 2.372 1.512
v -1.515 2.372 1.464
v -1.515 2.372 1.4
v -1.467 2.372 1.352
usemtl IvyDark
s off
f 4436 4435 4434 4433 4432 4431 4430 4429
f 4437 4438 4439 4440 4441 4442 4443 4444
f 4429 4430 4438 4437
f 4430 4431 4439 4438
f 4431 4432 4440 4439
f 4432 4433 4441 4440
f 4433 4434 4442 4441
f 4434 4435 4443 4442
f 4435 4436 4444 4443
f 4436 4429 4437 4444
o Ivy
v -1.523 2.44 1.356
v -1.463 2.44 1.416
v -1.463 2.44 1.496
v -1.523 2.44 1.556
v -1.603 2.44 1.556
v -1.663 2.44 1.496
v -1.663 2.44 1.416
v -1.603 2.44 1.356
v -1.523 2.58 1.356
v -1.463 2.58 1.416
v -1.463 2.58 1.496
v -1.523 2.58 1.556
v -1.603 2.58 1.556
v -1.663 2.58 1.496
v -1.663 2.58 1.416
v -1.603 2.58 1.356
usemtl Ivy
s off
f 4452 4451 4450 4449 4448 4447 4446 4445
f 4453 4454 4455 4456 4457 4458 4459 4460
f 4445 4446 4454 4453
f 4446 4447 4455 4454
f 4447 4448 4456 4455
f 4448 4449 4457 4456
f 4449 4450 4458 4457
f 4450 4451 4459 4458
f 4451 4452 4460 4459
f 4452 4445 4453 4460
o Entry
v -2 0 -0.4
v -2 0 -0.35
v -2.05 0 -0.35
v -2.05 0 -0.4
v -2 0.05 -0.4
v -2 0.05 -0.35
v -2.05 0.05 -0.35
v -2.05 0.05 -0.4
usemtl Soot
s off
f 4464 4463 4462 4461
f 4465 4466 4467 4468
f 4461 4462 4466 4465
f 4462 4463 4467 4466
f 4463 4464 4468 4467
f 4464 4461 4465 4468
