# mill_3.obj - Muehle fuer procedurally-generated-map
# Einheiten: Meter (1 Tile = 5 m, Tueren 2.1 m, ein Dorfbewohner 1.75 m), Y oben,
# Vorderseite nach +Z - so wie Blender ein Modell exportiert, das in der
# Vorderansicht zum Betrachter schaut.
# Die Objekte Sails.* drehen sich im Spiel um ihre Mitte (die Nabe), Blickachse
# nach vorn. Material Paint (Band und Wappen) bekommt die Gebaeudefarbe aus dem Spiel.
# Das Objekt Entry markiert den Eingang und wird nicht gezeichnet.
mtllib mill_3.mtl
o Ground
v -1.1 0 -1.9
v -2.2 0 -0.875
v -2.2 0 1.175
v -1.1 0 2.2
v 1.1 0 2.2
v 2.2 0 1.175
v 2.2 0 -0.875
v 1.1 0 -1.9
v -1.1 0.03 -1.9
v -2.2 0.03 -0.875
v -2.2 0.03 1.175
v -1.1 0.03 2.2
v 1.1 0.03 2.2
v 2.2 0.03 1.175
v 2.2 0.03 -0.875
v 1.1 0.03 -1.9
usemtl Dirt
s off
f 8 7 6 5 4 3 2 1
f 9 10 11 12 13 14 15 16
f 1 2 10 9
f 2 3 11 10
f 3 4 12 11
f 4 5 13 12
f 5 6 14 13
f 6 7 15 14
f 7 8 16 15
f 8 1 9 16
o Base
v -1.55 0 -1.55
v -1.55 0 1.55
v 1.55 0 1.55
v 1.55 0 -1.55
v -1.55 0.6 -1.55
v -1.55 0.6 1.55
v 1.55 0.6 1.55
v 1.55 0.6 -1.55
usemtl Stone
s off
f 20 19 18 17
f 21 22 23 24
f 17 18 22 21
f 18 19 23 22
f 19 20 24 23
f 20 17 21 24
o Base.Stone
v -1.33 0.08 1.55
v -1.33 0.08 1.59
v -0.88 0.08 1.59
v -0.88 0.08 1.55
v -1.33 0.5 1.55
v -1.33 0.5 1.59
v -0.88 0.5 1.59
v -0.88 0.5 1.55
usemtl StoneLight
s off
f 28 27 26 25
f 29 30 31 32
f 25 26 30 29
f 26 27 31 30
f 27 28 32 31
f 28 25 29 32
o Base.Stone
v -0.73 0.2 1.55
v -0.73 0.2 1.59
v -0.28 0.2 1.59
v -0.28 0.2 1.55
v -0.73 0.5 1.55
v -0.73 0.5 1.59
v -0.28 0.5 1.59
v -0.28 0.5 1.55
usemtl StoneDark
s off
f 36 35 34 33
f 37 38 39 40
f 33 34 38 37
f 34 35 39 38
f 35 36 40 39
f 36 33 37 40
o Base.Stone
v -0.13 0.08 1.55
v -0.13 0.08 1.59
v 0.32 0.08 1.59
v 0.32 0.08 1.55
v -0.13 0.5 1.55
v -0.13 0.5 1.59
v 0.32 0.5 1.59
v 0.32 0.5 1.55
usemtl StoneLight
s off
f 44 43 42 41
f 45 46 47 48
f 41 42 46 45
f 42 43 47 46
f 43 44 48 47
f 44 41 45 48
o Base.Stone
v 0.47 0.2 1.55
v 0.47 0.2 1.59
v 0.92 0.2 1.59
v 0.92 0.2 1.55
v 0.47 0.5 1.55
v 0.47 0.5 1.59
v 0.92 0.5 1.59
v 0.92 0.5 1.55
usemtl StoneDark
s off
f 52 51 50 49
f 53 54 55 56
f 49 50 54 53
f 50 51 55 54
f 51 52 56 55
f 52 49 53 56
o Base.Stone
v 1.07 0.08 1.55
v 1.07 0.08 1.59
v 1.52 0.08 1.59
v 1.52 0.08 1.55
v 1.07 0.5 1.55
v 1.07 0.5 1.59
v 1.52 0.5 1.59
v 1.52 0.5 1.55
usemtl StoneLight
s off
f 60 59 58 57
f 61 62 63 64
f 57 58 62 61
f 58 59 63 62
f 59 60 64 63
f 60 57 61 64
o Base.Stone
v 0.88 0.08 -1.59
v 0.88 0.08 -1.55
v 1.33 0.08 -1.55
v 1.33 0.08 -1.59
v 0.88 0.5 -1.59
v 0.88 0.5 -1.55
v 1.33 0.5 -1.55
v 1.33 0.5 -1.59
usemtl StoneLight
s off
f 68 67 66 65
f 69 70 71 72
f 65 66 70 69
f 66 67 71 70
f 67 68 72 71
f 68 65 69 72
o Base.Stone
v 0.28 0.2 -1.59
v 0.28 0.2 -1.55
v 0.73 0.2 -1.55
v 0.73 0.2 -1.59
v 0.28 0.5 -1.59
v 0.28 0.5 -1.55
v 0.73 0.5 -1.55
v 0.73 0.5 -1.59
usemtl StoneDark
s off
f 76 75 74 73
f 77 78 79 80
f 73 74 78 77
f 74 75 79 78
f 75 76 80 79
f 76 73 77 80
o Base.Stone
v -0.32 0.08 -1.59
v -0.32 0.08 -1.55
v 0.13 0.08 -1.55
v 0.13 0.08 -1.59
v -0.32 0.5 -1.59
v -0.32 0.5 -1.55
v 0.13 0.5 -1.55
v 0.13 0.5 -1.59
usemtl StoneLight
s off
f 84 83 82 81
f 85 86 87 88
f 81 82 86 85
f 82 83 87 86
f 83 84 88 87
f 84 81 85 88
o Base.Stone
v -0.92 0.2 -1.59
v -0.92 0.2 -1.55
v -0.47 0.2 -1.55
v -0.47 0.2 -1.59
v -0.92 0.5 -1.59
v -0.92 0.5 -1.55
v -0.47 0.5 -1.55
v -0.47 0.5 -1.59
usemtl StoneDark
s off
f 92 91 90 89
f 93 94 95 96
f 89 90 94 93
f 90 91 95 94
f 91 92 96 95
f 92 89 93 96
o Base.Stone
v -1.52 0.08 -1.59
v -1.52 0.08 -1.55
v -1.07 0.08 -1.55
v -1.07 0.08 -1.59
v -1.52 0.5 -1.59
v -1.52 0.5 -1.55
v -1.07 0.5 -1.55
v -1.07 0.5 -1.59
usemtl StoneLight
s off
f 100 99 98 97
f 101 102 103 104
f 97 98 102 101
f 98 99 103 102
f 99 100 104 103
f 100 97 101 104
o Base.Stone
v -1.59 0.08 -1.33
v -1.59 0.08 -0.88
v -1.55 0.08 -0.88
v -1.55 0.08 -1.33
v -1.59 0.5 -1.33
v -1.59 0.5 -0.88
v -1.55 0.5 -0.88
v -1.55 0.5 -1.33
usemtl StoneLight
s off
f 108 107 106 105
f 109 110 111 112
f 105 106 110 109
f 106 107 111 110
f 107 108 112 111
f 108 105 109 112
o Base.Stone
v -1.59 0.2 -0.73
v -1.59 0.2 -0.28
v -1.55 0.2 -0.28
v -1.55 0.2 -0.73
v -1.59 0.5 -0.73
v -1.59 0.5 -0.28
v -1.55 0.5 -0.28
v -1.55 0.5 -0.73
usemtl StoneDark
s off
f 116 115 114 113
f 117 118 119 120
f 113 114 118 117
f 114 115 119 118
f 115 116 120 119
f 116 113 117 120
o Base.Stone
v -1.59 0.08 -0.13
v -1.59 0.08 0.32
v -1.55 0.08 0.32
v -1.55 0.08 -0.13
v -1.59 0.5 -0.13
v -1.59 0.5 0.32
v -1.55 0.5 0.32
v -1.55 0.5 -0.13
usemtl StoneLight
s off
f 124 123 122 121
f 125 126 127 128
f 121 122 126 125
f 122 123 127 126
f 123 124 128 127
f 124 121 125 128
o Base.Stone
v -1.59 0.2 0.47
v -1.59 0.2 0.92
v -1.55 0.2 0.92
v -1.55 0.2 0.47
v -1.59 0.5 0.47
v -1.59 0.5 0.92
v -1.55 0.5 0.92
v -1.55 0.5 0.47
usemtl StoneDark
s off
f 132 131 130 129
f 133 134 135 136
f 129 130 134 133
f 130 131 135 134
f 131 132 136 135
f 132 129 133 136
o Base.Stone
v -1.59 0.08 1.07
v -1.59 0.08 1.52
v -1.55 0.08 1.52
v -1.55 0.08 1.07
v -1.59 0.5 1.07
v -1.59 0.5 1.52
v -1.55 0.5 1.52
v -1.55 0.5 1.07
usemtl StoneLight
s off
f 140 139 138 137
f 141 142 143 144
f 137 138 142 141
f 138 139 143 142
f 139 140 144 143
f 140 137 141 144
o Base.Stone
v 1.55 0.08 0.88
v 1.55 0.08 1.33
v 1.59 0.08 1.33
v 1.59 0.08 0.88
v 1.55 0.5 0.88
v 1.55 0.5 1.33
v 1.59 0.5 1.33
v 1.59 0.5 0.88
usemtl StoneLight
s off
f 148 147 146 145
f 149 150 151 152
f 145 146 150 149
f 146 147 151 150
f 147 148 152 151
f 148 145 149 152
o Base.Stone
v 1.55 0.2 0.28
v 1.55 0.2 0.73
v 1.59 0.2 0.73
v 1.59 0.2 0.28
v 1.55 0.5 0.28
v 1.55 0.5 0.73
v 1.59 0.5 0.73
v 1.59 0.5 0.28
usemtl StoneDark
s off
f 156 155 154 153
f 157 158 159 160
f 153 154 158 157
f 154 155 159 158
f 155 156 160 159
f 156 153 157 160
o Base.Stone
v 1.55 0.08 -0.32
v 1.55 0.08 0.13
v 1.59 0.08 0.13
v 1.59 0.08 -0.32
v 1.55 0.5 -0.32
v 1.55 0.5 0.13
v 1.59 0.5 0.13
v 1.59 0.5 -0.32
usemtl StoneLight
s off
f 164 163 162 161
f 165 166 167 168
f 161 162 166 165
f 162 163 167 166
f 163 164 168 167
f 164 161 165 168
o Base.Stone
v 1.55 0.2 -0.92
v 1.55 0.2 -0.47
v 1.59 0.2 -0.47
v 1.59 0.2 -0.92
v 1.55 0.5 -0.92
v 1.55 0.5 -0.47
v 1.59 0.5 -0.47
v 1.59 0.5 -0.92
usemtl StoneDark
s off
f 172 171 170 169
f 173 174 175 176
f 169 170 174 173
f 170 171 175 174
f 171 172 176 175
f 172 169 173 176
o Base.Stone
v 1.55 0.08 -1.52
v 1.55 0.08 -1.07
v 1.59 0.08 -1.07
v 1.59 0.08 -1.52
v 1.55 0.5 -1.52
v 1.55 0.5 -1.07
v 1.59 0.5 -1.07
v 1.59 0.5 -1.52
usemtl StoneLight
s off
f 180 179 178 177
f 181 182 183 184
f 177 178 182 181
f 178 179 183 182
f 179 180 184 183
f 180 177 181 184
o Walls
v -1.45 0.6 -1.45
v -1.45 0.6 1.45
v 1.45 0.6 1.45
v 1.45 0.6 -1.45
v -1.45 3.3 -1.45
v -1.45 3.3 1.45
v 1.45 3.3 1.45
v 1.45 3.3 -1.45
usemtl PlasterGrey
s off
f 188 187 186 185
f 189 190 191 192
f 185 186 190 189
f 186 187 191 190
f 187 188 192 191
f 188 185 189 192
o Timber.Post
v -1.53 0.6 1.45
v -1.53 0.6 1.51
v -1.37 0.6 1.51
v -1.37 0.6 1.45
v -1.53 3.3 1.45
v -1.53 3.3 1.51
v -1.37 3.3 1.51
v -1.37 3.3 1.45
usemtl Timber
s off
f 196 195 194 193
f 197 198 199 200
f 193 194 198 197
f 194 195 199 198
f 195 196 200 199
f 196 193 197 200
o Timber.Post
v -0.08 0.6 1.45
v -0.08 0.6 1.51
v 0.08 0.6 1.51
v 0.08 0.6 1.45
v -0.08 3.3 1.45
v -0.08 3.3 1.51
v 0.08 3.3 1.51
v 0.08 3.3 1.45
usemtl Timber
s off
f 204 203 202 201
f 205 206 207 208
f 201 202 206 205
f 202 203 207 206
f 203 204 208 207
f 204 201 205 208
o Timber.Post
v 1.37 0.6 1.45
v 1.37 0.6 1.51
v 1.53 0.6 1.51
v 1.53 0.6 1.45
v 1.37 3.3 1.45
v 1.37 3.3 1.51
v 1.53 3.3 1.51
v 1.53 3.3 1.45
usemtl Timber
s off
f 212 211 210 209
f 213 214 215 216
f 209 210 214 213
f 210 211 215 214
f 211 212 216 215
f 212 209 213 216
o Timber.Sill
v -1.45 0.6 1.45
v -1.45 0.6 1.51
v 1.45 0.6 1.51
v 1.45 0.6 1.45
v -1.45 0.72 1.45
v -1.45 0.72 1.51
v 1.45 0.72 1.51
v 1.45 0.72 1.45
usemtl Timber
s off
f 220 219 218 217
f 221 222 223 224
f 217 218 222 221
f 218 219 223 222
f 219 220 224 223
f 220 217 221 224
o Timber.Rail
v -1.45 1.95 1.45
v -1.45 1.95 1.51
v 1.45 1.95 1.51
v 1.45 1.95 1.45
v -1.45 2.05 1.45
v -1.45 2.05 1.51
v 1.45 2.05 1.51
v 1.45 2.05 1.45
usemtl Timber
s off
f 228 227 226 225
f 229 230 231 232
f 225 226 230 229
f 226 227 231 230
f 227 228 232 231
f 228 225 229 232
o Timber.Post
v 1.37 0.6 -1.51
v 1.37 0.6 -1.45
v 1.53 0.6 -1.45
v 1.53 0.6 -1.51
v 1.37 3.3 -1.51
v 1.37 3.3 -1.45
v 1.53 3.3 -1.45
v 1.53 3.3 -1.51
usemtl Timber
s off
f 236 235 234 233
f 237 238 239 240
f 233 234 238 237
f 234 235 239 238
f 235 236 240 239
f 236 233 237 240
o Timber.Post
v -0.08 0.6 -1.51
v -0.08 0.6 -1.45
v 0.08 0.6 -1.45
v 0.08 0.6 -1.51
v -0.08 3.3 -1.51
v -0.08 3.3 -1.45
v 0.08 3.3 -1.45
v 0.08 3.3 -1.51
usemtl Timber
s off
f 244 243 242 241
f 245 246 247 248
f 241 242 246 245
f 242 243 247 246
f 243 244 248 247
f 244 241 245 248
o Timber.Post
v -1.53 0.6 -1.51
v -1.53 0.6 -1.45
v -1.37 0.6 -1.45
v -1.37 0.6 -1.51
v -1.53 3.3 -1.51
v -1.53 3.3 -1.45
v -1.37 3.3 -1.45
v -1.37 3.3 -1.51
usemtl Timber
s off
f 252 251 250 249
f 253 254 255 256
f 249 250 254 253
f 250 251 255 254
f 251 252 256 255
f 252 249 253 256
o Timber.Sill
v -1.45 0.6 -1.51
v -1.45 0.6 -1.45
v 1.45 0.6 -1.45
v 1.45 0.6 -1.51
v -1.45 0.72 -1.51
v -1.45 0.72 -1.45
v 1.45 0.72 -1.45
v 1.45 0.72 -1.51
usemtl Timber
s off
f 260 259 258 257
f 261 262 263 264
f 257 258 262 261
f 258 259 263 262
f 259 260 264 263
f 260 257 261 264
o Timber.Rail
v -1.45 1.95 -1.51
v -1.45 1.95 -1.45
v 1.45 1.95 -1.45
v 1.45 1.95 -1.51
v -1.45 2.05 -1.51
v -1.45 2.05 -1.45
v 1.45 2.05 -1.45
v 1.45 2.05 -1.51
usemtl Timber
s off
f 268 267 266 265
f 269 270 271 272
f 265 266 270 269
f 266 267 271 270
f 267 268 272 271
f 268 265 269 272
o Timber.Post
v -1.51 0.6 -1.53
v -1.51 0.6 -1.37
v -1.45 0.6 -1.37
v -1.45 0.6 -1.53
v -1.51 3.3 -1.53
v -1.51 3.3 -1.37
v -1.45 3.3 -1.37
v -1.45 3.3 -1.53
usemtl Timber
s off
f 276 275 274 273
f 277 278 279 280
f 273 274 278 277
f 274 275 279 278
f 275 276 280 279
f 276 273 277 280
o Timber.Post
v -1.51 0.6 -0.08
v -1.51 0.6 0.08
v -1.45 0.6 0.08
v -1.45 0.6 -0.08
v -1.51 3.3 -0.08
v -1.51 3.3 0.08
v -1.45 3.3 0.08
v -1.45 3.3 -0.08
usemtl Timber
s off
f 284 283 282 281
f 285 286 287 288
f 281 282 286 285
f 282 283 287 286
f 283 284 288 287
f 284 281 285 288
o Timber.Post
v -1.51 0.6 1.37
v -1.51 0.6 1.53
v -1.45 0.6 1.53
v -1.45 0.6 1.37
v -1.51 3.3 1.37
v -1.51 3.3 1.53
v -1.45 3.3 1.53
v -1.45 3.3 1.37
usemtl Timber
s off
f 292 291 290 289
f 293 294 295 296
f 289 290 294 293
f 290 291 295 294
f 291 292 296 295
f 292 289 293 296
o Timber.Sill
v -1.51 0.6 -1.45
v -1.51 0.6 1.45
v -1.45 0.6 1.45
v -1.45 0.6 -1.45
v -1.51 0.72 -1.45
v -1.51 0.72 1.45
v -1.45 0.72 1.45
v -1.45 0.72 -1.45
usemtl Timber
s off
f 300 299 298 297
f 301 302 303 304
f 297 298 302 301
f 298 299 303 302
f 299 300 304 303
f 300 297 301 304
o Timber.Rail
v -1.51 1.95 -1.45
v -1.51 1.95 1.45
v -1.45 1.95 1.45
v -1.45 1.95 -1.45
v -1.51 2.05 -1.45
v -1.51 2.05 1.45
v -1.45 2.05 1.45
v -1.45 2.05 -1.45
usemtl Timber
s off
f 308 307 306 305
f 309 310 311 312
f 305 306 310 309
f 306 307 311 310
f 307 308 312 311
f 308 305 309 312
o Timber.Post
v 1.45 0.6 1.37
v 1.45 0.6 1.53
v 1.51 0.6 1.53
v 1.51 0.6 1.37
v 1.45 3.3 1.37
v 1.45 3.3 1.53
v 1.51 3.3 1.53
v 1.51 3.3 1.37
usemtl Timber
s off
f 316 315 314 313
f 317 318 319 320
f 313 314 318 317
f 314 315 319 318
f 315 316 320 319
f 316 313 317 320
o Timber.Post
v 1.45 0.6 -0.08
v 1.45 0.6 0.08
v 1.51 0.6 0.08
v 1.51 0.6 -0.08
v 1.45 3.3 -0.08
v 1.45 3.3 0.08
v 1.51 3.3 0.08
v 1.51 3.3 -0.08
usemtl Timber
s off
f 324 323 322 321
f 325 326 327 328
f 321 322 326 325
f 322 323 327 326
f 323 324 328 327
f 324 321 325 328
o Timber.Post
v 1.45 0.6 -1.53
v 1.45 0.6 -1.37
v 1.51 0.6 -1.37
v 1.51 0.6 -1.53
v 1.45 3.3 -1.53
v 1.45 3.3 -1.37
v 1.51 3.3 -1.37
v 1.51 3.3 -1.53
usemtl Timber
s off
f 332 331 330 329
f 333 334 335 336
f 329 330 334 333
f 330 331 335 334
f 331 332 336 335
f 332 329 333 336
o Timber.Sill
v 1.45 0.6 -1.45
v 1.45 0.6 1.45
v 1.51 0.6 1.45
v 1.51 0.6 -1.45
v 1.45 0.72 -1.45
v 1.45 0.72 1.45
v 1.51 0.72 1.45
v 1.51 0.72 -1.45
usemtl Timber
s off
f 340 339 338 337
f 341 342 343 344
f 337 338 342 341
f 338 339 343 342
f 339 340 344 343
f 340 337 341 344
o Timber.Rail
v 1.45 1.95 -1.45
v 1.45 1.95 1.45
v 1.51 1.95 1.45
v 1.51 1.95 -1.45
v 1.45 2.05 -1.45
v 1.45 2.05 1.45
v 1.51 2.05 1.45
v 1.51 2.05 -1.45
usemtl Timber
s off
f 348 347 346 345
f 349 350 351 352
f 345 346 350 349
f 346 347 351 350
f 347 348 352 351
f 348 345 349 352
o Timber.Brace
v -1.404 2.086 1.53
v -1.404 2.086 1.43
v -1.336 2.014 1.43
v -1.336 2.014 1.53
v -0.134 3.286 1.53
v -0.134 3.286 1.43
v -0.066 3.214 1.43
v -0.066 3.214 1.53
usemtl Timber
s off
f 356 355 354 353
f 357 358 359 360
f 353 354 358 357
f 354 355 359 358
f 355 356 360 359
f 356 353 357 360
o Timber.Brace
v -1.404 2.086 -1.43
v -1.404 2.086 -1.53
v -1.336 2.014 -1.53
v -1.336 2.014 -1.43
v -0.134 3.286 -1.43
v -0.134 3.286 -1.53
v -0.066 3.214 -1.53
v -0.066 3.214 -1.43
usemtl Timber
s off
f 364 363 362 361
f 365 366 367 368
f 361 362 366 365
f 362 363 367 366
f 363 364 368 367
f 364 361 365 368
o Timber.Brace
v 1.43 2.086 -1.404
v 1.53 2.086 -1.404
v 1.53 2.014 -1.336
v 1.43 2.014 -1.336
v 1.43 3.286 -0.134
v 1.53 3.286 -0.134
v 1.53 3.214 -0.066
v 1.43 3.214 -0.066
usemtl Timber
s off
f 372 371 370 369
f 373 374 375 376
f 369 370 374 373
f 370 371 375 374
f 371 372 376 375
f 372 369 373 376
o Timber.Brace
v -1.53 2.086 -1.404
v -1.43 2.086 -1.404
v -1.43 2.014 -1.336
v -1.53 2.014 -1.336
v -1.53 3.286 -0.134
v -1.43 3.286 -0.134
v -1.43 3.214 -0.066
v -1.53 3.214 -0.066
usemtl Timber
s off
f 380 379 378 377
f 381 382 383 384
f 377 378 382 381
f 378 379 383 382
f 379 380 384 383
f 380 377 381 384
o Timber.Brace
v 1.404 2.086 1.43
v 1.404 2.086 1.53
v 1.336 2.014 1.53
v 1.336 2.014 1.43
v 0.134 3.286 1.43
v 0.134 3.286 1.53
v 0.066 3.214 1.53
v 0.066 3.214 1.43
usemtl Timber
s off
f 388 387 386 385
f 389 390 391 392
f 385 386 390 389
f 386 387 391 390
f 387 388 392 391
f 388 385 389 392
o Timber.Brace
v 1.404 2.086 -1.53
v 1.404 2.086 -1.43
v 1.336 2.014 -1.43
v 1.336 2.014 -1.53
v 0.134 3.286 -1.53
v 0.134 3.286 -1.43
v 0.066 3.214 -1.43
v 0.066 3.214 -1.53
usemtl Timber
s off
f 396 395 394 393
f 397 398 399 400
f 393 394 398 397
f 394 395 399 398
f 395 396 400 399
f 396 393 397 400
o Timber.Brace
v 1.53 2.086 1.404
v 1.43 2.086 1.404
v 1.43 2.014 1.336
v 1.53 2.014 1.336
v 1.53 3.286 0.134
v 1.43 3.286 0.134
v 1.43 3.214 0.066
v 1.53 3.214 0.066
usemtl Timber
s off
f 404 403 402 401
f 405 406 407 408
f 401 402 406 405
f 402 403 407 406
f 403 404 408 407
f 404 401 405 408
o Timber.Brace
v -1.43 2.086 1.404
v -1.53 2.086 1.404
v -1.53 2.014 1.336
v -1.43 2.014 1.336
v -1.43 3.286 0.134
v -1.53 3.286 0.134
v -1.53 3.214 0.066
v -1.43 3.214 0.066
usemtl Timber
s off
f 412 411 410 409
f 413 414 415 416
f 409 410 414 413
f 410 411 415 414
f 411 412 416 415
f 412 409 413 416
o Band
v -1.59 3.3 -1.59
v -1.59 3.3 1.59
v 1.59 3.3 1.59
v 1.59 3.3 -1.59
v -1.59 3.5 -1.59
v -1.59 3.5 1.59
v 1.59 3.5 1.59
v 1.59 3.5 -1.59
usemtl Paint
s off
f 420 419 418 417
f 421 422 423 424
f 417 418 422 421
f 418 419 423 422
f 419 420 424 423
f 420 417 421 424
o Band.Edge
v -1.61 3.5 -1.61
v -1.61 3.5 1.61
v 1.61 3.5 1.61
v 1.61 3.5 -1.61
v -1.61 3.56 -1.61
v -1.61 3.56 1.61
v 1.61 3.56 1.61
v 1.61 3.56 -1.61
usemtl Timber
s off
f 428 427 426 425
f 429 430 431 432
f 425 426 430 429
f 426 427 431 430
f 427 428 432 431
f 428 425 429 432
o Upper
v -1.57 3.56 -1.57
v -1.57 3.56 1.57
v 1.57 3.56 1.57
v 1.57 3.56 -1.57
v -1.57 6.9 -1.57
v -1.57 6.9 1.57
v 1.57 6.9 1.57
v 1.57 6.9 -1.57
usemtl PlasterGrey
s off
f 436 435 434 433
f 437 438 439 440
f 433 434 438 437
f 434 435 439 438
f 435 436 440 439
f 436 433 437 440
o Timber.Post
v -1.64 3.56 1.57
v -1.64 3.56 1.63
v -1.5 3.56 1.63
v -1.5 3.56 1.57
v -1.64 6.9 1.57
v -1.64 6.9 1.63
v -1.5 6.9 1.63
v -1.5 6.9 1.57
usemtl Timber
s off
f 444 443 442 441
f 445 446 447 448
f 441 442 446 445
f 442 443 447 446
f 443 444 448 447
f 444 441 445 448
o Timber.Post
v -0.593 3.56 1.57
v -0.593 3.56 1.63
v -0.453 3.56 1.63
v -0.453 3.56 1.57
v -0.593 6.9 1.57
v -0.593 6.9 1.63
v -0.453 6.9 1.63
v -0.453 6.9 1.57
usemtl Timber
s off
f 452 451 450 449
f 453 454 455 456
f 449 450 454 453
f 450 451 455 454
f 451 452 456 455
f 452 449 453 456
o Timber.Post
v 0.453 3.56 1.57
v 0.453 3.56 1.63
v 0.593 3.56 1.63
v 0.593 3.56 1.57
v 0.453 6.9 1.57
v 0.453 6.9 1.63
v 0.593 6.9 1.63
v 0.593 6.9 1.57
usemtl Timber
s off
f 460 459 458 457
f 461 462 463 464
f 457 458 462 461
f 458 459 463 462
f 459 460 464 463
f 460 457 461 464
o Timber.Post
v 1.5 3.56 1.57
v 1.5 3.56 1.63
v 1.64 3.56 1.63
v 1.64 3.56 1.57
v 1.5 6.9 1.57
v 1.5 6.9 1.63
v 1.64 6.9 1.63
v 1.64 6.9 1.57
usemtl Timber
s off
f 468 467 466 465
f 469 470 471 472
f 465 466 470 469
f 466 467 471 470
f 467 468 472 471
f 468 465 469 472
o Timber.Rail
v -1.57 4.55 1.57
v -1.57 4.55 1.63
v 1.57 4.55 1.63
v 1.57 4.55 1.57
v -1.57 4.65 1.57
v -1.57 4.65 1.63
v 1.57 4.65 1.63
v 1.57 4.65 1.57
usemtl Timber
s off
f 476 475 474 473
f 477 478 479 480
f 473 474 478 477
f 474 475 479 478
f 475 476 480 479
f 476 473 477 480
o Timber.Rail
v -1.57 5.75 1.57
v -1.57 5.75 1.63
v 1.57 5.75 1.63
v 1.57 5.75 1.57
v -1.57 5.85 1.57
v -1.57 5.85 1.63
v 1.57 5.85 1.63
v 1.57 5.85 1.57
usemtl Timber
s off
f 484 483 482 481
f 485 486 487 488
f 481 482 486 485
f 482 483 487 486
f 483 484 488 487
f 484 481 485 488
o Timber.Plate
v -1.61 6.76 1.57
v -1.61 6.76 1.64
v 1.61 6.76 1.64
v 1.61 6.76 1.57
v -1.61 6.9 1.57
v -1.61 6.9 1.64
v 1.61 6.9 1.64
v 1.61 6.9 1.57
usemtl Timber
s off
f 492 491 490 489
f 493 494 495 496
f 489 490 494 493
f 490 491 495 494
f 491 492 496 495
f 492 489 493 496
o Timber.Post
v 1.5 3.56 -1.63
v 1.5 3.56 -1.57
v 1.64 3.56 -1.57
v 1.64 3.56 -1.63
v 1.5 6.9 -1.63
v 1.5 6.9 -1.57
v 1.64 6.9 -1.57
v 1.64 6.9 -1.63
usemtl Timber
s off
f 500 499 498 497
f 501 502 503 504
f 497 498 502 501
f 498 499 503 502
f 499 500 504 503
f 500 497 501 504
o Timber.Post
v 0.453 3.56 -1.63
v 0.453 3.56 -1.57
v 0.593 3.56 -1.57
v 0.593 3.56 -1.63
v 0.453 6.9 -1.63
v 0.453 6.9 -1.57
v 0.593 6.9 -1.57
v 0.593 6.9 -1.63
usemtl Timber
s off
f 508 507 506 505
f 509 510 511 512
f 505 506 510 509
f 506 507 511 510
f 507 508 512 511
f 508 505 509 512
o Timber.Post
v -0.593 3.56 -1.63
v -0.593 3.56 -1.57
v -0.453 3.56 -1.57
v -0.453 3.56 -1.63
v -0.593 6.9 -1.63
v -0.593 6.9 -1.57
v -0.453 6.9 -1.57
v -0.453 6.9 -1.63
usemtl Timber
s off
f 516 515 514 513
f 517 518 519 520
f 513 514 518 517
f 514 515 519 518
f 515 516 520 519
f 516 513 517 520
o Timber.Post
v -1.64 3.56 -1.63
v -1.64 3.56 -1.57
v -1.5 3.56 -1.57
v -1.5 3.56 -1.63
v -1.64 6.9 -1.63
v -1.64 6.9 -1.57
v -1.5 6.9 -1.57
v -1.5 6.9 -1.63
usemtl Timber
s off
f 524 523 522 521
f 525 526 527 528
f 521 522 526 525
f 522 523 527 526
f 523 524 528 527
f 524 521 525 528
o Timber.Rail
v -1.57 4.55 -1.63
v -1.57 4.55 -1.57
v 1.57 4.55 -1.57
v 1.57 4.55 -1.63
v -1.57 4.65 -1.63
v -1.57 4.65 -1.57
v 1.57 4.65 -1.57
v 1.57 4.65 -1.63
usemtl Timber
s off
f 532 531 530 529
f 533 534 535 536
f 529 530 534 533
f 530 531 535 534
f 531 532 536 535
f 532 529 533 536
o Timber.Rail
v -1.57 5.75 -1.63
v -1.57 5.75 -1.57
v 1.57 5.75 -1.57
v 1.57 5.75 -1.63
v -1.57 5.85 -1.63
v -1.57 5.85 -1.57
v 1.57 5.85 -1.57
v 1.57 5.85 -1.63
usemtl Timber
s off
f 540 539 538 537
f 541 542 543 544
f 537 538 542 541
f 538 539 543 542
f 539 540 544 543
f 540 537 541 544
o Timber.Plate
v -1.61 6.76 -1.64
v -1.61 6.76 -1.57
v 1.61 6.76 -1.57
v 1.61 6.76 -1.64
v -1.61 6.9 -1.64
v -1.61 6.9 -1.57
v 1.61 6.9 -1.57
v 1.61 6.9 -1.64
usemtl Timber
s off
f 548 547 546 545
f 549 550 551 552
f 545 546 550 549
f 546 547 551 550
f 547 548 552 551
f 548 545 549 552
o Timber.Post
v -1.63 3.56 -1.64
v -1.63 3.56 -1.5
v -1.57 3.56 -1.5
v -1.57 3.56 -1.64
v -1.63 6.9 -1.64
v -1.63 6.9 -1.5
v -1.57 6.9 -1.5
v -1.57 6.9 -1.64
usemtl Timber
s off
f 556 555 554 553
f 557 558 559 560
f 553 554 558 557
f 554 555 559 558
f 555 556 560 559
f 556 553 557 560
o Timber.Post
v -1.63 3.56 -0.593
v -1.63 3.56 -0.453
v -1.57 3.56 -0.453
v -1.57 3.56 -0.593
v -1.63 6.9 -0.593
v -1.63 6.9 -0.453
v -1.57 6.9 -0.453
v -1.57 6.9 -0.593
usemtl Timber
s off
f 564 563 562 561
f 565 566 567 568
f 561 562 566 565
f 562 563 567 566
f 563 564 568 567
f 564 561 565 568
o Timber.Post
v -1.63 3.56 0.453
v -1.63 3.56 0.593
v -1.57 3.56 0.593
v -1.57 3.56 0.453
v -1.63 6.9 0.453
v -1.63 6.9 0.593
v -1.57 6.9 0.593
v -1.57 6.9 0.453
usemtl Timber
s off
f 572 571 570 569
f 573 574 575 576
f 569 570 574 573
f 570 571 575 574
f 571 572 576 575
f 572 569 573 576
o Timber.Post
v -1.63 3.56 1.5
v -1.63 3.56 1.64
v -1.57 3.56 1.64
v -1.57 3.56 1.5
v -1.63 6.9 1.5
v -1.63 6.9 1.64
v -1.57 6.9 1.64
v -1.57 6.9 1.5
usemtl Timber
s off
f 580 579 578 577
f 581 582 583 584
f 577 578 582 581
f 578 579 583 582
f 579 580 584 583
f 580 577 581 584
o Timber.Rail
v -1.63 4.55 -1.57
v -1.63 4.55 1.57
v -1.57 4.55 1.57
v -1.57 4.55 -1.57
v -1.63 4.65 -1.57
v -1.63 4.65 1.57
v -1.57 4.65 1.57
v -1.57 4.65 -1.57
usemtl Timber
s off
f 588 587 586 585
f 589 590 591 592
f 585 586 590 589
f 586 587 591 590
f 587 588 592 591
f 588 585 589 592
o Timber.Rail
v -1.63 5.75 -1.57
v -1.63 5.75 1.57
v -1.57 5.75 1.57
v -1.57 5.75 -1.57
v -1.63 5.85 -1.57
v -1.63 5.85 1.57
v -1.57 5.85 1.57
v -1.57 5.85 -1.57
usemtl Timber
s off
f 596 595 594 593
f 597 598 599 600
f 593 594 598 597
f 594 595 599 598
f 595 596 600 599
f 596 593 597 600
o Timber.Plate
v -1.64 6.76 -1.61
v -1.64 6.76 1.61
v -1.57 6.76 1.61
v -1.57 6.76 -1.61
v -1.64 6.9 -1.61
v -1.64 6.9 1.61
v -1.57 6.9 1.61
v -1.57 6.9 -1.61
usemtl Timber
s off
f 604 603 602 601
f 605 606 607 608
f 601 602 606 605
f 602 603 607 606
f 603 604 608 607
f 604 601 605 608
o Timber.Post
v 1.57 3.56 1.5
v 1.57 3.56 1.64
v 1.63 3.56 1.64
v 1.63 3.56 1.5
v 1.57 6.9 1.5
v 1.57 6.9 1.64
v 1.63 6.9 1.64
v 1.63 6.9 1.5
usemtl Timber
s off
f 612 611 610 609
f 613 614 615 616
f 609 610 614 613
f 610 611 615 614
f 611 612 616 615
f 612 609 613 616
o Timber.Post
v 1.57 3.56 0.453
v 1.57 3.56 0.593
v 1.63 3.56 0.593
v 1.63 3.56 0.453
v 1.57 6.9 0.453
v 1.57 6.9 0.593
v 1.63 6.9 0.593
v 1.63 6.9 0.453
usemtl Timber
s off
f 620 619 618 617
f 621 622 623 624
f 617 618 622 621
f 618 619 623 622
f 619 620 624 623
f 620 617 621 624
o Timber.Post
v 1.57 3.56 -0.593
v 1.57 3.56 -0.453
v 1.63 3.56 -0.453
v 1.63 3.56 -0.593
v 1.57 6.9 -0.593
v 1.57 6.9 -0.453
v 1.63 6.9 -0.453
v 1.63 6.9 -0.593
usemtl Timber
s off
f 628 627 626 625
f 629 630 631 632
f 625 626 630 629
f 626 627 631 630
f 627 628 632 631
f 628 625 629 632
o Timber.Post
v 1.57 3.56 -1.64
v 1.57 3.56 -1.5
v 1.63 3.56 -1.5
v 1.63 3.56 -1.64
v 1.57 6.9 -1.64
v 1.57 6.9 -1.5
v 1.63 6.9 -1.5
v 1.63 6.9 -1.64
usemtl Timber
s off
f 636 635 634 633
f 637 638 639 640
f 633 634 638 637
f 634 635 639 638
f 635 636 640 639
f 636 633 637 640
o Timber.Rail
v 1.57 4.55 -1.57
v 1.57 4.55 1.57
v 1.63 4.55 1.57
v 1.63 4.55 -1.57
v 1.57 4.65 -1.57
v 1.57 4.65 1.57
v 1.63 4.65 1.57
v 1.63 4.65 -1.57
usemtl Timber
s off
f 644 643 642 641
f 645 646 647 648
f 641 642 646 645
f 642 643 647 646
f 643 644 648 647
f 644 641 645 648
o Timber.Rail
v 1.57 5.75 -1.57
v 1.57 5.75 1.57
v 1.63 5.75 1.57
v 1.63 5.75 -1.57
v 1.57 5.85 -1.57
v 1.57 5.85 1.57
v 1.63 5.85 1.57
v 1.63 5.85 -1.57
usemtl Timber
s off
f 652 651 650 649
f 653 654 655 656
f 649 650 654 653
f 650 651 655 654
f 651 652 656 655
f 652 649 653 656
o Timber.Plate
v 1.57 6.76 -1.61
v 1.57 6.76 1.61
v 1.64 6.76 1.61
v 1.64 6.76 -1.61
v 1.57 6.9 -1.61
v 1.57 6.9 1.61
v 1.64 6.9 1.61
v 1.64 6.9 -1.61
usemtl Timber
s off
f 660 659 658 657
f 661 662 663 664
f 657 658 662 661
f 658 659 663 662
f 659 660 664 663
f 660 657 661 664
o Window.Light
v -0.97 1.1 1.45
v -0.97 1.1 1.48
v -0.53 1.1 1.48
v -0.53 1.1 1.45
v -0.97 1.75 1.45
v -0.97 1.75 1.48
v -0.53 1.75 1.48
v -0.53 1.75 1.45
usemtl WindowLit
s off
f 668 667 666 665
f 669 670 671 672
f 665 666 670 669
f 666 667 671 670
f 667 668 672 671
f 668 665 669 672
o Window.Bar
v -0.77 1.1 1.48
v -0.77 1.1 1.51
v -0.73 1.1 1.51
v -0.73 1.1 1.48
v -0.77 1.75 1.48
v -0.77 1.75 1.51
v -0.73 1.75 1.51
v -0.73 1.75 1.48
usemtl Timber
s off
f 676 675 674 673
f 677 678 679 680
f 673 674 678 677
f 674 675 679 678
f 675 676 680 679
f 676 673 677 680
o Window.Sill
v -1.05 1.03 1.45
v -1.05 1.03 1.57
v -0.45 1.03 1.57
v -0.45 1.03 1.45
v -1.05 1.1 1.45
v -1.05 1.1 1.57
v -0.45 1.1 1.57
v -0.45 1.1 1.45
usemtl Timber
s off
f 684 683 682 681
f 685 686 687 688
f 681 682 686 685
f 682 683 687 686
f 683 684 688 687
f 684 681 685 688
o Window.Lintel
v -1.04 1.75 1.45
v -1.04 1.75 1.53
v -0.46 1.75 1.53
v -0.46 1.75 1.45
v -1.04 1.82 1.45
v -1.04 1.82 1.53
v -0.46 1.82 1.53
v -0.46 1.82 1.45
usemtl Timber
s off
f 692 691 690 689
f 693 694 695 696
f 689 690 694 693
f 690 691 695 694
f 691 692 696 695
f 692 689 693 696
o Window.Shutter
v -1.25 1.1 1.45
v -1.25 1.1 1.49
v -1.03 1.1 1.49
v -1.03 1.1 1.45
v -1.25 1.75 1.45
v -1.25 1.75 1.49
v -1.03 1.75 1.49
v -1.03 1.75 1.45
usemtl Wood
s off
f 700 699 698 697
f 701 702 703 704
f 697 698 702 701
f 698 699 703 702
f 699 700 704 703
f 700 697 701 704
o Window.Shutter.Band
v -1.25 1.2 1.49
v -1.25 1.2 1.505
v -1.03 1.2 1.505
v -1.03 1.2 1.49
v -1.25 1.24 1.49
v -1.25 1.24 1.505
v -1.03 1.24 1.505
v -1.03 1.24 1.49
usemtl Timber
s off
f 708 707 706 705
f 709 710 711 712
f 705 706 710 709
f 706 707 711 710
f 707 708 712 711
f 708 705 709 712
o Window.Shutter.Band
v -1.25 1.61 1.49
v -1.25 1.61 1.505
v -1.03 1.61 1.505
v -1.03 1.61 1.49
v -1.25 1.65 1.49
v -1.25 1.65 1.505
v -1.03 1.65 1.505
v -1.03 1.65 1.49
usemtl Timber
s off
f 716 715 714 713
f 717 718 719 720
f 713 714 718 717
f 714 715 719 718
f 715 716 720 719
f 716 713 717 720
o Window.Shutter
v -0.47 1.1 1.45
v -0.47 1.1 1.49
v -0.25 1.1 1.49
v -0.25 1.1 1.45
v -0.47 1.75 1.45
v -0.47 1.75 1.49
v -0.25 1.75 1.49
v -0.25 1.75 1.45
usemtl Wood
s off
f 724 723 722 721
f 725 726 727 728
f 721 722 726 725
f 722 723 727 726
f 723 724 728 727
f 724 721 725 728
o Window.Shutter.Band
v -0.47 1.2 1.49
v -0.47 1.2 1.505
v -0.25 1.2 1.505
v -0.25 1.2 1.49
v -0.47 1.24 1.49
v -0.47 1.24 1.505
v -0.25 1.24 1.505
v -0.25 1.24 1.49
usemtl Timber
s off
f 732 731 730 729
f 733 734 735 736
f 729 730 734 733
f 730 731 735 734
f 731 732 736 735
f 732 729 733 736
o Window.Shutter.Band
v -0.47 1.61 1.49
v -0.47 1.61 1.505
v -0.25 1.61 1.505
v -0.25 1.61 1.49
v -0.47 1.65 1.49
v -0.47 1.65 1.505
v -0.25 1.65 1.505
v -0.25 1.65 1.49
usemtl Timber
s off
f 740 739 738 737
f 741 742 743 744
f 737 738 742 741
f 738 739 743 742
f 739 740 744 743
f 740 737 741 744
o Window.Light
v -1.48 1.1 0.28
v -1.48 1.1 0.72
v -1.45 1.1 0.72
v -1.45 1.1 0.28
v -1.48 1.75 0.28
v -1.48 1.75 0.72
v -1.45 1.75 0.72
v -1.45 1.75 0.28
usemtl WindowLit
s off
f 748 747 746 745
f 749 750 751 752
f 745 746 750 749
f 746 747 751 750
f 747 748 752 751
f 748 745 749 752
o Window.Bar
v -1.51 1.1 0.48
v -1.51 1.1 0.52
v -1.48 1.1 0.52
v -1.48 1.1 0.48
v -1.51 1.75 0.48
v -1.51 1.75 0.52
v -1.48 1.75 0.52
v -1.48 1.75 0.48
usemtl Timber
s off
f 756 755 754 753
f 757 758 759 760
f 753 754 758 757
f 754 755 759 758
f 755 756 760 759
f 756 753 757 760
o Window.Sill
v -1.57 1.03 0.2
v -1.57 1.03 0.8
v -1.45 1.03 0.8
v -1.45 1.03 0.2
v -1.57 1.1 0.2
v -1.57 1.1 0.8
v -1.45 1.1 0.8
v -1.45 1.1 0.2
usemtl Timber
s off
f 764 763 762 761
f 765 766 767 768
f 761 762 766 765
f 762 763 767 766
f 763 764 768 767
f 764 761 765 768
o Window.Lintel
v -1.53 1.75 0.21
v -1.53 1.75 0.79
v -1.45 1.75 0.79
v -1.45 1.75 0.21
v -1.53 1.82 0.21
v -1.53 1.82 0.79
v -1.45 1.82 0.79
v -1.45 1.82 0.21
usemtl Timber
s off
f 772 771 770 769
f 773 774 775 776
f 769 770 774 773
f 770 771 775 774
f 771 772 776 775
f 772 769 773 776
o Window.Shutter
v -1.49 1.1 0
v -1.49 1.1 0.22
v -1.45 1.1 0.22
v -1.45 1.1 0
v -1.49 1.75 0
v -1.49 1.75 0.22
v -1.45 1.75 0.22
v -1.45 1.75 0
usemtl Wood
s off
f 780 779 778 777
f 781 782 783 784
f 777 778 782 781
f 778 779 783 782
f 779 780 784 783
f 780 777 781 784
o Window.Shutter.Band
v -1.505 1.2 0
v -1.505 1.2 0.22
v -1.49 1.2 0.22
v -1.49 1.2 0
v -1.505 1.24 0
v -1.505 1.24 0.22
v -1.49 1.24 0.22
v -1.49 1.24 0
usemtl Timber
s off
f 788 787 786 785
f 789 790 791 792
f 785 786 790 789
f 786 787 791 790
f 787 788 792 791
f 788 785 789 792
o Window.Shutter.Band
v -1.505 1.61 0
v -1.505 1.61 0.22
v -1.49 1.61 0.22
v -1.49 1.61 0
v -1.505 1.65 0
v -1.505 1.65 0.22
v -1.49 1.65 0.22
v -1.49 1.65 0
usemtl Timber
s off
f 796 795 794 793
f 797 798 799 800
f 793 794 798 797
f 794 795 799 798
f 795 796 800 799
f 796 793 797 800
o Window.Shutter
v -1.49 1.1 0.78
v -1.49 1.1 1
v -1.45 1.1 1
v -1.45 1.1 0.78
v -1.49 1.75 0.78
v -1.49 1.75 1
v -1.45 1.75 1
v -1.45 1.75 0.78
usemtl Wood
s off
f 804 803 802 801
f 805 806 807 808
f 801 802 806 805
f 802 803 807 806
f 803 804 808 807
f 804 801 805 808
o Window.Shutter.Band
v -1.505 1.2 0.78
v -1.505 1.2 1
v -1.49 1.2 1
v -1.49 1.2 0.78
v -1.505 1.24 0.78
v -1.505 1.24 1
v -1.49 1.24 1
v -1.49 1.24 0.78
usemtl Timber
s off
f 812 811 810 809
f 813 814 815 816
f 809 810 814 813
f 810 811 815 814
f 811 812 816 815
f 812 809 813 816
o Window.Shutter.Band
v -1.505 1.61 0.78
v -1.505 1.61 1
v -1.49 1.61 1
v -1.49 1.61 0.78
v -1.505 1.65 0.78
v -1.505 1.65 1
v -1.49 1.65 1
v -1.49 1.65 0.78
usemtl Timber
s off
f 820 819 818 817
f 821 822 823 824
f 817 818 822 821
f 818 819 823 822
f 819 820 824 823
f 820 817 821 824
o Window.Light
v -0.22 1.1 -1.48
v -0.22 1.1 -1.45
v 0.22 1.1 -1.45
v 0.22 1.1 -1.48
v -0.22 1.75 -1.48
v -0.22 1.75 -1.45
v 0.22 1.75 -1.45
v 0.22 1.75 -1.48
usemtl WindowLit
s off
f 828 827 826 825
f 829 830 831 832
f 825 826 830 829
f 826 827 831 830
f 827 828 832 831
f 828 825 829 832
o Window.Bar
v -0.02 1.1 -1.51
v -0.02 1.1 -1.48
v 0.02 1.1 -1.48
v 0.02 1.1 -1.51
v -0.02 1.75 -1.51
v -0.02 1.75 -1.48
v 0.02 1.75 -1.48
v 0.02 1.75 -1.51
usemtl Timber
s off
f 836 835 834 833
f 837 838 839 840
f 833 834 838 837
f 834 835 839 838
f 835 836 840 839
f 836 833 837 840
o Window.Sill
v -0.3 1.03 -1.57
v -0.3 1.03 -1.45
v 0.3 1.03 -1.45
v 0.3 1.03 -1.57
v -0.3 1.1 -1.57
v -0.3 1.1 -1.45
v 0.3 1.1 -1.45
v 0.3 1.1 -1.57
usemtl Timber
s off
f 844 843 842 841
f 845 846 847 848
f 841 842 846 845
f 842 843 847 846
f 843 844 848 847
f 844 841 845 848
o Window.Lintel
v -0.29 1.75 -1.53
v -0.29 1.75 -1.45
v 0.29 1.75 -1.45
v 0.29 1.75 -1.53
v -0.29 1.82 -1.53
v -0.29 1.82 -1.45
v 0.29 1.82 -1.45
v 0.29 1.82 -1.53
usemtl Timber
s off
f 852 851 850 849
f 853 854 855 856
f 849 850 854 853
f 850 851 855 854
f 851 852 856 855
f 852 849 853 856
o Window.Shutter
v 0.28 1.1 -1.49
v 0.28 1.1 -1.45
v 0.5 1.1 -1.45
v 0.5 1.1 -1.49
v 0.28 1.75 -1.49
v 0.28 1.75 -1.45
v 0.5 1.75 -1.45
v 0.5 1.75 -1.49
usemtl Wood
s off
f 860 859 858 857
f 861 862 863 864
f 857 858 862 861
f 858 859 863 862
f 859 860 864 863
f 860 857 861 864
o Window.Shutter.Band
v 0.28 1.2 -1.505
v 0.28 1.2 -1.49
v 0.5 1.2 -1.49
v 0.5 1.2 -1.505
v 0.28 1.24 -1.505
v 0.28 1.24 -1.49
v 0.5 1.24 -1.49
v 0.5 1.24 -1.505
usemtl Timber
s off
f 868 867 866 865
f 869 870 871 872
f 865 866 870 869
f 866 867 871 870
f 867 868 872 871
f 868 865 869 872
o Window.Shutter.Band
v 0.28 1.61 -1.505
v 0.28 1.61 -1.49
v 0.5 1.61 -1.49
v 0.5 1.61 -1.505
v 0.28 1.65 -1.505
v 0.28 1.65 -1.49
v 0.5 1.65 -1.49
v 0.5 1.65 -1.505
usemtl Timber
s off
f 876 875 874 873
f 877 878 879 880
f 873 874 878 877
f 874 875 879 878
f 875 876 880 879
f 876 873 877 880
o Window.Shutter
v -0.5 1.1 -1.49
v -0.5 1.1 -1.45
v -0.28 1.1 -1.45
v -0.28 1.1 -1.49
v -0.5 1.75 -1.49
v -0.5 1.75 -1.45
v -0.28 1.75 -1.45
v -0.28 1.75 -1.49
usemtl Wood
s off
f 884 883 882 881
f 885 886 887 888
f 881 882 886 885
f 882 883 887 886
f 883 884 888 887
f 884 881 885 888
o Window.Shutter.Band
v -0.5 1.2 -1.505
v -0.5 1.2 -1.49
v -0.28 1.2 -1.49
v -0.28 1.2 -1.505
v -0.5 1.24 -1.505
v -0.5 1.24 -1.49
v -0.28 1.24 -1.49
v -0.28 1.24 -1.505
usemtl Timber
s off
f 892 891 890 889
f 893 894 895 896
f 889 890 894 893
f 890 891 895 894
f 891 892 896 895
f 892 889 893 896
o Window.Shutter.Band
v -0.5 1.61 -1.505
v -0.5 1.61 -1.49
v -0.28 1.61 -1.49
v -0.28 1.61 -1.505
v -0.5 1.65 -1.505
v -0.5 1.65 -1.49
v -0.28 1.65 -1.49
v -0.28 1.65 -1.505
usemtl Timber
s off
f 900 899 898 897
f 901 902 903 904
f 897 898 902 901
f 898 899 903 902
f 899 900 904 903
f 900 897 901 904
o Window.Light
v 1.57 3.8 0.34
v 1.57 3.8 0.76
v 1.6 3.8 0.76
v 1.6 3.8 0.34
v 1.57 4.4 0.34
v 1.57 4.4 0.76
v 1.6 4.4 0.76
v 1.6 4.4 0.34
usemtl WindowLit
s off
f 908 907 906 905
f 909 910 911 912
f 905 906 910 909
f 906 907 911 910
f 907 908 912 911
f 908 905 909 912
o Window.Bar
v 1.6 3.8 0.53
v 1.6 3.8 0.57
v 1.63 3.8 0.57
v 1.63 3.8 0.53
v 1.6 4.4 0.53
v 1.6 4.4 0.57
v 1.63 4.4 0.57
v 1.63 4.4 0.53
usemtl Timber
s off
f 916 915 914 913
f 917 918 919 920
f 913 914 918 917
f 914 915 919 918
f 915 916 920 919
f 916 913 917 920
o Window.Sill
v 1.57 3.73 0.26
v 1.57 3.73 0.84
v 1.69 3.73 0.84
v 1.69 3.73 0.26
v 1.57 3.8 0.26
v 1.57 3.8 0.84
v 1.69 3.8 0.84
v 1.69 3.8 0.26
usemtl Timber
s off
f 924 923 922 921
f 925 926 927 928
f 921 922 926 925
f 922 923 927 926
f 923 924 928 927
f 924 921 925 928
o Window.Lintel
v 1.57 4.4 0.27
v 1.57 4.4 0.83
v 1.65 4.4 0.83
v 1.65 4.4 0.27
v 1.57 4.47 0.27
v 1.57 4.47 0.83
v 1.65 4.47 0.83
v 1.65 4.47 0.27
usemtl Timber
s off
f 932 931 930 929
f 933 934 935 936
f 929 930 934 933
f 930 931 935 934
f 931 932 936 935
f 932 929 933 936
o Window.Shutter
v 1.57 3.8 0.82
v 1.57 3.8 1.03
v 1.61 3.8 1.03
v 1.61 3.8 0.82
v 1.57 4.4 0.82
v 1.57 4.4 1.03
v 1.61 4.4 1.03
v 1.61 4.4 0.82
usemtl Wood
s off
f 940 939 938 937
f 941 942 943 944
f 937 938 942 941
f 938 939 943 942
f 939 940 944 943
f 940 937 941 944
o Window.Shutter.Band
v 1.61 3.9 0.82
v 1.61 3.9 1.03
v 1.625 3.9 1.03
v 1.625 3.9 0.82
v 1.61 3.94 0.82
v 1.61 3.94 1.03
v 1.625 3.94 1.03
v 1.625 3.94 0.82
usemtl Timber
s off
f 948 947 946 945
f 949 950 951 952
f 945 946 950 949
f 946 947 951 950
f 947 948 952 951
f 948 945 949 952
o Window.Shutter.Band
v 1.61 4.26 0.82
v 1.61 4.26 1.03
v 1.625 4.26 1.03
v 1.625 4.26 0.82
v 1.61 4.3 0.82
v 1.61 4.3 1.03
v 1.625 4.3 1.03
v 1.625 4.3 0.82
usemtl Timber
s off
f 956 955 954 953
f 957 958 959 960
f 953 954 958 957
f 954 955 959 958
f 955 956 960 959
f 956 953 957 960
o Window.Shutter
v 1.57 3.8 0.07
v 1.57 3.8 0.28
v 1.61 3.8 0.28
v 1.61 3.8 0.07
v 1.57 4.4 0.07
v 1.57 4.4 0.28
v 1.61 4.4 0.28
v 1.61 4.4 0.07
usemtl Wood
s off
f 964 963 962 961
f 965 966 967 968
f 961 962 966 965
f 962 963 967 966
f 963 964 968 967
f 964 961 965 968
o Window.Shutter.Band
v 1.61 3.9 0.07
v 1.61 3.9 0.28
v 1.625 3.9 0.28
v 1.625 3.9 0.07
v 1.61 3.94 0.07
v 1.61 3.94 0.28
v 1.625 3.94 0.28
v 1.625 3.94 0.07
usemtl Timber
s off
f 972 971 970 969
f 973 974 975 976
f 969 970 974 973
f 970 971 975 974
f 971 972 976 975
f 972 969 973 976
o Window.Shutter.Band
v 1.61 4.26 0.07
v 1.61 4.26 0.28
v 1.625 4.26 0.28
v 1.625 4.26 0.07
v 1.61 4.3 0.07
v 1.61 4.3 0.28
v 1.625 4.3 0.28
v 1.625 4.3 0.07
usemtl Timber
s off
f 980 979 978 977
f 981 982 983 984
f 977 978 982 981
f 978 979 983 982
f 979 980 984 983
f 980 977 981 984
o Window.Light
v -1.6 3.8 -0.21
v -1.6 3.8 0.21
v -1.57 3.8 0.21
v -1.57 3.8 -0.21
v -1.6 4.4 -0.21
v -1.6 4.4 0.21
v -1.57 4.4 0.21
v -1.57 4.4 -0.21
usemtl WindowLit
s off
f 988 987 986 985
f 989 990 991 992
f 985 986 990 989
f 986 987 991 990
f 987 988 992 991
f 988 985 989 992
o Window.Bar
v -1.63 3.8 -0.02
v -1.63 3.8 0.02
v -1.6 3.8 0.02
v -1.6 3.8 -0.02
v -1.63 4.4 -0.02
v -1.63 4.4 0.02
v -1.6 4.4 0.02
v -1.6 4.4 -0.02
usemtl Timber
s off
f 996 995 994 993
f 997 998 999 1000
f 993 994 998 997
f 994 995 999 998
f 995 996 1000 999
f 996 993 997 1000
o Window.Sill
v -1.69 3.73 -0.29
v -1.69 3.73 0.29
v -1.57 3.73 0.29
v -1.57 3.73 -0.29
v -1.69 3.8 -0.29
v -1.69 3.8 0.29
v -1.57 3.8 0.29
v -1.57 3.8 -0.29
usemtl Timber
s off
f 1004 1003 1002 1001
f 1005 1006 1007 1008
f 1001 1002 1006 1005
f 1002 1003 1007 1006
f 1003 1004 1008 1007
f 1004 1001 1005 1008
o Window.Lintel
v -1.65 4.4 -0.28
v -1.65 4.4 0.28
v -1.57 4.4 0.28
v -1.57 4.4 -0.28
v -1.65 4.47 -0.28
v -1.65 4.47 0.28
v -1.57 4.47 0.28
v -1.57 4.47 -0.28
usemtl Timber
s off
f 1012 1011 1010 1009
f 1013 1014 1015 1016
f 1009 1010 1014 1013
f 1010 1011 1015 1014
f 1011 1012 1016 1015
f 1012 1009 1013 1016
o Window.Shutter
v -1.61 3.8 -0.48
v -1.61 3.8 -0.27
v -1.57 3.8 -0.27
v -1.57 3.8 -0.48
v -1.61 4.4 -0.48
v -1.61 4.4 -0.27
v -1.57 4.4 -0.27
v -1.57 4.4 -0.48
usemtl Wood
s off
f 1020 1019 1018 1017
f 1021 1022 1023 1024
f 1017 1018 1022 1021
f 1018 1019 1023 1022
f 1019 1020 1024 1023
f 1020 1017 1021 1024
o Window.Shutter.Band
v -1.625 3.9 -0.48
v -1.625 3.9 -0.27
v -1.61 3.9 -0.27
v -1.61 3.9 -0.48
v -1.625 3.94 -0.48
v -1.625 3.94 -0.27
v -1.61 3.94 -0.27
v -1.61 3.94 -0.48
usemtl Timber
s off
f 1028 1027 1026 1025
f 1029 1030 1031 1032
f 1025 1026 1030 1029
f 1026 1027 1031 1030
f 1027 1028 1032 1031
f 1028 1025 1029 1032
o Window.Shutter.Band
v -1.625 4.26 -0.48
v -1.625 4.26 -0.27
v -1.61 4.26 -0.27
v -1.61 4.26 -0.48
v -1.625 4.3 -0.48
v -1.625 4.3 -0.27
v -1.61 4.3 -0.27
v -1.61 4.3 -0.48
usemtl Timber
s off
f 1036 1035 1034 1033
f 1037 1038 1039 1040
f 1033 1034 1038 1037
f 1034 1035 1039 1038
f 1035 1036 1040 1039
f 1036 1033 1037 1040
o Window.Shutter
v -1.61 3.8 0.27
v -1.61 3.8 0.48
v -1.57 3.8 0.48
v -1.57 3.8 0.27
v -1.61 4.4 0.27
v -1.61 4.4 0.48
v -1.57 4.4 0.48
v -1.57 4.4 0.27
usemtl Wood
s off
f 1044 1043 1042 1041
f 1045 1046 1047 1048
f 1041 1042 1046 1045
f 1042 1043 1047 1046
f 1043 1044 1048 1047
f 1044 1041 1045 1048
o Window.Shutter.Band
v -1.625 3.9 0.27
v -1.625 3.9 0.48
v -1.61 3.9 0.48
v -1.61 3.9 0.27
v -1.625 3.94 0.27
v -1.625 3.94 0.48
v -1.61 3.94 0.48
v -1.61 3.94 0.27
usemtl Timber
s off
f 1052 1051 1050 1049
f 1053 1054 1055 1056
f 1049 1050 1054 1053
f 1050 1051 1055 1054
f 1051 1052 1056 1055
f 1052 1049 1053 1056
o Window.Shutter.Band
v -1.625 4.26 0.27
v -1.625 4.26 0.48
v -1.61 4.26 0.48
v -1.61 4.26 0.27
v -1.625 4.3 0.27
v -1.625 4.3 0.48
v -1.61 4.3 0.48
v -1.61 4.3 0.27
usemtl Timber
s off
f 1060 1059 1058 1057
f 1061 1062 1063 1064
f 1057 1058 1062 1061
f 1058 1059 1063 1062
f 1059 1060 1064 1063
f 1060 1057 1061 1064
o Window.Light
v -0.21 3.8 -1.6
v -0.21 3.8 -1.57
v 0.21 3.8 -1.57
v 0.21 3.8 -1.6
v -0.21 4.4 -1.6
v -0.21 4.4 -1.57
v 0.21 4.4 -1.57
v 0.21 4.4 -1.6
usemtl WindowLit
s off
f 1068 1067 1066 1065
f 1069 1070 1071 1072
f 1065 1066 1070 1069
f 1066 1067 1071 1070
f 1067 1068 1072 1071
f 1068 1065 1069 1072
o Window.Bar
v -0.02 3.8 -1.63
v -0.02 3.8 -1.6
v 0.02 3.8 -1.6
v 0.02 3.8 -1.63
v -0.02 4.4 -1.63
v -0.02 4.4 -1.6
v 0.02 4.4 -1.6
v 0.02 4.4 -1.63
usemtl Timber
s off
f 1076 1075 1074 1073
f 1077 1078 1079 1080
f 1073 1074 1078 1077
f 1074 1075 1079 1078
f 1075 1076 1080 1079
f 1076 1073 1077 1080
o Window.Sill
v -0.29 3.73 -1.69
v -0.29 3.73 -1.57
v 0.29 3.73 -1.57
v 0.29 3.73 -1.69
v -0.29 3.8 -1.69
v -0.29 3.8 -1.57
v 0.29 3.8 -1.57
v 0.29 3.8 -1.69
usemtl Timber
s off
f 1084 1083 1082 1081
f 1085 1086 1087 1088
f 1081 1082 1086 1085
f 1082 1083 1087 1086
f 1083 1084 1088 1087
f 1084 1081 1085 1088
o Window.Lintel
v -0.28 4.4 -1.65
v -0.28 4.4 -1.57
v 0.28 4.4 -1.57
v 0.28 4.4 -1.65
v -0.28 4.47 -1.65
v -0.28 4.47 -1.57
v 0.28 4.47 -1.57
v 0.28 4.47 -1.65
usemtl Timber
s off
f 1092 1091 1090 1089
f 1093 1094 1095 1096
f 1089 1090 1094 1093
f 1090 1091 1095 1094
f 1091 1092 1096 1095
f 1092 1089 1093 1096
o Window.Shutter
v 0.27 3.8 -1.61
v 0.27 3.8 -1.57
v 0.48 3.8 -1.57
v 0.48 3.8 -1.61
v 0.27 4.4 -1.61
v 0.27 4.4 -1.57
v 0.48 4.4 -1.57
v 0.48 4.4 -1.61
usemtl Wood
s off
f 1100 1099 1098 1097
f 1101 1102 1103 1104
f 1097 1098 1102 1101
f 1098 1099 1103 1102
f 1099 1100 1104 1103
f 1100 1097 1101 1104
o Window.Shutter.Band
v 0.27 3.9 -1.625
v 0.27 3.9 -1.61
v 0.48 3.9 -1.61
v 0.48 3.9 -1.625
v 0.27 3.94 -1.625
v 0.27 3.94 -1.61
v 0.48 3.94 -1.61
v 0.48 3.94 -1.625
usemtl Timber
s off
f 1108 1107 1106 1105
f 1109 1110 1111 1112
f 1105 1106 1110 1109
f 1106 1107 1111 1110
f 1107 1108 1112 1111
f 1108 1105 1109 1112
o Window.Shutter.Band
v 0.27 4.26 -1.625
v 0.27 4.26 -1.61
v 0.48 4.26 -1.61
v 0.48 4.26 -1.625
v 0.27 4.3 -1.625
v 0.27 4.3 -1.61
v 0.48 4.3 -1.61
v 0.48 4.3 -1.625
usemtl Timber
s off
f 1116 1115 1114 1113
f 1117 1118 1119 1120
f 1113 1114 1118 1117
f 1114 1115 1119 1118
f 1115 1116 1120 1119
f 1116 1113 1117 1120
o Window.Shutter
v -0.48 3.8 -1.61
v -0.48 3.8 -1.57
v -0.27 3.8 -1.57
v -0.27 3.8 -1.61
v -0.48 4.4 -1.61
v -0.48 4.4 -1.57
v -0.27 4.4 -1.57
v -0.27 4.4 -1.61
usemtl Wood
s off
f 1124 1123 1122 1121
f 1125 1126 1127 1128
f 1121 1122 1126 1125
f 1122 1123 1127 1126
f 1123 1124 1128 1127
f 1124 1121 1125 1128
o Window.Shutter.Band
v -0.48 3.9 -1.625
v -0.48 3.9 -1.61
v -0.27 3.9 -1.61
v -0.27 3.9 -1.625
v -0.48 3.94 -1.625
v -0.48 3.94 -1.61
v -0.27 3.94 -1.61
v -0.27 3.94 -1.625
usemtl Timber
s off
f 1132 1131 1130 1129
f 1133 1134 1135 1136
f 1129 1130 1134 1133
f 1130 1131 1135 1134
f 1131 1132 1136 1135
f 1132 1129 1133 1136
o Window.Shutter.Band
v -0.48 4.26 -1.625
v -0.48 4.26 -1.61
v -0.27 4.26 -1.61
v -0.27 4.26 -1.625
v -0.48 4.3 -1.625
v -0.48 4.3 -1.61
v -0.27 4.3 -1.61
v -0.27 4.3 -1.625
usemtl Timber
s off
f 1140 1139 1138 1137
f 1141 1142 1143 1144
f 1137 1138 1142 1141
f 1138 1139 1143 1142
f 1139 1140 1144 1143
f 1140 1137 1141 1144
o Window.Light
v 0.56 4.85 1.57
v 0.56 4.85 1.6
v 0.94 4.85 1.6
v 0.94 4.85 1.57
v 0.56 5.45 1.57
v 0.56 5.45 1.6
v 0.94 5.45 1.6
v 0.94 5.45 1.57
usemtl WindowLit
s off
f 1148 1147 1146 1145
f 1149 1150 1151 1152
f 1145 1146 1150 1149
f 1146 1147 1151 1150
f 1147 1148 1152 1151
f 1148 1145 1149 1152
o Window.Bar
v 0.73 4.85 1.6
v 0.73 4.85 1.63
v 0.77 4.85 1.63
v 0.77 4.85 1.6
v 0.73 5.45 1.6
v 0.73 5.45 1.63
v 0.77 5.45 1.63
v 0.77 5.45 1.6
usemtl Timber
s off
f 1156 1155 1154 1153
f 1157 1158 1159 1160
f 1153 1154 1158 1157
f 1154 1155 1159 1158
f 1155 1156 1160 1159
f 1156 1153 1157 1160
o Window.Sill
v 0.48 4.78 1.57
v 0.48 4.78 1.69
v 1.02 4.78 1.69
v 1.02 4.78 1.57
v 0.48 4.85 1.57
v 0.48 4.85 1.69
v 1.02 4.85 1.69
v 1.02 4.85 1.57
usemtl Timber
s off
f 1164 1163 1162 1161
f 1165 1166 1167 1168
f 1161 1162 1166 1165
f 1162 1163 1167 1166
f 1163 1164 1168 1167
f 1164 1161 1165 1168
o Window.Lintel
v 0.49 5.45 1.57
v 0.49 5.45 1.65
v 1.01 5.45 1.65
v 1.01 5.45 1.57
v 0.49 5.52 1.57
v 0.49 5.52 1.65
v 1.01 5.52 1.65
v 1.01 5.52 1.57
usemtl Timber
s off
f 1172 1171 1170 1169
f 1173 1174 1175 1176
f 1169 1170 1174 1173
f 1170 1171 1175 1174
f 1171 1172 1176 1175
f 1172 1169 1173 1176
o Window.Shutter
v 0.31 4.85 1.57
v 0.31 4.85 1.61
v 0.5 4.85 1.61
v 0.5 4.85 1.57
v 0.31 5.45 1.57
v 0.31 5.45 1.61
v 0.5 5.45 1.61
v 0.5 5.45 1.57
usemtl Wood
s off
f 1180 1179 1178 1177
f 1181 1182 1183 1184
f 1177 1178 1182 1181
f 1178 1179 1183 1182
f 1179 1180 1184 1183
f 1180 1177 1181 1184
o Window.Shutter.Band
v 0.31 4.95 1.61
v 0.31 4.95 1.625
v 0.5 4.95 1.625
v 0.5 4.95 1.61
v 0.31 4.99 1.61
v 0.31 4.99 1.625
v 0.5 4.99 1.625
v 0.5 4.99 1.61
usemtl Timber
s off
f 1188 1187 1186 1185
f 1189 1190 1191 1192
f 1185 1186 1190 1189
f 1186 1187 1191 1190
f 1187 1188 1192 1191
f 1188 1185 1189 1192
o Window.Shutter.Band
v 0.31 5.31 1.61
v 0.31 5.31 1.625
v 0.5 5.31 1.625
v 0.5 5.31 1.61
v 0.31 5.35 1.61
v 0.31 5.35 1.625
v 0.5 5.35 1.625
v 0.5 5.35 1.61
usemtl Timber
s off
f 1196 1195 1194 1193
f 1197 1198 1199 1200
f 1193 1194 1198 1197
f 1194 1195 1199 1198
f 1195 1196 1200 1199
f 1196 1193 1197 1200
o Window.Shutter
v 1 4.85 1.57
v 1 4.85 1.61
v 1.19 4.85 1.61
v 1.19 4.85 1.57
v 1 5.45 1.57
v 1 5.45 1.61
v 1.19 5.45 1.61
v 1.19 5.45 1.57
usemtl Wood
s off
f 1204 1203 1202 1201
f 1205 1206 1207 1208
f 1201 1202 1206 1205
f 1202 1203 1207 1206
f 1203 1204 1208 1207
f 1204 1201 1205 1208
o Window.Shutter.Band
v 1 4.95 1.61
v 1 4.95 1.625
v 1.19 4.95 1.625
v 1.19 4.95 1.61
v 1 4.99 1.61
v 1 4.99 1.625
v 1.19 4.99 1.625
v 1.19 4.99 1.61
usemtl Timber
s off
f 1212 1211 1210 1209
f 1213 1214 1215 1216
f 1209 1210 1214 1213
f 1210 1211 1215 1214
f 1211 1212 1216 1215
f 1212 1209 1213 1216
o Window.Shutter.Band
v 1 5.31 1.61
v 1 5.31 1.625
v 1.19 5.31 1.625
v 1.19 5.31 1.61
v 1 5.35 1.61
v 1 5.35 1.625
v 1.19 5.35 1.625
v 1.19 5.35 1.61
usemtl Timber
s off
f 1220 1219 1218 1217
f 1221 1222 1223 1224
f 1217 1218 1222 1221
f 1218 1219 1223 1222
f 1219 1220 1224 1223
f 1220 1217 1221 1224
o Window.Light
v -1.6 6.05 -0.2
v -1.6 6.05 0.2
v -1.57 6.05 0.2
v -1.57 6.05 -0.2
v -1.6 6.6 -0.2
v -1.6 6.6 0.2
v -1.57 6.6 0.2
v -1.57 6.6 -0.2
usemtl WindowLit
s off
f 1228 1227 1226 1225
f 1229 1230 1231 1232
f 1225 1226 1230 1229
f 1226 1227 1231 1230
f 1227 1228 1232 1231
f 1228 1225 1229 1232
o Window.Bar
v -1.63 6.05 -0.02
v -1.63 6.05 0.02
v -1.6 6.05 0.02
v -1.6 6.05 -0.02
v -1.63 6.6 -0.02
v -1.63 6.6 0.02
v -1.6 6.6 0.02
v -1.6 6.6 -0.02
usemtl Timber
s off
f 1236 1235 1234 1233
f 1237 1238 1239 1240
f 1233 1234 1238 1237
f 1234 1235 1239 1238
f 1235 1236 1240 1239
f 1236 1233 1237 1240
o Window.Sill
v -1.69 5.98 -0.28
v -1.69 5.98 0.28
v -1.57 5.98 0.28
v -1.57 5.98 -0.28
v -1.69 6.05 -0.28
v -1.69 6.05 0.28
v -1.57 6.05 0.28
v -1.57 6.05 -0.28
usemtl Timber
s off
f 1244 1243 1242 1241
f 1245 1246 1247 1248
f 1241 1242 1246 1245
f 1242 1243 1247 1246
f 1243 1244 1248 1247
f 1244 1241 1245 1248
o Window.Lintel
v -1.65 6.6 -0.27
v -1.65 6.6 0.27
v -1.57 6.6 0.27
v -1.57 6.6 -0.27
v -1.65 6.67 -0.27
v -1.65 6.67 0.27
v -1.57 6.67 0.27
v -1.57 6.67 -0.27
usemtl Timber
s off
f 1252 1251 1250 1249
f 1253 1254 1255 1256
f 1249 1250 1254 1253
f 1250 1251 1255 1254
f 1251 1252 1256 1255
f 1252 1249 1253 1256
o Window.Shutter
v -1.61 6.05 -0.46
v -1.61 6.05 -0.26
v -1.57 6.05 -0.26
v -1.57 6.05 -0.46
v -1.61 6.6 -0.46
v -1.61 6.6 -0.26
v -1.57 6.6 -0.26
v -1.57 6.6 -0.46
usemtl Wood
s off
f 1260 1259 1258 1257
f 1261 1262 1263 1264
f 1257 1258 1262 1261
f 1258 1259 1263 1262
f 1259 1260 1264 1263
f 1260 1257 1261 1264
o Window.Shutter.Band
v -1.625 6.15 -0.46
v -1.625 6.15 -0.26
v -1.61 6.15 -0.26
v -1.61 6.15 -0.46
v -1.625 6.19 -0.46
v -1.625 6.19 -0.26
v -1.61 6.19 -0.26
v -1.61 6.19 -0.46
usemtl Timber
s off
f 1268 1267 1266 1265
f 1269 1270 1271 1272
f 1265 1266 1270 1269
f 1266 1267 1271 1270
f 1267 1268 1272 1271
f 1268 1265 1269 1272
o Window.Shutter.Band
v -1.625 6.46 -0.46
v -1.625 6.46 -0.26
v -1.61 6.46 -0.26
v -1.61 6.46 -0.46
v -1.625 6.5 -0.46
v -1.625 6.5 -0.26
v -1.61 6.5 -0.26
v -1.61 6.5 -0.46
usemtl Timber
s off
f 1276 1275 1274 1273
f 1277 1278 1279 1280
f 1273 1274 1278 1277
f 1274 1275 1279 1278
f 1275 1276 1280 1279
f 1276 1273 1277 1280
o Window.Shutter
v -1.61 6.05 0.26
v -1.61 6.05 0.46
v -1.57 6.05 0.46
v -1.57 6.05 0.26
v -1.61 6.6 0.26
v -1.61 6.6 0.46
v -1.57 6.6 0.46
v -1.57 6.6 0.26
usemtl Wood
s off
f 1284 1283 1282 1281
f 1285 1286 1287 1288
f 1281 1282 1286 1285
f 1282 1283 1287 1286
f 1283 1284 1288 1287
f 1284 1281 1285 1288
o Window.Shutter.Band
v -1.625 6.15 0.26
v -1.625 6.15 0.46
v -1.61 6.15 0.46
v -1.61 6.15 0.26
v -1.625 6.19 0.26
v -1.625 6.19 0.46
v -1.61 6.19 0.46
v -1.61 6.19 0.26
usemtl Timber
s off
f 1292 1291 1290 1289
f 1293 1294 1295 1296
f 1289 1290 1294 1293
f 1290 1291 1295 1294
f 1291 1292 1296 1295
f 1292 1289 1293 1296
o Window.Shutter.Band
v -1.625 6.46 0.26
v -1.625 6.46 0.46
v -1.61 6.46 0.46
v -1.61 6.46 0.26
v -1.625 6.5 0.26
v -1.625 6.5 0.46
v -1.61 6.5 0.46
v -1.61 6.5 0.26
usemtl Timber
s off
f 1300 1299 1298 1297
f 1301 1302 1303 1304
f 1297 1298 1302 1301
f 1298 1299 1303 1302
f 1299 1300 1304 1303
f 1300 1297 1301 1304
o Window.Light
v 1.57 6.05 -0.5
v 1.57 6.05 -0.1
v 1.6 6.05 -0.1
v 1.6 6.05 -0.5
v 1.57 6.6 -0.5
v 1.57 6.6 -0.1
v 1.6 6.6 -0.1
v 1.6 6.6 -0.5
usemtl WindowLit
s off
f 1308 1307 1306 1305
f 1309 1310 1311 1312
f 1305 1306 1310 1309
f 1306 1307 1311 1310
f 1307 1308 1312 1311
f 1308 1305 1309 1312
o Window.Bar
v 1.6 6.05 -0.32
v 1.6 6.05 -0.28
v 1.63 6.05 -0.28
v 1.63 6.05 -0.32
v 1.6 6.6 -0.32
v 1.6 6.6 -0.28
v 1.63 6.6 -0.28
v 1.63 6.6 -0.32
usemtl Timber
s off
f 1316 1315 1314 1313
f 1317 1318 1319 1320
f 1313 1314 1318 1317
f 1314 1315 1319 1318
f 1315 1316 1320 1319
f 1316 1313 1317 1320
o Window.Sill
v 1.57 5.98 -0.58
v 1.57 5.98 -0.02
v 1.69 5.98 -0.02
v 1.69 5.98 -0.58
v 1.57 6.05 -0.58
v 1.57 6.05 -0.02
v 1.69 6.05 -0.02
v 1.69 6.05 -0.58
usemtl Timber
s off
f 1324 1323 1322 1321
f 1325 1326 1327 1328
f 1321 1322 1326 1325
f 1322 1323 1327 1326
f 1323 1324 1328 1327
f 1324 1321 1325 1328
o Window.Lintel
v 1.57 6.6 -0.57
v 1.57 6.6 -0.03
v 1.65 6.6 -0.03
v 1.65 6.6 -0.57
v 1.57 6.67 -0.57
v 1.57 6.67 -0.03
v 1.65 6.67 -0.03
v 1.65 6.67 -0.57
usemtl Timber
s off
f 1332 1331 1330 1329
f 1333 1334 1335 1336
f 1329 1330 1334 1333
f 1330 1331 1335 1334
f 1331 1332 1336 1335
f 1332 1329 1333 1336
o Window.Shutter
v 1.57 6.05 -0.04
v 1.57 6.05 0.16
v 1.61 6.05 0.16
v 1.61 6.05 -0.04
v 1.57 6.6 -0.04
v 1.57 6.6 0.16
v 1.61 6.6 0.16
v 1.61 6.6 -0.04
usemtl Wood
s off
f 1340 1339 1338 1337
f 1341 1342 1343 1344
f 1337 1338 1342 1341
f 1338 1339 1343 1342
f 1339 1340 1344 1343
f 1340 1337 1341 1344
o Window.Shutter.Band
v 1.61 6.15 -0.04
v 1.61 6.15 0.16
v 1.625 6.15 0.16
v 1.625 6.15 -0.04
v 1.61 6.19 -0.04
v 1.61 6.19 0.16
v 1.625 6.19 0.16
v 1.625 6.19 -0.04
usemtl Timber
s off
f 1348 1347 1346 1345
f 1349 1350 1351 1352
f 1345 1346 1350 1349
f 1346 1347 1351 1350
f 1347 1348 1352 1351
f 1348 1345 1349 1352
o Window.Shutter.Band
v 1.61 6.46 -0.04
v 1.61 6.46 0.16
v 1.625 6.46 0.16
v 1.625 6.46 -0.04
v 1.61 6.5 -0.04
v 1.61 6.5 0.16
v 1.625 6.5 0.16
v 1.625 6.5 -0.04
usemtl Timber
s off
f 1356 1355 1354 1353
f 1357 1358 1359 1360
f 1353 1354 1358 1357
f 1354 1355 1359 1358
f 1355 1356 1360 1359
f 1356 1353 1357 1360
o Window.Shutter
v 1.57 6.05 -0.76
v 1.57 6.05 -0.56
v 1.61 6.05 -0.56
v 1.61 6.05 -0.76
v 1.57 6.6 -0.76
v 1.57 6.6 -0.56
v 1.61 6.6 -0.56
v 1.61 6.6 -0.76
usemtl Wood
s off
f 1364 1363 1362 1361
f 1365 1366 1367 1368
f 1361 1362 1366 1365
f 1362 1363 1367 1366
f 1363 1364 1368 1367
f 1364 1361 1365 1368
o Window.Shutter.Band
v 1.61 6.15 -0.76
v 1.61 6.15 -0.56
v 1.625 6.15 -0.56
v 1.625 6.15 -0.76
v 1.61 6.19 -0.76
v 1.61 6.19 -0.56
v 1.625 6.19 -0.56
v 1.625 6.19 -0.76
usemtl Timber
s off
f 1372 1371 1370 1369
f 1373 1374 1375 1376
f 1369 1370 1374 1373
f 1370 1371 1375 1374
f 1371 1372 1376 1375
f 1372 1369 1373 1376
o Window.Shutter.Band
v 1.61 6.46 -0.76
v 1.61 6.46 -0.56
v 1.625 6.46 -0.56
v 1.625 6.46 -0.76
v 1.61 6.5 -0.76
v 1.61 6.5 -0.56
v 1.625 6.5 -0.56
v 1.625 6.5 -0.76
usemtl Timber
s off
f 1380 1379 1378 1377
f 1381 1382 1383 1384
f 1377 1378 1382 1381
f 1378 1379 1383 1382
f 1379 1380 1384 1383
f 1380 1377 1381 1384
o Door
v 1.45 0.6 -0.775
v 1.45 0.6 0.075
v 1.51 0.6 0.075
v 1.51 0.6 -0.775
v 1.45 2.5 -0.775
v 1.45 2.5 0.075
v 1.51 2.5 0.075
v 1.51 2.5 -0.775
usemtl Wood
s off
f 1388 1387 1386 1385
f 1389 1390 1391 1392
f 1385 1386 1390 1389
f 1386 1387 1391 1390
f 1387 1388 1392 1391
f 1388 1385 1389 1392
o Door.Seam
v 1.51 0.64 -0.149
v 1.51 0.64 -0.125
v 1.518 0.64 -0.125
v 1.518 0.64 -0.149
v 1.51 2.46 -0.149
v 1.51 2.46 -0.125
v 1.518 2.46 -0.125
v 1.518 2.46 -0.149
usemtl WoodDark
s off
f 1396 1395 1394 1393
f 1397 1398 1399 1400
f 1393 1394 1398 1397
f 1394 1395 1399 1398
f 1395 1396 1400 1399
f 1396 1393 1397 1400
o Door.Seam
v 1.51 0.64 -0.362
v 1.51 0.64 -0.338
v 1.518 0.64 -0.338
v 1.518 0.64 -0.362
v 1.51 2.46 -0.362
v 1.51 2.46 -0.338
v 1.518 2.46 -0.338
v 1.518 2.46 -0.362
usemtl WoodDark
s off
f 1404 1403 1402 1401
f 1405 1406 1407 1408
f 1401 1402 1406 1405
f 1402 1403 1407 1406
f 1403 1404 1408 1407
f 1404 1401 1405 1408
o Door.Seam
v 1.51 0.64 -0.575
v 1.51 0.64 -0.55
v 1.518 0.64 -0.55
v 1.518 0.64 -0.575
v 1.51 2.46 -0.575
v 1.51 2.46 -0.55
v 1.518 2.46 -0.55
v 1.518 2.46 -0.575
usemtl WoodDark
s off
f 1412 1411 1410 1409
f 1413 1414 1415 1416
f 1409 1410 1414 1413
f 1410 1411 1415 1414
f 1411 1412 1416 1415
f 1412 1409 1413 1416
o Door.Hinge
v 1.51 0.95 -0.52
v 1.51 0.95 0.045
v 1.525 0.95 0.045
v 1.525 0.95 -0.52
v 1.51 1.01 -0.52
v 1.51 1.01 0.045
v 1.525 1.01 0.045
v 1.525 1.01 -0.52
usemtl Iron
s off
f 1420 1419 1418 1417
f 1421 1422 1423 1424
f 1417 1418 1422 1421
f 1418 1419 1423 1422
f 1419 1420 1424 1423
f 1420 1417 1421 1424
o Door.Hinge
v 1.51 2.05 -0.52
v 1.51 2.05 0.045
v 1.525 2.05 0.045
v 1.525 2.05 -0.52
v 1.51 2.11 -0.52
v 1.51 2.11 0.045
v 1.525 2.11 0.045
v 1.525 2.11 -0.52
usemtl Iron
s off
f 1428 1427 1426 1425
f 1429 1430 1431 1432
f 1425 1426 1430 1429
f 1426 1427 1431 1430
f 1427 1428 1432 1431
f 1428 1425 1429 1432
o Door.Handle
v 1.522 1.493 -0.675
v 1.51 1.493 -0.654
v 1.51 1.493 -0.626
v 1.522 1.493 -0.605
v 1.538 1.493 -0.605
v 1.55 1.493 -0.626
v 1.55 1.493 -0.654
v 1.538 1.493 -0.675
v 1.522 1.583 -0.675
v 1.51 1.583 -0.654
v 1.51 1.583 -0.626
v 1.522 1.583 -0.605
v 1.538 1.583 -0.605
v 1.55 1.583 -0.626
v 1.55 1.583 -0.654
v 1.538 1.583 -0.675
usemtl Iron
s off
f 1440 1439 1438 1437 1436 1435 1434 1433
f 1441 1442 1443 1444 1445 1446 1447 1448
f 1433 1434 1442 1441
f 1434 1435 1443 1442
f 1435 1436 1444 1443
f 1436 1437 1445 1444
f 1437 1438 1446 1445
f 1438 1439 1447 1446
f 1439 1440 1448 1447
f 1440 1433 1441 1448
o Door.Frame
v 1.45 0.6 0.075
v 1.45 0.6 0.205
v 1.54 0.6 0.205
v 1.54 0.6 0.075
v 1.45 2.65 0.075
v 1.45 2.65 0.205
v 1.54 2.65 0.205
v 1.54 2.65 0.075
usemtl Timber
s off
f 1452 1451 1450 1449
f 1453 1454 1455 1456
f 1449 1450 1454 1453
f 1450 1451 1455 1454
f 1451 1452 1456 1455
f 1452 1449 1453 1456
o Door.Frame
v 1.45 0.6 -0.905
v 1.45 0.6 -0.775
v 1.54 0.6 -0.775
v 1.54 0.6 -0.905
v 1.45 2.65 -0.905
v 1.45 2.65 -0.775
v 1.54 2.65 -0.775
v 1.54 2.65 -0.905
usemtl Timber
s off
f 1460 1459 1458 1457
f 1461 1462 1463 1464
f 1457 1458 1462 1461
f 1458 1459 1463 1462
f 1459 1460 1464 1463
f 1460 1457 1461 1464
o Door.Frame
v 1.45 2.5 -0.905
v 1.45 2.5 0.205
v 1.55 2.5 0.205
v 1.55 2.5 -0.905
v 1.45 2.65 -0.905
v 1.45 2.65 0.205
v 1.55 2.65 0.205
v 1.55 2.65 -0.905
usemtl Timber
s off
f 1468 1467 1466 1465
f 1469 1470 1471 1472
f 1465 1466 1470 1469
f 1466 1467 1471 1470
f 1467 1468 1472 1471
f 1468 1465 1469 1472
o Step
v 1.518 0 -0.9
v 1.47 0 -0.785
v 1.47 0 0.135
v 1.518 0 0.25
v 1.902 0 0.25
v 1.95 0 0.135
v 1.95 0 -0.785
v 1.902 0 -0.9
v 1.518 0.6 -0.9
v 1.47 0.6 -0.785
v 1.47 0.6 0.135
v 1.518 0.6 0.25
v 1.902 0.6 0.25
v 1.95 0.6 0.135
v 1.95 0.6 -0.785
v 1.902 0.6 -0.9
usemtl StoneLight
s off
f 1480 1479 1478 1477 1476 1475 1474 1473
f 1481 1482 1483 1484 1485 1486 1487 1488
f 1473 1474 1482 1481
f 1474 1475 1483 1482
f 1475 1476 1484 1483
f 1476 1477 1485 1484
f 1477 1478 1486 1485
f 1478 1479 1487 1486
f 1479 1480 1488 1487
f 1480 1473 1481 1488
o Step
v 1.47 0.3 -0.9
v 1.47 0.3 0.25
v 1.75 0.3 0.25
v 1.75 0.3 -0.9
v 1.47 0.6 -0.9
v 1.47 0.6 0.25
v 1.75 0.6 0.25
v 1.75 0.6 -0.9
usemtl StoneLight
s off
f 1492 1491 1490 1489
f 1493 1494 1495 1496
f 1489 1490 1494 1493
f 1490 1491 1495 1494
f 1491 1492 1496 1495
f 1492 1489 1493 1496
o Lantern
v 1.54 2.53 -0.92
v 1.54 2.53 -0.78
v 1.68 2.53 -0.78
v 1.68 2.53 -0.92
v 1.54 2.55 -0.92
v 1.54 2.55 -0.78
v 1.68 2.55 -0.78
v 1.68 2.55 -0.92
usemtl Iron
s off
f 1500 1499 1498 1497
f 1501 1502 1503 1504
f 1497 1498 1502 1501
f 1498 1499 1503 1502
f 1499 1500 1504 1503
f 1500 1497 1501 1504
o Lantern.Flame
v 1.56 2.55 -0.9
v 1.56 2.55 -0.8
v 1.66 2.55 -0.8
v 1.66 2.55 -0.9
v 1.56 2.69 -0.9
v 1.56 2.69 -0.8
v 1.66 2.69 -0.8
v 1.66 2.69 -0.9
usemtl Flame
s off
f 1508 1507 1506 1505
f 1509 1510 1511 1512
f 1505 1506 1510 1509
f 1506 1507 1511 1510
f 1507 1508 1512 1511
f 1508 1505 1509 1512
o Lantern.Cap
v 1.53 2.69 -0.93
v 1.53 2.69 -0.77
v 1.69 2.69 -0.77
v 1.69 2.69 -0.93
v 1.59 2.75 -0.87
v 1.59 2.75 -0.83
v 1.63 2.75 -0.83
v 1.63 2.75 -0.87
usemtl Iron
s off
f 1516 1515 1514 1513
f 1517 1518 1519 1520
f 1513 1514 1518 1517
f 1514 1515 1519 1518
f 1515 1516 1520 1519
f 1516 1513 1517 1520
o Lantern.Bracket
v 1.45 2.73 -0.87
v 1.45 2.73 -0.83
v 1.63 2.73 -0.83
v 1.63 2.73 -0.87
v 1.45 2.77 -0.87
v 1.45 2.77 -0.83
v 1.63 2.77 -0.83
v 1.63 2.77 -0.87
usemtl Iron
s off
f 1524 1523 1522 1521
f 1525 1526 1527 1528
f 1521 1522 1526 1525
f 1522 1523 1527 1526
f 1523 1524 1528 1527
f 1524 1521 1525 1528
o Shield
v 1.62 5.45 0.25
v 1.62 5.45 0.75
v 1.62 5.15 0.75
v 1.62 4.8 0.5
v 1.62 5.15 0.25
v 1.67 5.45 0.25
v 1.67 5.45 0.75
v 1.67 5.15 0.75
v 1.67 4.8 0.5
v 1.67 5.15 0.25
usemtl Paint
s off
f 1533 1532 1531 1530 1529
f 1534 1535 1536 1537 1538
f 1529 1530 1535 1534
f 1530 1531 1536 1535
f 1531 1532 1537 1536
f 1532 1533 1538 1537
f 1533 1529 1534 1538
o Shield.Stripe
v 1.64 5.436 0.314
v 1.71 5.436 0.314
v 1.71 5.384 0.266
v 1.64 5.384 0.266
v 1.64 5.046 0.734
v 1.71 5.046 0.734
v 1.71 4.994 0.686
v 1.64 4.994 0.686
usemtl Canvas
s off
f 1542 1541 1540 1539
f 1543 1544 1545 1546
f 1539 1540 1544 1543
f 1540 1541 1545 1544
f 1541 1542 1546 1545
f 1542 1539 1543 1546
o Roof
v 1.95 6.8 -1.92
v 1.706 7.075 -1.92
v 1.706 7.195 -1.92
v 1.95 6.992 -1.92
v 1.95 6.8 1.92
v 1.706 7.075 1.92
v 1.706 7.195 1.92
v 1.95 6.992 1.92
usemtl Shingle
s off
f 1550 1549 1548 1547
f 1551 1552 1553 1554
f 1547 1548 1552 1551
f 1548 1549 1553 1552
f 1549 1550 1554 1553
f 1550 1547 1551 1554
o Roof
v 1.706 7.075 -1.92
v 1.462 7.35 -1.92
v 1.462 7.47 -1.92
v 1.706 7.267 -1.92
v 1.706 7.075 1.92
v 1.462 7.35 1.92
v 1.462 7.47 1.92
v 1.706 7.267 1.92
usemtl Shingle
s off
f 1558 1557 1556 1555
f 1559 1560 1561 1562
f 1555 1556 1560 1559
f 1556 1557 1561 1560
f 1557 1558 1562 1561
f 1558 1555 1559 1562
o Roof
v 1.462 7.35 -1.92
v 1.219 7.625 -1.92
v 1.219 7.745 -1.92
v 1.462 7.542 -1.92
v 1.462 7.35 1.92
v 1.219 7.625 1.92
v 1.219 7.745 1.92
v 1.462 7.542 1.92
usemtl Shingle
s off
f 1566 1565 1564 1563
f 1567 1568 1569 1570
f 1563 1564 1568 1567
f 1564 1565 1569 1568
f 1565 1566 1570 1569
f 1566 1563 1567 1570
o Roof
v 1.219 7.625 -1.92
v 0.975 7.9 -1.92
v 0.975 8.02 -1.92
v 1.219 7.817 -1.92
v 1.219 7.625 1.92
v 0.975 7.9 1.92
v 0.975 8.02 1.92
v 1.219 7.817 1.92
usemtl Shingle
s off
f 1574 1573 1572 1571
f 1575 1576 1577 1578
f 1571 1572 1576 1575
f 1572 1573 1577 1576
f 1573 1574 1578 1577
f 1574 1571 1575 1578
o Roof
v 0.975 7.9 -1.92
v 0.731 8.175 -1.92
v 0.731 8.295 -1.92
v 0.975 8.092 -1.92
v 0.975 7.9 1.92
v 0.731 8.175 1.92
v 0.731 8.295 1.92
v 0.975 8.092 1.92
usemtl Shingle
s off
f 1582 1581 1580 1579
f 1583 1584 1585 1586
f 1579 1580 1584 1583
f 1580 1581 1585 1584
f 1581 1582 1586 1585
f 1582 1579 1583 1586
o Roof
v 0.731 8.175 -1.92
v 0.487 8.45 -1.92
v 0.487 8.57 -1.92
v 0.731 8.367 -1.92
v 0.731 8.175 1.92
v 0.487 8.45 1.92
v 0.487 8.57 1.92
v 0.731 8.367 1.92
usemtl Shingle
s off
f 1590 1589 1588 1587
f 1591 1592 1593 1594
f 1587 1588 1592 1591
f 1588 1589 1593 1592
f 1589 1590 1594 1593
f 1590 1587 1591 1594
o Roof
v 0.487 8.45 -1.92
v 0.244 8.725 -1.92
v 0.244 8.845 -1.92
v 0.487 8.642 -1.92
v 0.487 8.45 1.92
v 0.244 8.725 1.92
v 0.244 8.845 1.92
v 0.487 8.642 1.92
usemtl Shingle
s off
f 1598 1597 1596 1595
f 1599 1600 1601 1602
f 1595 1596 1600 1599
f 1596 1597 1601 1600
f 1597 1598 1602 1601
f 1598 1595 1599 1602
o Roof
v 0.244 8.725 -1.92
v 0 9 -1.92
v 0 9.12 -1.92
v 0.244 8.845 -1.92
v 0.244 8.725 1.92
v 0 9 1.92
v 0 9.12 1.92
v 0.244 8.845 1.92
usemtl Shingle
s off
f 1606 1605 1604 1603
f 1607 1608 1609 1610
f 1603 1604 1608 1607
f 1604 1605 1609 1608
f 1605 1606 1610 1609
f 1606 1603 1607 1610
o Roof
v -1.95 6.8 -1.92
v -1.706 7.075 -1.92
v -1.706 7.195 -1.92
v -1.95 6.992 -1.92
v -1.95 6.8 1.92
v -1.706 7.075 1.92
v -1.706 7.195 1.92
v -1.95 6.992 1.92
usemtl Shingle
s off
f 1614 1613 1612 1611
f 1615 1616 1617 1618
f 1611 1612 1616 1615
f 1612 1613 1617 1616
f 1613 1614 1618 1617
f 1614 1611 1615 1618
o Roof
v -1.706 7.075 -1.92
v -1.462 7.35 -1.92
v -1.462 7.47 -1.92
v -1.706 7.267 -1.92
v -1.706 7.075 1.92
v -1.462 7.35 1.92
v -1.462 7.47 1.92
v -1.706 7.267 1.92
usemtl Shingle
s off
f 1622 1621 1620 1619
f 1623 1624 1625 1626
f 1619 1620 1624 1623
f 1620 1621 1625 1624
f 1621 1622 1626 1625
f 1622 1619 1623 1626
o Roof
v -1.462 7.35 -1.92
v -1.219 7.625 -1.92
v -1.219 7.745 -1.92
v -1.462 7.542 -1.92
v -1.462 7.35 1.92
v -1.219 7.625 1.92
v -1.219 7.745 1.92
v -1.462 7.542 1.92
usemtl Shingle
s off
f 1630 1629 1628 1627
f 1631 1632 1633 1634
f 1627 1628 1632 1631
f 1628 1629 1633 1632
f 1629 1630 1634 1633
f 1630 1627 1631 1634
o Roof
v -1.219 7.625 -1.92
v -0.975 7.9 -1.92
v -0.975 8.02 -1.92
v -1.219 7.817 -1.92
v -1.219 7.625 1.92
v -0.975 7.9 1.92
v -0.975 8.02 1.92
v -1.219 7.817 1.92
usemtl Shingle
s off
f 1638 1637 1636 1635
f 1639 1640 1641 1642
f 1635 1636 1640 1639
f 1636 1637 1641 1640
f 1637 1638 1642 1641
f 1638 1635 1639 1642
o Roof
v -0.975 7.9 -1.92
v -0.731 8.175 -1.92
v -0.731 8.295 -1.92
v -0.975 8.092 -1.92
v -0.975 7.9 1.92
v -0.731 8.175 1.92
v -0.731 8.295 1.92
v -0.975 8.092 1.92
usemtl Shingle
s off
f 1646 1645 1644 1643
f 1647 1648 1649 1650
f 1643 1644 1648 1647
f 1644 1645 1649 1648
f 1645 1646 1650 1649
f 1646 1643 1647 1650
o Roof
v -0.731 8.175 -1.92
v -0.487 8.45 -1.92
v -0.487 8.57 -1.92
v -0.731 8.367 -1.92
v -0.731 8.175 1.92
v -0.487 8.45 1.92
v -0.487 8.57 1.92
v -0.731 8.367 1.92
usemtl Shingle
s off
f 1654 1653 1652 1651
f 1655 1656 1657 1658
f 1651 1652 1656 1655
f 1652 1653 1657 1656
f 1653 1654 1658 1657
f 1654 1651 1655 1658
o Roof
v -0.487 8.45 -1.92
v -0.244 8.725 -1.92
v -0.244 8.845 -1.92
v -0.487 8.642 -1.92
v -0.487 8.45 1.92
v -0.244 8.725 1.92
v -0.244 8.845 1.92
v -0.487 8.642 1.92
usemtl Shingle
s off
f 1662 1661 1660 1659
f 1663 1664 1665 1666
f 1659 1660 1664 1663
f 1660 1661 1665 1664
f 1661 1662 1666 1665
f 1662 1659 1663 1666
o Roof
v -0.244 8.725 -1.92
v 0 9 -1.92
v 0 9.12 -1.92
v -0.244 8.845 -1.92
v -0.244 8.725 1.92
v 0 9 1.92
v 0 9.12 1.92
v -0.244 8.845 1.92
usemtl Shingle
s off
f 1670 1669 1668 1667
f 1671 1672 1673 1674
f 1667 1668 1672 1671
f 1668 1669 1673 1672
f 1669 1670 1674 1673
f 1670 1667 1671 1674
o Roof.Ridge
v 0.104 9.108 -1.96
v 0 9.15 -1.96
v -0.104 9.108 -1.96
v -0.104 9.023 -1.96
v 0 8.98 -1.96
v 0.104 9.023 -1.96
v 0.104 9.108 1.96
v 0 9.15 1.96
v -0.104 9.108 1.96
v -0.104 9.023 1.96
v 0 8.98 1.96
v 0.104 9.023 1.96
usemtl ShingleDark
s off
f 1680 1679 1678 1677 1676 1675
f 1681 1682 1683 1684 1685 1686
f 1675 1676 1682 1681
f 1676 1677 1683 1682
f 1677 1678 1684 1683
f 1678 1679 1685 1684
f 1679 1680 1686 1685
f 1680 1675 1681 1686
o Gable
v -1.57 6.9 -1.57
v 1.57 6.9 -1.57
v 0 8.9 -1.57
v -1.57 6.9 1.57
v 1.57 6.9 1.57
v 0 8.9 1.57
usemtl PlasterGrey
s off
f 1689 1688 1687
f 1690 1691 1692
f 1687 1688 1691 1690
f 1688 1689 1692 1691
f 1689 1687 1690 1692
o Gable.KingPost
v 0.05 6.9 -1.65
v 0.05 6.9 -1.55
v -0.05 6.9 -1.55
v -0.05 6.9 -1.65
v 0.05 8.8 -1.65
v 0.05 8.8 -1.55
v -0.05 8.8 -1.55
v -0.05 8.8 -1.65
usemtl Timber
s off
f 1696 1695 1694 1693
f 1697 1698 1699 1700
f 1693 1694 1698 1697
f 1694 1695 1699 1698
f 1695 1696 1700 1699
f 1696 1693 1697 1700
o Gable.Brace
v -1.502 6.932 -1.555
v -1.502 6.932 -1.645
v -1.438 6.868 -1.645
v -1.438 6.868 -1.555
v -0.382 8.032 -1.555
v -0.382 8.032 -1.645
v -0.318 7.968 -1.645
v -0.318 7.968 -1.555
usemtl Timber
s off
f 1704 1703 1702 1701
f 1705 1706 1707 1708
f 1701 1702 1706 1705
f 1702 1703 1707 1706
f 1703 1704 1708 1707
f 1704 1701 1705 1708
o Gable.Barge
v -1.96 6.882 -1.875
v -1.96 6.882 -2.005
v -1.86 6.798 -2.005
v -1.86 6.798 -1.875
v -0.05 9.142 -1.875
v -0.05 9.142 -2.005
v 0.05 9.058 -2.005
v 0.05 9.058 -1.875
usemtl Timber
s off
f 1712 1711 1710 1709
f 1713 1714 1715 1716
f 1709 1710 1714 1713
f 1710 1711 1715 1714
f 1711 1712 1716 1715
f 1712 1709 1713 1716
o Gable.Brace
v 1.502 6.932 -1.645
v 1.502 6.932 -1.555
v 1.438 6.868 -1.555
v 1.438 6.868 -1.645
v 0.382 8.032 -1.645
v 0.382 8.032 -1.555
v 0.318 7.968 -1.555
v 0.318 7.968 -1.645
usemtl Timber
s off
f 1720 1719 1718 1717
f 1721 1722 1723 1724
f 1717 1718 1722 1721
f 1718 1719 1723 1722
f 1719 1720 1724 1723
f 1720 1717 1721 1724
o Gable.Barge
v 1.96 6.882 -2.005
v 1.96 6.882 -1.875
v 1.86 6.798 -1.875
v 1.86 6.798 -2.005
v 0.05 9.142 -2.005
v 0.05 9.142 -1.875
v -0.05 9.058 -1.875
v -0.05 9.058 -2.005
usemtl Timber
s off
f 1728 1727 1726 1725
f 1729 1730 1731 1732
f 1725 1726 1730 1729
f 1726 1727 1731 1730
f 1727 1728 1732 1731
f 1728 1725 1729 1732
o Gable.KingPost
v 0.05 6.9 1.55
v 0.05 6.9 1.65
v -0.05 6.9 1.65
v -0.05 6.9 1.55
v 0.05 8.8 1.55
v 0.05 8.8 1.65
v -0.05 8.8 1.65
v -0.05 8.8 1.55
usemtl Timber
s off
f 1736 1735 1734 1733
f 1737 1738 1739 1740
f 1733 1734 1738 1737
f 1734 1735 1739 1738
f 1735 1736 1740 1739
f 1736 1733 1737 1740
o Gable.Brace
v -1.502 6.932 1.645
v -1.502 6.932 1.555
v -1.438 6.868 1.555
v -1.438 6.868 1.645
v -0.382 8.032 1.645
v -0.382 8.032 1.555
v -0.318 7.968 1.555
v -0.318 7.968 1.645
usemtl Timber
s off
f 1744 1743 1742 1741
f 1745 1746 1747 1748
f 1741 1742 1746 1745
f 1742 1743 1747 1746
f 1743 1744 1748 1747
f 1744 1741 1745 1748
o Gable.Barge
v -1.96 6.882 2.005
v -1.96 6.882 1.875
v -1.86 6.798 1.875
v -1.86 6.798 2.005
v -0.05 9.142 2.005
v -0.05 9.142 1.875
v 0.05 9.058 1.875
v 0.05 9.058 2.005
usemtl Timber
s off
f 1752 1751 1750 1749
f 1753 1754 1755 1756
f 1749 1750 1754 1753
f 1750 1751 1755 1754
f 1751 1752 1756 1755
f 1752 1749 1753 1756
o Gable.Brace
v 1.502 6.932 1.555
v 1.502 6.932 1.645
v 1.438 6.868 1.645
v 1.438 6.868 1.555
v 0.382 8.032 1.555
v 0.382 8.032 1.645
v 0.318 7.968 1.645
v 0.318 7.968 1.555
usemtl Timber
s off
f 1760 1759 1758 1757
f 1761 1762 1763 1764
f 1757 1758 1762 1761
f 1758 1759 1763 1762
f 1759 1760 1764 1763
f 1760 1757 1761 1764
o Gable.Barge
v 1.96 6.882 1.875
v 1.96 6.882 2.005
v 1.86 6.798 2.005
v 1.86 6.798 1.875
v 0.05 9.142 1.875
v 0.05 9.142 2.005
v -0.05 9.058 2.005
v -0.05 9.058 1.875
usemtl Timber
s off
f 1768 1767 1766 1765
f 1769 1770 1771 1772
f 1765 1766 1770 1769
f 1766 1767 1771 1770
f 1767 1768 1772 1771
f 1768 1765 1769 1772
o Finial
v 0.061 9.1 1.955
v 0 9.1 1.99
v -0.061 9.1 1.955
v -0.061 9.1 1.885
v 0 9.1 1.85
v 0.061 9.1 1.885
v 0 9.55 1.92
v 0 9.55 1.92
v 0 9.55 1.92
v 0 9.55 1.92
v 0 9.55 1.92
v 0 9.55 1.92
usemtl Wood
s off
f 1778 1777 1776 1775 1774 1773
f 1779 1780 1781 1782 1783 1784
f 1773 1774 1780 1779
f 1774 1775 1781 1780
f 1775 1776 1782 1781
f 1776 1777 1783 1782
f 1777 1778 1784 1783
f 1778 1773 1779 1784
o Axle
v 0.139 7.607 1.37
v 0.057 7.689 1.37
v -0.057 7.689 1.37
v -0.139 7.607 1.37
v -0.139 7.493 1.37
v -0.057 7.411 1.37
v 0.057 7.411 1.37
v 0.139 7.493 1.37
v 0.139 7.607 2.37
v 0.057 7.689 2.37
v -0.057 7.689 2.37
v -0.139 7.607 2.37
v -0.139 7.493 2.37
v -0.057 7.411 2.37
v 0.057 7.411 2.37
v 0.139 7.493 2.37
usemtl Wood
s off
f 1792 1791 1790 1789 1788 1787 1786 1785
f 1793 1794 1795 1796 1797 1798 1799 1800
f 1785 1786 1794 1793
f 1786 1787 1795 1794
f 1787 1788 1796 1795
f 1788 1789 1797 1796
f 1789 1790 1798 1797
f 1790 1791 1799 1798
f 1791 1792 1800 1799
f 1792 1785 1793 1800
o Axle.Bearing
v -0.32 7.25 1.57
v -0.32 7.25 2.07
v 0.32 7.25 2.07
v 0.32 7.25 1.57
v -0.32 7.43 1.57
v -0.32 7.43 2.07
v 0.32 7.43 2.07
v 0.32 7.43 1.57
usemtl Timber
s off
f 1804 1803 1802 1801
f 1805 1806 1807 1808
f 1801 1802 1806 1805
f 1802 1803 1807 1806
f 1803 1804 1808 1807
f 1804 1801 1805 1808
o Hub
v 0.296 7.672 2.35
v 0.122 7.846 2.35
v -0.122 7.846 2.35
v -0.296 7.672 2.35
v -0.296 7.428 2.35
v -0.122 7.254 2.35
v 0.122 7.254 2.35
v 0.296 7.428 2.35
v 0.296 7.672 2.59
v 0.122 7.846 2.59
v -0.122 7.846 2.59
v -0.296 7.672 2.59
v -0.296 7.428 2.59
v -0.122 7.254 2.59
v 0.122 7.254 2.59
v 0.296 7.428 2.59
usemtl WoodDark
s off
f 1816 1815 1814 1813 1812 1811 1810 1809
f 1817 1818 1819 1820 1821 1822 1823 1824
f 1809 1810 1818 1817
f 1810 1811 1819 1818
f 1811 1812 1820 1819
f 1812 1813 1821 1820
f 1813 1814 1822 1821
f 1814 1815 1823 1822
f 1815 1816 1824 1823
f 1816 1809 1817 1824
o Hub.Cap
v 0.139 7.607 2.59
v 0.057 7.689 2.59
v -0.057 7.689 2.59
v -0.139 7.607 2.59
v -0.139 7.493 2.59
v -0.057 7.411 2.59
v 0.057 7.411 2.59
v 0.139 7.493 2.59
v 0.139 7.607 2.67
v 0.057 7.689 2.67
v -0.057 7.689 2.67
v -0.139 7.607 2.67
v -0.139 7.493 2.67
v -0.057 7.411 2.67
v 0.057 7.411 2.67
v 0.139 7.493 2.67
usemtl Iron
s off
f 1832 1831 1830 1829 1828 1827 1826 1825
f 1833 1834 1835 1836 1837 1838 1839 1840
f 1825 1826 1834 1833
f 1826 1827 1835 1834
f 1827 1828 1836 1835
f 1828 1829 1837 1836
f 1829 1830 1838 1837
f 1830 1831 1839 1838
f 1831 1832 1840 1839
f 1832 1825 1833 1840
o Sails.Spar
v 0.25 7.46 2.49
v 0.25 7.46 2.63
v 5.2 7.46 2.63
v 5.2 7.46 2.49
v 0.25 7.64 2.49
v 0.25 7.64 2.63
v 5.2 7.64 2.63
v 5.2 7.64 2.49
usemtl Wood
s off
f 1844 1843 1842 1841
f 1845 1846 1847 1848
f 1841 1842 1846 1845
f 1842 1843 1847 1846
f 1843 1844 1848 1847
f 1844 1841 1845 1848
o Sails.Canvas
v 0.95 6.6 2.47
v 0.95 6.6 2.51
v 5.1 6.6 2.51
v 5.1 6.6 2.47
v 0.95 7.45 2.47
v 0.95 7.45 2.51
v 5.1 7.45 2.51
v 5.1 7.45 2.47
usemtl Canvas
s off
f 1852 1851 1850 1849
f 1853 1854 1855 1856
f 1849 1850 1854 1853
f 1850 1851 1855 1854
f 1851 1852 1856 1855
f 1852 1849 1853 1856
o Sails.Rail
v 0.9 6.55 2.49
v 0.9 6.55 2.59
v 5.2 6.55 2.59
v 5.2 6.55 2.49
v 0.9 6.65 2.49
v 0.9 6.65 2.59
v 5.2 6.65 2.59
v 5.2 6.65 2.49
usemtl Wood
s off
f 1860 1859 1858 1857
f 1861 1862 1863 1864
f 1857 1858 1862 1861
f 1858 1859 1863 1862
f 1859 1860 1864 1863
f 1860 1857 1861 1864
o Sails.Bar
v 0.91 6.55 2.49
v 0.91 6.55 2.59
v 0.99 6.55 2.59
v 0.99 6.55 2.49
v 0.91 7.55 2.49
v 0.91 7.55 2.59
v 0.99 7.55 2.59
v 0.99 7.55 2.49
usemtl Wood
s off
f 1868 1867 1866 1865
f 1869 1870 1871 1872
f 1865 1866 1870 1869
f 1866 1867 1871 1870
f 1867 1868 1872 1871
f 1868 1865 1869 1872
o Sails.Bar
v 1.74 6.55 2.49
v 1.74 6.55 2.59
v 1.82 6.55 2.59
v 1.82 6.55 2.49
v 1.74 7.55 2.49
v 1.74 7.55 2.59
v 1.82 7.55 2.59
v 1.82 7.55 2.49
usemtl Wood
s off
f 1876 1875 1874 1873
f 1877 1878 1879 1880
f 1873 1874 1878 1877
f 1874 1875 1879 1878
f 1875 1876 1880 1879
f 1876 1873 1877 1880
o Sails.Bar
v 2.57 6.55 2.49
v 2.57 6.55 2.59
v 2.65 6.55 2.59
v 2.65 6.55 2.49
v 2.57 7.55 2.49
v 2.57 7.55 2.59
v 2.65 7.55 2.59
v 2.65 7.55 2.49
usemtl Wood
s off
f 1884 1883 1882 1881
f 1885 1886 1887 1888
f 1881 1882 1886 1885
f 1882 1883 1887 1886
f 1883 1884 1888 1887
f 1884 1881 1885 1888
o Sails.Bar
v 3.4 6.55 2.49
v 3.4 6.55 2.59
v 3.48 6.55 2.59
v 3.48 6.55 2.49
v 3.4 7.55 2.49
v 3.4 7.55 2.59
v 3.48 7.55 2.59
v 3.48 7.55 2.49
usemtl Wood
s off
f 1892 1891 1890 1889
f 1893 1894 1895 1896
f 1889 1890 1894 1893
f 1890 1891 1895 1894
f 1891 1892 1896 1895
f 1892 1889 1893 1896
o Sails.Bar
v 4.23 6.55 2.49
v 4.23 6.55 2.59
v 4.31 6.55 2.59
v 4.31 6.55 2.49
v 4.23 7.55 2.49
v 4.23 7.55 2.59
v 4.31 7.55 2.59
v 4.31 7.55 2.49
usemtl Wood
s off
f 1900 1899 1898 1897
f 1901 1902 1903 1904
f 1897 1898 1902 1901
f 1898 1899 1903 1902
f 1899 1900 1904 1903
f 1900 1897 1901 1904
o Sails.Bar
v 5.06 6.55 2.49
v 5.06 6.55 2.59
v 5.14 6.55 2.59
v 5.14 6.55 2.49
v 5.06 7.55 2.49
v 5.06 7.55 2.59
v 5.14 7.55 2.59
v 5.14 7.55 2.49
usemtl Wood
s off
f 1908 1907 1906 1905
f 1909 1910 1911 1912
f 1905 1906 1910 1909
f 1906 1907 1911 1910
f 1907 1908 1912 1911
f 1908 1905 1909 1912
o Sails.Spar
v -0.09 7.8 2.49
v -0.09 7.8 2.63
v 0.09 7.8 2.63
v 0.09 7.8 2.49
v -0.09 12.75 2.49
v -0.09 12.75 2.63
v 0.09 12.75 2.63
v 0.09 12.75 2.49
usemtl Wood
s off
f 1916 1915 1914 1913
f 1917 1918 1919 1920
f 1913 1914 1918 1917
f 1914 1915 1919 1918
f 1915 1916 1920 1919
f 1916 1913 1917 1920
o Sails.Canvas
v 0.1 8.5 2.47
v 0.1 8.5 2.51
v 0.95 8.5 2.51
v 0.95 8.5 2.47
v 0.1 12.65 2.47
v 0.1 12.65 2.51
v 0.95 12.65 2.51
v 0.95 12.65 2.47
usemtl Canvas
s off
f 1924 1923 1922 1921
f 1925 1926 1927 1928
f 1921 1922 1926 1925
f 1922 1923 1927 1926
f 1923 1924 1928 1927
f 1924 1921 1925 1928
o Sails.Rail
v 0.9 8.45 2.49
v 0.9 8.45 2.59
v 1 8.45 2.59
v 1 8.45 2.49
v 0.9 12.75 2.49
v 0.9 12.75 2.59
v 1 12.75 2.59
v 1 12.75 2.49
usemtl Wood
s off
f 1932 1931 1930 1929
f 1933 1934 1935 1936
f 1929 1930 1934 1933
f 1930 1931 1935 1934
f 1931 1932 1936 1935
f 1932 1929 1933 1936
o Sails.Bar
v 0 8.46 2.49
v 0 8.46 2.59
v 1 8.46 2.59
v 1 8.46 2.49
v 0 8.54 2.49
v 0 8.54 2.59
v 1 8.54 2.59
v 1 8.54 2.49
usemtl Wood
s off
f 1940 1939 1938 1937
f 1941 1942 1943 1944
f 1937 1938 1942 1941
f 1938 1939 1943 1942
f 1939 1940 1944 1943
f 1940 1937 1941 1944
o Sails.Bar
v 0 9.29 2.49
v 0 9.29 2.59
v 1 9.29 2.59
v 1 9.29 2.49
v 0 9.37 2.49
v 0 9.37 2.59
v 1 9.37 2.59
v 1 9.37 2.49
usemtl Wood
s off
f 1948 1947 1946 1945
f 1949 1950 1951 1952
f 1945 1946 1950 1949
f 1946 1947 1951 1950
f 1947 1948 1952 1951
f 1948 1945 1949 1952
o Sails.Bar
v 0 10.12 2.49
v 0 10.12 2.59
v 1 10.12 2.59
v 1 10.12 2.49
v 0 10.2 2.49
v 0 10.2 2.59
v 1 10.2 2.59
v 1 10.2 2.49
usemtl Wood
s off
f 1956 1955 1954 1953
f 1957 1958 1959 1960
f 1953 1954 1958 1957
f 1954 1955 1959 1958
f 1955 1956 1960 1959
f 1956 1953 1957 1960
o Sails.Bar
v 0 10.95 2.49
v 0 10.95 2.59
v 1 10.95 2.59
v 1 10.95 2.49
v 0 11.03 2.49
v 0 11.03 2.59
v 1 11.03 2.59
v 1 11.03 2.49
usemtl Wood
s off
f 1964 1963 1962 1961
f 1965 1966 1967 1968
f 1961 1962 1966 1965
f 1962 1963 1967 1966
f 1963 1964 1968 1967
f 1964 1961 1965 1968
o Sails.Bar
v 0 11.78 2.49
v 0 11.78 2.59
v 1 11.78 2.59
v 1 11.78 2.49
v 0 11.86 2.49
v 0 11.86 2.59
v 1 11.86 2.59
v 1 11.86 2.49
usemtl Wood
s off
f 1972 1971 1970 1969
f 1973 1974 1975 1976
f 1969 1970 1974 1973
f 1970 1971 1975 1974
f 1971 1972 1976 1975
f 1972 1969 1973 1976
o Sails.Bar
v 0 12.61 2.49
v 0 12.61 2.59
v 1 12.61 2.59
v 1 12.61 2.49
v 0 12.69 2.49
v 0 12.69 2.59
v 1 12.69 2.59
v 1 12.69 2.49
usemtl Wood
s off
f 1980 1979 1978 1977
f 1981 1982 1983 1984
f 1977 1978 1982 1981
f 1978 1979 1983 1982
f 1979 1980 1984 1983
f 1980 1977 1981 1984
o Sails.Spar
v -5.2 7.46 2.49
v -5.2 7.46 2.63
v -0.25 7.46 2.63
v -0.25 7.46 2.49
v -5.2 7.64 2.49
v -5.2 7.64 2.63
v -0.25 7.64 2.63
v -0.25 7.64 2.49
usemtl Wood
s off
f 1988 1987 1986 1985
f 1989 1990 1991 1992
f 1985 1986 1990 1989
f 1986 1987 1991 1990
f 1987 1988 1992 1991
f 1988 1985 1989 1992
o Sails.Canvas
v -5.1 7.65 2.47
v -5.1 7.65 2.51
v -0.95 7.65 2.51
v -0.95 7.65 2.47
v -5.1 8.5 2.47
v -5.1 8.5 2.51
v -0.95 8.5 2.51
v -0.95 8.5 2.47
usemtl Canvas
s off
f 1996 1995 1994 1993
f 1997 1998 1999 2000
f 1993 1994 1998 1997
f 1994 1995 1999 1998
f 1995 1996 2000 1999
f 1996 1993 1997 2000
o Sails.Rail
v -5.2 8.45 2.49
v -5.2 8.45 2.59
v -0.9 8.45 2.59
v -0.9 8.45 2.49
v -5.2 8.55 2.49
v -5.2 8.55 2.59
v -0.9 8.55 2.59
v -0.9 8.55 2.49
usemtl Wood
s off
f 2004 2003 2002 2001
f 2005 2006 2007 2008
f 2001 2002 2006 2005
f 2002 2003 2007 2006
f 2003 2004 2008 2007
f 2004 2001 2005 2008
o Sails.Bar
v -0.99 7.55 2.49
v -0.99 7.55 2.59
v -0.91 7.55 2.59
v -0.91 7.55 2.49
v -0.99 8.55 2.49
v -0.99 8.55 2.59
v -0.91 8.55 2.59
v -0.91 8.55 2.49
usemtl Wood
s off
f 2012 2011 2010 2009
f 2013 2014 2015 2016
f 2009 2010 2014 2013
f 2010 2011 2015 2014
f 2011 2012 2016 2015
f 2012 2009 2013 2016
o Sails.Bar
v -1.82 7.55 2.49
v -1.82 7.55 2.59
v -1.74 7.55 2.59
v -1.74 7.55 2.49
v -1.82 8.55 2.49
v -1.82 8.55 2.59
v -1.74 8.55 2.59
v -1.74 8.55 2.49
usemtl Wood
s off
f 2020 2019 2018 2017
f 2021 2022 2023 2024
f 2017 2018 2022 2021
f 2018 2019 2023 2022
f 2019 2020 2024 2023
f 2020 2017 2021 2024
o Sails.Bar
v -2.65 7.55 2.49
v -2.65 7.55 2.59
v -2.57 7.55 2.59
v -2.57 7.55 2.49
v -2.65 8.55 2.49
v -2.65 8.55 2.59
v -2.57 8.55 2.59
v -2.57 8.55 2.49
usemtl Wood
s off
f 2028 2027 2026 2025
f 2029 2030 2031 2032
f 2025 2026 2030 2029
f 2026 2027 2031 2030
f 2027 2028 2032 2031
f 2028 2025 2029 2032
o Sails.Bar
v -3.48 7.55 2.49
v -3.48 7.55 2.59
v -3.4 7.55 2.59
v -3.4 7.55 2.49
v -3.48 8.55 2.49
v -3.48 8.55 2.59
v -3.4 8.55 2.59
v -3.4 8.55 2.49
usemtl Wood
s off
f 2036 2035 2034 2033
f 2037 2038 2039 2040
f 2033 2034 2038 2037
f 2034 2035 2039 2038
f 2035 2036 2040 2039
f 2036 2033 2037 2040
o Sails.Bar
v -4.31 7.55 2.49
v -4.31 7.55 2.59
v -4.23 7.55 2.59
v -4.23 7.55 2.49
v -4.31 8.55 2.49
v -4.31 8.55 2.59
v -4.23 8.55 2.59
v -4.23 8.55 2.49
usemtl Wood
s off
f 2044 2043 2042 2041
f 2045 2046 2047 2048
f 2041 2042 2046 2045
f 2042 2043 2047 2046
f 2043 2044 2048 2047
f 2044 2041 2045 2048
o Sails.Bar
v -5.14 7.55 2.49
v -5.14 7.55 2.59
v -5.06 7.55 2.59
v -5.06 7.55 2.49
v -5.14 8.55 2.49
v -5.14 8.55 2.59
v -5.06 8.55 2.59
v -5.06 8.55 2.49
usemtl Wood
s off
f 2052 2051 2050 2049
f 2053 2054 2055 2056
f 2049 2050 2054 2053
f 2050 2051 2055 2054
f 2051 2052 2056 2055
f 2052 2049 2053 2056
o Sails.Spar
v -0.09 2.35 2.49
v -0.09 2.35 2.63
v 0.09 2.35 2.63
v 0.09 2.35 2.49
v -0.09 7.3 2.49
v -0.09 7.3 2.63
v 0.09 7.3 2.63
v 0.09 7.3 2.49
usemtl Wood
s off
f 2060 2059 2058 2057
f 2061 2062 2063 2064
f 2057 2058 2062 2061
f 2058 2059 2063 2062
f 2059 2060 2064 2063
f 2060 2057 2061 2064
o Sails.Canvas
v -0.95 2.45 2.47
v -0.95 2.45 2.51
v -0.1 2.45 2.51
v -0.1 2.45 2.47
v -0.95 6.6 2.47
v -0.95 6.6 2.51
v -0.1 6.6 2.51
v -0.1 6.6 2.47
usemtl Canvas
s off
f 2068 2067 2066 2065
f 2069 2070 2071 2072
f 2065 2066 2070 2069
f 2066 2067 2071 2070
f 2067 2068 2072 2071
f 2068 2065 2069 2072
o Sails.Rail
v -1 2.35 2.49
v -1 2.35 2.59
v -0.9 2.35 2.59
v -0.9 2.35 2.49
v -1 6.65 2.49
v -1 6.65 2.59
v -0.9 6.65 2.59
v -0.9 6.65 2.49
usemtl Wood
s off
f 2076 2075 2074 2073
f 2077 2078 2079 2080
f 2073 2074 2078 2077
f 2074 2075 2079 2078
f 2075 2076 2080 2079
f 2076 2073 2077 2080
o Sails.Bar
v -1 6.56 2.49
v -1 6.56 2.59
v 0 6.56 2.59
v 0 6.56 2.49
v -1 6.64 2.49
v -1 6.64 2.59
v 0 6.64 2.59
v 0 6.64 2.49
usemtl Wood
s off
f 2084 2083 2082 2081
f 2085 2086 2087 2088
f 2081 2082 2086 2085
f 2082 2083 2087 2086
f 2083 2084 2088 2087
f 2084 2081 2085 2088
o Sails.Bar
v -1 5.73 2.49
v -1 5.73 2.59
v 0 5.73 2.59
v 0 5.73 2.49
v -1 5.81 2.49
v -1 5.81 2.59
v 0 5.81 2.59
v 0 5.81 2.49
usemtl Wood
s off
f 2092 2091 2090 2089
f 2093 2094 2095 2096
f 2089 2090 2094 2093
f 2090 2091 2095 2094
f 2091 2092 2096 2095
f 2092 2089 2093 2096
o Sails.Bar
v -1 4.9 2.49
v -1 4.9 2.59
v 0 4.9 2.59
v 0 4.9 2.49
v -1 4.98 2.49
v -1 4.98 2.59
v 0 4.98 2.59
v 0 4.98 2.49
usemtl Wood
s off
f 2100 2099 2098 2097
f 2101 2102 2103 2104
f 2097 2098 2102 2101
f 2098 2099 2103 2102
f 2099 2100 2104 2103
f 2100 2097 2101 2104
o Sails.Bar
v -1 4.07 2.49
v -1 4.07 2.59
v 0 4.07 2.59
v 0 4.07 2.49
v -1 4.15 2.49
v -1 4.15 2.59
v 0 4.15 2.59
v 0 4.15 2.49
usemtl Wood
s off
f 2108 2107 2106 2105
f 2109 2110 2111 2112
f 2105 2106 2110 2109
f 2106 2107 2111 2110
f 2107 2108 2112 2111
f 2108 2105 2109 2112
o Sails.Bar
v -1 3.24 2.49
v -1 3.24 2.59
v 0 3.24 2.59
v 0 3.24 2.49
v -1 3.32 2.49
v -1 3.32 2.59
v 0 3.32 2.59
v 0 3.32 2.49
usemtl Wood
s off
f 2116 2115 2114 2113
f 2117 2118 2119 2120
f 2113 2114 2118 2117
f 2114 2115 2119 2118
f 2115 2116 2120 2119
f 2116 2113 2117 2120
o Sails.Bar
v -1 2.41 2.49
v -1 2.41 2.59
v 0 2.41 2.59
v 0 2.41 2.49
v -1 2.49 2.49
v -1 2.49 2.59
v 0 2.49 2.59
v 0 2.49 2.49
usemtl Wood
s off
f 2124 2123 2122 2121
f 2125 2126 2127 2128
f 2121 2122 2126 2125
f 2122 2123 2127 2126
f 2123 2124 2128 2127
f 2124 2121 2125 2128
o Shed.Post
v -2.29 0 -1.34
v -2.29 0 -1.16
v -2.11 0 -1.16
v -2.11 0 -1.34
v -2.29 2.1 -1.34
v -2.29 2.1 -1.16
v -2.11 2.1 -1.16
v -2.11 2.1 -1.34
usemtl Timber
s off
f 2132 2131 2130 2129
f 2133 2134 2135 2136
f 2129 2130 2134 2133
f 2130 2131 2135 2134
f 2131 2132 2136 2135
f 2132 2129 2133 2136
o Shed.Brace
v -2.226 1.624 -1.215
v -2.226 1.624 -1.285
v -2.174 1.576 -1.285
v -2.174 1.576 -1.215
v -1.776 2.104 -1.215
v -1.776 2.104 -1.285
v -1.724 2.056 -1.285
v -1.724 2.056 -1.215
usemtl Timber
s off
f 2140 2139 2138 2137
f 2141 2142 2143 2144
f 2137 2138 2142 2141
f 2138 2139 2143 2142
f 2139 2140 2144 2143
f 2140 2137 2141 2144
o Shed.Post
v -2.29 0 1.16
v -2.29 0 1.34
v -2.11 0 1.34
v -2.11 0 1.16
v -2.29 2.1 1.16
v -2.29 2.1 1.34
v -2.11 2.1 1.34
v -2.11 2.1 1.16
usemtl Timber
s off
f 2148 2147 2146 2145
f 2149 2150 2151 2152
f 2145 2146 2150 2149
f 2146 2147 2151 2150
f 2147 2148 2152 2151
f 2148 2145 2149 2152
o Shed.Brace
v -2.226 1.624 1.285
v -2.226 1.624 1.215
v -2.174 1.576 1.215
v -2.174 1.576 1.285
v -1.776 2.104 1.285
v -1.776 2.104 1.215
v -1.724 2.056 1.215
v -1.724 2.056 1.285
usemtl Timber
s off
f 2156 2155 2154 2153
f 2157 2158 2159 2160
f 2153 2154 2158 2157
f 2154 2155 2159 2158
f 2155 2156 2160 2159
f 2156 2153 2157 2160
o Shed.Beam
v -2.28 2.05 -1.55
v -2.28 2.05 1.55
v -2.12 2.05 1.55
v -2.12 2.05 -1.55
v -2.28 2.18 -1.55
v -2.28 2.18 1.55
v -2.12 2.18 1.55
v -2.12 2.18 -1.55
usemtl Timber
s off
f 2164 2163 2162 2161
f 2165 2166 2167 2168
f 2161 2162 2166 2165
f 2162 2163 2167 2166
f 2163 2164 2168 2167
f 2164 2161 2165 2168
o Shed.Roof
v -2.45 2.1 -1.7
v -2.117 2.267 -1.7
v -2.117 2.367 -1.7
v -2.45 2.26 -1.7
v -2.45 2.1 1.7
v -2.117 2.267 1.7
v -2.117 2.367 1.7
v -2.45 2.26 1.7
usemtl Shingle
s off
f 2172 2171 2170 2169
f 2173 2174 2175 2176
f 2169 2170 2174 2173
f 2170 2171 2175 2174
f 2171 2172 2176 2175
f 2172 2169 2173 2176
o Shed.Roof
v -2.117 2.267 -1.7
v -1.783 2.433 -1.7
v -1.783 2.533 -1.7
v -2.117 2.427 -1.7
v -2.117 2.267 1.7
v -1.783 2.433 1.7
v -1.783 2.533 1.7
v -2.117 2.427 1.7
usemtl Shingle
s off
f 2180 2179 2178 2177
f 2181 2182 2183 2184
f 2177 2178 2182 2181
f 2178 2179 2183 2182
f 2179 2180 2184 2183
f 2180 2177 2181 2184
o Shed.Roof
v -1.783 2.433 -1.7
v -1.45 2.6 -1.7
v -1.45 2.7 -1.7
v -1.783 2.533 -1.7
v -1.783 2.433 1.7
v -1.45 2.6 1.7
v -1.45 2.7 1.7
v -1.783 2.533 1.7
usemtl Shingle
s off
f 2188 2187 2186 2185
f 2189 2190 2191 2192
f 2185 2186 2190 2189
f 2186 2187 2191 2190
f 2187 2188 2192 2191
f 2188 2185 2189 2192
o Sack
v -1.938 0.03 -1
v -2.07 0.03 -0.88
v -2.07 0.03 -0.72
v -1.938 0.03 -0.6
v -1.762 0.03 -0.6
v -1.63 0.03 -0.72
v -1.63 0.03 -0.88
v -1.762 0.03 -1
v -1.91 0.58 -0.93
v -2 0.58 -0.852
v -2 0.58 -0.748
v -1.91 0.58 -0.67
v -1.79 0.58 -0.67
v -1.7 0.58 -0.748
v -1.7 0.58 -0.852
v -1.79 0.58 -0.93
usemtl Sack
s off
f 2200 2199 2198 2197 2196 2195 2194 2193
f 2201 2202 2203 2204 2205 2206 2207 2208
f 2193 2194 2202 2201
f 2194 2195 2203 2202
f 2195 2196 2204 2203
f 2196 2197 2205 2204
f 2197 2198 2206 2205
f 2198 2199 2207 2206
f 2199 2200 2208 2207
f 2200 2193 2201 2208
o Sack.Tie
v -1.898 0.5 -0.9
v -1.97 0.5 -0.84
v -1.97 0.5 -0.76
v -1.898 0.5 -0.7
v -1.802 0.5 -0.7
v -1.73 0.5 -0.76
v -1.73 0.5 -0.84
v -1.802 0.5 -0.9
v -1.898 0.54 -0.9
v -1.97 0.54 -0.84
v -1.97 0.54 -0.76
v -1.898 0.54 -0.7
v -1.802 0.54 -0.7
v -1.73 0.54 -0.76
v -1.73 0.54 -0.84
v -1.802 0.54 -0.9
usemtl WoodDark
s off
f 2216 2215 2214 2213 2212 2211 2210 2209
f 2217 2218 2219 2220 2221 2222 2223 2224
f 2209 2210 2218 2217
f 2210 2211 2219 2218
f 2211 2212 2220 2219
f 2212 2213 2221 2220
f 2213 2214 2222 2221
f 2214 2215 2223 2222
f 2215 2216 2224 2223
f 2216 2209 2217 2224
o Sack
v -1.988 0.03 -0.55
v -2.12 0.03 -0.43
v -2.12 0.03 -0.27
v -1.988 0.03 -0.15
v -1.812 0.03 -0.15
v -1.68 0.03 -0.27
v -1.68 0.03 -0.43
v -1.812 0.03 -0.55
v -1.96 0.53 -0.48
v -2.05 0.53 -0.402
v -2.05 0.53 -0.298
v -1.96 0.53 -0.22
v -1.84 0.53 -0.22
v -1.75 0.53 -0.298
v -1.75 0.53 -0.402
v -1.84 0.53 -0.48
usemtl Sack
s off
f 2232 2231 2230 2229 2228 2227 2226 2225
f 2233 2234 2235 2236 2237 2238 2239 2240
f 2225 2226 2234 2233
f 2226 2227 2235 2234
f 2227 2228 2236 2235
f 2228 2229 2237 2236
f 2229 2230 2238 2237
f 2230 2231 2239 2238
f 2231 2232 2240 2239
f 2232 2225 2233 2240
o Sack.Tie
v -1.948 0.45 -0.45
v -2.02 0.45 -0.39
v -2.02 0.45 -0.31
v -1.948 0.45 -0.25
v -1.852 0.45 -0.25
v -1.78 0.45 -0.31
v -1.78 0.45 -0.39
v -1.852 0.45 -0.45
v -1.948 0.49 -0.45
v -2.02 0.49 -0.39
v -2.02 0.49 -0.31
v -1.948 0.49 -0.25
v -1.852 0.49 -0.25
v -1.78 0.49 -0.31
v -1.78 0.49 -0.39
v -1.852 0.49 -0.45
usemtl WoodDark
s off
f 2248 2247 2246 2245 2244 2243 2242 2241
f 2249 2250 2251 2252 2253 2254 2255 2256
f 2241 2242 2250 2249
f 2242 2243 2251 2250
f 2243 2244 2252 2251
f 2244 2245 2253 2252
f 2245 2246 2254 2253
f 2246 2247 2255 2254
f 2247 2248 2256 2255
f 2248 2241 2249 2256
o Sack
v -1.888 0.03 -0.1
v -2.02 0.03 0.02
v -2.02 0.03 0.18
v -1.888 0.03 0.3
v -1.712 0.03 0.3
v -1.58 0.03 0.18
v -1.58 0.03 0.02
v -1.712 0.03 -0.1
v -1.86 0.58 -0.03
v -1.95 0.58 0.048
v -1.95 0.58 0.152
v -1.86 0.58 0.23
v -1.74 0.58 0.23
v -1.65 0.58 0.152
v -1.65 0.58 0.048
v -1.74 0.58 -0.03
usemtl Sack
s off
f 2264 2263 2262 2261 2260 2259 2258 2257
f 2265 2266 2267 2268 2269 2270 2271 2272
f 2257 2258 2266 2265
f 2258 2259 2267 2266
f 2259 2260 2268 2267
f 2260 2261 2269 2268
f 2261 2262 2270 2269
f 2262 2263 2271 2270
f 2263 2264 2272 2271
f 2264 2257 2265 2272
o Sack.Tie
v -1.848 0.5 0
v -1.92 0.5 0.06
v -1.92 0.5 0.14
v -1.848 0.5 0.2
v -1.752 0.5 0.2
v -1.68 0.5 0.14
v -1.68 0.5 0.06
v -1.752 0.5 0
v -1.848 0.54 0
v -1.92 0.54 0.06
v -1.92 0.54 0.14
v -1.848 0.54 0.2
v -1.752 0.54 0.2
v -1.68 0.54 0.14
v -1.68 0.54 0.06
v -1.752 0.54 0
usemtl WoodDark
s off
f 2280 2279 2278 2277 2276 2275 2274 2273
f 2281 2282 2283 2284 2285 2286 2287 2288
f 2273 2274 2282 2281
f 2274 2275 2283 2282
f 2275 2276 2284 2283
f 2276 2277 2285 2284
f 2277 2278 2286 2285
f 2278 2279 2287 2286
f 2279 2280 2288 2287
f 2280 2273 2281 2288
o Sack
v -1.988 0.03 0.35
v -2.12 0.03 0.47
v -2.12 0.03 0.63
v -1.988 0.03 0.75
v -1.812 0.03 0.75
v -1.68 0.03 0.63
v -1.68 0.03 0.47
v -1.812 0.03 0.35
v -1.96 0.53 0.42
v -2.05 0.53 0.498
v -2.05 0.53 0.602
v -1.96 0.53 0.68
v -1.84 0.53 0.68
v -1.75 0.53 0.602
v -1.75 0.53 0.498
v -1.84 0.53 0.42
usemtl Sack
s off
f 2296 2295 2294 2293 2292 2291 2290 2289
f 2297 2298 2299 2300 2301 2302 2303 2304
f 2289 2290 2298 2297
f 2290 2291 2299 2298
f 2291 2292 2300 2299
f 2292 2293 2301 2300
f 2293 2294 2302 2301
f 2294 2295 2303 2302
f 2295 2296 2304 2303
f 2296 2289 2297 2304
o Sack.Tie
v -1.948 0.45 0.45
v -2.02 0.45 0.51
v -2.02 0.45 0.59
v -1.948 0.45 0.65
v -1.852 0.45 0.65
v -1.78 0.45 0.59
v -1.78 0.45 0.51
v -1.852 0.45 0.45
v -1.948 0.49 0.45
v -2.02 0.49 0.51
v -2.02 0.49 0.59
v -1.948 0.49 0.65
v -1.852 0.49 0.65
v -1.78 0.49 0.59
v -1.78 0.49 0.51
v -1.852 0.49 0.45
usemtl WoodDark
s off
f 2312 2311 2310 2309 2308 2307 2306 2305
f 2313 2314 2315 2316 2317 2318 2319 2320
f 2305 2306 2314 2313
f 2306 2307 2315 2314
f 2307 2308 2316 2315
f 2308 2309 2317 2316
f 2309 2310 2318 2317
f 2310 2311 2319 2318
f 2311 2312 2320 2319
f 2312 2305 2313 2320
o Sack
v -1.938 0.5 -0.75
v -2.07 0.5 -0.63
v -2.07 0.5 -0.47
v -1.938 0.5 -0.35
v -1.762 0.5 -0.35
v -1.63 0.5 -0.47
v -1.63 0.5 -0.63
v -1.762 0.5 -0.75
v -1.91 0.95 -0.68
v -2 0.95 -0.602
v -2 0.95 -0.498
v -1.91 0.95 -0.42
v -1.79 0.95 -0.42
v -1.7 0.95 -0.498
v -1.7 0.95 -0.602
v -1.79 0.95 -0.68
usemtl Sack
s off
f 2328 2327 2326 2325 2324 2323 2322 2321
f 2329 2330 2331 2332 2333 2334 2335 2336
f 2321 2322 2330 2329
f 2322 2323 2331 2330
f 2323 2324 2332 2331
f 2324 2325 2333 2332
f 2325 2326 2334 2333
f 2326 2327 2335 2334
f 2327 2328 2336 2335
f 2328 2321 2329 2336
o Sack.Tie
v -1.898 0.87 -0.65
v -1.97 0.87 -0.59
v -1.97 0.87 -0.51
v -1.898 0.87 -0.45
v -1.802 0.87 -0.45
v -1.73 0.87 -0.51
v -1.73 0.87 -0.59
v -1.802 0.87 -0.65
v -1.898 0.91 -0.65
v -1.97 0.91 -0.59
v -1.97 0.91 -0.51
v -1.898 0.91 -0.45
v -1.802 0.91 -0.45
v -1.73 0.91 -0.51
v -1.73 0.91 -0.59
v -1.802 0.91 -0.65
usemtl WoodDark
s off
f 2344 2343 2342 2341 2340 2339 2338 2337
f 2345 2346 2347 2348 2349 2350 2351 2352
f 2337 2338 2346 2345
f 2338 2339 2347 2346
f 2339 2340 2348 2347
f 2340 2341 2349 2348
f 2341 2342 2350 2349
f 2342 2343 2351 2350
f 2343 2344 2352 2351
f 2344 2337 2345 2352
o Millstone
v -2.3 0.554 1.536
v -2.3 0.733 1.433
v -2.3 0.836 1.254
v -2.3 0.836 1.046
v -2.3 0.733 0.867
v -2.3 0.554 0.764
v -2.3 0.346 0.764
v -2.3 0.167 0.867
v -2.3 0.064 1.046
v -2.3 0.064 1.254
v -2.3 0.167 1.433
v -2.3 0.346 1.536
v -2.1 0.554 1.536
v -2.1 0.733 1.433
v -2.1 0.836 1.254
v -2.1 0.836 1.046
v -2.1 0.733 0.867
v -2.1 0.554 0.764
v -2.1 0.346 0.764
v -2.1 0.167 0.867
v -2.1 0.064 1.046
v -2.1 0.064 1.254
v -2.1 0.167 1.433
v -2.1 0.346 1.536
usemtl StoneLight
s off
f 2364 2363 2362 2361 2360 2359 2358 2357 2356 2355 2354 2353
f 2365 2366 2367 2368 2369 2370 2371 2372 2373 2374 2375 2376
f 2353 2354 2366 2365
f 2354 2355 2367 2366
f 2355 2356 2368 2367
f 2356 2357 2369 2368
f 2357 2358 2370 2369
f 2358 2359 2371 2370
f 2359 2360 2372 2371
f 2360 2361 2373 2372
f 2361 2362 2374 2373
f 2362 2363 2375 2374
f 2363 2364 2376 2375
f 2364 2353 2365 2376
o Millstone.Eye
v -2.32 0.484 1.233
v -2.32 0.533 1.184
v -2.32 0.533 1.116
v -2.32 0.484 1.067
v -2.32 0.416 1.067
v -2.32 0.367 1.116
v -2.32 0.367 1.184
v -2.32 0.416 1.233
v -2.08 0.484 1.233
v -2.08 0.533 1.184
v -2.08 0.533 1.116
v -2.08 0.484 1.067
v -2.08 0.416 1.067
v -2.08 0.367 1.116
v -2.08 0.367 1.184
v -2.08 0.416 1.233
usemtl StoneDark
s off
f 2384 2383 2382 2381 2380 2379 2378 2377
f 2385 2386 2387 2388 2389 2390 2391 2392
f 2377 2378 2386 2385
f 2378 2379 2387 2386
f 2379 2380 2388 2387
f 2380 2381 2389 2388
f 2381 2382 2390 2389
f 2382 2383 2391 2390
f 2383 2384 2392 2391
f 2384 2377 2385 2392
o Crate
v 1.55 0.03 1.2
v 1.55 0.03 1.65
v 2 0.03 1.65
v 2 0.03 1.2
v 1.55 0.48 1.2
v 1.55 0.48 1.65
v 2 0.48 1.65
v 2 0.48 1.2
usemtl WoodLight
s off
f 2396 2395 2394 2393
f 2397 2398 2399 2400
f 2393 2394 2398 2397
f 2394 2395 2399 2398
f 2395 2396 2400 2399
f 2396 2393 2397 2400
o Crate.Edge
v 1.54 0.03 1.19
v 1.54 0.03 1.25
v 1.6 0.03 1.25
v 1.6 0.03 1.19
v 1.54 0.48 1.19
v 1.54 0.48 1.25
v 1.6 0.48 1.25
v 1.6 0.48 1.19
usemtl Wood
s off
f 2404 2403 2402 2401
f 2405 2406 2407 2408
f 2401 2402 2406 2405
f 2402 2403 2407 2406
f 2403 2404 2408 2407
f 2404 2401 2405 2408
o Crate.Edge
v 1.54 0.03 1.6
v 1.54 0.03 1.66
v 1.6 0.03 1.66
v 1.6 0.03 1.6
v 1.54 0.48 1.6
v 1.54 0.48 1.66
v 1.6 0.48 1.66
v 1.6 0.48 1.6
usemtl Wood
s off
f 2412 2411 2410 2409
f 2413 2414 2415 2416
f 2409 2410 2414 2413
f 2410 2411 2415 2414
f 2411 2412 2416 2415
f 2412 2409 2413 2416
o Crate.Edge
v 1.95 0.03 1.19
v 1.95 0.03 1.25
v 2.01 0.03 1.25
v 2.01 0.03 1.19
v 1.95 0.48 1.19
v 1.95 0.48 1.25
v 2.01 0.48 1.25
v 2.01 0.48 1.19
usemtl Wood
s off
f 2420 2419 2418 2417
f 2421 2422 2423 2424
f 2417 2418 2422 2421
f 2418 2419 2423 2422
f 2419 2420 2424 2423
f 2420 2417 2421 2424
o Crate.Edge
v 1.95 0.03 1.6
v 1.95 0.03 1.66
v 2.01 0.03 1.66
v 2.01 0.03 1.6
v 1.95 0.48 1.6
v 1.95 0.48 1.66
v 2.01 0.48 1.66
v 2.01 0.48 1.6
usemtl Wood
s off
f 2428 2427 2426 2425
f 2429 2430 2431 2432
f 2425 2426 2430 2429
f 2426 2427 2431 2430
f 2427 2428 2432 2431
f 2428 2425 2429 2432
o Crate.Edge
v 1.54 0.025 1.19
v 1.54 0.025 1.25
v 2.01 0.025 1.25
v 2.01 0.025 1.19
v 1.54 0.08 1.19
v 1.54 0.08 1.25
v 2.01 0.08 1.25
v 2.01 0.08 1.19
usemtl Wood
s off
f 2436 2435 2434 2433
f 2437 2438 2439 2440
f 2433 2434 2438 2437
f 2434 2435 2439 2438
f 2435 2436 2440 2439
f 2436 2433 2437 2440
o Crate.Edge
v 1.54 0.025 1.6
v 1.54 0.025 1.66
v 2.01 0.025 1.66
v 2.01 0.025 1.6
v 1.54 0.08 1.6
v 1.54 0.08 1.66
v 2.01 0.08 1.66
v 2.01 0.08 1.6
usemtl Wood
s off
f 2444 2443 2442 2441
f 2445 2446 2447 2448
f 2441 2442 2446 2445
f 2442 2443 2447 2446
f 2443 2444 2448 2447
f 2444 2441 2445 2448
o Crate.Edge
v 1.54 0.43 1.19
v 1.54 0.43 1.25
v 2.01 0.43 1.25
v 2.01 0.43 1.19
v 1.54 0.485 1.19
v 1.54 0.485 1.25
v 2.01 0.485 1.25
v 2.01 0.485 1.19
usemtl Wood
s off
f 2452 2451 2450 2449
f 2453 2454 2455 2456
f 2449 2450 2454 2453
f 2450 2451 2455 2454
f 2451 2452 2456 2455
f 2452 2449 2453 2456
o Crate.Edge
v 1.54 0.43 1.6
v 1.54 0.43 1.66
v 2.01 0.43 1.66
v 2.01 0.43 1.6
v 1.54 0.485 1.6
v 1.54 0.485 1.66
v 2.01 0.485 1.66
v 2.01 0.485 1.6
usemtl Wood
s off
f 2460 2459 2458 2457
f 2461 2462 2463 2464
f 2457 2458 2462 2461
f 2458 2459 2463 2462
f 2459 2460 2464 2463
f 2460 2457 2461 2464
o Crate.Brace
v 1.582 0.098 1.68
v 1.582 0.098 1.63
v 1.618 0.062 1.63
v 1.618 0.062 1.68
v 1.932 0.448 1.68
v 1.932 0.448 1.63
v 1.968 0.412 1.63
v 1.968 0.412 1.68
usemtl Wood
s off
f 2468 2467 2466 2465
f 2469 2470 2471 2472
f 2465 2466 2470 2469
f 2466 2467 2471 2470
f 2467 2468 2472 2471
f 2468 2465 2469 2472
o Barrel
v 2.026 0 -1.476
v 1.94 0 -1.357
v 1.8 0 -1.312
v 1.66 0 -1.357
v 1.574 0 -1.476
v 1.574 0 -1.624
v 1.66 0 -1.743
v 1.8 0 -1.788
v 1.94 0 -1.743
v 2.026 0 -1.624
v 2.066 0.4 -1.463
v 1.965 0.4 -1.323
v 1.8 0.4 -1.27
v 1.635 0.4 -1.323
v 1.534 0.4 -1.463
v 1.534 0.4 -1.637
v 1.635 0.4 -1.777
v 1.8 0.4 -1.83
v 1.965 0.4 -1.777
v 2.066 0.4 -1.637
usemtl Wood
s off
f 2482 2481 2480 2479 2478 2477 2476 2475 2474 2473
f 2483 2484 2485 2486 2487 2488 2489 2490 2491 2492
f 2473 2474 2484 2483
f 2474 2475 2485 2484
f 2475 2476 2486 2485
f 2476 2477 2487 2486
f 2477 2478 2488 2487
f 2478 2479 2489 2488
f 2479 2480 2490 2489
f 2480 2481 2491 2490
f 2481 2482 2492 2491
f 2482 2473 2483 2492
o Barrel
v 2.066 0.4 -1.463
v 1.965 0.4 -1.323
v 1.8 0.4 -1.27
v 1.635 0.4 -1.323
v 1.534 0.4 -1.463
v 1.534 0.4 -1.637
v 1.635 0.4 -1.777
v 1.8 0.4 -1.83
v 1.965 0.4 -1.777
v 2.066 0.4 -1.637
v 2.026 0.8 -1.476
v 1.94 0.8 -1.357
v 1.8 0.8 -1.312
v 1.66 0.8 -1.357
v 1.574 0.8 -1.476
v 1.574 0.8 -1.624
v 1.66 0.8 -1.743
v 1.8 0.8 -1.788
v 1.94 0.8 -1.743
v 2.026 0.8 -1.624
usemtl Wood
s off
f 2502 2501 2500 2499 2498 2497 2496 2495 2494 2493
f 2503 2504 2505 2506 2507 2508 2509 2510 2511 2512
f 2493 2494 2504 2503
f 2494 2495 2505 2504
f 2495 2496 2506 2505
f 2496 2497 2507 2506
f 2497 2498 2508 2507
f 2498 2499 2509 2508
f 2499 2500 2510 2509
f 2500 2501 2511 2510
f 2501 2502 2512 2511
f 2502 2493 2503 2512
o Barrel.Hoop
v 2.063 0.12 -1.464
v 1.963 0.12 -1.326
v 1.8 0.12 -1.273
v 1.637 0.12 -1.326
v 1.537 0.12 -1.464
v 1.537 0.12 -1.636
v 1.637 0.12 -1.774
v 1.8 0.12 -1.827
v 1.963 0.12 -1.774
v 2.063 0.12 -1.636
v 2.063 0.17 -1.464
v 1.963 0.17 -1.326
v 1.8 0.17 -1.273
v 1.637 0.17 -1.326
v 1.537 0.17 -1.464
v 1.537 0.17 -1.636
v 1.637 0.17 -1.774
v 1.8 0.17 -1.827
v 1.963 0.17 -1.774
v 2.063 0.17 -1.636
usemtl Iron
s off
f 2522 2521 2520 2519 2518 2517 2516 2515 2514 2513
f 2523 2524 2525 2526 2527 2528 2529 2530 2531 2532
f 2513 2514 2524 2523
f 2514 2515 2525 2524
f 2515 2516 2526 2525
f 2516 2517 2527 2526
f 2517 2518 2528 2527
f 2518 2519 2529 2528
f 2519 2520 2530 2529
f 2520 2521 2531 2530
f 2521 2522 2532 2531
f 2522 2513 2523 2532
o Barrel.Hoop
v 2.067 0.64 -1.463
v 1.965 0.64 -1.323
v 1.8 0.64 -1.27
v 1.635 0.64 -1.323
v 1.533 0.64 -1.463
v 1.533 0.64 -1.637
v 1.635 0.64 -1.777
v 1.8 0.64 -1.83
v 1.965 0.64 -1.777
v 2.067 0.64 -1.637
v 2.067 0.69 -1.463
v 1.965 0.69 -1.323
v 1.8 0.69 -1.27
v 1.635 0.69 -1.323
v 1.533 0.69 -1.463
v 1.533 0.69 -1.637
v 1.635 0.69 -1.777
v 1.8 0.69 -1.83
v 1.965 0.69 -1.777
v 2.067 0.69 -1.637
usemtl Iron
s off
f 2542 2541 2540 2539 2538 2537 2536 2535 2534 2533
f 2543 2544 2545 2546 2547 2548 2549 2550 2551 2552
f 2533 2534 2544 2543
f 2534 2535 2545 2544
f 2535 2536 2546 2545
f 2536 2537 2547 2546
f 2537 2538 2548 2547
f 2538 2539 2549 2548
f 2539 2540 2550 2549
f 2540 2541 2551 2550
f 2541 2542 2552 2551
f 2542 2533 2543 2552
o Barrel.Lid
v 2.008 0.8 -1.483
v 1.928 0.8 -1.373
v 1.8 0.8 -1.332
v 1.672 0.8 -1.373
v 1.592 0.8 -1.483
v 1.592 0.8 -1.617
v 1.672 0.8 -1.727
v 1.8 0.8 -1.768
v 1.928 0.8 -1.727
v 2.008 0.8 -1.617
v 2.008 0.82 -1.483
v 1.928 0.82 -1.373
v 1.8 0.82 -1.332
v 1.672 0.82 -1.373
v 1.592 0.82 -1.483
v 1.592 0.82 -1.617
v 1.672 0.82 -1.727
v 1.8 0.82 -1.768
v 1.928 0.82 -1.727
v 2.008 0.82 -1.617
usemtl WoodDark
s off
f 2562 2561 2560 2559 2558 2557 2556 2555 2554 2553
f 2563 2564 2565 2566 2567 2568 2569 2570 2571 2572
f 2553 2554 2564 2563
f 2554 2555 2565 2564
f 2555 2556 2566 2565
f 2556 2557 2567 2566
f 2557 2558 2568 2567
f 2558 2559 2569 2568
f 2559 2560 2570 2569
f 2560 2561 2571 2570
f 2561 2562 2572 2571
f 2562 2553 2563 2572
o Ivy
v 1.538 0.1 1.41
v 1.49 0.1 1.458
v 1.49 0.1 1.522
v 1.538 0.1 1.57
v 1.602 0.1 1.57
v 1.65 0.1 1.522
v 1.65 0.1 1.458
v 1.602 0.1 1.41
v 1.538 0.212 1.41
v 1.49 0.212 1.458
v 1.49 0.212 1.522
v 1.538 0.212 1.57
v 1.602 0.212 1.57
v 1.65 0.212 1.522
v 1.65 0.212 1.458
v 1.602 0.212 1.41
usemtl IvyDark
s off
f 2580 2579 2578 2577 2576 2575 2574 2573
f 2581 2582 2583 2584 2585 2586 2587 2588
f 2573 2574 2582 2581
f 2574 2575 2583 2582
f 2575 2576 2584 2583
f 2576 2577 2585 2584
f 2577 2578 2586 2585
f 2578 2579 2587 2586
f 2579 2580 2588 2587
f 2580 2573 2581 2588
o Ivy
v 1.424 0.28 1.466
v 1.364 0.28 1.526
v 1.364 0.28 1.606
v 1.424 0.28 1.666
v 1.504 0.28 1.666
v 1.564 0.28 1.606
v 1.564 0.28 1.526
v 1.504 0.28 1.466
v 1.424 0.42 1.466
v 1.364 0.42 1.526
v 1.364 0.42 1.606
v 1.424 0.42 1.666
v 1.504 0.42 1.666
v 1.564 0.42 1.606
v 1.564 0.42 1.526
v 1.504 0.42 1.466
usemtl Ivy
s off
f 2596 2595 2594 2593 2592 2591 2590 2589
f 2597 2598 2599 2600 2601 2602 2603 2604
f 2589 2590 2598 2597
f 2590 2591 2599 2598
f 2591 2592 2600 2599
f 2592 2593 2601 2600
f 2593 2594 2602 2601
f 2594 2595 2603 2602
f 2595 2596 2604 2603
f 2596 2589 2597 2604
o Ivy
v 1.379 0.46 1.321
v 1.307 0.46 1.393
v 1.307 0.46 1.489
v 1.379 0.46 1.561
v 1.475 0.46 1.561
v 1.547 0.46 1.489
v 1.547 0.46 1.393
v 1.475 0.46 1.321
v 1.379 0.628 1.321
v 1.307 0.628 1.393
v 1.307 0.628 1.489
v 1.379 0.628 1.561
v 1.475 0.628 1.561
v 1.547 0.628 1.489
v 1.547 0.628 1.393
v 1.475 0.628 1.321
usemtl IvyDark
s off
f 2612 2611 2610 2609 2608 2607 2606 2605
f 2613 2614 2615 2616 2617 2618 2619 2620
f 2605 2606 2614 2613
f 2606 2607 2615 2614
f 2607 2608 2616 2615
f 2608 2609 2617 2616
f 2609 2610 2618 2617
f 2610 2611 2619 2618
f 2611 2612 2620 2619
f 2612 2605 2613 2620
o Ivy
v 1.525 0.64 1.366
v 1.477 0.64 1.414
v 1.477 0.64 1.478
v 1.525 0.64 1.526
v 1.589 0.64 1.526
v 1.637 0.64 1.478
v 1.637 0.64 1.414
v 1.589 0.64 1.366
v 1.525 0.752 1.366
v 1.477 0.752 1.414
v 1.477 0.752 1.478
v 1.525 0.752 1.526
v 1.589 0.752 1.526
v 1.637 0.752 1.478
v 1.637 0.752 1.414
v 1.589 0.752 1.366
usemtl Ivy
s off
f 2628 2627 2626 2625 2624 2623 2622 2621
f 2629 2630 2631 2632 2633 2634 2635 2636
f 2621 2622 2630 2629
f 2622 2623 2631 2630
f 2623 2624 2632 2631
f 2624 2625 2633 2632
f 2625 2626 2634 2633
f 2626 2627 2635 2634
f 2627 2628 2636 2635
f 2628 2621 2629 2636
o Ivy
v 1.47 0.82 1.467
v 1.41 0.82 1.527
v 1.41 0.82 1.607
v 1.47 0.82 1.667
v 1.55 0.82 1.667
v 1.61 0.82 1.607
v 1.61 0.82 1.527
v 1.55 0.82 1.467
v 1.47 0.96 1.467
v 1.41 0.96 1.527
v 1.41 0.96 1.607
v 1.47 0.96 1.667
v 1.55 0.96 1.667
v 1.61 0.96 1.607
v 1.61 0.96 1.527
v 1.55 0.96 1.467
usemtl IvyDark
s off
f 2644 2643 2642 2641 2640 2639 2638 2637
f 2645 2646 2647 2648 2649 2650 2651 2652
f 2637 2638 2646 2645
f 2638 2639 2647 2646
f 2639 2640 2648 2647
f 2640 2641 2649 2648
f 2641 2642 2650 2649
f 2642 2643 2651 2650
f 2643 2644 2652 2651
f 2644 2637 2645 2652
o Ivy
v 1.362 1 1.364
v 1.29 1 1.436
v 1.29 1 1.532
v 1.362 1 1.604
v 1.458 1 1.604
v 1.53 1 1.532
v 1.53 1 1.436
v 1.458 1 1.364
v 1.362 1.168 1.364
v 1.29 1.168 1.436
v 1.29 1.168 1.532
v 1.362 1.168 1.604
v 1.458 1.168 1.604
v 1.53 1.168 1.532
v 1.53 1.168 1.436
v 1.458 1.168 1.364
usemtl Ivy
s off
f 2660 2659 2658 2657 2656 2655 2654 2653
f 2661 2662 2663 2664 2665 2666 2667 2668
f 2653 2654 2662 2661
f 2654 2655 2663 2662
f 2655 2656 2664 2663
f 2656 2657 2665 2664
f 2657 2658 2666 2665
f 2658 2659 2667 2666
f 2659 2660 2668 2667
f 2660 2653 2661 2668
o Ivy
v 1.489 1.18 1.336
v 1.441 1.18 1.384
v 1.441 1.18 1.448
v 1.489 1.18 1.496
v 1.553 1.18 1.496
v 1.601 1.18 1.448
v 1.601 1.18 1.384
v 1.553 1.18 1.336
v 1.489 1.292 1.336
v 1.441 1.292 1.384
v 1.441 1.292 1.448
v 1.489 1.292 1.496
v 1.553 1.292 1.496
v 1.601 1.292 1.448
v 1.601 1.292 1.384
v 1.553 1.292 1.336
usemtl IvyDark
s off
f 2676 2675 2674 2673 2672 2671 2670 2669
f 2677 2678 2679 2680 2681 2682 2683 2684
f 2669 2670 2678 2677
f 2670 2671 2679 2678
f 2671 2672 2680 2679
f 2672 2673 2681 2680
f 2673 2674 2682 2681
f 2674 2675 2683 2682
f 2675 2676 2684 2683
f 2676 2669 2677 2684
o Ivy
v 1.509 1.36 1.444
v 1.449 1.36 1.504
v 1.449 1.36 1.584
v 1.509 1.36 1.644
v 1.589 1.36 1.644
v 1.649 1.36 1.584
v 1.649 1.36 1.504
v 1.589 1.36 1.444
v 1.509 1.5 1.444
v 1.449 1.5 1.504
v 1.449 1.5 1.584
v 1.509 1.5 1.644
v 1.589 1.5 1.644
v 1.649 1.5 1.584
v 1.649 1.5 1.504
v 1.589 1.5 1.444
usemtl Ivy
s off
f 2692 2691 2690 2689 2688 2687 2686 2685
f 2693 2694 2695 2696 2697 2698 2699 2700
f 2685 2686 2694 2693
f 2686 2687 2695 2694
f 2687 2688 2696 2695
f 2688 2689 2697 2696
f 2689 2690 2698 2697
f 2690 2691 2699 2698
f 2691 2692 2700 2699
f 2692 2685 2693 2700
o Ivy
v 1.372 1.54 1.409
v 1.3 1.54 1.481
v 1.3 1.54 1.577
v 1.372 1.54 1.649
v 1.468 1.54 1.649
v 1.54 1.54 1.577
v 1.54 1.54 1.481
v 1.468 1.54 1.409
v 1.372 1.708 1.409
v 1.3 1.708 1.481
v 1.3 1.708 1.577
v 1.372 1.708 1.649
v 1.468 1.708 1.649
v 1.54 1.708 1.577
v 1.54 1.708 1.481
v 1.468 1.708 1.409
usemtl IvyDark
s off
f 2708 2707 2706 2705 2704 2703 2702 2701
f 2709 2710 2711 2712 2713 2714 2715 2716
f 2701 2702 2710 2709
f 2702 2703 2711 2710
f 2703 2704 2712 2711
f 2704 2705 2713 2712
f 2705 2706 2714 2713
f 2706 2707 2715 2714
f 2707 2708 2716 2715
f 2708 2701 2709 2716
o Ivy
v 1.444 1.72 1.331
v 1.396 1.72 1.379
v 1.396 1.72 1.443
v 1.444 1.72 1.491
v 1.508 1.72 1.491
v 1.556 1.72 1.443
v 1.556 1.72 1.379
v 1.508 1.72 1.331
v 1.444 1.832 1.331
v 1.396 1.832 1.379
v 1.396 1.832 1.443
v 1.444 1.832 1.491
v 1.508 1.832 1.491
v 1.556 1.832 1.443
v 1.556 1.832 1.379
v 1.508 1.832 1.331
usemtl Ivy
s off
f 2724 2723 2722 2721 2720 2719 2718 2717
f 2725 2726 2727 2728 2729 2730 2731 2732
f 2717 2718 2726 2725
f 2718 2719 2727 2726
f 2719 2720 2728 2727
f 2720 2721 2729 2728
f 2721 2722 2730 2729
f 2722 2723 2731 2730
f 2723 2724 2732 2731
f 2724 2717 2725 2732
o Ivy
v 1.529 1.9 1.402
v 1.469 1.9 1.462
v 1.469 1.9 1.542
v 1.529 1.9 1.602
v 1.609 1.9 1.602
v 1.669 1.9 1.542
v 1.669 1.9 1.462
v 1.609 1.9 1.402
v 1.529 2.04 1.402
v 1.469 2.04 1.462
v 1.469 2.04 1.542
v 1.529 2.04 1.602
v 1.609 2.04 1.602
v 1.669 2.04 1.542
v 1.669 2.04 1.462
v 1.609 2.04 1.402
usemtl IvyDark
s off
f 2740 2739 2738 2737 2736 2735 2734 2733
f 2741 2742 2743 2744 2745 2746 2747 2748
f 2733 2734 2742 2741
f 2734 2735 2743 2742
f 2735 2736 2744 2743
f 2736 2737 2745 2744
f 2737 2738 2746 2745
f 2738 2739 2747 2746
f 2739 2740 2748 2747
f 2740 2733 2741 2748
o Ivy
v 1.405 2.08 1.441
v 1.333 2.08 1.513
v 1.333 2.08 1.609
v 1.405 2.08 1.681
v 1.501 2.08 1.681
v 1.573 2.08 1.609
v 1.573 2.08 1.513
v 1.501 2.08 1.441
v 1.405 2.248 1.441
v 1.333 2.248 1.513
v 1.333 2.248 1.609
v 1.405 2.248 1.681
v 1.501 2.248 1.681
v 1.573 2.248 1.609
v 1.573 2.248 1.513
v 1.501 2.248 1.441
usemtl Ivy
s off
f 2756 2755 2754 2753 2752 2751 2750 2749
f 2757 2758 2759 2760 2761 2762 2763 2764
f 2749 2750 2758 2757
f 2750 2751 2759 2758
f 2751 2752 2760 2759
f 2752 2753 2761 2760
f 2753 2754 2762 2761
f 2754 2755 2763 2762
f 2755 2756 2764 2763
f 2756 2749 2757 2764
o Ivy
v 1.403 2.26 1.352
v 1.355 2.26 1.4
v 1.355 2.26 1.464
v 1.403 2.26 1.512
v 1.467 2.26 1.512
v 1.515 2.26 1.464
v 1.515 2.26 1.4
v 1.467 2.26 1.352
v 1.403 2.372 1.352
v 1.355 2.372 1.4
v 1.355 2.372 1.464
v 1.403 2.372 1.512
v 1.467 2.372 1.512
v 1.515 2.372 1.464
v 1.515 2.372 1.4
v 1.467 2.372 1.352
usemtl IvyDark
s off
f 2772 2771 2770 2769 2768 2767 2766 2765
f 2773 2774 2775 2776 2777 2778 2779 2780
f 2765 2766 2774 2773
f 2766 2767 2775 2774
f 2767 2768 2776 2775
f 2768 2769 2777 2776
f 2769 2770 2778 2777
f 2770 2771 2779 2778
f 2771 2772 2780 2779
f 2772 2765 2773 2780
o Ivy
v 1.523 2.44 1.356
v 1.463 2.44 1.416
v 1.463 2.44 1.496
v 1.523 2.44 1.556
v 1.603 2.44 1.556
v 1.663 2.44 1.496
v 1.663 2.44 1.416
v 1.603 2.44 1.356
v 1.523 2.58 1.356
v 1.463 2.58 1.416
v 1.463 2.58 1.496
v 1.523 2.58 1.556
v 1.603 2.58 1.556
v 1.663 2.58 1.496
v 1.663 2.58 1.416
v 1.603 2.58 1.356
usemtl Ivy
s off
f 2788 2787 2786 2785 2784 2783 2782 2781
f 2789 2790 2791 2792 2793 2794 2795 2796
f 2781 2782 2790 2789
f 2782 2783 2791 2790
f 2783 2784 2792 2791
f 2784 2785 2793 2792
f 2785 2786 2794 2793
f 2786 2787 2795 2794
f 2787 2788 2796 2795
f 2788 2781 2789 2796
o Entry
v 2 0 -0.4
v 2 0 -0.35
v 2.05 0 -0.35
v 2.05 0 -0.4
v 2 0.05 -0.4
v 2 0.05 -0.35
v 2.05 0.05 -0.35
v 2.05 0.05 -0.4
usemtl Soot
s off
f 2800 2799 2798 2797
f 2801 2802 2803 2804
f 2797 2798 2802 2801
f 2798 2799 2803 2802
f 2799 2800 2804 2803
f 2800 2797 2801 2804
