# tree_birch_3.obj - Trauerbirke (Holz) fuer procedurally-generated-map
# Einheiten: Meter, Y oben, Vorderseite nach +Z - so wie Blender ein Modell
# exportiert, das in der Vorderansicht zum Betrachter schaut.
# Material Paint (das Laub) bekommt eine je Baum leicht andere Farbe.
mtllib tree_birch_3.mtl
o Trunk.Stump
v 0.197 0 0.094
v 0.049 0 0.212
v -0.136 0 0.171
v -0.218 0 0
v -0.136 0 -0.171
v 0.049 0 -0.212
v 0.197 0 -0.094
v 0.207 0.5 0.096
v 0.063 0.5 0.211
v -0.118 0.5 0.17
v -0.199 0.5 0.004
v -0.118 0.5 -0.163
v 0.063 0.5 -0.204
v 0.207 0.5 -0.088
usemtl Birch
s off
f 7 6 5 4 3 2 1
f 8 9 10 11 12 13 14
f 1 2 9 8
f 2 3 10 9
f 3 4 11 10
f 4 5 12 11
f 5 6 13 12
f 6 7 14 13
f 7 1 8 14
o Trunk
v 0.207 0.5 0.096
v 0.063 0.5 0.211
v -0.118 0.5 0.17
v -0.199 0.5 0.004
v -0.118 0.5 -0.163
v 0.063 0.5 -0.204
v 0.207 0.5 -0.088
v 0.217 1.05 0.097
v 0.077 1.05 0.209
v -0.098 1.05 0.17
v -0.176 1.05 0.008
v -0.098 1.05 -0.154
v 0.077 1.05 -0.194
v 0.217 1.05 -0.082
usemtl Birch
s off
f 21 20 19 18 17 16 15
f 22 23 24 25 26 27 28
f 15 16 23 22
f 16 17 24 23
f 17 18 25 24
f 18 19 26 25
f 19 20 27 26
f 20 21 28 27
f 21 15 22 28
o Trunk
v 0.12 1.047 -0.179
v 0.232 1.032 -0.039
v 0.193 1.032 0.137
v 0.031 1.045 0.214
v -0.13 1.063 0.137
v -0.171 1.072 -0.038
v -0.059 1.065 -0.179
v 0.133 1.544 -0.17
v 0.241 1.53 -0.034
v 0.203 1.53 0.137
v 0.046 1.544 0.212
v -0.111 1.561 0.137
v -0.15 1.57 -0.033
v -0.042 1.563 -0.17
usemtl Birch
s off
f 35 34 33 32 31 30 29
f 36 37 38 39 40 41 42
f 29 30 37 36
f 30 31 38 37
f 31 32 39 38
f 32 33 40 39
f 33 34 41 40
f 34 35 42 41
f 35 29 36 42
o Trunk
v 0.133 1.544 -0.17
v 0.241 1.53 -0.034
v 0.203 1.53 0.137
v 0.046 1.544 0.212
v -0.111 1.561 0.137
v -0.15 1.57 -0.033
v -0.042 1.563 -0.17
v 0.145 2.044 -0.162
v 0.251 2.029 -0.029
v 0.213 2.029 0.137
v 0.061 2.042 0.21
v -0.092 2.06 0.137
v -0.13 2.068 -0.029
v -0.025 2.06 -0.161
usemtl Birch
s off
f 49 48 47 46 45 44 43
f 50 51 52 53 54 55 56
f 43 44 51 50
f 44 45 52 51
f 45 46 53 52
f 46 47 54 53
f 47 48 55 54
f 48 49 56 55
f 49 43 50 56
o Trunk
v 0.145 2.044 -0.162
v 0.251 2.029 -0.029
v 0.213 2.029 0.137
v 0.061 2.042 0.21
v -0.092 2.06 0.137
v -0.13 2.068 -0.029
v -0.025 2.06 -0.161
v 0.158 2.542 -0.153
v 0.26 2.529 -0.024
v 0.223 2.527 0.137
v 0.075 2.542 0.209
v -0.073 2.558 0.137
v -0.11 2.565 -0.024
v -0.007 2.558 -0.153
usemtl Birch
s off
f 63 62 61 60 59 58 57
f 64 65 66 67 68 69 70
f 57 58 65 64
f 58 59 66 65
f 59 60 67 66
f 60 61 68 67
f 61 62 69 68
f 62 63 70 69
f 63 57 64 70
o Trunk
v 0.158 2.542 -0.153
v 0.26 2.529 -0.024
v 0.223 2.527 0.137
v 0.075 2.542 0.209
v -0.073 2.558 0.137
v -0.11 2.565 -0.024
v -0.007 2.558 -0.153
v 0.17 3.039 -0.144
v 0.27 3.026 -0.019
v 0.234 3.026 0.138
v 0.089 3.039 0.207
v -0.055 3.056 0.138
v -0.09 3.063 -0.019
v 0.01 3.056 -0.144
usemtl Birch
s off
f 77 76 75 74 73 72 71
f 78 79 80 81 82 83 84
f 71 72 79 78
f 72 73 80 79
f 73 74 81 80
f 74 75 82 81
f 75 76 83 82
f 76 77 84 83
f 77 71 78 84
o Trunk
v 0.17 3.039 -0.144
v 0.27 3.026 -0.019
v 0.234 3.026 0.138
v 0.089 3.039 0.207
v -0.055 3.056 0.138
v -0.09 3.063 -0.019
v 0.01 3.056 -0.144
v 0.182 3.539 -0.135
v 0.279 3.526 -0.014
v 0.244 3.524 0.138
v 0.104 3.537 0.206
v -0.036 3.554 0.138
v -0.07 3.561 -0.014
v 0.027 3.554 -0.135
usemtl Birch
s off
f 91 90 89 88 87 86 85
f 92 93 94 95 96 97 98
f 85 86 93 92
f 86 87 94 93
f 87 88 95 94
f 88 89 96 95
f 89 90 97 96
f 90 91 98 97
f 91 85 92 98
o Trunk
v 0.182 3.539 -0.135
v 0.279 3.526 -0.014
v 0.244 3.524 0.138
v 0.104 3.537 0.206
v -0.036 3.554 0.138
v -0.07 3.561 -0.014
v 0.027 3.554 -0.135
v 0.195 4.036 -0.127
v 0.288 4.024 -0.009
v 0.255 4.024 0.138
v 0.119 4.036 0.204
v -0.017 4.051 0.138
v -0.05 4.059 -0.009
v 0.044 4.051 -0.127
usemtl Birch
s off
f 105 104 103 102 101 100 99
f 106 107 108 109 110 111 112
f 99 100 107 106
f 100 101 108 107
f 101 102 109 108
f 102 103 110 109
f 103 104 111 110
f 104 105 112 111
f 105 99 106 112
o Trunk
v 0.195 4.044 -0.127
v 0.289 4.044 -0.009
v 0.255 4.04 0.138
v 0.119 4.036 0.204
v -0.017 4.036 0.138
v -0.051 4.038 -0.009
v 0.044 4.042 -0.127
v 0.189 4.569 -0.118
v 0.279 4.569 -0.005
v 0.247 4.565 0.137
v 0.116 4.562 0.2
v -0.015 4.56 0.137
v -0.047 4.562 -0.005
v 0.044 4.567 -0.118
usemtl Birch
s off
f 119 118 117 116 115 114 113
f 120 121 122 123 124 125 126
f 113 114 121 120
f 114 115 122 121
f 115 116 123 122
f 116 117 124 123
f 117 118 125 124
f 118 119 126 125
f 119 113 120 126
o Trunk
v 0.189 4.569 -0.118
v 0.279 4.569 -0.005
v 0.247 4.565 0.137
v 0.116 4.562 0.2
v -0.015 4.56 0.137
v -0.047 4.562 -0.005
v 0.044 4.567 -0.118
v 0.184 5.094 -0.109
v 0.27 5.092 0
v 0.239 5.091 0.136
v 0.113 5.087 0.197
v -0.012 5.085 0.136
v -0.044 5.087 0
v 0.044 5.091 -0.109
usemtl Birch
s off
f 133 132 131 130 129 128 127
f 134 135 136 137 138 139 140
f 127 128 135 134
f 128 129 136 135
f 129 130 137 136
f 130 131 138 137
f 131 132 139 138
f 132 133 140 139
f 133 127 134 140
o Trunk
v 0.184 5.094 -0.109
v 0.27 5.092 0
v 0.239 5.091 0.136
v 0.113 5.087 0.197
v -0.012 5.085 0.136
v -0.044 5.087 0
v 0.044 5.091 -0.109
v 0.178 5.618 -0.101
v 0.261 5.618 0.004
v 0.231 5.614 0.135
v 0.11 5.612 0.193
v -0.01 5.61 0.135
v -0.04 5.612 0.004
v 0.044 5.616 -0.101
usemtl Birch
s off
f 147 146 145 144 143 142 141
f 148 149 150 151 152 153 154
f 141 142 149 148
f 142 143 150 149
f 143 144 151 150
f 144 145 152 151
f 145 146 153 152
f 146 147 154 153
f 147 141 148 154
o Trunk
v 0.178 5.618 -0.101
v 0.261 5.618 0.004
v 0.231 5.614 0.135
v 0.11 5.612 0.193
v -0.01 5.61 0.135
v -0.04 5.612 0.004
v 0.044 5.616 -0.101
v 0.172 6.143 -0.092
v 0.252 6.143 0.008
v 0.223 6.139 0.134
v 0.108 6.136 0.19
v -0.008 6.136 0.133
v -0.037 6.137 0.008
v 0.044 6.141 -0.092
usemtl Birch
s off
f 161 160 159 158 157 156 155
f 162 163 164 165 166 167 168
f 155 156 163 162
f 156 157 164 163
f 157 158 165 164
f 158 159 166 165
f 159 160 167 166
f 160 161 168 167
f 161 155 162 168
o Trunk
v 0.172 6.143 -0.092
v 0.252 6.143 0.008
v 0.223 6.139 0.134
v 0.108 6.136 0.19
v -0.008 6.136 0.133
v -0.037 6.137 0.008
v 0.044 6.141 -0.092
v 0.167 6.666 -0.083
v 0.243 6.666 0.013
v 0.215 6.664 0.132
v 0.105 6.661 0.186
v -0.006 6.661 0.132
v -0.034 6.661 0.012
v 0.044 6.664 -0.083
usemtl Birch
s off
f 175 174 173 172 171 170 169
f 176 177 178 179 180 181 182
f 169 170 177 176
f 170 171 178 177
f 171 172 179 178
f 172 173 180 179
f 173 174 181 180
f 174 175 182 181
f 175 169 176 182
o Trunk
v 0.167 6.666 -0.083
v 0.243 6.666 0.013
v 0.215 6.664 0.132
v 0.105 6.661 0.186
v -0.006 6.661 0.132
v -0.034 6.661 0.012
v 0.044 6.664 -0.083
v 0.161 7.191 -0.075
v 0.234 7.191 0.017
v 0.208 7.19 0.131
v 0.102 7.186 0.183
v -0.004 7.184 0.131
v -0.03 7.186 0.017
v 0.044 7.19 -0.075
usemtl Birch
s off
f 189 188 187 186 185 184 183
f 190 191 192 193 194 195 196
f 183 184 191 190
f 184 185 192 191
f 185 186 193 192
f 186 187 194 193
f 187 188 195 194
f 188 189 196 195
f 189 183 190 196
o Trunk
v 0.161 7.191 -0.075
v 0.234 7.191 0.017
v 0.208 7.19 0.131
v 0.102 7.186 0.183
v -0.004 7.184 0.131
v -0.03 7.186 0.017
v 0.044 7.19 -0.075
v 0.155 7.717 -0.067
v 0.225 7.717 0.021
v 0.201 7.713 0.13
v 0.099 7.711 0.179
v -0.002 7.709 0.13
v -0.027 7.711 0.021
v 0.044 7.715 -0.067
usemtl Birch
s off
f 203 202 201 200 199 198 197
f 204 205 206 207 208 209 210
f 197 198 205 204
f 198 199 206 205
f 199 200 207 206
f 200 201 208 207
f 201 202 209 208
f 202 203 210 209
f 203 197 204 210
o Bark.Mark
v -0.172 0.735 -0.006
v -0.172 0.735 0.113
v -0.053 0.735 0.113
v -0.053 0.735 -0.006
v -0.172 0.872 -0.006
v -0.172 0.872 0.113
v -0.053 0.872 0.113
v -0.053 0.872 -0.006
usemtl BirchMark
s off
f 214 213 212 211
f 215 216 217 218
f 211 212 216 215
f 212 213 217 216
f 213 214 218 217
f 214 211 215 218
o Bark.Mark
v -0.172 1.207 -0.038
v -0.172 1.207 0.081
v -0.053 1.207 0.081
v -0.053 1.207 -0.038
v -0.172 1.315 -0.038
v -0.172 1.315 0.081
v -0.053 1.315 0.081
v -0.053 1.315 -0.038
usemtl BirchMark
s off
f 222 221 220 219
f 223 224 225 226
f 219 220 224 223
f 220 221 225 224
f 221 222 226 225
f 222 219 223 226
o Bark.Mark
v -0.165 1.679 -0.052
v -0.165 1.679 0.068
v -0.046 1.679 0.068
v -0.046 1.679 -0.052
v -0.165 1.794 -0.052
v -0.165 1.794 0.068
v -0.046 1.794 0.068
v -0.046 1.794 -0.052
usemtl BirchMark
s off
f 230 229 228 227
f 231 232 233 234
f 227 228 232 231
f 228 229 233 232
f 229 230 234 233
f 230 227 231 234
o Bark.Mark
v -0.129 2.15 0.018
v -0.129 2.15 0.137
v -0.01 2.15 0.137
v -0.01 2.15 0.018
v -0.129 2.251 0.018
v -0.129 2.251 0.137
v -0.01 2.251 0.137
v -0.01 2.251 0.018
usemtl BirchMark
s off
f 238 237 236 235
f 239 240 241 242
f 235 236 240 239
f 236 237 241 240
f 237 238 242 241
f 238 235 239 242
o Bark.Mark
v 0 2.624 0.059
v 0 2.624 0.178
v 0.119 2.624 0.178
v 0.119 2.624 0.059
v 0 2.736 0.059
v 0 2.736 0.178
v 0.119 2.736 0.178
v 0.119 2.736 0.059
usemtl BirchMark
s off
f 246 245 244 243
f 247 248 249 250
f 243 244 248 247
f 244 245 249 248
f 245 246 250 249
f 246 243 247 250
o Bark.Mark
v -0.041 3.096 -0.176
v -0.041 3.096 -0.057
v 0.078 3.096 -0.057
v 0.078 3.096 -0.176
v -0.041 3.217 -0.176
v -0.041 3.217 -0.057
v 0.078 3.217 -0.057
v 0.078 3.217 -0.176
usemtl BirchMark
s off
f 254 253 252 251
f 255 256 257 258
f 251 252 256 255
f 252 253 257 256
f 253 254 258 257
f 254 251 255 258
o Bark.Mark
v 0.061 3.568 -0.147
v 0.061 3.568 -0.028
v 0.18 3.568 -0.028
v 0.18 3.568 -0.147
v 0.061 3.675 -0.147
v 0.061 3.675 -0.028
v 0.18 3.675 -0.028
v 0.18 3.675 -0.147
usemtl BirchMark
s off
f 262 261 260 259
f 263 264 265 266
f 259 260 264 263
f 260 261 265 264
f 261 262 266 265
f 262 259 263 266
o Bark.Mark
v 0.082 4.04 -0.126
v 0.082 4.04 -0.007
v 0.202 4.04 -0.007
v 0.202 4.04 -0.126
v 0.082 4.209 -0.126
v 0.082 4.209 -0.007
v 0.202 4.209 -0.007
v 0.202 4.209 -0.126
usemtl BirchMark
s off
f 270 269 268 267
f 271 272 273 274
f 267 268 272 271
f 268 269 273 272
f 269 270 274 273
f 270 267 271 274
o Bark.Mark
v 0.107 4.512 -0.067
v 0.107 4.512 0.053
v 0.226 4.512 0.053
v 0.226 4.512 -0.067
v 0.107 4.608 -0.067
v 0.107 4.608 0.053
v 0.226 4.608 0.053
v 0.226 4.608 -0.067
usemtl BirchMark
s off
f 278 277 276 275
f 279 280 281 282
f 275 276 280 279
f 276 277 281 280
f 277 278 282 281
f 278 275 279 282
o Bark.Mark
v 0.109 4.984 -0.041
v 0.109 4.984 0.078
v 0.228 4.984 0.078
v 0.228 4.984 -0.041
v 0.109 5.173 -0.041
v 0.109 5.173 0.078
v 0.228 5.173 0.078
v 0.228 5.173 -0.041
usemtl BirchMark
s off
f 286 285 284 283
f 287 288 289 290
f 283 284 288 287
f 284 285 289 288
f 285 286 290 289
f 286 283 287 290
o Bark.Mark
v 0.108 5.456 -0.025
v 0.108 5.456 0.094
v 0.227 5.456 0.094
v 0.227 5.456 -0.025
v 0.108 5.564 -0.025
v 0.108 5.564 0.094
v 0.227 5.564 0.094
v 0.227 5.564 -0.025
usemtl BirchMark
s off
f 294 293 292 291
f 295 296 297 298
f 291 292 296 295
f 292 293 297 296
f 293 294 298 297
f 294 291 295 298
o Bark.Mark
v -0.024 5.93 -0.152
v -0.024 5.93 -0.033
v 0.095 5.93 -0.033
v 0.095 5.93 -0.152
v -0.024 6.075 -0.152
v -0.024 6.075 -0.033
v 0.095 6.075 -0.033
v 0.095 6.075 -0.152
usemtl BirchMark
s off
f 302 301 300 299
f 303 304 305 306
f 299 300 304 303
f 300 301 305 304
f 301 302 306 305
f 302 299 303 306
o Bark.Mark
v 0.08 6.402 0.019
v 0.08 6.402 0.138
v 0.2 6.402 0.138
v 0.2 6.402 0.019
v 0.08 6.571 0.019
v 0.08 6.571 0.138
v 0.2 6.571 0.138
v 0.2 6.571 0.019
usemtl BirchMark
s off
f 310 309 308 307
f 311 312 313 314
f 307 308 312 311
f 308 309 313 312
f 309 310 314 313
f 310 307 311 314
o Bark.Mark
v -0.04 6.874 -0.125
v -0.04 6.874 -0.006
v 0.079 6.874 -0.006
v 0.079 6.874 -0.125
v -0.04 7.061 -0.125
v -0.04 7.061 -0.006
v 0.079 7.061 -0.006
v 0.079 7.061 -0.125
usemtl BirchMark
s off
f 318 317 316 315
f 319 320 321 322
f 315 316 320 319
f 316 317 321 320
f 317 318 322 321
f 318 315 319 322
o Branch
v 0.039 7.768 0.108
v 0.038 7.823 0.024
v 0.098 7.768 -0.035
v 0.16 7.658 -0.009
v 0.161 7.603 0.075
v 0.1 7.658 0.134
v 2.694 13.637 1.171
v 2.694 13.654 1.147
v 2.711 13.637 1.131
v 2.728 13.608 1.138
v 2.728 13.591 1.162
v 2.711 13.608 1.177
usemtl Birch
s off
f 328 327 326 325 324 323
f 329 330 331 332 333 334
f 323 324 330 329
f 324 325 331 330
f 325 326 332 331
f 326 327 333 332
f 327 328 334 333
f 328 323 329 334
o Branch
v 0.627 8.925 0.295
v 0.61 8.945 0.266
v 0.608 8.896 0.244
v 0.625 8.846 0.258
v 0.637 8.864 0.289
v 1.547 9.555 -0.192
v 1.537 9.566 -0.207
v 1.536 9.538 -0.22
v 1.546 9.509 -0.212
v 1.553 9.52 -0.195
usemtl Birch
s off
f 339 338 337 336 335
f 340 341 342 343 344
f 335 336 341 340
f 336 337 342 341
f 337 338 343 342
f 338 339 344 343
f 339 335 340 344
o Branch
v 1.56 9.564 -0.195
v 1.544 9.564 -0.225
v 1.527 9.511 -0.216
v 1.543 9.511 -0.186
v 2.165 8.723 -0.517
v 2.158 8.723 -0.531
v 2.151 8.699 -0.527
v 2.158 8.699 -0.514
usemtl Birch
s off
f 348 347 346 345
f 349 350 351 352
f 345 346 350 349
f 346 347 351 350
f 347 348 352 351
f 348 345 349 352
o Leaves.Card.0
v 0.501 8.896 0.091
v 0.743 8.896 0.45
v 1.202 5.965 0.14
v 0.961 5.965 -0.218
v 0.498 8.892 0.093
v 0.739 8.892 0.452
v 1.199 5.963 0.142
v 0.958 5.963 -0.216
usemtl LeafCard
s off
f 356 355 354 353
f 357 358 359 360
f 353 354 358 357
f 354 355 359 358
f 355 356 360 359
f 356 353 357 360
o Leaves.Card.1
v 0.599 9.011 0.019
v 0.98 9.011 0.349
v 1.474 5.023 -0.22
v 1.093 5.023 -0.552
v 0.597 9.01 0.022
v 0.978 9.01 0.352
v 1.472 5.021 -0.218
v 1.091 5.021 -0.549
usemtl LeafCard
s off
f 364 363 362 361
f 365 366 367 368
f 361 362 366 365
f 362 363 367 366
f 363 364 368 367
f 364 361 365 368
o Leaves.Card.2
v 0.804 9.129 -0.074
v 1.11 9.129 0.27
v 1.573 5.856 -0.142
v 1.267 5.856 -0.486
v 0.801 9.127 -0.072
v 1.107 9.127 0.272
v 1.57 5.853 -0.139
v 1.264 5.853 -0.483
usemtl LeafCard
s off
f 372 371 370 369
f 373 374 375 376
f 369 370 374 373
f 370 371 375 374
f 371 372 376 375
f 372 369 373 376
o Leaves.Card.3
v 1.091 9.246 -0.219
v 1.158 9.246 0.241
v 1.904 5.26 0.134
v 1.838 5.26 -0.327
v 1.088 9.243 -0.218
v 1.154 9.243 0.242
v 1.9 5.258 0.135
v 1.835 5.258 -0.326
usemtl LeafCard
s off
f 380 379 378 377
f 381 382 383 384
f 377 378 382 381
f 378 379 383 382
f 379 380 384 383
f 380 377 381 384
o Leaves.Card.4
v 1.265 9.362 -0.321
v 1.319 9.362 0.17
v 1.937 6.079 0.1
v 1.882 6.079 -0.39
v 1.261 9.36 -0.32
v 1.316 9.36 0.17
v 1.934 6.077 0.1
v 1.878 6.077 -0.389
usemtl LeafCard
s off
f 388 387 386 385
f 389 390 391 392
f 385 386 390 389
f 386 387 391 390
f 387 388 392 391
f 388 385 389 392
o Leaves.Card.5
v 1.345 9.48 -0.389
v 1.575 9.48 0.066
v 2.119 6.26 -0.208
v 1.889 6.26 -0.663
v 1.342 9.476 -0.387
v 1.571 9.476 0.067
v 2.115 6.259 -0.207
v 1.885 6.259 -0.661
usemtl LeafCard
s off
f 396 395 394 393
f 397 398 399 400
f 393 394 398 397
f 394 395 399 398
f 395 396 400 399
f 396 393 397 400
o Leaves.Card.6
v 1.569 9.463 -0.481
v 1.631 9.463 0.013
v 2.434 5.184 -0.089
v 2.372 5.184 -0.583
v 1.565 9.459 -0.481
v 1.627 9.459 0.013
v 2.43 5.181 -0.088
v 2.368 5.181 -0.582
usemtl LeafCard
s off
f 404 403 402 401
f 405 406 407 408
f 401 402 406 405
f 402 403 407 406
f 403 404 408 407
f 404 401 405 408
o Leaves.Card.7
v 1.604 9.313 -0.495
v 1.818 9.313 -0.088
v 2.491 5.296 -0.441
v 2.277 5.296 -0.848
v 1.601 9.311 -0.493
v 1.815 9.311 -0.086
v 2.488 5.294 -0.44
v 2.275 5.294 -0.846
usemtl LeafCard
s off
f 412 411 410 409
f 413 414 415 416
f 409 410 414 413
f 410 411 415 414
f 411 412 416 415
f 412 409 413 416
o Leaves.Card.8
v 1.781 9.162 -0.595
v 1.865 9.162 -0.103
v 2.656 4.925 -0.24
v 2.57 4.925 -0.732
v 1.777 9.16 -0.595
v 1.862 9.16 -0.103
v 2.652 4.922 -0.239
v 2.567 4.922 -0.731
usemtl LeafCard
s off
f 420 419 418 417
f 421 422 423 424
f 417 418 422 421
f 418 419 423 422
f 419 420 424 423
f 420 417 421 424
o Leaves.Card.9
v 1.877 9.011 -0.618
v 1.993 9.011 -0.197
v 2.584 5.77 -0.358
v 2.469 5.77 -0.778
v 1.873 9.01 -0.617
v 1.989 9.01 -0.196
v 2.58 5.768 -0.357
v 2.465 5.768 -0.777
usemtl LeafCard
s off
f 428 427 426 425
f 429 430 431 432
f 425 426 430 429
f 426 427 431 430
f 427 428 432 431
f 428 425 429 432
o Leaves.Card.10
v 1.895 8.861 -0.615
v 2.198 8.861 -0.315
v 2.703 5.063 -0.825
v 2.402 5.063 -1.125
v 1.893 8.859 -0.612
v 2.195 8.859 -0.313
v 2.701 5.059 -0.823
v 2.4 5.059 -1.122
usemtl LeafCard
s off
f 436 435 434 433
f 437 438 439 440
f 433 434 438 437
f 434 435 439 438
f 435 436 440 439
f 436 433 437 440
o Leaves.Card.11
v 2.105 8.712 -0.761
v 2.212 8.712 -0.284
v 2.826 5.39 -0.421
v 2.717 5.39 -0.899
v 2.101 8.708 -0.76
v 2.208 8.708 -0.283
v 2.822 5.388 -0.421
v 2.714 5.388 -0.898
usemtl LeafCard
s off
f 444 443 442 441
f 445 446 447 448
f 441 442 446 445
f 442 443 447 446
f 443 444 448 447
f 444 441 445 448
o Branch
v 0.957 9.715 0.439
v 0.965 9.733 0.406
v 0.98 9.684 0.39
v 0.981 9.632 0.412
v 0.966 9.652 0.442
v 2.022 10.345 0.824
v 2.027 10.356 0.806
v 2.036 10.326 0.796
v 2.037 10.297 0.809
v 2.028 10.308 0.827
usemtl Birch
s off
f 453 452 451 450 449
f 454 455 456 457 458
f 449 450 455 454
f 450 451 456 455
f 451 452 457 456
f 452 453 458 457
f 453 449 454 458
o Branch
v 2.032 10.354 0.832
v 2.045 10.354 0.799
v 2.028 10.299 0.793
v 2.016 10.299 0.826
v 2.738 9.511 1.084
v 2.743 9.511 1.07
v 2.736 9.487 1.067
v 2.731 9.487 1.081
usemtl Birch
s off
f 462 461 460 459
f 463 464 465 466
f 459 460 464 463
f 460 461 465 464
f 461 462 466 465
f 462 459 463 466
o Leaves.Card.12
v 0.966 9.684 0.2
v 0.974 9.684 0.636
v 1.557 6.604 0.626
v 1.549 6.604 0.189
v 0.962 9.68 0.2
v 0.97 9.68 0.636
v 1.553 6.6 0.626
v 1.545 6.6 0.189
usemtl LeafCard
s off
f 470 469 468 467
f 471 472 473 474
f 467 468 472 471
f 468 469 473 472
f 469 470 474 473
f 470 467 471 474
o Leaves.Card.13
v 1.214 9.799 0.28
v 1.111 9.799 0.699
v 1.798 6.062 0.869
v 1.901 6.062 0.45
v 1.211 9.797 0.279
v 1.107 9.797 0.698
v 1.794 6.06 0.868
v 1.897 6.06 0.449
usemtl LeafCard
s off
f 478 477 476 475
f 479 480 481 482
f 475 476 480 479
f 476 477 481 480
f 477 478 482 481
f 478 475 479 482
o Leaves.Card.14
v 1.381 9.917 0.325
v 1.33 9.917 0.798
v 2.197 5.315 0.89
v 2.247 5.315 0.416
v 1.377 9.915 0.324
v 1.326 9.915 0.797
v 2.193 5.311 0.89
v 2.243 5.311 0.416
usemtl LeafCard
s off
f 486 485 484 483
f 487 488 489 490
f 483 484 488 487
f 484 485 489 488
f 485 486 490 489
f 486 483 487 490
o Leaves.Card.15
v 1.672 10.034 0.414
v 1.425 10.034 0.853
v 1.988 6.622 1.169
v 2.235 6.622 0.73
v 1.669 10.031 0.412
v 1.422 10.031 0.851
v 1.985 6.619 1.167
v 2.231 6.619 0.728
usemtl LeafCard
s off
f 494 493 492 491
f 495 496 497 498
f 491 492 496 495
f 492 493 497 496
f 493 494 498 497
f 494 491 495 498
o Leaves.Card.16
v 1.867 10.15 0.539
v 1.614 10.15 0.871
v 2.089 6.997 1.233
v 2.342 6.997 0.901
v 1.864 10.148 0.537
v 1.611 10.148 0.868
v 2.086 6.995 1.231
v 2.339 6.995 0.899
usemtl LeafCard
s off
f 502 501 500 499
f 503 504 505 506
f 499 500 504 503
f 500 501 505 504
f 501 502 506 505
f 502 499 503 506
o Leaves.Card.17
v 2.06 10.268 0.594
v 1.808 10.268 0.96
v 2.499 5.829 1.437
v 2.752 5.829 1.07
v 2.057 10.266 0.592
v 1.805 10.266 0.957
v 2.496 5.827 1.435
v 2.748 5.827 1.068
usemtl LeafCard
s off
f 510 509 508 507
f 511 512 513 514
f 507 508 512 511
f 508 509 513 512
f 509 510 514 513
f 510 507 511 514
o Leaves.Card.18
v 2.18 10.251 0.631
v 2.009 10.251 1.041
v 2.736 6.086 1.345
v 2.908 6.086 0.935
v 2.177 10.247 0.63
v 2.005 10.247 1.039
v 2.733 6.082 1.343
v 2.904 6.082 0.934
usemtl LeafCard
s off
f 518 517 516 515
f 519 520 521 522
f 515 516 520 519
f 516 517 521 520
f 517 518 522 521
f 518 515 519 522
o Leaves.Card.19
v 2.358 10.1 0.709
v 2.088 10.1 1.059
v 2.531 7.144 1.401
v 2.802 7.144 1.05
v 2.355 10.099 0.707
v 2.085 10.099 1.057
v 2.528 7.142 1.399
v 2.799 7.142 1.048
usemtl LeafCard
s off
f 526 525 524 523
f 527 528 529 530
f 523 524 528 527
f 524 525 529 528
f 525 526 530 529
f 526 523 527 530
o Leaves.Card.20
v 2.44 9.95 0.737
v 2.263 9.95 1.127
v 2.785 6.918 1.365
v 2.963 6.918 0.975
v 2.437 9.948 0.736
v 2.26 9.948 1.126
v 2.781 6.916 1.363
v 2.96 6.916 0.973
usemtl LeafCard
s off
f 534 533 532 531
f 535 536 537 538
f 531 532 536 535
f 532 533 537 536
f 533 534 538 537
f 534 531 535 538
o Leaves.Card.21
v 2.513 9.799 0.726
v 2.447 9.799 1.234
v 3.151 6.051 1.324
v 3.217 6.051 0.817
v 2.51 9.797 0.726
v 2.443 9.797 1.233
v 3.147 6.049 1.324
v 3.213 6.049 0.817
usemtl LeafCard
s off
f 542 541 540 539
f 543 544 545 546
f 539 540 544 543
f 540 541 545 544
f 541 542 546 545
f 542 539 543 546
o Leaves.Card.22
v 2.726 9.65 0.85
v 2.492 9.65 1.205
v 3.208 5.109 1.679
v 3.443 5.109 1.323
v 2.723 9.647 0.848
v 2.488 9.647 1.203
v 3.205 5.107 1.677
v 3.44 5.107 1.321
usemtl LeafCard
s off
f 550 549 548 547
f 551 552 553 554
f 547 548 552 551
f 548 549 553 552
f 549 550 554 553
f 550 547 551 554
o Leaves.Card.23
v 2.833 9.5 0.847
v 2.642 9.5 1.305
v 3.41 5.092 1.626
v 3.602 5.092 1.169
v 2.829 9.496 0.845
v 2.638 9.496 1.303
v 3.407 5.091 1.625
v 3.599 5.091 1.168
usemtl LeafCard
s off
f 558 557 556 555
f 559 560 561 562
f 555 556 560 559
f 556 557 561 560
f 557 558 562 561
f 558 555 559 562
o Branch
v 1.308 10.501 0.588
v 1.31 10.521 0.554
v 1.323 10.471 0.536
v 1.329 10.422 0.558
v 1.319 10.44 0.59
v 2.245 11.131 0.744
v 2.246 11.142 0.724
v 2.254 11.114 0.713
v 2.257 11.085 0.726
v 2.252 11.096 0.745
usemtl Birch
s off
f 567 566 565 564 563
f 568 569 570 571 572
f 563 564 569 568
f 564 565 570 569
f 565 566 571 570
f 566 567 572 571
f 567 563 568 572
o Branch
v 2.257 11.14 0.749
v 2.263 11.14 0.715
v 2.244 11.087 0.711
v 2.237 11.087 0.746
v 2.874 10.299 0.848
v 2.877 10.299 0.833
v 2.868 10.277 0.832
v 2.866 10.277 0.847
usemtl Birch
s off
f 576 575 574 573
f 577 578 579 580
f 573 574 578 577
f 574 575 579 578
f 575 576 580 579
f 576 573 577 580
o Leaves.Card.24
v 1.363 10.471 0.357
v 1.274 10.471 0.772
v 1.82 7.518 0.89
v 1.909 7.518 0.476
v 1.359 10.468 0.356
v 1.27 10.468 0.771
v 1.816 7.515 0.89
v 1.905 7.515 0.475
usemtl LeafCard
s off
f 584 583 582 581
f 585 586 587 588
f 581 582 586 585
f 582 583 587 586
f 583 584 588 587
f 584 581 585 588
o Leaves.Card.25
v 1.499 10.587 0.341
v 1.476 10.587 0.849
v 2.011 7.757 0.873
v 2.034 7.757 0.364
v 1.495 10.585 0.341
v 1.472 10.585 0.849
v 2.007 7.755 0.873
v 2.03 7.755 0.364
usemtl LeafCard
s off
f 592 591 590 589
f 593 594 595 596
f 589 590 594 593
f 590 591 595 594
f 591 592 596 595
f 592 589 593 596
o Leaves.Card.26
v 1.624 10.705 0.408
v 1.69 10.705 0.842
v 2.242 7.753 0.758
v 2.176 7.753 0.324
v 1.62 10.703 0.409
v 1.687 10.703 0.842
v 2.239 7.752 0.758
v 2.172 7.752 0.325
usemtl LeafCard
s off
f 600 599 598 597
f 601 602 603 604
f 597 598 602 601
f 598 599 603 602
f 599 600 604 603
f 600 597 601 604
o Leaves.Card.27
v 1.907 10.822 0.416
v 1.745 10.822 0.894
v 2.346 7.474 1.097
v 2.508 7.474 0.619
v 1.904 10.818 0.415
v 1.742 10.818 0.893
v 2.342 7.471 1.096
v 2.504 7.471 0.618
usemtl LeafCard
s off
f 608 607 606 605
f 609 610 611 612
f 605 606 610 609
f 606 607 611 610
f 607 608 612 611
f 608 605 609 612
o Leaves.Card.28
v 2.077 10.938 0.481
v 1.915 10.938 0.89
v 2.702 6.47 1.199
v 2.863 6.47 0.791
v 2.073 10.936 0.48
v 1.912 10.936 0.888
v 2.698 6.468 1.198
v 2.859 6.468 0.789
usemtl LeafCard
s off
f 616 615 614 613
f 617 618 619 620
f 613 614 618 617
f 614 615 619 618
f 615 616 620 619
f 616 613 617 620
o Leaves.Card.29
v 2.223 11.055 0.509
v 2.108 11.055 0.92
v 2.721 7.691 1.092
v 2.835 7.691 0.681
v 2.219 11.054 0.508
v 2.105 11.054 0.919
v 2.717 7.689 1.091
v 2.832 7.689 0.68
usemtl LeafCard
s off
f 624 623 622 621
f 625 626 627 628
f 621 622 626 625
f 622 623 627 626
f 623 624 628 627
f 624 621 625 628
o Leaves.Card.30
v 2.269 11.039 0.495
v 2.345 11.039 0.984
v 2.947 7.82 0.891
v 2.87 7.82 0.402
v 2.265 11.037 0.496
v 2.341 11.037 0.985
v 2.943 7.818 0.892
v 2.867 7.818 0.403
usemtl LeafCard
s off
f 632 631 630 629
f 633 634 635 636
f 629 630 634 633
f 630 631 635 634
f 631 632 636 635
f 632 629 633 636
o Leaves.Card.31
v 2.467 10.888 0.53
v 2.372 10.888 0.99
v 3.096 6.984 1.14
v 3.191 6.984 0.681
v 2.464 10.886 0.529
v 2.368 10.886 0.989
v 3.092 6.98 1.139
v 3.187 6.98 0.68
usemtl LeafCard
s off
f 640 639 638 637
f 641 642 643 644
f 637 638 642 641
f 638 639 643 642
f 639 640 644 643
f 640 637 641 644
o Leaves.Card.32
v 2.629 10.738 0.574
v 2.436 10.738 0.987
v 3.114 6.78 1.304
v 3.307 6.78 0.891
v 2.626 10.736 0.572
v 2.432 10.736 0.985
v 3.111 6.778 1.302
v 3.304 6.778 0.889
usemtl LeafCard
s off
f 648 647 646 645
f 649 650 651 652
f 645 646 650 649
f 646 647 651 650
f 647 648 652 651
f 648 645 649 652
o Leaves.Card.33
v 2.669 10.587 0.573
v 2.623 10.587 1.027
v 3.342 6.771 1.098
v 3.386 6.771 0.645
v 2.665 10.585 0.573
v 2.619 10.585 1.027
v 3.338 6.769 1.098
v 3.383 6.769 0.644
usemtl LeafCard
s off
f 656 655 654 653
f 657 658 659 660
f 653 654 658 657
f 654 655 659 658
f 655 656 660 659
f 656 653 657 660
o Leaves.Card.34
v 2.704 10.438 0.579
v 2.814 10.438 1.061
v 3.566 6.358 0.891
v 3.457 6.358 0.408
v 2.7 10.435 0.579
v 2.81 10.435 1.062
v 3.562 6.356 0.892
v 3.453 6.356 0.409
usemtl LeafCard
s off
f 664 663 662 661
f 665 666 667 668
f 661 662 666 665
f 662 663 667 666
f 663 664 668 667
f 664 661 665 668
o Leaves.Card.35
v 2.965 10.288 0.621
v 2.779 10.288 1.059
v 3.281 7.403 1.272
v 3.467 7.403 0.833
v 2.961 10.284 0.619
v 2.775 10.284 1.058
v 3.277 7.401 1.271
v 3.464 7.401 0.832
usemtl LeafCard
s off
f 672 671 670 669
f 673 674 675 676
f 669 670 674 673
f 670 671 675 674
f 671 672 676 675
f 672 669 673 676
o Branch
v 1.65 11.289 0.731
v 1.661 11.307 0.699
v 1.68 11.259 0.685
v 1.68 11.211 0.709
v 1.662 11.23 0.737
v 2.404 11.918 1.09
v 2.411 11.929 1.071
v 2.421 11.902 1.063
v 2.421 11.873 1.077
v 2.412 11.884 1.093
usemtl Birch
s off
f 681 680 679 678 677
f 682 683 684 685 686
f 677 678 683 682
f 678 679 684 683
f 679 680 685 684
f 680 681 686 685
f 681 677 682 686
o Branch
v 2.415 11.926 1.099
v 2.431 11.926 1.068
v 2.412 11.876 1.058
v 2.397 11.876 1.09
v 2.913 11.087 1.332
v 2.92 11.087 1.318
v 2.911 11.065 1.314
v 2.904 11.065 1.328
usemtl Birch
s off
f 690 689 688 687
f 691 692 693 694
f 687 688 692 691
f 688 689 693 692
f 689 690 694 693
f 690 687 691 694
o Leaves.Card.36
v 1.743 11.259 0.51
v 1.589 11.259 0.914
v 2.128 8.22 1.118
v 2.28 8.22 0.714
v 1.739 11.257 0.509
v 1.586 11.257 0.912
v 2.124 8.218 1.117
v 2.277 8.218 0.713
usemtl LeafCard
s off
f 698 697 696 695
f 699 700 701 702
f 695 696 700 699
f 696 697 701 700
f 697 698 702 701
f 698 695 699 702
o Leaves.Card.37
v 1.928 11.375 0.6
v 1.677 11.375 0.958
v 2.244 7.711 1.356
v 2.496 7.711 0.998
v 1.925 11.373 0.598
v 1.674 11.373 0.956
v 2.241 7.709 1.354
v 2.493 7.709 0.996
usemtl LeafCard
s off
f 706 705 704 703
f 707 708 709 710
f 703 704 708 707
f 704 705 709 708
f 705 706 710 709
f 706 703 707 710
o Leaves.Card.38
v 2.073 11.492 0.63
v 1.804 11.492 1.061
v 2.281 8.516 1.359
v 2.551 8.516 0.928
v 2.07 11.491 0.628
v 1.8 11.491 1.059
v 2.277 8.514 1.357
v 2.548 8.514 0.926
usemtl LeafCard
s off
f 714 713 712 711
f 715 716 717 718
f 711 712 716 715
f 712 713 717 716
f 713 714 718 717
f 714 711 715 718
o Leaves.Card.39
v 2.201 11.61 0.742
v 1.947 11.61 1.083
v 2.62 7.177 1.584
v 2.873 7.177 1.243
v 2.198 11.606 0.74
v 1.944 11.606 1.08
v 2.617 7.173 1.582
v 2.87 7.173 1.241
usemtl LeafCard
s off
f 722 721 720 719
f 723 724 725 726
f 719 720 724 723
f 720 721 725 724
f 721 722 726 725
f 722 719 723 726
o Leaves.Card.40
v 2.242 11.726 0.738
v 2.178 11.726 1.22
v 2.82 8.306 1.306
v 2.883 8.306 0.823
v 2.238 11.724 0.737
v 2.174 11.724 1.22
v 2.816 8.303 1.305
v 2.88 8.303 0.822
usemtl LeafCard
s off
f 730 729 728 727
f 731 732 733 734
f 727 728 732 731
f 728 729 733 732
f 729 730 734 733
f 730 727 731 734
o Leaves.Card.41
v 2.515 11.843 0.871
v 2.177 11.843 1.22
v 2.682 8.134 1.708
v 3.019 8.134 1.359
v 2.512 11.841 0.869
v 2.174 11.841 1.217
v 2.679 8.132 1.706
v 3.016 8.132 1.356
usemtl LeafCard
s off
f 738 737 736 735
f 739 740 741 742
f 735 736 740 739
f 736 737 741 740
f 737 738 742 741
f 738 735 739 742
o Leaves.Card.42
v 2.521 11.827 0.896
v 2.398 11.827 1.308
v 2.983 8.598 1.481
v 3.105 8.598 1.069
v 2.517 11.825 0.894
v 2.394 11.825 1.307
v 2.979 8.595 1.48
v 3.103 8.595 1.068
usemtl LeafCard
s off
f 746 745 744 743
f 747 748 749 750
f 743 744 748 747
f 744 745 749 748
f 745 746 750 749
f 746 743 747 750
o Leaves.Card.43
v 2.574 11.676 0.925
v 2.525 11.676 1.366
v 3.314 7.48 1.454
v 3.364 7.48 1.013
v 2.57 11.674 0.924
v 2.521 11.674 1.366
v 3.31 7.478 1.454
v 3.36 7.478 1.013
usemtl LeafCard
s off
f 754 753 752 751
f 755 756 757 758
f 751 752 756 755
f 752 753 757 756
f 753 754 758 757
f 754 751 755 758
o Leaves.Card.44
v 2.794 11.525 0.998
v 2.486 11.525 1.382
v 3.118 7.247 1.888
v 3.426 7.247 1.505
v 2.791 11.524 0.996
v 2.483 11.524 1.38
v 3.115 7.243 1.886
v 3.423 7.243 1.502
usemtl LeafCard
s off
f 762 761 760 759
f 763 764 765 766
f 759 760 764 763
f 760 761 765 764
f 761 762 766 765
f 762 759 763 766
o Leaves.Card.45
v 2.749 11.375 1.006
v 2.712 11.375 1.463
v 3.416 7.645 1.519
v 3.453 7.645 1.061
v 2.745 11.373 1.005
v 2.709 11.373 1.463
v 3.412 7.641 1.519
v 3.449 7.641 1.06
usemtl LeafCard
s off
f 770 769 768 767
f 771 772 773 774
f 767 768 772 771
f 768 769 773 772
f 769 770 774 773
f 770 767 771 774
o Leaves.Card.46
v 2.949 11.226 1.106
v 2.694 11.226 1.451
v 3.238 7.66 1.852
v 3.492 7.66 1.506
v 2.946 11.222 1.104
v 2.691 11.222 1.449
v 3.235 7.656 1.85
v 3.489 7.656 1.504
usemtl LeafCard
s off
f 778 777 776 775
f 779 780 781 782
f 775 776 780 779
f 776 777 781 780
f 777 778 782 781
f 778 775 779 782
o Leaves.Card.47
v 3.065 11.076 1.15
v 2.759 11.076 1.497
v 3.409 6.508 2.067
v 3.714 6.508 1.719
v 3.062 11.074 1.147
v 2.757 11.074 1.495
v 3.406 6.506 2.064
v 3.712 6.506 1.716
usemtl LeafCard
s off
f 786 785 784 783
f 787 788 789 790
f 783 784 788 787
f 784 785 789 788
f 785 786 790 789
f 786 783 787 790
o Branch
v 1.991 12.078 0.867
v 2.017 12.097 0.847
v 2.04 12.047 0.844
v 2.027 11.997 0.863
v 1.997 12.016 0.877
v 2.506 12.708 1.717
v 2.522 12.719 1.706
v 2.535 12.69 1.704
v 2.528 12.66 1.715
v 2.51 12.671 1.723
usemtl Birch
s off
f 795 794 793 792 791
f 796 797 798 799 800
f 791 792 797 796
f 792 793 798 797
f 793 794 799 798
f 794 795 800 799
f 795 791 796 800
o Branch
v 2.51 12.715 1.729
v 2.54 12.715 1.713
v 2.53 12.662 1.696
v 2.5 12.662 1.714
v 2.852 11.874 2.288
v 2.865 11.874 2.281
v 2.861 11.852 2.275
v 2.848 11.852 2.281
usemtl Birch
s off
f 804 803 802 801
f 805 806 807 808
f 801 802 806 805
f 802 803 807 806
f 803 804 808 807
f 804 801 805 808
o Leaves.Card.48
v 2.177 12.047 0.672
v 1.853 12.047 1.046
v 2.293 8.962 1.43
v 2.618 8.962 1.055
v 2.174 12.045 0.67
v 1.85 12.045 1.044
v 2.29 8.958 1.427
v 2.615 8.958 1.052
usemtl LeafCard
s off
f 812 811 810 809
f 813 814 815 816
f 809 810 814 813
f 810 811 815 814
f 811 812 816 815
f 812 809 813 816
o Leaves.Card.49
v 2.311 12.165 0.895
v 1.901 12.165 1.135
v 2.181 9.234 1.613
v 2.591 9.234 1.373
v 2.309 12.161 0.892
v 1.9 12.161 1.131
v 2.18 9.232 1.609
v 2.589 9.232 1.37
usemtl LeafCard
s off
f 820 819 818 817
f 821 822 823 824
f 817 818 822 821
f 818 819 823 822
f 819 820 824 823
f 820 817 821 824
o Leaves.Card.50
v 2.394 12.28 1.079
v 2.003 12.28 1.26
v 2.293 8.624 1.887
v 2.684 8.624 1.708
v 2.392 12.278 1.076
v 2.001 12.278 1.256
v 2.292 8.622 1.884
v 2.682 8.622 1.705
usemtl LeafCard
s off
f 828 827 826 825
f 829 830 831 832
f 825 826 830 829
f 826 827 831 830
f 827 828 832 831
f 828 825 829 832
o Leaves.Card.51
v 2.53 12.398 1.289
v 2.05 12.398 1.36
v 2.168 8.2 2.146
v 2.647 8.2 2.075
v 2.53 12.394 1.286
v 2.05 12.394 1.357
v 2.167 8.198 2.142
v 2.647 8.198 2.071
usemtl LeafCard
s off
f 836 835 834 833
f 837 838 839 840
f 833 834 838 837
f 834 835 839 838
f 835 836 840 839
f 836 833 837 840
o Leaves.Card.52
v 2.575 12.513 1.317
v 2.189 12.513 1.643
v 2.58 9.305 2.107
v 2.966 9.305 1.782
v 2.573 12.512 1.314
v 2.186 12.512 1.64
v 2.577 9.302 2.105
v 2.965 9.302 1.779
usemtl LeafCard
s off
f 844 843 842 841
f 845 846 847 848
f 841 842 846 845
f 842 843 847 846
f 843 844 848 847
f 844 841 845 848
o Leaves.Card.53
v 2.658 12.631 1.504
v 2.291 12.631 1.766
v 2.67 9.191 2.295
v 3.036 9.191 2.032
v 2.655 12.629 1.501
v 2.288 12.629 1.763
v 2.668 9.19 2.292
v 3.034 9.19 2.029
usemtl LeafCard
s off
f 852 851 850 849
f 853 854 855 856
f 849 850 854 853
f 850 851 855 854
f 851 852 856 855
f 852 849 853 856
o Leaves.Card.54
v 2.75 12.614 1.686
v 2.351 12.614 1.844
v 2.609 8.909 2.495
v 3.008 8.909 2.337
v 2.749 12.613 1.682
v 2.35 12.613 1.84
v 2.608 8.907 2.492
v 3.006 8.907 2.334
usemtl LeafCard
s off
f 860 859 858 857
f 861 862 863 864
f 857 858 862 861
f 858 859 863 862
f 859 860 864 863
f 860 857 861 864
o Leaves.Card.55
v 2.858 12.464 1.834
v 2.366 12.464 1.902
v 2.477 8.198 2.701
v 2.969 8.198 2.633
v 2.857 12.462 1.83
v 2.365 12.462 1.898
v 2.476 8.194 2.698
v 2.968 8.194 2.63
usemtl LeafCard
s off
f 868 867 866 865
f 869 870 871 872
f 865 866 870 869
f 866 867 871 870
f 867 868 872 871
f 868 865 869 872
o Leaves.Card.56
v 2.915 12.313 1.938
v 2.431 12.313 2.004
v 2.505 9.494 2.534
v 2.988 9.494 2.466
v 2.915 12.311 1.934
v 2.43 12.311 2.001
v 2.504 9.493 2.53
v 2.988 9.493 2.462
usemtl LeafCard
s off
f 876 875 874 873
f 877 878 879 880
f 873 874 878 877
f 874 875 879 878
f 875 876 880 879
f 876 873 877 880
o Leaves.Card.57
v 2.919 12.165 1.94
v 2.551 12.165 2.209
v 3.065 7.551 2.914
v 3.434 7.551 2.644
v 2.917 12.161 1.937
v 2.548 12.161 2.206
v 3.063 7.55 2.911
v 3.432 7.55 2.641
usemtl LeafCard
s off
f 884 883 882 881
f 885 886 887 888
f 881 882 886 885
f 882 883 887 886
f 883 884 888 887
f 884 881 885 888
o Leaves.Card.58
v 3.033 12.014 2.107
v 2.558 12.014 2.25
v 2.783 7.9 2.994
v 3.258 7.9 2.851
v 3.032 12.01 2.103
v 2.557 12.01 2.246
v 2.782 7.899 2.991
v 3.256 7.899 2.848
usemtl LeafCard
s off
f 892 891 890 889
f 893 894 895 896
f 889 890 894 893
f 890 891 895 894
f 891 892 896 895
f 892 889 893 896
o Leaves.Card.59
v 3.106 11.863 2.232
v 2.607 11.863 2.331
v 2.727 8.596 2.938
v 3.227 8.596 2.838
v 3.106 11.862 2.228
v 2.606 11.862 2.327
v 2.726 8.593 2.934
v 3.227 8.593 2.834
usemtl LeafCard
s off
f 900 899 898 897
f 901 902 903 904
f 897 898 902 901
f 898 899 903 902
f 899 900 904 903
f 900 897 901 904
o Branch
v 2.345 12.864 1.024
v 2.357 12.883 0.993
v 2.378 12.835 0.981
v 2.378 12.787 1.005
v 2.358 12.805 1.032
v 2.984 13.494 1.371
v 2.992 13.505 1.352
v 3.004 13.478 1.345
v 3.004 13.45 1.359
v 2.992 13.461 1.375
usemtl Birch
s off
f 909 908 907 906 905
f 910 911 912 913 914
f 905 906 911 910
f 906 907 912 911
f 907 908 913 912
f 908 909 914 913
f 909 905 910 914
o Branch
v 2.997 13.501 1.382
v 3.014 13.501 1.351
v 2.993 13.454 1.339
v 2.976 13.454 1.37
v 3.418 12.66 1.605
v 3.425 12.66 1.592
v 3.416 12.64 1.587
v 3.409 12.64 1.6
usemtl Birch
s off
f 918 917 916 915
f 919 920 921 922
f 915 916 920 919
f 916 917 921 920
f 917 918 922 921
f 918 915 919 922
o Leaves.Card.60
v 2.443 12.835 0.789
v 2.282 12.835 1.224
v 2.988 8.859 1.485
v 3.149 8.859 1.049
v 2.44 12.833 0.787
v 2.278 12.833 1.223
v 2.984 8.857 1.484
v 3.145 8.857 1.048
usemtl LeafCard
s off
f 926 925 924 923
f 927 928 929 930
f 923 924 928 927
f 924 925 929 928
f 925 926 930 929
f 926 923 927 930
o Leaves.Card.61
v 2.642 12.952 0.9
v 2.314 12.952 1.241
v 2.882 8.793 1.786
v 3.21 8.793 1.446
v 2.639 12.949 0.898
v 2.311 12.949 1.239
v 2.879 8.789 1.784
v 3.207 8.789 1.443
usemtl LeafCard
s off
f 934 933 932 931
f 935 936 937 938
f 931 932 936 935
f 932 933 937 936
f 933 934 938 937
f 934 931 935 938
o Leaves.Card.62
v 2.656 13.068 0.909
v 2.53 13.068 1.361
v 3.08 10.053 1.515
v 3.206 10.053 1.063
v 2.653 13.066 0.908
v 2.526 13.066 1.36
v 3.076 10.051 1.514
v 3.202 10.051 1.062
usemtl LeafCard
s off
f 942 941 940 939
f 943 944 945 946
f 939 940 944 943
f 940 941 945 944
f 941 942 946 945
f 942 939 943 946
o Leaves.Card.63
v 2.809 13.186 1.01
v 2.607 13.186 1.39
v 3.106 10.196 1.655
v 3.308 10.196 1.275
v 2.806 13.184 1.008
v 2.604 13.184 1.388
v 3.103 10.194 1.653
v 3.305 10.194 1.273
usemtl LeafCard
s off
f 950 949 948 947
f 951 952 953 954
f 947 948 952 951
f 948 949 953 952
f 949 950 954 953
f 950 947 951 954
o Leaves.Card.64
v 2.872 13.303 1.026
v 2.774 13.303 1.503
v 3.489 9.443 1.65
v 3.587 9.443 1.172
v 2.868 13.299 1.025
v 2.77 13.299 1.502
v 3.486 9.441 1.649
v 3.584 9.441 1.172
usemtl LeafCard
s off
f 958 957 956 955
f 959 960 961 962
f 955 956 960 959
f 956 957 961 960
f 957 958 962 961
f 958 955 959 962
o Leaves.Card.65
v 3.04 13.419 1.125
v 2.836 13.419 1.532
v 3.458 9.74 1.844
v 3.662 9.74 1.438
v 3.037 13.417 1.124
v 2.832 13.417 1.53
v 3.455 9.739 1.842
v 3.658 9.739 1.436
usemtl LeafCard
s off
f 966 965 964 963
f 967 968 969 970
f 963 964 968 967
f 964 965 969 968
f 965 966 970 969
f 966 963 967 970
o Leaves.Card.66
v 3.102 13.402 1.181
v 2.966 13.402 1.583
v 3.532 10.249 1.772
v 3.666 10.249 1.371
v 3.098 13.4 1.18
v 2.964 13.4 1.582
v 3.528 10.247 1.771
v 3.663 10.247 1.37
usemtl LeafCard
s off
f 974 973 972 971
f 975 976 977 978
f 971 972 976 975
f 972 973 977 976
f 973 974 978 977
f 974 971 975 978
o Leaves.Card.67
v 3.298 13.252 1.257
v 2.924 13.252 1.593
v 3.432 9.234 2.158
v 3.806 9.234 1.823
v 3.295 13.25 1.254
v 2.921 13.25 1.59
v 3.429 9.23 2.156
v 3.803 9.23 1.82
usemtl LeafCard
s off
f 982 981 980 979
f 983 984 985 986
f 979 980 984 983
f 980 981 985 984
f 981 982 986 985
f 982 979 983 986
o Leaves.Card.68
v 3.366 13.101 1.284
v 3.009 13.101 1.652
v 3.398 10.24 2.028
v 3.755 10.24 1.66
v 3.363 13.099 1.281
v 3.006 13.099 1.649
v 3.396 10.236 2.026
v 3.752 10.236 1.658
usemtl LeafCard
s off
f 990 989 988 987
f 991 992 993 994
f 987 988 992 991
f 988 989 993 992
f 989 990 994 993
f 990 987 991 994
o Leaves.Card.69
v 3.41 12.952 1.359
v 3.117 12.952 1.663
v 3.564 9.674 2.093
v 3.857 9.674 1.789
v 3.407 12.949 1.356
v 3.114 12.949 1.66
v 3.561 9.673 2.091
v 3.854 9.673 1.786
usemtl LeafCard
s off
f 998 997 996 995
f 999 1000 1001 1002
f 995 996 1000 999
f 996 997 1001 1000
f 997 998 1002 1001
f 998 995 999 1002
o Leaves.Card.70
v 3.416 12.802 1.348
v 3.265 12.802 1.759
v 3.857 9.47 1.977
v 4.008 9.47 1.565
v 3.412 12.798 1.346
v 3.261 12.798 1.758
v 3.853 9.469 1.975
v 4.004 9.469 1.564
usemtl LeafCard
s off
f 1006 1005 1004 1003
f 1007 1008 1009 1010
f 1003 1004 1008 1007
f 1004 1005 1009 1008
f 1005 1006 1010 1009
f 1006 1003 1007 1010
o Leaves.Card.71
v 3.454 12.651 1.357
v 3.381 12.651 1.837
v 4.154 8.519 1.953
v 4.226 8.519 1.473
v 3.45 12.649 1.356
v 3.378 12.649 1.836
v 4.151 8.517 1.953
v 4.222 8.517 1.473
usemtl LeafCard
s off
f 1014 1013 1012 1011
f 1015 1016 1017 1018
f 1011 1012 1016 1015
f 1012 1013 1017 1016
f 1013 1014 1018 1017
f 1014 1011 1015 1018
o Leaves.Card.72
v 0.666 9.485 0.371
v 1.099 9.485 0.39
v 1.133 5.337 -0.394
v 0.7 5.337 -0.413
v 0.666 9.483 0.375
v 1.099 9.483 0.394
v 1.133 5.333 -0.39
v 0.699 5.333 -0.409
usemtl LeafCard
s off
f 1022 1021 1020 1019
f 1023 1024 1025 1026
f 1019 1020 1024 1023
f 1020 1021 1025 1024
f 1021 1022 1026 1025
f 1022 1019 1023 1026
o Leaves.Card.73
v 1.324 10.003 0.591
v 0.898 10.003 0.364
v 0.6 6.644 0.925
v 1.027 6.644 1.152
v 1.326 10.001 0.588
v 0.899 10.001 0.36
v 0.602 6.642 0.922
v 1.029 6.642 1.149
usemtl LeafCard
s off
f 1030 1029 1028 1027
f 1031 1032 1033 1034
f 1027 1028 1032 1031
f 1028 1029 1033 1032
f 1029 1030 1034 1033
f 1030 1027 1031 1034
o Leaves.Card.74
v 1.099 10.521 0.57
v 1.581 10.521 0.579
v 1.593 6.999 -0.087
v 1.112 6.999 -0.096
v 1.099 10.517 0.573
v 1.581 10.517 0.583
v 1.593 6.997 -0.083
v 1.112 6.997 -0.093
usemtl LeafCard
s off
f 1038 1037 1036 1035
f 1039 1040 1041 1042
f 1035 1036 1040 1039
f 1036 1037 1041 1040
f 1037 1038 1042 1041
f 1038 1035 1039 1042
o Leaves.Card.75
v 1.784 11.037 0.793
v 1.353 11.037 0.548
v 0.942 6.652 1.27
v 1.374 6.652 1.515
v 1.786 11.035 0.79
v 1.355 11.035 0.545
v 0.944 6.648 1.266
v 1.375 6.648 1.511
usemtl LeafCard
s off
f 1046 1045 1044 1043
f 1047 1048 1049 1050
f 1043 1044 1048 1047
f 1044 1045 1049 1048
f 1045 1046 1050 1049
f 1046 1043 1047 1050
o Leaves.Card.76
v 1.589 11.555 0.713
v 2.004 11.555 0.822
v 2.21 7.259 0.035
v 1.794 7.259 -0.073
v 1.588 11.551 0.717
v 2.003 11.551 0.825
v 2.209 7.258 0.039
v 1.793 7.258 -0.069
usemtl LeafCard
s off
f 1054 1053 1052 1051
f 1055 1056 1057 1058
f 1051 1052 1056 1055
f 1052 1053 1057 1056
f 1053 1054 1058 1057
f 1054 1051 1055 1058
o Leaves.Card.77
v 2.182 12.071 1.067
v 1.869 12.071 0.661
v 1.177 7.456 1.194
v 1.49 7.456 1.6
v 2.185 12.069 1.064
v 1.872 12.069 0.659
v 1.18 7.454 1.192
v 1.493 7.454 1.597
usemtl LeafCard
s off
f 1062 1061 1060 1059
f 1063 1064 1065 1066
f 1059 1060 1064 1063
f 1060 1061 1065 1064
f 1061 1062 1066 1065
f 1062 1059 1063 1066
o Leaves.Card.78
v 2.045 12.589 0.959
v 2.463 12.589 0.962
v 2.469 8.835 0.252
v 2.051 8.835 0.248
v 2.045 12.587 0.963
v 2.463 12.587 0.966
v 2.469 8.831 0.256
v 2.051 8.831 0.252
usemtl LeafCard
s off
f 1070 1069 1068 1067
f 1071 1072 1073 1074
f 1067 1068 1072 1071
f 1068 1069 1073 1072
f 1069 1070 1074 1073
f 1070 1067 1071 1074
o Leaves.Card.79
v 2.573 13.105 1.279
v 2.392 13.105 0.836
v 1.845 9.979 1.061
v 2.027 9.979 1.504
v 2.577 13.103 1.277
v 2.395 13.103 0.835
v 1.848 9.977 1.06
v 2.03 9.977 1.502
usemtl LeafCard
s off
f 1078 1077 1076 1075
f 1079 1080 1081 1082
f 1075 1076 1080 1079
f 1076 1077 1081 1080
f 1077 1078 1082 1081
f 1078 1075 1079 1082
o Leaves.Card.80
v 3.008 13.623 1.171
v 2.675 13.623 1.437
v 3.132 9.761 2.007
v 3.465 9.761 1.74
v 3.006 13.621 1.168
v 2.673 13.621 1.434
v 3.129 9.759 2.004
v 3.463 9.759 1.737
usemtl LeafCard
s off
f 1086 1085 1084 1083
f 1087 1088 1089 1090
f 1083 1084 1088 1087
f 1084 1085 1089 1088
f 1085 1086 1090 1089
f 1086 1083 1087 1090
o Leaves.Card.81
v 2.436 13.623 1.165
v 2.75 13.623 0.823
v 2.154 9.349 0.277
v 1.841 9.349 0.618
v 2.439 13.621 1.168
v 2.753 13.621 0.826
v 2.157 9.347 0.279
v 1.844 9.347 0.621
usemtl LeafCard
s off
f 1094 1093 1092 1091
f 1095 1096 1097 1098
f 1091 1092 1096 1095
f 1092 1093 1097 1096
f 1093 1094 1098 1097
f 1094 1091 1095 1098
o Leaves.Card.82
v 2.422 13.623 1.035
v 2.869 13.623 0.897
v 2.676 10.146 0.269
v 2.228 10.146 0.407
v 2.423 13.621 1.039
v 2.87 13.621 0.9
v 2.677 10.144 0.272
v 2.229 10.144 0.411
usemtl LeafCard
s off
f 1102 1101 1100 1099
f 1103 1104 1105 1106
f 1099 1100 1104 1103
f 1100 1101 1105 1104
f 1101 1102 1106 1105
f 1102 1099 1103 1106
o Leaves.Card.83
v 2.499 13.623 0.998
v 2.949 13.623 0.914
v 2.838 10.411 0.317
v 2.389 10.411 0.4
v 2.5 13.621 1.001
v 2.95 13.621 0.917
v 2.838 10.409 0.321
v 2.389 10.409 0.403
usemtl LeafCard
s off
f 1110 1109 1108 1107
f 1111 1112 1113 1114
f 1107 1108 1112 1111
f 1108 1109 1113 1112
f 1109 1110 1114 1113
f 1110 1107 1111 1114
o Branch
v 0.042 7.764 -0.013
v 0.126 7.818 -0.014
v 0.184 7.764 0.048
v 0.157 7.662 0.112
v 0.072 7.608 0.113
v 0.015 7.662 0.052
v -0.899 13.47 2.357
v -0.877 13.483 2.357
v -0.86 13.47 2.374
v -0.868 13.441 2.392
v -0.892 13.426 2.393
v -0.907 13.441 2.375
usemtl Birch
s off
f 1120 1119 1118 1117 1116 1115
f 1121 1122 1123 1124 1125 1126
f 1115 1116 1122 1121
f 1116 1117 1123 1122
f 1117 1118 1124 1123
f 1118 1119 1125 1124
f 1119 1120 1126 1125
f 1120 1115 1121 1126
o Branch
v -0.122 8.892 0.513
v -0.09 8.91 0.503
v -0.069 8.861 0.508
v -0.086 8.813 0.522
v -0.12 8.831 0.525
v 0.082 9.522 1.447
v 0.101 9.533 1.441
v 0.114 9.504 1.444
v 0.103 9.476 1.451
v 0.084 9.487 1.453
usemtl Birch
s off
f 1131 1130 1129 1128 1127
f 1132 1133 1134 1135 1136
f 1127 1128 1133 1132
f 1128 1129 1134 1133
f 1129 1130 1135 1134
f 1130 1131 1136 1135
f 1131 1127 1132 1136
o Branch
v 0.082 9.531 1.46
v 0.116 9.531 1.453
v 0.112 9.478 1.435
v 0.078 9.478 1.442
v 0.22 8.688 2.075
v 0.235 8.688 2.072
v 0.233 8.666 2.064
v 0.218 8.666 2.067
usemtl Birch
s off
f 1140 1139 1138 1137
f 1141 1142 1143 1144
f 1137 1138 1142 1141
f 1138 1139 1143 1142
f 1139 1140 1144 1143
f 1140 1137 1141 1144
o Leaves.Card.84
v 0.101 8.861 0.392
v -0.296 8.861 0.637
v 0.113 4.731 1.303
v 0.511 4.731 1.058
v 0.099 8.859 0.389
v -0.298 8.859 0.633
v 0.111 4.729 1.3
v 0.509 4.729 1.055
usemtl LeafCard
s off
f 1148 1147 1146 1145
f 1149 1150 1151 1152
f 1145 1146 1150 1149
f 1146 1147 1151 1150
f 1147 1148 1152 1151
f 1148 1145 1149 1152
o Leaves.Card.85
v 0.124 8.978 0.563
v -0.248 8.978 0.806
v 0.043 6.167 1.252
v 0.415 6.167 1.008
v 0.122 8.976 0.559
v -0.25 8.976 0.803
v 0.041 6.163 1.248
v 0.413 6.163 1.005
usemtl LeafCard
s off
f 1156 1155 1154 1153
f 1157 1158 1159 1160
f 1153 1154 1158 1157
f 1154 1155 1159 1158
f 1155 1156 1160 1159
f 1156 1153 1157 1160
o Leaves.Card.86
v 0.182 9.096 0.822
v -0.235 9.096 0.886
v -0.154 6.251 1.418
v 0.264 6.251 1.354
v 0.182 9.092 0.818
v -0.235 9.092 0.883
v -0.154 6.248 1.414
v 0.263 6.248 1.35
usemtl LeafCard
s off
f 1164 1163 1162 1161
f 1165 1166 1167 1168
f 1161 1162 1166 1165
f 1162 1163 1167 1166
f 1163 1164 1168 1167
f 1164 1161 1165 1168
o Leaves.Card.87
v 0.232 9.212 0.911
v -0.214 9.212 1.136
v 0.163 4.766 1.887
v 0.61 4.766 1.664
v 0.23 9.21 0.908
v -0.216 9.21 1.132
v 0.161 4.762 1.884
v 0.608 4.762 1.66
usemtl LeafCard
s off
f 1172 1171 1170 1169
f 1173 1174 1175 1176
f 1169 1170 1174 1173
f 1170 1171 1175 1174
f 1171 1172 1176 1175
f 1172 1169 1173 1176
o Leaves.Card.88
v 0.281 9.329 1.122
v -0.193 9.329 1.265
v 0.014 5.561 1.947
v 0.487 5.561 1.804
v 0.28 9.327 1.118
v -0.194 9.327 1.261
v 0.013 5.559 1.944
v 0.486 5.559 1.8
usemtl LeafCard
s off
f 1180 1179 1178 1177
f 1181 1182 1183 1184
f 1177 1178 1182 1181
f 1178 1179 1183 1182
f 1179 1180 1184 1183
f 1180 1177 1181 1184
o Leaves.Card.89
v 0.293 9.447 1.266
v -0.134 9.447 1.459
v 0.102 6.409 1.983
v 0.529 6.409 1.79
v 0.291 9.443 1.263
v -0.136 9.443 1.455
v 0.101 6.407 1.98
v 0.528 6.407 1.786
usemtl LeafCard
s off
f 1188 1187 1186 1185
f 1189 1190 1191 1192
f 1185 1186 1190 1189
f 1186 1187 1191 1190
f 1187 1188 1192 1191
f 1188 1185 1189 1192
o Leaves.Card.90
v 0.339 9.428 1.481
v -0.121 9.428 1.527
v -0.062 6.271 2.122
v 0.399 6.271 2.076
v 0.339 9.426 1.477
v -0.122 9.426 1.524
v -0.062 6.268 2.118
v 0.398 6.268 2.072
usemtl LeafCard
s off
f 1196 1195 1194 1193
f 1197 1198 1199 1200
f 1193 1194 1198 1197
f 1194 1195 1199 1198
f 1195 1196 1200 1199
f 1196 1193 1197 1200
o Leaves.Card.91
v 0.36 9.28 1.571
v -0.095 9.28 1.663
v 0.037 5.765 2.315
v 0.492 5.765 2.223
v 0.359 9.276 1.568
v -0.096 9.276 1.66
v 0.037 5.763 2.311
v 0.491 5.763 2.219
usemtl LeafCard
s off
f 1204 1203 1202 1201
f 1205 1206 1207 1208
f 1201 1202 1206 1205
f 1202 1203 1207 1206
f 1203 1204 1208 1207
f 1204 1201 1205 1208
o Leaves.Card.92
v 0.411 9.129 1.764
v -0.099 9.129 1.696
v -0.208 4.789 2.51
v 0.303 4.789 2.578
v 0.412 9.125 1.76
v -0.099 9.125 1.693
v -0.207 4.788 2.506
v 0.303 4.788 2.574
usemtl LeafCard
s off
f 1212 1211 1210 1209
f 1213 1214 1215 1216
f 1209 1210 1214 1213
f 1210 1211 1215 1214
f 1211 1212 1216 1215
f 1212 1209 1213 1216
o Leaves.Card.93
v 0.413 8.978 1.862
v -0.055 8.978 1.824
v -0.123 4.593 2.651
v 0.345 4.593 2.69
v 0.414 8.976 1.859
v -0.054 8.976 1.82
v -0.123 4.589 2.647
v 0.345 4.589 2.686
usemtl LeafCard
s off
f 1220 1219 1218 1217
f 1221 1222 1223 1224
f 1217 1218 1222 1221
f 1218 1219 1223 1222
f 1219 1220 1224 1223
f 1220 1217 1221 1224
o Leaves.Card.94
v 0.402 8.828 1.856
v 0.004 8.828 2.057
v 0.286 5.531 2.614
v 0.685 5.531 2.412
v 0.4 8.826 1.852
v 0.002 8.826 2.054
v 0.285 5.53 2.61
v 0.683 5.53 2.408
usemtl LeafCard
s off
f 1228 1227 1226 1225
f 1229 1230 1231 1232
f 1225 1226 1230 1229
f 1226 1227 1231 1230
f 1227 1228 1232 1231
f 1228 1225 1229 1232
o Leaves.Card.95
v 0.443 8.677 1.974
v 0.011 8.677 2.164
v 0.228 5.84 2.656
v 0.659 5.84 2.465
v 0.441 8.675 1.971
v 0.01 8.675 2.161
v 0.226 5.838 2.653
v 0.658 5.838 2.462
usemtl LeafCard
s off
f 1236 1235 1234 1233
f 1237 1238 1239 1240
f 1233 1234 1238 1237
f 1234 1235 1239 1238
f 1235 1236 1240 1239
f 1236 1233 1237 1240
o Branch
v -0.248 9.658 0.81
v -0.216 9.678 0.821
v -0.201 9.627 0.837
v -0.223 9.577 0.836
v -0.252 9.595 0.82
v -0.71 10.288 1.9
v -0.691 10.299 1.906
v -0.682 10.269 1.915
v -0.695 10.24 1.915
v -0.712 10.251 1.905
usemtl Birch
s off
f 1245 1244 1243 1242 1241
f 1246 1247 1248 1249 1250
f 1241 1242 1247 1246
f 1242 1243 1248 1247
f 1243 1244 1249 1248
f 1244 1245 1250 1249
f 1245 1241 1246 1250
o Branch
v -0.717 10.297 1.909
v -0.685 10.297 1.923
v -0.678 10.242 1.907
v -0.711 10.242 1.893
v -1.02 9.456 2.632
v -1.006 9.456 2.638
v -1.003 9.432 2.631
v -1.017 9.432 2.625
usemtl Birch
s off
f 1254 1253 1252 1251
f 1255 1256 1257 1258
f 1251 1252 1256 1255
f 1252 1253 1257 1256
f 1253 1254 1258 1257
f 1254 1251 1255 1258
o Leaves.Card.96
v 0.004 9.627 0.913
v -0.462 9.627 0.736
v -0.705 6.011 1.375
v -0.239 6.011 1.553
v 0.006 9.625 0.909
v -0.46 9.625 0.733
v -0.704 6.009 1.372
v -0.238 6.009 1.55
usemtl LeafCard
s off
f 1262 1261 1260 1259
f 1263 1264 1265 1266
f 1259 1260 1264 1263
f 1260 1261 1265 1264
f 1261 1262 1266 1265
f 1262 1259 1263 1266
o Leaves.Card.97
v -0.092 9.744 1.054
v -0.535 9.744 0.99
v -0.637 5.992 1.692
v -0.195 5.992 1.756
v -0.091 9.742 1.05
v -0.535 9.742 0.986
v -0.637 5.989 1.688
v -0.194 5.989 1.753
usemtl LeafCard
s off
f 1270 1269 1268 1267
f 1271 1272 1273 1274
f 1267 1268 1272 1271
f 1268 1269 1273 1272
f 1269 1270 1274 1273
f 1270 1267 1271 1274
o Leaves.Card.98
v -0.176 9.862 1.266
v -0.622 9.862 1.172
v -0.731 7.059 1.691
v -0.284 7.059 1.784
v -0.175 9.858 1.262
v -0.622 9.858 1.169
v -0.731 7.057 1.688
v -0.283 7.057 1.781
usemtl LeafCard
s off
f 1278 1277 1276 1275
f 1279 1280 1281 1282
f 1275 1276 1280 1279
f 1276 1277 1281 1280
f 1277 1278 1282 1281
f 1278 1275 1279 1282
o Leaves.Card.99
v -0.238 9.977 1.442
v -0.731 9.977 1.391
v -0.793 6.721 2.003
v -0.302 6.721 2.054
v -0.238 9.976 1.438
v -0.73 9.976 1.387
v -0.793 6.72 2
v -0.301 6.72 2.05
usemtl LeafCard
s off
f 1286 1285 1284 1283
f 1287 1288 1289 1290
f 1283 1284 1288 1287
f 1284 1285 1289 1288
f 1285 1286 1290 1289
f 1286 1283 1287 1290
o Leaves.Card.100
v -0.392 10.095 1.729
v -0.748 10.095 1.496
v -1.215 5.581 2.211
v -0.859 5.581 2.444
v -0.39 10.091 1.726
v -0.746 10.091 1.493
v -1.213 5.579 2.208
v -0.857 5.579 2.441
usemtl LeafCard
s off
f 1294 1293 1292 1291
f 1295 1296 1297 1298
f 1291 1292 1296 1295
f 1292 1293 1297 1296
f 1293 1294 1298 1297
f 1294 1291 1295 1298
o Leaves.Card.101
v -0.453 10.211 1.963
v -0.858 10.211 1.657
v -1.178 7.399 2.082
v -0.772 7.399 2.388
v -0.45 10.209 1.96
v -0.856 10.209 1.654
v -1.176 7.395 2.079
v -0.77 7.395 2.385
usemtl LeafCard
s off
f 1302 1301 1300 1299
f 1303 1304 1305 1306
f 1299 1300 1304 1303
f 1300 1301 1305 1304
f 1301 1302 1306 1305
f 1302 1299 1303 1306
o Leaves.Card.102
v -0.514 10.194 1.998
v -0.938 10.194 1.951
v -1.005 6.933 2.564
v -0.582 6.933 2.611
v -0.514 10.192 1.994
v -0.937 10.192 1.947
v -1.005 6.931 2.56
v -0.581 6.931 2.607
usemtl LeafCard
s off
f 1310 1309 1308 1307
f 1311 1312 1313 1314
f 1307 1308 1312 1311
f 1308 1309 1313 1312
f 1309 1310 1314 1313
f 1310 1307 1311 1314
o Leaves.Card.103
v -0.613 10.045 2.251
v -0.954 10.045 1.961
v -1.467 5.847 2.566
v -1.126 5.847 2.856
v -0.61 10.042 2.248
v -0.952 10.042 1.958
v -1.465 5.844 2.564
v -1.123 5.844 2.853
usemtl LeafCard
s off
f 1318 1317 1316 1315
f 1319 1320 1321 1322
f 1315 1316 1320 1319
f 1316 1317 1321 1320
f 1317 1318 1322 1321
f 1318 1315 1319 1322
o Leaves.Card.104
v -0.67 9.895 2.414
v -1.011 9.895 2.061
v -1.565 5.818 2.597
v -1.224 5.818 2.95
v -0.667 9.891 2.411
v -1.008 9.891 2.058
v -1.563 5.816 2.594
v -1.221 5.816 2.947
usemtl LeafCard
s off
f 1326 1325 1324 1323
f 1327 1328 1329 1330
f 1323 1324 1328 1327
f 1324 1325 1329 1328
f 1325 1326 1330 1329
f 1326 1323 1327 1330
o Leaves.Card.105
v -0.642 9.744 2.371
v -1.152 9.744 2.366
v -1.159 6.295 3.018
v -0.649 6.295 3.024
v -0.642 9.742 2.367
v -1.152 9.742 2.362
v -1.159 6.292 3.014
v -0.649 6.292 3.02
usemtl LeafCard
s off
f 1334 1333 1332 1331
f 1335 1336 1337 1338
f 1331 1332 1336 1335
f 1332 1333 1337 1336
f 1333 1334 1338 1337
f 1334 1331 1335 1338
o Leaves.Card.106
v -0.792 9.594 2.665
v -1.116 9.594 2.335
v -1.649 5.649 2.857
v -1.324 5.649 3.188
v -0.789 9.592 2.662
v -1.113 9.592 2.332
v -1.646 5.645 2.855
v -1.322 5.645 3.185
usemtl LeafCard
s off
f 1342 1341 1340 1339
f 1343 1344 1345 1346
f 1339 1340 1344 1343
f 1340 1341 1345 1344
f 1341 1342 1346 1345
f 1342 1339 1343 1346
o Leaves.Card.107
v -0.801 9.443 2.664
v -1.221 9.443 2.599
v -1.306 6.477 3.154
v -0.886 6.477 3.218
v -0.8 9.441 2.66
v -1.22 9.441 2.595
v -1.306 6.475 3.15
v -0.886 6.475 3.215
usemtl LeafCard
s off
f 1350 1349 1348 1347
f 1351 1352 1353 1354
f 1347 1348 1352 1351
f 1348 1349 1353 1352
f 1349 1350 1354 1353
f 1350 1347 1351 1354
o Branch
v -0.379 10.424 1.12
v -0.347 10.444 1.132
v -0.333 10.392 1.148
v -0.354 10.343 1.146
v -0.383 10.361 1.129
v -0.895 11.054 2.218
v -0.877 11.065 2.225
v -0.868 11.035 2.234
v -0.88 11.006 2.233
v -0.897 11.017 2.223
usemtl Birch
s off
f 1359 1358 1357 1356 1355
f 1360 1361 1362 1363 1364
f 1355 1356 1361 1360
f 1356 1357 1362 1361
f 1357 1358 1363 1362
f 1358 1359 1364 1363
f 1359 1355 1360 1364
o Branch
v -0.902 11.063 2.227
v -0.871 11.063 2.242
v -0.864 11.008 2.227
v -0.895 11.008 2.212
v -1.24 10.222 2.955
v -1.227 10.222 2.962
v -1.224 10.198 2.955
v -1.237 10.198 2.949
usemtl Birch
s off
f 1368 1367 1366 1365
f 1369 1370 1371 1372
f 1365 1366 1370 1369
f 1366 1367 1371 1370
f 1367 1368 1372 1371
f 1368 1365 1369 1372
o Leaves.Card.108
v -0.187 10.392 1.269
v -0.532 10.392 1.001
v -0.924 7.01 1.506
v -0.579 7.01 1.774
v -0.185 10.391 1.266
v -0.53 10.391 0.998
v -0.922 7.008 1.503
v -0.577 7.008 1.771
usemtl LeafCard
s off
f 1376 1375 1374 1373
f 1377 1378 1379 1380
f 1373 1374 1378 1377
f 1374 1375 1379 1378
f 1375 1376 1380 1379
f 1376 1373 1377 1380
o Leaves.Card.109
v -0.272 10.51 1.486
v -0.637 10.51 1.179
v -0.994 7.579 1.604
v -0.628 7.579 1.911
v -0.269 10.506 1.484
v -0.635 10.506 1.176
v -0.992 7.575 1.601
v -0.625 7.575 1.908
usemtl LeafCard
s off
f 1384 1383 1382 1381
f 1385 1386 1387 1388
f 1381 1382 1386 1385
f 1382 1383 1387 1386
f 1383 1384 1388 1387
f 1384 1381 1385 1388
o Leaves.Card.110
v -0.342 10.626 1.584
v -0.759 10.626 1.48
v -0.956 6.275 2.279
v -0.539 6.275 2.383
v -0.341 10.624 1.58
v -0.758 10.624 1.476
v -0.955 6.271 2.276
v -0.538 6.271 2.379
usemtl LeafCard
s off
f 1392 1391 1390 1389
f 1393 1394 1395 1396
f 1389 1390 1394 1393
f 1390 1391 1395 1394
f 1391 1392 1396 1395
f 1392 1389 1393 1396
o Leaves.Card.111
v -0.408 10.743 1.761
v -0.882 10.743 1.7
v -0.966 7.307 2.344
v -0.492 7.307 2.406
v -0.408 10.741 1.757
v -0.881 10.741 1.696
v -0.965 7.305 2.34
v -0.492 7.305 2.402
usemtl LeafCard
s off
f 1400 1399 1398 1397
f 1401 1402 1403 1404
f 1397 1398 1402 1401
f 1398 1399 1403 1402
f 1399 1400 1404 1403
f 1400 1397 1401 1404
o Leaves.Card.112
v -0.538 10.861 2.043
v -0.943 10.861 1.814
v -1.327 6.732 2.494
v -0.922 6.732 2.723
v -0.536 10.857 2.04
v -0.941 10.857 1.811
v -1.325 6.731 2.491
v -0.92 6.731 2.72
usemtl LeafCard
s off
f 1408 1407 1406 1405
f 1409 1410 1411 1412
f 1405 1406 1410 1409
f 1406 1407 1411 1410
f 1407 1408 1412 1411
f 1408 1405 1409 1412
o Leaves.Card.113
v -0.613 10.976 2.203
v -1.058 10.976 2.052
v -1.304 6.92 2.78
v -0.858 6.92 2.93
v -0.611 10.975 2.199
v -1.057 10.975 2.048
v -1.303 6.918 2.776
v -0.857 6.918 2.927
usemtl LeafCard
s off
f 1416 1415 1414 1413
f 1417 1418 1419 1420
f 1413 1414 1418 1417
f 1414 1415 1419 1418
f 1415 1416 1420 1419
f 1416 1413 1417 1420
o Leaves.Card.114
v -0.714 10.96 2.454
v -1.116 10.96 2.132
v -1.451 8.128 2.55
v -1.049 8.128 2.872
v -0.711 10.958 2.451
v -1.114 10.958 2.129
v -1.449 8.124 2.547
v -1.046 8.124 2.869
usemtl LeafCard
s off
f 1424 1423 1422 1421
f 1425 1426 1427 1428
f 1421 1422 1426 1425
f 1422 1423 1427 1426
f 1423 1424 1428 1427
f 1424 1421 1425 1428
o Leaves.Card.115
v -0.753 10.809 2.497
v -1.203 10.809 2.354
v -1.408 7.259 2.993
v -0.957 7.259 3.137
v -0.752 10.807 2.494
v -1.202 10.807 2.35
v -1.407 7.258 2.99
v -0.956 7.258 3.133
usemtl LeafCard
s off
f 1432 1431 1430 1429
f 1433 1434 1435 1436
f 1429 1430 1434 1433
f 1430 1431 1435 1434
f 1431 1432 1436 1435
f 1432 1429 1433 1436
o Leaves.Card.116
v -0.789 10.661 2.586
v -1.294 10.661 2.529
v -1.373 6.966 3.224
v -0.87 6.966 3.281
v -0.789 10.657 2.583
v -1.294 10.657 2.525
v -1.373 6.962 3.22
v -0.869 6.962 3.277
usemtl LeafCard
s off
f 1440 1439 1438 1437
f 1441 1442 1443 1444
f 1437 1438 1442 1441
f 1438 1439 1443 1442
f 1439 1440 1444 1443
f 1440 1437 1441 1444
o Leaves.Card.117
v -0.885 10.51 2.772
v -1.326 10.51 2.608
v -1.542 7.215 3.193
v -1.1 7.215 3.357
v -0.883 10.506 2.768
v -1.324 10.506 2.605
v -1.541 7.214 3.19
v -1.099 7.214 3.353
usemtl LeafCard
s off
f 1448 1447 1446 1445
f 1449 1450 1451 1452
f 1445 1446 1450 1449
f 1446 1447 1451 1450
f 1447 1448 1452 1451
f 1448 1445 1449 1452
o Leaves.Card.118
v -1.01 10.359 2.96
v -1.327 10.359 2.686
v -1.724 7.153 3.144
v -1.407 7.153 3.418
v -1.008 10.357 2.958
v -1.324 10.357 2.683
v -1.722 7.151 3.141
v -1.404 7.151 3.416
usemtl LeafCard
s off
f 1456 1455 1454 1453
f 1457 1458 1459 1460
f 1453 1454 1458 1457
f 1454 1455 1459 1458
f 1455 1456 1460 1459
f 1456 1453 1457 1460
o Leaves.Card.119
v -1.051 10.209 3.131
v -1.413 10.209 2.778
v -1.857 6.848 3.234
v -1.495 6.848 3.587
v -1.048 10.207 3.128
v -1.411 10.207 2.776
v -1.855 6.846 3.231
v -1.492 6.846 3.584
usemtl LeafCard
s off
f 1464 1463 1462 1461
f 1465 1466 1467 1468
f 1461 1462 1466 1465
f 1462 1463 1467 1466
f 1463 1464 1468 1467
f 1464 1461 1465 1468
o Branch
v -0.514 11.189 1.449
v -0.485 11.208 1.433
v -0.464 11.158 1.433
v -0.479 11.109 1.448
v -0.51 11.127 1.459
v -0.063 11.819 2.438
v -0.046 11.83 2.429
v -0.033 11.801 2.428
v -0.042 11.772 2.438
v -0.06 11.783 2.444
usemtl Birch
s off
f 1473 1472 1471 1470 1469
f 1474 1475 1476 1477 1478
f 1469 1470 1475 1474
f 1470 1471 1476 1475
f 1471 1472 1477 1476
f 1472 1473 1478 1477
f 1473 1469 1474 1478
o Branch
v -0.061 11.828 2.451
v -0.029 11.828 2.437
v -0.036 11.773 2.42
v -0.068 11.773 2.434
v 0.241 10.986 3.103
v 0.255 10.986 3.098
v 0.252 10.964 3.09
v 0.238 10.964 3.097
usemtl Birch
s off
f 1482 1481 1480 1479
f 1483 1484 1485 1486
f 1479 1480 1484 1483
f 1480 1481 1485 1484
f 1481 1482 1486 1485
f 1482 1479 1483 1486
o Leaves.Card.120
v -0.302 11.158 1.312
v -0.68 11.158 1.577
v -0.209 6.811 2.251
v 0.169 6.811 1.988
v -0.304 11.156 1.31
v -0.682 11.156 1.574
v -0.211 6.81 2.248
v 0.167 6.81 1.985
usemtl LeafCard
s off
f 1490 1489 1488 1487
f 1491 1492 1493 1494
f 1487 1488 1492 1491
f 1488 1489 1493 1492
f 1489 1490 1494 1493
f 1490 1487 1491 1494
o Leaves.Card.121
v -0.225 11.276 1.468
v -0.595 11.276 1.781
v -0.116 7.351 2.348
v 0.254 7.351 2.036
v -0.227 11.272 1.465
v -0.598 11.272 1.778
v -0.118 7.348 2.345
v 0.251 7.348 2.033
usemtl LeafCard
s off
f 1498 1497 1496 1495
f 1499 1500 1501 1502
f 1495 1496 1500 1499
f 1496 1497 1501 1500
f 1497 1498 1502 1501
f 1498 1495 1499 1502
o Leaves.Card.122
v -0.128 11.391 1.675
v -0.531 11.391 1.935
v -0.174 7.915 2.488
v 0.228 7.915 2.228
v -0.131 11.39 1.672
v -0.533 11.39 1.932
v -0.177 7.913 2.484
v 0.226 7.913 2.225
usemtl LeafCard
s off
f 1506 1505 1504 1503
f 1507 1508 1509 1510
f 1503 1504 1508 1507
f 1504 1505 1509 1508
f 1505 1506 1510 1509
f 1506 1503 1507 1510
o Leaves.Card.123
v -0.024 11.509 1.888
v -0.475 11.509 2.083
v -0.181 7.583 2.765
v 0.27 7.583 2.57
v -0.026 11.507 1.884
v -0.477 11.507 2.079
v -0.182 7.581 2.761
v 0.269 7.581 2.566
usemtl LeafCard
s off
f 1514 1513 1512 1511
f 1515 1516 1517 1518
f 1511 1512 1516 1515
f 1512 1513 1517 1516
f 1513 1514 1518 1517
f 1514 1511 1515 1518
o Leaves.Card.124
v 0.055 11.626 2.15
v -0.393 11.626 2.181
v -0.343 7.713 2.92
v 0.105 7.713 2.889
v 0.055 11.623 2.146
v -0.393 11.623 2.177
v -0.343 7.711 2.916
v 0.105 7.711 2.885
usemtl LeafCard
s off
f 1522 1521 1520 1519
f 1523 1524 1525 1526
f 1519 1520 1524 1523
f 1520 1521 1525 1524
f 1521 1522 1526 1525
f 1522 1519 1523 1526
o Leaves.Card.125
v 0.132 11.742 2.273
v -0.309 11.742 2.419
v -0.074 7.812 3.125
v 0.366 7.812 2.978
v 0.131 11.74 2.269
v -0.31 11.74 2.415
v -0.075 7.809 3.121
v 0.365 7.809 2.974
usemtl LeafCard
s off
f 1530 1529 1528 1527
f 1531 1532 1533 1534
f 1527 1528 1532 1531
f 1528 1529 1533 1532
f 1529 1530 1534 1533
f 1530 1527 1531 1534
o Leaves.Card.126
v 0.214 11.726 2.414
v -0.257 11.726 2.578
v -0.023 7.944 3.253
v 0.45 7.944 3.09
v 0.213 11.724 2.411
v -0.259 11.724 2.574
v -0.025 7.943 3.25
v 0.448 7.943 3.087
usemtl LeafCard
s off
f 1538 1537 1536 1535
f 1539 1540 1541 1542
f 1535 1536 1540 1539
f 1536 1537 1541 1540
f 1537 1538 1542 1541
f 1538 1535 1539 1542
o Leaves.Card.127
v 0.256 11.575 2.552
v -0.192 11.575 2.68
v 0.011 7.649 3.394
v 0.459 7.649 3.267
v 0.255 11.573 2.549
v -0.193 11.573 2.676
v 0.01 7.647 3.39
v 0.458 7.647 3.263
usemtl LeafCard
s off
f 1546 1545 1544 1543
f 1547 1548 1549 1550
f 1543 1544 1548 1547
f 1544 1545 1549 1548
f 1545 1546 1550 1549
f 1546 1543 1547 1550
o Leaves.Card.128
v 0.315 11.424 2.693
v -0.143 11.424 2.78
v -0.034 8.304 3.36
v 0.424 8.304 3.273
v 0.315 11.423 2.69
v -0.144 11.423 2.776
v -0.035 8.303 3.356
v 0.424 8.303 3.269
usemtl LeafCard
s off
f 1554 1553 1552 1551
f 1555 1556 1557 1558
f 1551 1552 1556 1555
f 1552 1553 1557 1556
f 1553 1554 1558 1557
f 1554 1551 1555 1558
o Leaves.Card.129
v 0.357 11.276 2.823
v -0.078 11.276 2.891
v 0.007 8.356 3.436
v 0.444 8.356 3.368
v 0.357 11.272 2.819
v -0.079 11.272 2.887
v 0.006 8.354 3.432
v 0.443 8.354 3.364
usemtl LeafCard
s off
f 1562 1561 1560 1559
f 1563 1564 1565 1566
f 1559 1560 1564 1563
f 1560 1561 1565 1564
f 1561 1562 1566 1565
f 1562 1559 1563 1566
o Leaves.Card.130
v 0.38 11.125 2.827
v 0.006 11.125 3.126
v 0.526 6.731 3.775
v 0.9 6.731 3.475
v 0.377 11.123 2.824
v 0.004 11.123 3.123
v 0.524 6.729 3.772
v 0.898 6.729 3.472
usemtl LeafCard
s off
f 1570 1569 1568 1567
f 1571 1572 1573 1574
f 1567 1568 1572 1571
f 1568 1569 1573 1572
f 1569 1570 1574 1573
f 1570 1567 1571 1574
o Leaves.Card.131
v 0.478 10.975 3.089
v 0.016 10.975 3.104
v 0.044 6.576 3.936
v 0.506 6.576 3.921
v 0.478 10.973 3.085
v 0.015 10.973 3.101
v 0.044 6.574 3.932
v 0.506 6.574 3.917
usemtl LeafCard
s off
f 1578 1577 1576 1575
f 1579 1580 1581 1582
f 1575 1576 1580 1579
f 1576 1577 1581 1580
f 1577 1578 1582 1581
f 1578 1575 1579 1582
o Branch
v -0.642 11.955 1.742
v -0.611 11.974 1.75
v -0.594 11.924 1.764
v -0.616 11.874 1.765
v -0.646 11.893 1.751
v -1.009 12.585 2.849
v -0.99 12.596 2.853
v -0.98 12.567 2.862
v -0.993 12.537 2.862
v -1.011 12.548 2.854
usemtl Birch
s off
f 1587 1586 1585 1584 1583
f 1588 1589 1590 1591 1592
f 1583 1584 1589 1588
f 1584 1585 1590 1589
f 1585 1586 1591 1590
f 1586 1587 1592 1591
f 1587 1583 1588 1592
o Branch
v -1.016 12.594 2.859
v -0.983 12.594 2.87
v -0.978 12.539 2.854
v -1.011 12.539 2.842
v -1.255 11.751 3.592
v -1.241 11.751 3.597
v -1.239 11.727 3.59
v -1.253 11.727 3.585
usemtl Birch
s off
f 1596 1595 1594 1593
f 1597 1598 1599 1600
f 1593 1594 1598 1597
f 1594 1595 1599 1598
f 1595 1596 1600 1599
f 1596 1593 1597 1600
o Leaves.Card.132
v -0.421 11.924 1.89
v -0.822 11.924 1.619
v -1.304 7.384 2.33
v -0.902 7.384 2.601
v -0.419 11.922 1.887
v -0.82 11.922 1.616
v -1.302 7.382 2.327
v -0.9 7.382 2.598
usemtl LeafCard
s off
f 1604 1603 1602 1601
f 1605 1606 1607 1608
f 1601 1602 1606 1605
f 1602 1603 1607 1606
f 1603 1604 1608 1607
f 1604 1601 1605 1608
o Leaves.Card.133
v -0.461 12.042 1.944
v -0.919 12.042 1.966
v -0.889 8.499 2.635
v -0.429 8.499 2.614
v -0.461 12.038 1.941
v -0.919 12.038 1.962
v -0.889 8.497 2.631
v -0.429 8.497 2.61
usemtl LeafCard
s off
f 1612 1611 1610 1609
f 1613 1614 1615 1616
f 1609 1610 1614 1613
f 1610 1611 1615 1614
f 1611 1612 1616 1615
f 1612 1609 1613 1616
o Leaves.Card.134
v -0.533 12.157 2.181
v -0.983 12.157 2.13
v -1.075 7.935 2.923
v -0.625 7.935 2.975
v -0.532 12.155 2.177
v -0.983 12.155 2.126
v -1.075 7.933 2.919
v -0.624 7.933 2.971
usemtl LeafCard
s off
f 1620 1619 1618 1617
f 1621 1622 1623 1624
f 1617 1618 1622 1621
f 1618 1619 1623 1622
f 1619 1620 1624 1623
f 1620 1617 1621 1624
o Leaves.Card.135
v -0.59 12.275 2.437
v -1.062 12.275 2.274
v -1.305 8.372 2.971
v -0.832 8.372 3.135
v -0.589 12.273 2.434
v -1.061 12.273 2.271
v -1.304 8.37 2.967
v -0.831 8.37 3.131
usemtl LeafCard
s off
f 1628 1627 1626 1625
f 1629 1630 1631 1632
f 1625 1626 1630 1629
f 1626 1627 1631 1630
f 1627 1628 1632 1631
f 1628 1625 1629 1632
o Leaves.Card.136
v -0.648 12.39 2.592
v -1.141 12.39 2.52
v -1.253 8.337 3.278
v -0.759 8.337 3.351
v -0.647 12.389 2.588
v -1.14 12.389 2.516
v -1.252 8.336 3.274
v -0.759 8.336 3.348
usemtl LeafCard
s off
f 1636 1635 1634 1633
f 1637 1638 1639 1640
f 1633 1634 1638 1637
f 1634 1635 1639 1638
f 1635 1636 1640 1639
f 1636 1633 1637 1640
o Leaves.Card.137
v -0.737 12.508 2.771
v -1.188 12.508 2.741
v -1.246 7.834 3.624
v -0.795 7.834 3.654
v -0.737 12.506 2.767
v -1.188 12.506 2.738
v -1.246 7.831 3.621
v -0.794 7.831 3.65
usemtl LeafCard
s off
f 1644 1643 1642 1641
f 1645 1646 1647 1648
f 1641 1642 1646 1645
f 1642 1643 1647 1646
f 1643 1644 1648 1647
f 1644 1641 1645 1648
o Leaves.Card.138
v -0.838 12.491 3.069
v -1.201 12.491 2.778
v -1.561 9.454 3.227
v -1.196 9.454 3.517
v -0.835 12.49 3.066
v -1.199 12.49 2.775
v -1.558 9.452 3.224
v -1.194 9.452 3.515
usemtl LeafCard
s off
f 1652 1651 1650 1649
f 1653 1654 1655 1656
f 1649 1650 1654 1653
f 1650 1651 1655 1654
f 1651 1652 1656 1655
f 1652 1649 1653 1656
o Leaves.Card.139
v -0.842 12.341 3.042
v -1.288 12.341 3.072
v -1.237 8.365 3.822
v -0.792 8.365 3.793
v -0.843 12.339 3.038
v -1.288 12.339 3.068
v -1.238 8.363 3.818
v -0.792 8.363 3.789
usemtl LeafCard
s off
f 1660 1659 1658 1657
f 1661 1662 1663 1664
f 1657 1658 1662 1661
f 1658 1659 1663 1662
f 1659 1660 1664 1663
f 1660 1657 1661 1664
o Leaves.Card.140
v -0.92 12.19 3.34
v -1.301 12.19 3.041
v -1.731 8.497 3.591
v -1.351 8.497 3.89
v -0.918 12.188 3.337
v -1.299 12.188 3.038
v -1.729 8.495 3.588
v -1.349 8.495 3.887
usemtl LeafCard
s off
f 1668 1667 1666 1665
f 1669 1670 1671 1672
f 1665 1666 1670 1669
f 1666 1667 1671 1670
f 1667 1668 1672 1671
f 1668 1665 1669 1672
o Leaves.Card.141
v -0.937 12.042 3.371
v -1.375 12.042 3.277
v -1.524 8.251 3.978
v -1.087 8.251 4.072
v -0.936 12.038 3.367
v -1.374 12.038 3.273
v -1.524 8.247 3.975
v -1.086 8.247 4.069
usemtl LeafCard
s off
f 1676 1675 1674 1673
f 1677 1678 1679 1680
f 1673 1674 1678 1677
f 1674 1675 1679 1678
f 1675 1676 1680 1679
f 1676 1673 1677 1680
o Leaves.Card.142
v -1.032 11.891 3.598
v -1.372 11.891 3.317
v -1.761 8.653 3.791
v -1.421 8.653 4.07
v -1.029 11.887 3.595
v -1.369 11.887 3.315
v -1.758 8.651 3.788
v -1.419 8.651 4.068
usemtl LeafCard
s off
f 1684 1683 1682 1681
f 1685 1686 1687 1688
f 1681 1682 1686 1685
f 1682 1683 1687 1686
f 1683 1684 1688 1687
f 1684 1681 1685 1688
o Leaves.Card.143
v -1.055 11.74 3.677
v -1.439 11.74 3.506
v -1.726 8.012 4.149
v -1.343 8.012 4.321
v -1.053 11.738 3.673
v -1.438 11.738 3.502
v -1.725 8.011 4.146
v -1.341 8.011 4.318
usemtl LeafCard
s off
f 1692 1691 1690 1689
f 1693 1694 1695 1696
f 1689 1690 1694 1693
f 1690 1691 1695 1694
f 1691 1692 1696 1695
f 1692 1689 1693 1696
o Branch
v -0.773 12.719 2.051
v -0.741 12.738 2.055
v -0.724 12.69 2.073
v -0.747 12.642 2.079
v -0.777 12.66 2.065
v -0.964 13.349 2.762
v -0.944 13.36 2.765
v -0.935 13.333 2.775
v -0.948 13.305 2.779
v -0.966 13.316 2.771
usemtl Birch
s off
f 1701 1700 1699 1698 1697
f 1702 1703 1704 1705 1706
f 1697 1698 1703 1702
f 1698 1699 1704 1703
f 1699 1700 1705 1704
f 1700 1701 1706 1705
f 1701 1697 1702 1706
o Branch
v -0.971 13.356 2.777
v -0.938 13.356 2.787
v -0.931 13.309 2.764
v -0.965 13.309 2.754
v -1.093 12.515 3.243
v -1.078 12.515 3.247
v -1.075 12.495 3.239
v -1.09 12.495 3.235
usemtl Birch
s off
f 1710 1709 1708 1707
f 1711 1712 1713 1714
f 1707 1708 1712 1711
f 1708 1709 1713 1712
f 1709 1710 1714 1713
f 1710 1707 1711 1714
o Leaves.Card.144
v -0.525 12.69 2.093
v -0.98 12.69 2.036
v -1.055 9.436 2.648
v -0.6 9.436 2.703
v -0.524 12.686 2.089
v -0.98 12.686 2.033
v -1.055 9.432 2.644
v -0.6 9.432 2.7
usemtl LeafCard
s off
f 1718 1717 1716 1715
f 1719 1720 1721 1722
f 1715 1716 1720 1719
f 1716 1717 1721 1720
f 1717 1718 1722 1721
f 1718 1715 1719 1722
o Leaves.Card.145
v -0.566 12.805 2.263
v -1.012 12.805 2.124
v -1.229 8.949 2.821
v -0.782 8.949 2.96
v -0.565 12.804 2.259
v -1.011 12.804 2.12
v -1.228 8.947 2.817
v -0.781 8.947 2.956
usemtl LeafCard
s off
f 1726 1725 1724 1723
f 1727 1728 1729 1730
f 1723 1724 1728 1727
f 1724 1725 1729 1728
f 1725 1726 1730 1729
f 1726 1723 1727 1730
o Leaves.Card.146
v -0.644 12.923 2.447
v -1.006 12.923 2.195
v -1.449 8.839 2.828
v -1.088 8.839 3.081
v -0.642 12.921 2.444
v -1.004 12.921 2.192
v -1.447 8.835 2.825
v -1.086 8.835 3.078
usemtl LeafCard
s off
f 1734 1733 1732 1731
f 1735 1736 1737 1738
f 1731 1732 1736 1735
f 1732 1733 1737 1736
f 1733 1734 1738 1737
f 1734 1731 1735 1738
o Leaves.Card.147
v -0.672 13.041 2.597
v -1.049 13.041 2.301
v -1.473 9.414 2.842
v -1.095 9.414 3.137
v -0.67 13.037 2.594
v -1.047 13.037 2.298
v -1.47 9.412 2.839
v -1.093 9.412 3.134
usemtl LeafCard
s off
f 1742 1741 1740 1739
f 1743 1744 1745 1746
f 1739 1740 1744 1743
f 1740 1741 1745 1744
f 1741 1742 1746 1745
f 1742 1739 1743 1746
o Leaves.Card.148
v -0.694 13.156 2.704
v -1.1 13.156 2.451
v -1.497 9.191 3.089
v -1.091 9.191 3.342
v -0.692 13.154 2.701
v -1.098 13.154 2.448
v -1.495 9.188 3.086
v -1.089 9.188 3.338
usemtl LeafCard
s off
f 1750 1749 1748 1747
f 1751 1752 1753 1754
f 1747 1748 1752 1751
f 1748 1749 1753 1752
f 1749 1750 1754 1753
f 1750 1747 1751 1754
o Leaves.Card.149
v -0.686 13.274 2.705
v -1.18 13.274 2.707
v -1.177 8.681 3.576
v -0.683 8.681 3.574
v -0.686 13.272 2.701
v -1.18 13.272 2.703
v -1.177 8.677 3.572
v -0.683 8.677 3.571
usemtl LeafCard
s off
f 1758 1757 1756 1755
f 1759 1760 1761 1762
f 1755 1756 1760 1759
f 1756 1757 1761 1760
f 1757 1758 1762 1761
f 1758 1755 1759 1762
o Leaves.Card.150
v -0.71 13.257 2.8
v -1.217 13.257 2.827
v -1.176 9.223 3.589
v -0.669 9.223 3.562
v -0.71 13.255 2.796
v -1.217 13.255 2.823
v -1.177 9.221 3.585
v -0.67 9.221 3.558
usemtl LeafCard
s off
f 1766 1765 1764 1763
f 1767 1768 1769 1770
f 1763 1764 1768 1767
f 1764 1765 1769 1768
f 1765 1766 1770 1769
f 1766 1763 1767 1770
o Leaves.Card.151
v -0.757 13.107 2.994
v -1.219 13.107 2.803
v -1.51 9.081 3.507
v -1.048 9.081 3.698
v -0.756 13.105 2.991
v -1.217 13.105 2.8
v -1.509 9.079 3.504
v -1.046 9.079 3.694
usemtl LeafCard
s off
f 1774 1773 1772 1771
f 1775 1776 1777 1778
f 1771 1772 1776 1775
f 1772 1773 1777 1776
f 1773 1774 1778 1777
f 1774 1771 1775 1778
o Leaves.Card.152
v -0.829 12.956 3.095
v -1.195 12.956 2.874
v -1.539 9.426 3.446
v -1.172 9.426 3.666
v -0.827 12.954 3.092
v -1.193 12.954 2.871
v -1.537 9.425 3.443
v -1.171 9.425 3.663
usemtl LeafCard
s off
f 1782 1781 1780 1779
f 1783 1784 1785 1786
f 1779 1780 1784 1783
f 1780 1781 1785 1784
f 1781 1782 1786 1785
f 1782 1779 1783 1786
o Leaves.Card.153
v -0.859 12.805 3.189
v -1.212 12.805 2.951
v -1.57 9.432 3.481
v -1.216 9.432 3.718
v -0.857 12.804 3.186
v -1.21 12.804 2.948
v -1.567 9.43 3.477
v -1.213 9.43 3.715
usemtl LeafCard
s off
f 1790 1789 1788 1787
f 1791 1792 1793 1794
f 1787 1788 1792 1791
f 1788 1789 1793 1792
f 1789 1790 1794 1793
f 1790 1787 1791 1794
o Leaves.Card.154
v -0.84 12.657 3.25
v -1.28 12.657 3.06
v -1.503 9.7 3.573
v -1.063 9.7 3.764
v -0.839 12.653 3.247
v -1.279 12.653 3.057
v -1.501 9.698 3.569
v -1.061 9.698 3.761
usemtl LeafCard
s off
f 1798 1797 1796 1795
f 1799 1800 1801 1802
f 1795 1796 1800 1799
f 1796 1797 1801 1800
f 1797 1798 1802 1801
f 1798 1795 1799 1802
o Leaves.Card.155
v -0.844 12.506 3.266
v -1.324 12.506 3.216
v -1.396 8.931 3.888
v -0.915 8.931 3.938
v -0.843 12.502 3.262
v -1.324 12.502 3.212
v -1.395 8.929 3.884
v -0.914 8.929 3.935
usemtl LeafCard
s off
f 1806 1805 1804 1803
f 1807 1808 1809 1810
f 1803 1804 1808 1807
f 1804 1805 1809 1808
f 1805 1806 1810 1809
f 1806 1803 1807 1810
o Leaves.Card.156
v -0.193 9.436 0.512
v -0.199 9.436 0.982
v 0.498 5.75 0.992
v 0.505 5.75 0.522
v -0.196 9.434 0.512
v -0.203 9.434 0.982
v 0.494 5.748 0.992
v 0.501 5.748 0.522
usemtl LeafCard
s off
f 1814 1813 1812 1811
f 1815 1816 1817 1818
f 1811 1812 1816 1815
f 1812 1813 1817 1816
f 1813 1814 1818 1817
f 1814 1811 1815 1818
o Leaves.Card.157
v -0.422 9.939 1.139
v -0.141 9.939 0.761
v -0.698 6.266 0.346
v -0.979 6.266 0.724
v -0.419 9.935 1.142
v -0.138 9.935 0.764
v -0.695 6.264 0.348
v -0.976 6.264 0.726
usemtl LeafCard
s off
f 1822 1821 1820 1819
f 1823 1824 1825 1826
f 1819 1820 1824 1823
f 1820 1821 1825 1824
f 1821 1822 1826 1825
f 1822 1819 1823 1826
o Leaves.Card.158
v -0.27 10.44 0.967
v -0.466 10.44 1.341
v 0.021 7.542 1.594
v 0.216 7.542 1.22
v -0.273 10.438 0.965
v -0.469 10.438 1.339
v 0.018 7.54 1.592
v 0.212 7.54 1.219
usemtl LeafCard
s off
f 1830 1829 1828 1827
f 1831 1832 1833 1834
f 1827 1828 1832 1831
f 1828 1829 1833 1832
f 1829 1830 1834 1833
f 1830 1827 1831 1834
o Leaves.Card.159
v -0.491 10.943 1.588
v -0.416 10.943 1.127
v -1.036 7.621 1.026
v -1.112 7.621 1.486
v -0.487 10.94 1.588
v -0.412 10.94 1.128
v -1.033 7.619 1.026
v -1.108 7.619 1.487
usemtl LeafCard
s off
f 1838 1837 1836 1835
f 1839 1840 1841 1842
f 1835 1836 1840 1839
f 1836 1837 1841 1840
f 1837 1838 1842 1841
f 1838 1835 1839 1842
o Leaves.Card.160
v -0.514 11.445 1.312
v -0.565 11.445 1.809
v 0.26 7.061 1.893
v 0.311 7.061 1.396
v -0.518 11.443 1.311
v -0.569 11.443 1.809
v 0.257 7.057 1.893
v 0.308 7.057 1.396
usemtl LeafCard
s off
f 1846 1845 1844 1843
f 1847 1848 1849 1850
f 1843 1844 1848 1847
f 1844 1845 1849 1848
f 1845 1846 1850 1849
f 1846 1843 1847 1850
o Leaves.Card.161
v -0.841 11.948 1.89
v -0.411 11.948 1.638
v -0.697 8.967 1.152
v -1.127 8.967 1.405
v -0.839 11.946 1.894
v -0.409 11.946 1.641
v -0.695 8.964 1.155
v -1.125 8.964 1.408
usemtl LeafCard
s off
f 1854 1853 1852 1851
f 1855 1856 1857 1858
f 1851 1852 1856 1855
f 1852 1853 1857 1856
f 1853 1854 1858 1857
f 1854 1851 1855 1858
o Leaves.Card.162
v -0.622 12.451 1.749
v -0.801 12.451 2.186
v -0.253 9.322 2.411
v -0.074 9.322 1.974
v -0.625 12.447 1.748
v -0.804 12.447 2.184
v -0.257 9.32 2.409
v -0.078 9.32 1.973
usemtl LeafCard
s off
f 1862 1861 1860 1859
f 1863 1864 1865 1866
f 1859 1860 1864 1863
f 1860 1861 1865 1864
f 1861 1862 1866 1865
f 1862 1859 1863 1866
o Leaves.Card.163
v -0.855 12.952 2.387
v -0.741 12.952 1.955
v -1.574 8.4 1.735
v -1.688 8.4 2.167
v -0.851 12.951 2.388
v -0.737 12.951 1.956
v -1.57 8.398 1.736
v -1.684 8.398 2.168
usemtl LeafCard
s off
f 1870 1869 1868 1867
f 1871 1872 1873 1874
f 1867 1868 1872 1871
f 1868 1869 1873 1872
f 1869 1870 1874 1873
f 1870 1867 1871 1874
o Leaves.Card.164
v -0.97 13.456 2.153
v -0.559 13.456 2.277
v -0.376 10.113 1.673
v -0.787 10.113 1.548
v -0.971 13.452 2.157
v -0.561 13.452 2.281
v -0.377 10.111 1.676
v -0.788 10.111 1.552
usemtl LeafCard
s off
f 1878 1877 1876 1875
f 1879 1880 1881 1882
f 1875 1876 1880 1879
f 1876 1877 1881 1880
f 1877 1878 1882 1881
f 1878 1875 1879 1882
o Leaves.Card.165
v -0.83 13.456 2.071
v -0.593 13.456 2.48
v -0.038 10.06 2.158
v -0.274 10.06 1.749
v -0.833 13.452 2.073
v -0.597 13.452 2.482
v -0.041 10.058 2.16
v -0.277 10.058 1.751
usemtl LeafCard
s off
f 1886 1885 1884 1883
f 1887 1888 1889 1890
f 1883 1884 1888 1887
f 1884 1885 1889 1888
f 1885 1886 1890 1889
f 1886 1883 1887 1890
o Leaves.Card.166
v -1.157 13.456 2.208
v -0.697 13.456 2.153
v -0.776 9.83 1.472
v -1.237 9.83 1.527
v -1.157 13.452 2.212
v -0.696 13.452 2.157
v -0.776 9.827 1.476
v -1.237 9.827 1.53
usemtl LeafCard
s off
f 1894 1893 1892 1891
f 1895 1896 1897 1898
f 1891 1892 1896 1895
f 1892 1893 1897 1896
f 1893 1894 1898 1897
f 1894 1891 1895 1898
o Leaves.Card.167
v -0.925 13.456 2.656
v -1.212 13.456 2.238
v -1.869 9.243 2.689
v -1.583 9.243 3.106
v -0.922 13.452 2.654
v -1.209 13.452 2.235
v -1.866 9.239 2.687
v -1.58 9.239 3.104
usemtl LeafCard
s off
f 1902 1901 1900 1899
f 1903 1904 1905 1906
f 1899 1900 1904 1903
f 1900 1901 1905 1904
f 1901 1902 1906 1905
f 1902 1899 1903 1906
o Branch
v 0.162 7.764 -0.008
v 0.164 7.816 0.077
v 0.101 7.764 0.135
v 0.037 7.662 0.107
v 0.035 7.61 0.022
v 0.097 7.662 -0.036
v -2.736 14.985 -1.172
v -2.736 15 -1.149
v -2.753 14.985 -1.133
v -2.771 14.956 -1.141
v -2.772 14.943 -1.165
v -2.755 14.956 -1.18
usemtl Birch
s off
f 1912 1911 1910 1909 1908 1907
f 1913 1914 1915 1916 1917 1918
f 1907 1908 1914 1913
f 1908 1909 1915 1914
f 1909 1910 1916 1915
f 1910 1911 1917 1916
f 1911 1912 1918 1917
f 1912 1907 1913 1918
o Branch
v -0.471 9.195 -0.216
v -0.462 9.215 -0.184
v -0.466 9.164 -0.163
v -0.478 9.114 -0.181
v -0.481 9.134 -0.214
v -1.626 9.825 0.01
v -1.621 9.836 0.029
v -1.623 9.807 0.042
v -1.63 9.777 0.031
v -1.632 9.79 0.011
usemtl Birch
s off
f 1923 1922 1921 1920 1919
f 1924 1925 1926 1927 1928
f 1919 1920 1925 1924
f 1920 1921 1926 1925
f 1921 1922 1927 1926
f 1922 1923 1928 1927
f 1923 1919 1924 1928
o Branch
v -1.638 9.836 0.009
v -1.632 9.836 0.043
v -1.615 9.779 0.04
v -1.621 9.779 0.006
v -2.402 8.993 0.162
v -2.4 8.993 0.176
v -2.392 8.969 0.175
v -2.395 8.969 0.16
usemtl Birch
s off
f 1932 1931 1930 1929
f 1933 1934 1935 1936
f 1929 1930 1934 1933
f 1930 1931 1935 1934
f 1931 1932 1936 1935
f 1932 1929 1933 1936
o Leaves.Card.168
v -0.501 9.164 0.06
v -0.442 9.164 -0.443
v -1.203 5.111 -0.533
v -1.263 5.111 -0.031
v -0.497 9.162 0.061
v -0.438 9.162 -0.443
v -1.199 5.107 -0.533
v -1.259 5.107 -0.031
usemtl LeafCard
s off
f 1940 1939 1938 1937
f 1941 1942 1943 1944
f 1937 1938 1942 1941
f 1938 1939 1943 1942
f 1939 1940 1944 1943
f 1940 1937 1941 1944
o Leaves.Card.169
v -0.705 9.281 0.078
v -0.658 9.281 -0.383
v -1.29 5.924 -0.448
v -1.337 5.924 0.014
v -0.701 9.28 0.078
v -0.654 9.28 -0.383
v -1.286 5.923 -0.448
v -1.333 5.923 0.014
usemtl LeafCard
s off
f 1948 1947 1946 1945
f 1949 1950 1951 1952
f 1945 1946 1950 1949
f 1946 1947 1951 1950
f 1947 1948 1952 1951
f 1948 1945 1949 1952
o Leaves.Card.170
v -0.802 9.399 0.107
v -0.981 9.399 -0.334
v -1.557 6.112 -0.099
v -1.378 6.112 0.341
v -0.798 9.395 0.105
v -0.977 9.395 -0.335
v -1.554 6.11 -0.1
v -1.375 6.11 0.34
usemtl LeafCard
s off
f 1956 1955 1954 1953
f 1957 1958 1959 1960
f 1953 1954 1958 1957
f 1954 1955 1959 1958
f 1955 1956 1960 1959
f 1956 1953 1957 1960
o Leaves.Card.171
v -0.988 9.515 0.121
v -1.215 9.515 -0.269
v -1.955 4.99 0.162
v -1.727 4.99 0.552
v -0.985 9.513 0.119
v -1.212 9.513 -0.271
v -1.952 4.988 0.161
v -1.724 4.988 0.55
usemtl LeafCard
s off
f 1964 1963 1962 1961
f 1965 1966 1967 1968
f 1961 1962 1966 1965
f 1962 1963 1967 1966
f 1963 1964 1968 1967
f 1964 1961 1965 1968
o Leaves.Card.172
v -1.203 9.632 0.16
v -1.42 9.632 -0.229
v -2.167 5.111 0.186
v -1.952 5.111 0.575
v -1.2 9.63 0.159
v -1.417 9.63 -0.231
v -2.164 5.109 0.184
v -1.948 5.109 0.573
usemtl LeafCard
s off
f 1972 1971 1970 1969
f 1973 1974 1975 1976
f 1969 1970 1974 1973
f 1970 1971 1975 1974
f 1971 1972 1976 1975
f 1972 1969 1973 1976
o Leaves.Card.173
v -1.486 9.75 0.232
v -1.557 9.75 -0.223
v -2.119 6.745 -0.137
v -2.049 6.745 0.319
v -1.483 9.746 0.232
v -1.553 9.746 -0.224
v -2.115 6.742 -0.138
v -2.045 6.742 0.318
usemtl LeafCard
s off
f 1980 1979 1978 1977
f 1981 1982 1983 1984
f 1977 1978 1982 1981
f 1978 1979 1983 1982
f 1979 1980 1984 1983
f 1980 1977 1981 1984
o Leaves.Card.174
v -1.591 9.733 0.259
v -1.802 9.733 -0.185
v -2.383 6.336 0.09
v -2.172 6.336 0.534
v -1.588 9.729 0.258
v -1.798 9.729 -0.187
v -2.379 6.334 0.088
v -2.169 6.334 0.533
usemtl LeafCard
s off
f 1988 1987 1986 1985
f 1989 1990 1991 1992
f 1985 1986 1990 1989
f 1986 1987 1991 1990
f 1987 1988 1992 1991
f 1988 1985 1989 1992
o Leaves.Card.175
v -1.707 9.583 0.276
v -1.967 9.583 -0.149
v -2.702 5.026 0.301
v -2.441 5.026 0.727
v -1.704 9.579 0.274
v -1.964 9.579 -0.151
v -2.699 5.024 0.299
v -2.438 5.024 0.725
usemtl LeafCard
s off
f 1996 1995 1994 1993
f 1997 1998 1999 2000
f 1993 1994 1998 1997
f 1994 1995 1999 1998
f 1995 1996 2000 1999
f 1996 1993 1997 2000
o Leaves.Card.176
v -1.854 9.432 0.302
v -2.1 9.432 -0.122
v -2.745 5.485 0.254
v -2.499 5.485 0.677
v -1.851 9.43 0.3
v -2.097 9.43 -0.124
v -2.742 5.482 0.252
v -2.495 5.482 0.675
usemtl LeafCard
s off
f 2004 2003 2002 2001
f 2005 2006 2007 2008
f 2001 2002 2006 2005
f 2002 2003 2007 2006
f 2003 2004 2008 2007
f 2004 2001 2005 2008
o Leaves.Card.177
v -2.095 9.281 0.364
v -2.138 9.281 -0.133
v -2.985 4.793 -0.058
v -2.941 4.793 0.44
v -2.091 9.28 0.364
v -2.136 9.28 -0.133
v -2.981 4.789 -0.059
v -2.937 4.789 0.439
usemtl LeafCard
s off
f 2012 2011 2010 2009
f 2013 2014 2015 2016
f 2009 2010 2014 2013
f 2010 2011 2015 2014
f 2011 2012 2016 2015
f 2012 2009 2013 2016
o Leaves.Card.178
v -2.251 9.131 0.38
v -2.263 9.131 -0.097
v -2.906 5.733 -0.08
v -2.893 5.733 0.397
v -2.247 9.129 0.38
v -2.26 9.129 -0.097
v -2.902 5.73 -0.08
v -2.89 5.73 0.397
usemtl LeafCard
s off
f 2020 2019 2018 2017
f 2021 2022 2023 2024
f 2017 2018 2022 2021
f 2018 2019 2023 2022
f 2019 2020 2024 2023
f 2020 2017 2021 2024
o Leaves.Card.179
v -2.367 8.98 0.394
v -2.426 8.98 -0.058
v -3.032 5.754 0.023
v -2.972 5.754 0.474
v -2.363 8.978 0.393
v -2.423 8.978 -0.058
v -3.028 5.75 0.022
v -2.968 5.75 0.474
usemtl LeafCard
s off
f 2028 2027 2026 2025
f 2029 2030 2031 2032
f 2025 2026 2030 2029
f 2026 2027 2031 2030
f 2027 2028 2032 2031
f 2028 2025 2029 2032
o Branch
v -0.853 10.163 -0.377
v -0.84 10.181 -0.346
v -0.843 10.132 -0.324
v -0.859 10.084 -0.341
v -0.865 10.102 -0.373
v -1.736 10.793 -0.101
v -1.728 10.804 -0.083
v -1.73 10.774 -0.07
v -1.739 10.747 -0.08
v -1.743 10.758 -0.099
usemtl Birch
s off
f 2037 2036 2035 2034 2033
f 2038 2039 2040 2041 2042
f 2033 2034 2039 2038
f 2034 2035 2040 2039
f 2035 2036 2041 2040
f 2036 2037 2042 2041
f 2037 2033 2038 2042
o Branch
v -1.75 10.802 -0.1
v -1.74 10.802 -0.068
v -1.721 10.749 -0.073
v -1.73 10.749 -0.106
v -2.331 9.959 0.084
v -2.327 9.959 0.098
v -2.318 9.937 0.096
v -2.323 9.937 0.081
usemtl Birch
s off
f 2046 2045 2044 2043
f 2047 2048 2049 2050
f 2043 2044 2048 2047
f 2044 2045 2049 2048
f 2045 2046 2050 2049
f 2046 2043 2047 2050
o Leaves.Card.180
v -0.772 10.132 -0.122
v -0.931 10.132 -0.583
v -1.652 6.102 -0.335
v -1.493 6.102 0.126
v -0.768 10.13 -0.123
v -0.927 10.13 -0.584
v -1.648 6.101 -0.336
v -1.489 6.101 0.125
usemtl LeafCard
s off
f 2054 2053 2052 2051
f 2055 2056 2057 2058
f 2051 2052 2056 2055
f 2052 2053 2057 2056
f 2053 2054 2058 2057
f 2054 2051 2055 2058
o Leaves.Card.181
v -0.985 10.249 -0.074
v -1.04 10.249 -0.534
v -1.857 5.906 -0.435
v -1.801 5.906 0.024
v -0.981 10.247 -0.075
v -1.036 10.247 -0.534
v -1.853 5.902 -0.436
v -1.797 5.902 0.024
usemtl LeafCard
s off
f 2062 2061 2060 2059
f 2063 2064 2065 2066
f 2059 2060 2064 2063
f 2060 2061 2065 2064
f 2061 2062 2066 2065
f 2062 2059 2063 2066
o Leaves.Card.182
v -1.192 10.367 -0.006
v -1.155 10.367 -0.506
v -1.823 6.826 -0.556
v -1.86 6.826 -0.056
v -1.188 10.363 -0.005
v -1.151 10.363 -0.506
v -1.819 6.824 -0.556
v -1.857 6.824 -0.056
usemtl LeafCard
s off
f 2070 2069 2068 2067
f 2071 2072 2073 2074
f 2067 2068 2072 2071
f 2068 2069 2073 2072
f 2069 2070 2074 2073
f 2070 2067 2071 2074
o Leaves.Card.183
v -1.234 10.482 0.024
v -1.434 10.482 -0.44
v -2.002 7.21 -0.194
v -1.802 7.21 0.269
v -1.23 10.481 0.023
v -1.431 10.481 -0.441
v -1.999 7.208 -0.196
v -1.799 7.208 0.268
usemtl LeafCard
s off
f 2078 2077 2076 2075
f 2079 2080 2081 2082
f 2075 2076 2080 2079
f 2076 2077 2081 2080
f 2077 2078 2082 2081
f 2078 2075 2079 2082
o Leaves.Card.184
v -1.492 10.6 0.052
v -1.497 10.6 -0.37
v -2.275 6.494 -0.36
v -2.269 6.494 0.062
v -1.488 10.598 0.052
v -1.493 10.598 -0.371
v -2.271 6.492 -0.36
v -2.265 6.492 0.062
usemtl LeafCard
s off
f 2086 2085 2084 2083
f 2087 2088 2089 2090
f 2083 2084 2088 2087
f 2084 2085 2089 2088
f 2085 2086 2090 2089
f 2086 2083 2087 2090
o Leaves.Card.185
v -1.621 10.717 0.105
v -1.69 10.717 -0.328
v -2.467 6.552 -0.206
v -2.4 6.552 0.227
v -1.617 10.714 0.104
v -1.686 10.714 -0.329
v -2.464 6.551 -0.206
v -2.396 6.551 0.227
usemtl LeafCard
s off
f 2094 2093 2092 2091
f 2095 2096 2097 2098
f 2091 2092 2096 2095
f 2092 2093 2097 2096
f 2093 2094 2098 2097
f 2094 2091 2095 2098
o Leaves.Card.186
v -1.691 10.699 0.143
v -1.887 10.699 -0.285
v -2.455 7.397 -0.024
v -2.26 7.397 0.403
v -1.688 10.697 0.141
v -1.883 10.697 -0.286
v -2.451 7.395 -0.026
v -2.256 7.395 0.401
usemtl LeafCard
s off
f 2102 2101 2100 2099
f 2103 2104 2105 2106
f 2099 2100 2104 2103
f 2100 2101 2105 2104
f 2101 2102 2106 2105
f 2102 2099 2103 2106
o Leaves.Card.187
v -1.754 10.55 0.144
v -2.038 10.55 -0.222
v -2.639 6.534 0.243
v -2.355 6.534 0.61
v -1.751 10.547 0.142
v -2.035 10.547 -0.224
v -2.636 6.532 0.241
v -2.352 6.532 0.608
usemtl LeafCard
s off
f 2110 2109 2108 2107
f 2111 2112 2113 2114
f 2107 2108 2112 2111
f 2108 2109 2113 2112
f 2109 2110 2114 2113
f 2110 2107 2111 2114
o Leaves.Card.188
v -1.874 10.4 0.169
v -2.133 10.4 -0.183
v -2.798 6.035 0.307
v -2.54 6.035 0.658
v -1.871 10.396 0.167
v -2.13 10.396 -0.185
v -2.795 6.033 0.305
v -2.537 6.033 0.656
usemtl LeafCard
s off
f 2118 2117 2116 2115
f 2119 2120 2121 2122
f 2115 2116 2120 2119
f 2116 2117 2121 2120
f 2117 2118 2122 2121
f 2118 2115 2119 2122
o Leaves.Card.189
v -2.008 10.249 0.23
v -2.213 10.249 -0.18
v -2.916 6.099 0.171
v -2.711 6.099 0.581
v -2.004 10.247 0.229
v -2.209 10.247 -0.182
v -2.912 6.095 0.169
v -2.707 6.095 0.58
usemtl LeafCard
s off
f 2126 2125 2124 2123
f 2127 2128 2129 2130
f 2123 2124 2128 2127
f 2124 2125 2129 2128
f 2125 2126 2130 2129
f 2126 2123 2127 2130
o Leaves.Card.190
v -2.188 10.099 0.289
v -2.247 10.099 -0.173
v -2.812 7.087 -0.101
v -2.754 7.087 0.36
v -2.185 10.097 0.288
v -2.243 10.097 -0.174
v -2.809 7.085 -0.102
v -2.75 7.085 0.359
usemtl LeafCard
s off
f 2134 2133 2132 2131
f 2135 2136 2137 2138
f 2131 2132 2136 2135
f 2132 2133 2137 2136
f 2133 2134 2138 2137
f 2134 2131 2135 2138
o Leaves.Card.191
v -2.279 9.948 0.331
v -2.37 9.948 -0.151
v -3.111 5.963 -0.012
v -3.021 5.963 0.47
v -2.276 9.946 0.33
v -2.366 9.946 -0.152
v -3.107 5.961 -0.012
v -3.017 5.961 0.47
usemtl LeafCard
s off
f 2142 2141 2140 2139
f 2143 2144 2145 2146
f 2139 2140 2144 2143
f 2140 2141 2145 2144
f 2141 2142 2146 2145
f 2142 2139 2143 2146
o Branch
v -1.208 11.131 -0.521
v -1.234 11.149 -0.499
v -1.257 11.099 -0.496
v -1.246 11.052 -0.517
v -1.216 11.07 -0.532
v -1.702 11.761 -1.21
v -1.717 11.772 -1.197
v -1.729 11.742 -1.195
v -1.724 11.715 -1.207
v -1.707 11.726 -1.217
usemtl Birch
s off
f 2151 2150 2149 2148 2147
f 2152 2153 2154 2155 2156
f 2147 2148 2153 2152
f 2148 2149 2154 2153
f 2149 2150 2155 2154
f 2150 2151 2156 2155
f 2151 2147 2152 2156
o Branch
v -1.708 11.768 -1.224
v -1.736 11.768 -1.204
v -1.724 11.718 -1.186
v -1.695 11.718 -1.206
v -2.034 10.927 -1.675
v -2.046 10.927 -1.667
v -2.041 10.905 -1.659
v -2.029 10.905 -1.668
usemtl Birch
s off
f 2160 2159 2158 2157
f 2161 2162 2163 2164
f 2157 2158 2162 2161
f 2158 2159 2163 2162
f 2159 2160 2164 2163
f 2160 2157 2161 2164
o Leaves.Card.192
v -1.453 11.099 -0.464
v -1.011 11.099 -0.563
v -1.198 6.532 -1.406
v -1.641 6.532 -1.308
v -1.452 11.098 -0.461
v -1.01 11.098 -0.559
v -1.198 6.53 -1.403
v -1.64 6.53 -1.305
usemtl LeafCard
s off
f 2168 2167 2166 2165
f 2169 2170 2171 2172
f 2165 2166 2170 2169
f 2166 2167 2171 2170
f 2167 2168 2172 2171
f 2168 2165 2169 2172
o Leaves.Card.193
v -1.521 11.217 -0.512
v -1.12 11.217 -0.766
v -1.488 7.583 -1.347
v -1.889 7.583 -1.093
v -1.519 11.215 -0.509
v -1.118 11.215 -0.763
v -1.486 7.581 -1.344
v -1.887 7.581 -1.089
usemtl LeafCard
s off
f 2176 2175 2174 2173
f 2177 2178 2179 2180
f 2173 2174 2178 2177
f 2174 2175 2179 2178
f 2175 2176 2180 2179
f 2176 2173 2177 2180
o Leaves.Card.194
v -1.621 11.334 -0.66
v -1.194 11.334 -0.871
v -1.507 7.588 -1.506
v -1.935 7.588 -1.296
v -1.62 11.331 -0.656
v -1.192 11.331 -0.867
v -1.506 7.586 -1.502
v -1.933 7.586 -1.292
usemtl LeafCard
s off
f 2184 2183 2182 2181
f 2185 2186 2187 2188
f 2181 2182 2186 2185
f 2182 2183 2187 2186
f 2183 2184 2188 2187
f 2184 2181 2185 2188
o Leaves.Card.195
v -1.691 11.45 -0.797
v -1.302 11.45 -0.984
v -1.541 8.517 -1.484
v -1.93 8.517 -1.298
v -1.689 11.448 -0.794
v -1.3 11.448 -0.981
v -1.54 8.516 -1.481
v -1.928 8.516 -1.295
usemtl LeafCard
s off
f 2192 2191 2190 2189
f 2193 2194 2195 2196
f 2189 2190 2194 2193
f 2190 2191 2195 2194
f 2191 2192 2196 2195
f 2192 2189 2193 2196
o Leaves.Card.196
v -1.784 11.568 -0.903
v -1.383 11.568 -1.13
v -1.721 7.933 -1.729
v -2.122 7.933 -1.503
v -1.782 11.566 -0.9
v -1.381 11.566 -1.127
v -1.719 7.93 -1.725
v -2.12 7.93 -1.5
usemtl LeafCard
s off
f 2200 2199 2198 2197
f 2201 2202 2203 2204
f 2197 2198 2202 2201
f 2198 2199 2203 2202
f 2199 2200 2204 2203
f 2200 2197 2201 2204
o Leaves.Card.197
v -1.914 11.683 -1.091
v -1.43 11.683 -1.194
v -1.551 8.611 -1.763
v -2.035 8.611 -1.659
v -1.913 11.682 -1.087
v -1.429 11.682 -1.19
v -1.55 8.609 -1.759
v -2.034 8.609 -1.656
usemtl LeafCard
s off
f 2208 2207 2206 2205
f 2209 2210 2211 2212
f 2205 2206 2210 2209
f 2206 2207 2211 2210
f 2207 2208 2212 2211
f 2208 2205 2209 2212
o Leaves.Card.198
v -1.916 11.667 -1.059
v -1.574 11.667 -1.436
v -2.151 7.539 -1.962
v -2.494 7.539 -1.586
v -1.913 11.665 -1.057
v -1.571 11.665 -1.433
v -2.148 7.535 -1.959
v -2.491 7.535 -1.584
usemtl LeafCard
s off
f 2216 2215 2214 2213
f 2217 2218 2219 2220
f 2213 2214 2218 2217
f 2214 2215 2219 2218
f 2215 2216 2220 2219
f 2216 2213 2217 2220
o Leaves.Card.199
v -2.013 11.518 -1.21
v -1.593 11.518 -1.452
v -1.88 8.482 -1.95
v -2.299 8.482 -1.709
v -2.011 11.514 -1.207
v -1.591 11.514 -1.448
v -1.878 8.479 -1.947
v -2.297 8.479 -1.705
usemtl LeafCard
s off
f 2224 2223 2222 2221
f 2225 2226 2227 2228
f 2221 2222 2226 2225
f 2222 2223 2227 2226
f 2223 2224 2228 2227
f 2224 2221 2225 2228
o Leaves.Card.200
v -2.063 11.368 -1.322
v -1.661 11.368 -1.508
v -2.027 6.74 -2.303
v -2.43 6.74 -2.118
v -2.062 11.364 -1.319
v -1.659 11.364 -1.505
v -2.025 6.738 -2.3
v -2.428 6.738 -2.114
usemtl LeafCard
s off
f 2232 2231 2230 2229
f 2233 2234 2235 2236
f 2229 2230 2234 2233
f 2230 2231 2235 2234
f 2231 2232 2236 2235
f 2232 2229 2233 2236
o Leaves.Card.201
v -2.138 11.217 -1.435
v -1.703 11.217 -1.564
v -1.854 8.435 -2.068
v -2.288 8.435 -1.939
v -2.137 11.215 -1.431
v -1.702 11.215 -1.561
v -1.853 8.433 -2.065
v -2.287 8.433 -1.935
usemtl LeafCard
s off
f 2240 2239 2238 2237
f 2241 2242 2243 2244
f 2237 2238 2242 2241
f 2238 2239 2243 2242
f 2239 2240 2244 2243
f 2240 2237 2241 2244
o Leaves.Card.202
v -2.177 11.066 -1.469
v -1.781 11.066 -1.697
v -2.201 6.611 -2.427
v -2.597 6.611 -2.201
v -2.175 11.065 -1.466
v -1.779 11.065 -1.694
v -2.199 6.609 -2.424
v -2.595 6.609 -2.197
usemtl LeafCard
s off
f 2248 2247 2246 2245
f 2249 2250 2251 2252
f 2245 2246 2250 2249
f 2246 2247 2251 2250
f 2247 2248 2252 2251
f 2248 2245 2249 2252
o Leaves.Card.203
v -2.265 10.916 -1.584
v -1.81 10.916 -1.75
v -2.061 7.078 -2.432
v -2.516 7.078 -2.265
v -2.264 10.914 -1.58
v -1.809 10.914 -1.747
v -2.06 7.076 -2.428
v -2.515 7.076 -2.262
usemtl LeafCard
s off
f 2256 2255 2254 2253
f 2257 2258 2259 2260
f 2253 2254 2258 2257
f 2254 2255 2259 2258
f 2255 2256 2260 2259
f 2256 2253 2257 2260
o Branch
v -1.587 12.098 -0.676
v -1.618 12.117 -0.662
v -1.641 12.067 -0.665
v -1.624 12.018 -0.681
v -1.591 12.038 -0.687
v -1.881 12.728 -1.573
v -1.899 12.739 -1.565
v -1.912 12.71 -1.567
v -1.903 12.682 -1.576
v -1.883 12.693 -1.579
usemtl Birch
s off
f 2265 2264 2263 2262 2261
f 2266 2267 2268 2269 2270
f 2261 2262 2267 2266
f 2262 2263 2268 2267
f 2263 2264 2269 2268
f 2264 2265 2270 2269
f 2265 2261 2266 2270
o Branch
v -1.882 12.738 -1.586
v -1.916 12.738 -1.576
v -1.909 12.684 -1.557
v -1.876 12.684 -1.567
v -2.079 11.895 -2.176
v -2.093 11.895 -2.171
v -2.091 11.873 -2.163
v -2.077 11.873 -2.167
usemtl Birch
s off
f 2274 2273 2272 2271
f 2275 2276 2277 2278
f 2271 2272 2276 2275
f 2272 2273 2277 2276
f 2273 2274 2278 2277
f 2274 2271 2275 2278
o Leaves.Card.204
v -1.862 12.067 -0.664
v -1.363 12.067 -0.684
v -1.397 7.471 -1.553
v -1.896 7.471 -1.534
v -1.862 12.065 -0.66
v -1.363 12.065 -0.68
v -1.397 7.469 -1.549
v -1.896 7.469 -1.53
usemtl LeafCard
s off
f 2282 2281 2280 2279
f 2283 2284 2285 2286
f 2279 2280 2284 2283
f 2280 2281 2285 2284
f 2281 2282 2286 2285
f 2282 2279 2283 2286
o Leaves.Card.205
v -1.862 12.185 -0.691
v -1.467 12.185 -0.983
v -1.936 8.023 -1.616
v -2.33 8.023 -1.323
v -1.86 12.183 -0.688
v -1.465 12.183 -0.98
v -1.934 8.022 -1.613
v -2.328 8.022 -1.32
usemtl LeafCard
s off
f 2290 2289 2288 2287
f 2291 2292 2293 2294
f 2287 2288 2292 2291
f 2288 2289 2293 2292
f 2289 2290 2294 2293
f 2290 2287 2291 2294
o Leaves.Card.206
v -1.93 12.302 -0.858
v -1.501 12.302 -1.144
v -1.962 7.915 -1.834
v -2.391 7.915 -1.549
v -1.928 12.299 -0.855
v -1.499 12.299 -1.14
v -1.96 7.913 -1.831
v -2.388 7.913 -1.545
usemtl LeafCard
s off
f 2298 2297 2296 2295
f 2299 2300 2301 2302
f 2295 2296 2300 2299
f 2296 2297 2301 2300
f 2297 2298 2302 2301
f 2298 2295 2299 2302
o Leaves.Card.207
v -2.001 12.418 -1.157
v -1.533 12.418 -1.171
v -1.549 9.401 -1.74
v -2.018 9.401 -1.727
v -2.001 12.416 -1.154
v -1.533 12.416 -1.167
v -1.549 9.399 -1.737
v -2.017 9.399 -1.724
usemtl LeafCard
s off
f 2306 2305 2304 2303
f 2307 2308 2309 2310
f 2303 2304 2308 2307
f 2304 2305 2309 2308
f 2305 2306 2310 2309
f 2306 2303 2307 2310
o Leaves.Card.208
v -2.017 12.536 -1.221
v -1.62 12.536 -1.433
v -2.015 8.097 -2.173
v -2.413 8.097 -1.963
v -2.015 12.532 -1.218
v -1.619 12.532 -1.429
v -2.013 8.093 -2.17
v -2.411 8.093 -1.959
usemtl LeafCard
s off
f 2314 2313 2312 2311
f 2315 2316 2317 2318
f 2311 2312 2316 2315
f 2312 2313 2317 2316
f 2313 2314 2318 2317
f 2314 2311 2315 2318
o Leaves.Card.209
v -2.094 12.651 -1.46
v -1.647 12.651 -1.52
v -1.752 8.464 -2.305
v -2.199 8.464 -2.246
v -2.093 12.649 -1.456
v -1.646 12.649 -1.516
v -1.751 8.462 -2.301
v -2.198 8.462 -2.242
usemtl LeafCard
s off
f 2322 2321 2320 2319
f 2323 2324 2325 2326
f 2319 2320 2324 2323
f 2320 2321 2325 2324
f 2321 2322 2326 2325
f 2322 2319 2323 2326
o Leaves.Card.210
v -2.138 12.635 -1.626
v -1.688 12.635 -1.625
v -1.685 8.014 -2.499
v -2.136 8.014 -2.501
v -2.138 12.633 -1.623
v -1.688 12.633 -1.621
v -1.685 8.012 -2.496
v -2.136 8.012 -2.497
usemtl LeafCard
s off
f 2330 2329 2328 2327
f 2331 2332 2333 2334
f 2327 2328 2332 2331
f 2328 2329 2333 2332
f 2329 2330 2334 2333
f 2330 2327 2331 2334
o Leaves.Card.211
v -2.19 12.486 -1.705
v -1.705 12.486 -1.764
v -1.783 9.081 -2.404
v -2.269 9.081 -2.344
v -2.19 12.482 -1.701
v -1.705 12.482 -1.76
v -1.782 9.077 -2.4
v -2.269 9.077 -2.341
usemtl LeafCard
s off
f 2338 2337 2336 2335
f 2339 2340 2341 2342
f 2335 2336 2340 2339
f 2336 2337 2341 2340
f 2337 2338 2342 2341
f 2338 2335 2339 2342
o Leaves.Card.212
v -2.19 12.335 -1.86
v -1.773 12.335 -1.827
v -1.705 7.792 -2.684
v -2.122 7.792 -2.716
v -2.191 12.332 -1.857
v -1.774 12.332 -1.823
v -1.706 7.79 -2.68
v -2.123 7.79 -2.713
usemtl LeafCard
s off
f 2346 2345 2344 2343
f 2347 2348 2349 2350
f 2343 2344 2348 2347
f 2344 2345 2349 2348
f 2345 2346 2350 2349
f 2346 2343 2347 2350
o Leaves.Card.213
v -2.229 12.185 -1.969
v -1.804 12.185 -1.936
v -1.736 7.548 -2.811
v -2.161 7.548 -2.843
v -2.229 12.183 -1.965
v -1.804 12.183 -1.932
v -1.736 7.546 -2.807
v -2.161 7.546 -2.839
usemtl LeafCard
s off
f 2354 2353 2352 2351
f 2355 2356 2357 2358
f 2351 2352 2356 2355
f 2352 2353 2357 2356
f 2353 2354 2358 2357
f 2354 2351 2355 2358
o Leaves.Card.214
v -2.284 12.034 -1.979
v -1.816 12.034 -2.143
v -2.051 8.299 -2.81
v -2.52 8.299 -2.645
v -2.283 12.032 -1.975
v -1.815 12.032 -2.139
v -2.05 8.297 -2.807
v -2.519 8.297 -2.641
usemtl LeafCard
s off
f 2362 2361 2360 2359
f 2363 2364 2365 2366
f 2359 2360 2364 2363
f 2360 2361 2365 2364
f 2361 2362 2366 2365
f 2362 2359 2363 2366
o Leaves.Card.215
v -2.333 11.884 -2.183
v -1.837 11.884 -2.155
v -1.807 9.022 -2.696
v -2.302 9.022 -2.724
v -2.333 11.882 -2.179
v -1.838 11.882 -2.152
v -1.807 9.019 -2.692
v -2.303 9.019 -2.72
usemtl LeafCard
s off
f 2370 2369 2368 2367
f 2371 2372 2373 2374
f 2367 2368 2372 2371
f 2368 2369 2373 2372
f 2369 2370 2374 2373
f 2370 2367 2371 2374
o Branch
v -1.969 13.066 -0.837
v -2 13.086 -0.825
v -2.021 13.035 -0.826
v -2.004 12.985 -0.84
v -1.972 13.004 -0.847
v -2.331 13.696 -2.006
v -2.349 13.707 -2
v -2.362 13.678 -2
v -2.352 13.648 -2.008
v -2.333 13.659 -2.012
usemtl Birch
s off
f 2379 2378 2377 2376 2375
f 2380 2381 2382 2383 2384
f 2375 2376 2381 2380
f 2376 2377 2382 2381
f 2377 2378 2383 2382
f 2378 2379 2384 2383
f 2379 2375 2380 2384
o Branch
v -2.331 13.707 -2.018
v -2.365 13.707 -2.008
v -2.36 13.65 -1.993
v -2.326 13.65 -2.002
v -2.574 12.864 -2.792
v -2.588 12.864 -2.787
v -2.586 12.84 -2.78
v -2.572 12.84 -2.785
usemtl Birch
s off
f 2388 2387 2386 2385
f 2389 2390 2391 2392
f 2385 2386 2390 2389
f 2386 2387 2391 2390
f 2387 2388 2392 2391
f 2388 2385 2389 2392
o Leaves.Card.216
v -2.224 13.035 -0.761
v -1.762 13.035 -0.908
v -1.991 9.063 -1.625
v -2.452 9.063 -1.477
v -2.223 13.033 -0.758
v -1.761 13.033 -0.905
v -1.99 9.059 -1.621
v -2.451 9.059 -1.474
usemtl LeafCard
s off
f 2396 2395 2394 2393
f 2397 2398 2399 2400
f 2393 2394 2398 2397
f 2394 2395 2399 2398
f 2395 2396 2400 2399
f 2396 2393 2397 2400
o Leaves.Card.217
v -2.3 13.153 -0.989
v -1.815 13.153 -1.107
v -1.969 9.68 -1.745
v -2.454 9.68 -1.628
v -2.299 13.151 -0.986
v -1.814 13.151 -1.103
v -1.968 9.678 -1.741
v -2.453 9.678 -1.624
usemtl LeafCard
s off
f 2404 2403 2402 2401
f 2405 2406 2407 2408
f 2401 2402 2406 2405
f 2402 2403 2407 2406
f 2403 2404 2408 2407
f 2404 2401 2405 2408
o Leaves.Card.218
v -2.308 13.268 -1.127
v -1.934 13.268 -1.394
v -2.307 9.873 -1.917
v -2.682 9.873 -1.65
v -2.306 13.266 -1.124
v -1.932 13.266 -1.391
v -2.305 9.871 -1.914
v -2.68 9.871 -1.647
usemtl LeafCard
s off
f 2412 2411 2410 2409
f 2413 2414 2415 2416
f 2409 2410 2414 2413
f 2410 2411 2415 2414
f 2411 2412 2416 2415
f 2412 2409 2413 2416
o Leaves.Card.219
v -2.369 13.386 -1.328
v -2.001 13.386 -1.619
v -2.368 10.268 -2.082
v -2.735 10.268 -1.791
v -2.367 13.384 -1.325
v -2 13.384 -1.616
v -2.365 10.266 -2.079
v -2.733 10.266 -1.788
usemtl LeafCard
s off
f 2420 2419 2418 2417
f 2421 2422 2423 2424
f 2417 2418 2422 2421
f 2418 2419 2423 2422
f 2419 2420 2424 2423
f 2420 2417 2421 2424
o Leaves.Card.220
v -2.498 13.503 -1.622
v -2 13.503 -1.75
v -2.178 9.774 -2.433
v -2.675 9.774 -2.305
v -2.497 13.5 -1.618
v -2 13.5 -1.747
v -2.177 9.772 -2.43
v -2.674 9.772 -2.301
usemtl LeafCard
s off
f 2428 2427 2426 2425
f 2429 2430 2431 2432
f 2425 2426 2430 2429
f 2426 2427 2431 2430
f 2427 2428 2432 2431
f 2428 2425 2429 2432
o Leaves.Card.221
v -2.563 13.619 -1.91
v -2.064 13.619 -1.887
v -2.033 10.15 -2.544
v -2.533 10.15 -2.566
v -2.563 13.617 -1.907
v -2.064 13.617 -1.883
v -2.034 10.148 -2.54
v -2.533 10.148 -2.562
usemtl LeafCard
s off
f 2436 2435 2434 2433
f 2437 2438 2439 2440
f 2433 2434 2438 2437
f 2434 2435 2439 2438
f 2435 2436 2440 2439
f 2436 2433 2437 2440
o Leaves.Card.222
v -2.558 13.602 -1.987
v -2.175 13.602 -2.166
v -2.469 9.944 -2.794
v -2.852 9.944 -2.614
v -2.557 13.601 -1.984
v -2.173 13.601 -2.163
v -2.467 9.941 -2.79
v -2.85 9.941 -2.61
usemtl LeafCard
s off
f 2444 2443 2442 2441
f 2445 2446 2447 2448
f 2441 2442 2446 2445
f 2442 2443 2447 2446
f 2443 2444 2448 2447
f 2444 2441 2445 2448
o Leaves.Card.223
v -2.608 13.452 -2.09
v -2.212 13.452 -2.347
v -2.663 9.072 -3.042
v -3.059 9.072 -2.785
v -2.606 13.45 -2.087
v -2.209 13.45 -2.344
v -2.661 9.068 -3.039
v -3.057 9.068 -2.782
usemtl LeafCard
s off
f 2452 2451 2450 2449
f 2453 2454 2455 2456
f 2449 2450 2454 2453
f 2450 2451 2455 2454
f 2451 2452 2456 2455
f 2452 2449 2453 2456
o Leaves.Card.224
v -2.673 13.303 -2.374
v -2.232 13.303 -2.347
v -2.2 10.514 -2.873
v -2.641 10.514 -2.9
v -2.673 13.299 -2.37
v -2.232 13.299 -2.343
v -2.2 10.51 -2.87
v -2.641 10.51 -2.897
usemtl LeafCard
s off
f 2460 2459 2458 2457
f 2461 2462 2463 2464
f 2457 2458 2462 2461
f 2458 2459 2463 2462
f 2459 2460 2464 2463
f 2460 2457 2461 2464
o Leaves.Card.225
v -2.729 13.153 -2.415
v -2.261 13.153 -2.588
v -2.478 9.84 -3.177
v -2.946 9.84 -3.004
v -2.727 13.151 -2.413
v -2.26 13.151 -2.585
v -2.477 9.836 -3.173
v -2.945 9.836 -3
usemtl LeafCard
s off
f 2468 2467 2466 2465
f 2469 2470 2471 2472
f 2465 2466 2470 2469
f 2466 2467 2471 2470
f 2467 2468 2472 2471
f 2468 2465 2469 2472
o Leaves.Card.226
v -2.727 13.002 -2.502
v -2.349 13.002 -2.786
v -2.717 9.748 -3.278
v -3.096 9.748 -2.995
v -2.724 13 -2.499
v -2.346 13 -2.783
v -2.715 9.744 -3.275
v -3.094 9.744 -2.992
usemtl LeafCard
s off
f 2476 2475 2474 2473
f 2477 2478 2479 2480
f 2473 2474 2478 2477
f 2474 2475 2479 2478
f 2475 2476 2480 2479
f 2476 2473 2477 2480
o Leaves.Card.227
v -2.827 12.851 -2.788
v -2.335 12.851 -2.784
v -2.33 9.147 -3.485
v -2.822 9.147 -3.489
v -2.827 12.85 -2.784
v -2.335 12.85 -2.78
v -2.33 9.144 -3.482
v -2.822 9.144 -3.485
usemtl LeafCard
s off
f 2484 2483 2482 2481
f 2485 2486 2487 2488
f 2481 2482 2486 2485
f 2482 2483 2487 2486
f 2483 2484 2488 2487
f 2484 2481 2485 2488
o Branch
v -2.35 14.034 -1.003
v -2.377 14.052 -0.983
v -2.4 14.003 -0.982
v -2.387 13.953 -1
v -2.355 13.973 -1.013
v -2.828 14.664 -1.844
v -2.843 14.675 -1.833
v -2.857 14.646 -1.832
v -2.849 14.616 -1.843
v -2.831 14.627 -1.851
usemtl Birch
s off
f 2493 2492 2491 2490 2489
f 2494 2495 2496 2497 2498
f 2489 2490 2495 2494
f 2490 2491 2496 2495
f 2491 2492 2497 2496
f 2492 2493 2498 2497
f 2493 2489 2494 2498
o Branch
v -2.831 14.673 -1.858
v -2.862 14.673 -1.841
v -2.852 14.62 -1.823
v -2.822 14.62 -1.84
v -3.149 13.83 -2.411
v -3.163 13.83 -2.404
v -3.158 13.808 -2.396
v -3.145 13.808 -2.404
usemtl Birch
s off
f 2502 2501 2500 2499
f 2503 2504 2505 2506
f 2499 2500 2504 2503
f 2500 2501 2505 2504
f 2501 2502 2506 2505
f 2502 2499 2503 2506
o Leaves.Card.228
v -2.599 14.003 -0.881
v -2.148 14.003 -1.111
v -2.529 9.57 -1.859
v -2.979 9.57 -1.628
v -2.597 14.001 -0.878
v -2.146 14.001 -1.107
v -2.527 9.568 -1.855
v -2.978 9.568 -1.625
usemtl LeafCard
s off
f 2510 2509 2508 2507
f 2511 2512 2513 2514
f 2507 2508 2512 2511
f 2508 2509 2513 2512
f 2509 2510 2514 2513
f 2510 2507 2511 2514
o Leaves.Card.229
v -2.644 14.12 -0.996
v -2.274 14.12 -1.303
v -2.703 10.565 -1.821
v -3.073 10.565 -1.514
v -2.641 14.117 -0.993
v -2.272 14.117 -1.3
v -2.7 10.561 -1.818
v -3.071 10.561 -1.511
usemtl LeafCard
s off
f 2518 2517 2516 2515
f 2519 2520 2521 2522
f 2515 2516 2520 2519
f 2516 2517 2521 2520
f 2517 2518 2522 2521
f 2518 2515 2519 2522
o Leaves.Card.230
v -2.771 14.236 -1.228
v -2.316 14.236 -1.378
v -2.556 10.181 -2.107
v -3.011 10.181 -1.957
v -2.77 14.234 -1.224
v -2.315 14.234 -1.374
v -2.555 10.179 -2.103
v -3.01 10.179 -1.953
usemtl LeafCard
s off
f 2526 2525 2524 2523
f 2527 2528 2529 2530
f 2523 2524 2528 2527
f 2524 2525 2529 2528
f 2525 2526 2530 2529
f 2526 2523 2527 2530
o Leaves.Card.231
v -2.848 14.354 -1.373
v -2.411 14.354 -1.54
v -2.615 11.301 -2.079
v -3.053 11.301 -1.913
v -2.846 14.352 -1.37
v -2.409 14.352 -1.536
v -2.613 11.3 -2.076
v -3.051 11.3 -1.91
usemtl LeafCard
s off
f 2534 2533 2532 2531
f 2535 2536 2537 2538
f 2531 2532 2536 2535
f 2532 2533 2537 2536
f 2533 2534 2538 2537
f 2534 2531 2535 2538
o Leaves.Card.232
v -2.886 14.471 -1.458
v -2.542 14.471 -1.761
v -2.944 11.261 -2.218
v -3.288 11.261 -1.914
v -2.884 14.467 -1.455
v -2.54 14.467 -1.759
v -2.941 11.257 -2.215
v -3.285 11.257 -1.911
usemtl LeafCard
s off
f 2542 2541 2540 2539
f 2543 2544 2545 2546
f 2539 2540 2544 2543
f 2540 2541 2545 2544
f 2541 2542 2546 2545
f 2542 2539 2543 2546
o Leaves.Card.233
v -3.025 14.587 -1.67
v -2.573 14.587 -1.858
v -2.845 10.835 -2.513
v -3.297 10.835 -2.326
v -3.023 14.585 -1.667
v -2.572 14.585 -1.854
v -2.844 10.833 -2.51
v -3.295 10.833 -2.322
usemtl LeafCard
s off
f 2550 2549 2548 2547
f 2551 2552 2553 2554
f 2547 2548 2552 2551
f 2548 2549 2553 2552
f 2549 2550 2554 2553
f 2550 2547 2551 2554
o Leaves.Card.234
v -3.08 14.57 -1.763
v -2.661 14.57 -2.019
v -3.049 10.631 -2.656
v -3.469 10.631 -2.4
v -3.078 14.568 -1.76
v -2.659 14.568 -2.016
v -3.048 10.627 -2.653
v -3.467 10.627 -2.397
usemtl LeafCard
s off
f 2558 2557 2556 2555
f 2559 2560 2561 2562
f 2555 2556 2560 2559
f 2556 2557 2561 2560
f 2557 2558 2562 2561
f 2558 2555 2559 2562
o Leaves.Card.235
v -3.14 14.42 -1.88
v -2.713 14.42 -2.107
v -3.094 10.132 -2.825
v -3.52 10.132 -2.598
v -3.138 14.418 -1.877
v -2.711 14.418 -2.104
v -3.092 10.128 -2.821
v -3.518 10.128 -2.594
usemtl LeafCard
s off
f 2566 2565 2564 2563
f 2567 2568 2569 2570
f 2563 2564 2568 2567
f 2564 2565 2569 2568
f 2565 2566 2570 2569
f 2566 2563 2567 2570
o Leaves.Card.236
v -3.196 14.271 -1.982
v -2.772 14.271 -2.211
v -3.056 11.109 -2.737
v -3.48 11.109 -2.509
v -3.194 14.267 -1.979
v -2.77 14.267 -2.207
v -3.054 11.105 -2.734
v -3.478 11.105 -2.505
usemtl LeafCard
s off
f 2574 2573 2572 2571
f 2575 2576 2577 2578
f 2571 2572 2576 2575
f 2572 2573 2577 2576
f 2573 2574 2578 2577
f 2574 2571 2575 2578
o Leaves.Card.237
v -3.213 14.12 -2.015
v -2.869 14.12 -2.382
v -3.43 10.053 -2.908
v -3.774 10.053 -2.543
v -3.21 14.117 -2.013
v -2.866 14.117 -2.379
v -3.427 10.051 -2.906
v -3.771 10.051 -2.54
usemtl LeafCard
s off
f 2582 2581 2580 2579
f 2583 2584 2585 2586
f 2579 2580 2584 2583
f 2580 2581 2585 2584
f 2581 2582 2586 2585
f 2582 2579 2583 2586
o Leaves.Card.238
v -3.335 13.97 -2.242
v -2.859 13.97 -2.36
v -3.037 10.111 -3.069
v -3.512 10.111 -2.95
v -3.334 13.968 -2.238
v -2.858 13.968 -2.357
v -3.036 10.11 -3.065
v -3.511 10.11 -2.946
usemtl LeafCard
s off
f 2590 2589 2588 2587
f 2591 2592 2593 2594
f 2587 2588 2592 2591
f 2588 2589 2593 2592
f 2589 2590 2594 2593
f 2590 2587 2591 2594
o Leaves.Card.239
v -3.288 13.819 -2.239
v -3.02 13.819 -2.568
v -3.496 10.578 -2.955
v -3.764 10.578 -2.626
v -3.285 13.817 -2.237
v -3.017 13.817 -2.565
v -3.493 10.576 -2.953
v -3.761 10.576 -2.623
usemtl LeafCard
s off
f 2598 2597 2596 2595
f 2599 2600 2601 2602
f 2595 2596 2600 2599
f 2596 2597 2601 2600
f 2597 2598 2602 2601
f 2598 2595 2599 2602
o Leaves.Card.240
v -0.548 9.891 -0.2
v -0.965 9.891 -0.425
v -1.331 5.833 0.249
v -0.914 5.833 0.476
v -0.547 9.887 -0.203
v -0.963 9.887 -0.429
v -1.329 5.829 0.246
v -0.913 5.829 0.473
usemtl LeafCard
s off
f 2606 2605 2604 2603
f 2607 2608 2609 2610
f 2603 2604 2608 2607
f 2604 2605 2609 2608
f 2605 2606 2610 2609
f 2606 2603 2607 2610
o Leaves.Card.241
v -1.238 10.525 -0.518
v -0.774 10.525 -0.318
v -0.46 6.325 -1.047
v -0.923 6.325 -1.248
v -1.239 10.523 -0.514
v -0.776 10.523 -0.315
v -0.461 6.323 -1.044
v -0.924 6.323 -1.244
usemtl LeafCard
s off
f 2614 2613 2612 2611
f 2615 2616 2617 2618
f 2611 2612 2616 2615
f 2612 2613 2617 2616
f 2613 2614 2618 2617
f 2614 2611 2615 2618
o Leaves.Card.242
v -1.036 11.16 -0.446
v -1.475 11.16 -0.601
v -1.767 6.543 0.222
v -1.328 6.543 0.378
v -1.035 11.158 -0.449
v -1.474 11.158 -0.605
v -1.766 6.541 0.218
v -1.326 6.541 0.374
usemtl LeafCard
s off
f 2622 2621 2620 2619
f 2623 2624 2625 2626
f 2619 2620 2624 2623
f 2620 2621 2625 2624
f 2621 2622 2626 2625
f 2622 2619 2623 2626
o Leaves.Card.243
v -1.726 11.795 -0.726
v -1.285 11.795 -0.532
v -0.982 7.82 -1.22
v -1.423 7.82 -1.415
v -1.728 11.794 -0.723
v -1.287 11.794 -0.528
v -0.983 7.816 -1.217
v -1.425 7.816 -1.412
usemtl LeafCard
s off
f 2630 2629 2628 2627
f 2631 2632 2633 2634
f 2627 2628 2632 2631
f 2628 2629 2633 2632
f 2629 2630 2634 2633
f 2630 2627 2631 2634
o Leaves.Card.244
v -1.525 12.431 -0.7
v -1.986 12.431 -0.769
v -2.09 8.732 -0.077
v -1.629 8.732 -0.008
v -1.524 12.429 -0.704
v -1.986 12.429 -0.773
v -2.09 8.73 -0.081
v -1.628 8.73 -0.012
usemtl LeafCard
s off
f 2638 2637 2636 2635
f 2639 2640 2641 2642
f 2635 2636 2640 2639
f 2636 2637 2641 2640
f 2637 2638 2642 2641
f 2638 2635 2639 2642
o Leaves.Card.245
v -2.203 13.066 -0.978
v -1.807 13.066 -0.702
v -1.364 8.964 -1.339
v -1.759 8.964 -1.615
v -2.205 13.063 -0.975
v -1.809 13.063 -0.699
v -1.366 8.96 -1.336
v -1.761 8.96 -1.611
usemtl LeafCard
s off
f 2646 2645 2644 2643
f 2647 2648 2649 2650
f 2643 2644 2648 2647
f 2644 2645 2649 2648
f 2645 2646 2650 2649
f 2646 2643 2647 2650
o Leaves.Card.246
v -2.061 13.7 -0.804
v -2.448 13.7 -1.087
v -2.899 9.665 -0.47
v -2.511 9.665 -0.188
v -2.059 13.698 -0.807
v -2.446 13.698 -1.09
v -2.896 9.661 -0.473
v -2.509 9.661 -0.191
usemtl LeafCard
s off
f 2654 2653 2652 2651
f 2655 2656 2657 2658
f 2651 2652 2656 2655
f 2652 2653 2657 2656
f 2653 2654 2658 2657
f 2654 2651 2655 2658
o Leaves.Card.247
v -2.646 14.335 -1.23
v -2.363 14.335 -0.872
v -1.768 10.326 -1.343
v -2.051 10.326 -1.702
v -2.649 14.333 -1.228
v -2.366 14.333 -0.87
v -1.771 10.324 -1.341
v -2.054 10.324 -1.699
usemtl LeafCard
s off
f 2662 2661 2660 2659
f 2663 2664 2665 2666
f 2659 2660 2664 2663
f 2660 2661 2665 2664
f 2661 2662 2666 2665
f 2662 2659 2663 2666
o Leaves.Card.248
v -3.023 14.971 -1.162
v -2.702 14.971 -1.484
v -3.329 10.301 -2.108
v -3.65 10.301 -1.785
v -3.02 14.969 -1.159
v -2.699 14.969 -1.481
v -3.326 10.299 -2.105
v -3.647 10.299 -1.782
usemtl LeafCard
s off
f 2670 2669 2668 2667
f 2671 2672 2673 2674
f 2667 2668 2672 2671
f 2668 2669 2673 2672
f 2669 2670 2674 2673
f 2670 2667 2671 2674
o Leaves.Card.249
v -2.623 14.971 -1.389
v -2.488 14.971 -0.915
v -1.882 11.645 -1.088
v -2.018 11.645 -1.563
v -2.627 14.969 -1.388
v -2.491 14.969 -0.914
v -1.886 11.643 -1.087
v -2.021 11.643 -1.562
usemtl LeafCard
s off
f 2678 2677 2676 2675
f 2679 2680 2681 2682
f 2675 2676 2680 2679
f 2676 2677 2681 2680
f 2677 2678 2682 2681
f 2678 2675 2679 2682
o Leaves.Card.250
v -2.966 14.971 -1.406
v -2.506 14.971 -1.303
v -2.321 10.523 -2.124
v -2.782 10.523 -2.227
v -2.966 14.969 -1.403
v -2.506 14.969 -1.299
v -2.322 10.521 -2.12
v -2.783 10.521 -2.224
usemtl LeafCard
s off
f 2686 2685 2684 2683
f 2687 2688 2689 2690
f 2683 2684 2688 2687
f 2684 2685 2689 2688
f 2685 2686 2690 2689
f 2686 2683 2687 2690
o Leaves.Card.251
v -2.559 14.971 -1.382
v -2.555 14.971 -0.87
v -1.798 10.965 -0.875
v -1.802 10.965 -1.387
v -2.563 14.969 -1.382
v -2.559 14.969 -0.87
v -1.802 10.964 -0.875
v -1.806 10.964 -1.387
usemtl LeafCard
s off
f 2694 2693 2692 2691
f 2695 2696 2697 2698
f 2691 2692 2696 2695
f 2692 2693 2697 2696
f 2693 2694 2698 2697
f 2694 2691 2695 2698
o Branch
v 0.157 7.766 0.111
v 0.072 7.818 0.113
v 0.015 7.766 0.052
v 0.042 7.66 -0.012
v 0.126 7.608 -0.014
v 0.184 7.66 0.048
v 1.321 14.675 -2.786
v 1.298 14.69 -2.785
v 1.282 14.675 -2.802
v 1.289 14.646 -2.82
v 1.312 14.631 -2.821
v 1.328 14.646 -2.803
usemtl Birch
s off
f 2704 2703 2702 2701 2700 2699
f 2705 2706 2707 2708 2709 2710
f 2699 2700 2706 2705
f 2700 2701 2707 2706
f 2701 2702 2708 2707
f 2702 2703 2709 2708
f 2703 2704 2710 2709
f 2704 2699 2705 2710
o Branch
v 0.36 9.134 -0.507
v 0.329 9.153 -0.517
v 0.313 9.103 -0.532
v 0.335 9.052 -0.531
v 0.364 9.072 -0.515
v 0.849 9.764 -1.675
v 0.83 9.775 -1.681
v 0.821 9.746 -1.69
v 0.834 9.717 -1.689
v 0.851 9.728 -1.68
usemtl Birch
s off
f 2715 2714 2713 2712 2711
f 2716 2717 2718 2719 2720
f 2711 2712 2717 2716
f 2712 2713 2718 2717
f 2713 2714 2719 2718
f 2714 2715 2720 2719
f 2715 2711 2716 2720
o Branch
v 0.856 9.774 -1.684
v 0.824 9.774 -1.698
v 0.818 9.717 -1.683
v 0.85 9.717 -1.669
v 1.176 8.931 -2.458
v 1.163 8.931 -2.464
v 1.16 8.907 -2.457
v 1.173 8.907 -2.451
usemtl Birch
s off
f 2724 2723 2722 2721
f 2725 2726 2727 2728
f 2721 2722 2726 2725
f 2722 2723 2727 2726
f 2723 2724 2728 2727
f 2724 2721 2725 2728
o Leaves.Card.252
v 0.133 9.103 -0.646
v 0.548 9.103 -0.395
v 0.901 5.502 -0.977
v 0.487 5.502 -1.229
v 0.131 9.1 -0.643
v 0.546 9.1 -0.391
v 0.899 5.498 -0.974
v 0.485 5.498 -1.226
usemtl LeafCard
s off
f 2732 2731 2730 2729
f 2733 2734 2735 2736
f 2729 2730 2734 2733
f 2730 2731 2735 2734
f 2731 2732 2736 2735
f 2732 2729 2733 2736
o Leaves.Card.253
v 0.217 9.219 -0.811
v 0.643 9.219 -0.653
v 0.875 5.698 -1.278
v 0.449 5.698 -1.436
v 0.216 9.217 -0.807
v 0.642 9.217 -0.649
v 0.874 5.695 -1.275
v 0.448 5.695 -1.433
usemtl LeafCard
s off
f 2740 2739 2738 2737
f 2741 2742 2743 2744
f 2737 2738 2742 2741
f 2738 2739 2743 2742
f 2739 2740 2744 2743
f 2740 2737 2741 2744
o Leaves.Card.254
v 0.345 9.336 -1.059
v 0.697 9.336 -0.828
v 1.071 5.741 -1.396
v 0.719 5.741 -1.627
v 0.343 9.335 -1.056
v 0.695 9.335 -0.825
v 1.069 5.739 -1.393
v 0.717 5.739 -1.624
usemtl LeafCard
s off
f 2748 2747 2746 2745
f 2749 2750 2751 2752
f 2745 2746 2750 2749
f 2746 2747 2751 2750
f 2747 2748 2752 2751
f 2748 2745 2749 2752
o Leaves.Card.255
v 0.374 9.454 -1.174
v 0.848 9.454 -1.135
v 0.909 5.522 -1.876
v 0.435 5.522 -1.915
v 0.374 9.45 -1.171
v 0.848 9.45 -1.132
v 0.909 5.52 -1.872
v 0.435 5.52 -1.912
usemtl LeafCard
s off
f 2756 2755 2754 2753
f 2757 2758 2759 2760
f 2753 2754 2758 2757
f 2754 2755 2759 2758
f 2755 2756 2760 2759
f 2756 2753 2757 2760
o Leaves.Card.256
v 0.477 9.57 -1.479
v 0.926 9.57 -1.253
v 1.315 5.001 -2.024
v 0.867 5.001 -2.252
v 0.475 9.568 -1.476
v 0.924 9.568 -1.249
v 1.314 4.999 -2.021
v 0.865 4.999 -2.248
usemtl LeafCard
s off
f 2764 2763 2762 2761
f 2765 2766 2767 2768
f 2761 2762 2766 2765
f 2762 2763 2767 2766
f 2763 2764 2768 2767
f 2764 2761 2765 2768
o Leaves.Card.257
v 0.559 9.687 -1.59
v 1.025 9.687 -1.565
v 1.063 5.965 -2.268
v 0.597 5.965 -2.293
v 0.558 9.685 -1.586
v 1.025 9.685 -1.561
v 1.063 5.963 -2.265
v 0.597 5.963 -2.289
usemtl LeafCard
s off
f 2772 2771 2770 2769
f 2773 2774 2775 2776
f 2769 2770 2774 2773
f 2770 2771 2775 2774
f 2771 2772 2776 2775
f 2772 2769 2773 2776
o Leaves.Card.258
v 0.638 9.671 -1.788
v 1.096 9.671 -1.719
v 1.191 6.301 -2.349
v 0.734 6.301 -2.418
v 0.637 9.667 -1.784
v 1.095 9.667 -1.716
v 1.19 6.297 -2.346
v 0.733 6.297 -2.414
usemtl LeafCard
s off
f 2780 2779 2778 2777
f 2781 2782 2783 2784
f 2777 2778 2782 2781
f 2778 2779 2783 2782
f 2779 2780 2784 2783
f 2780 2777 2781 2784
o Leaves.Card.259
v 0.7 9.52 -1.995
v 1.155 9.52 -1.794
v 1.507 4.898 -2.594
v 1.052 4.898 -2.795
v 0.698 9.518 -1.992
v 1.154 9.518 -1.791
v 1.506 4.896 -2.591
v 1.05 4.896 -2.792
usemtl LeafCard
s off
f 2788 2787 2786 2785
f 2789 2790 2791 2792
f 2785 2786 2790 2789
f 2786 2787 2791 2790
f 2787 2788 2792 2791
f 2788 2785 2789 2792
o Leaves.Card.260
v 0.795 9.369 -2.127
v 1.179 9.369 -1.944
v 1.436 6.227 -2.48
v 1.051 6.227 -2.664
v 0.794 9.368 -2.124
v 1.177 9.368 -1.94
v 1.434 6.226 -2.477
v 1.049 6.226 -2.66
usemtl LeafCard
s off
f 2796 2795 2794 2793
f 2797 2798 2799 2800
f 2793 2794 2798 2797
f 2794 2795 2799 2798
f 2795 2796 2800 2799
f 2796 2793 2797 2800
o Leaves.Card.261
v 0.83 9.219 -2.307
v 1.265 9.219 -2.045
v 1.584 5.957 -2.573
v 1.149 5.957 -2.835
v 0.828 9.217 -2.304
v 1.263 9.217 -2.041
v 1.583 5.956 -2.57
v 1.147 5.956 -2.832
usemtl LeafCard
s off
f 2804 2803 2802 2801
f 2805 2806 2807 2808
f 2801 2802 2806 2805
f 2802 2803 2807 2806
f 2803 2804 2808 2807
f 2804 2801 2805 2808
o Leaves.Card.262
v 0.895 9.068 -2.324
v 1.321 9.068 -2.309
v 1.351 4.424 -3.188
v 0.924 4.424 -3.203
v 0.895 9.066 -2.32
v 1.321 9.066 -2.306
v 1.351 4.422 -3.184
v 0.924 4.422 -3.199
usemtl LeafCard
s off
f 2812 2811 2810 2809
f 2813 2814 2815 2816
f 2809 2810 2814 2813
f 2810 2811 2815 2814
f 2811 2812 2816 2815
f 2812 2809 2813 2816
o Leaves.Card.263
v 0.998 8.92 -2.603
v 1.338 8.92 -2.312
v 1.707 5.919 -2.744
v 1.366 5.919 -3.035
v 0.995 8.916 -2.6
v 1.335 8.916 -2.309
v 1.705 5.915 -2.741
v 1.364 5.915 -3.032
usemtl LeafCard
s off
f 2820 2819 2818 2817
f 2821 2822 2823 2824
f 2817 2818 2822 2821
f 2818 2819 2823 2822
f 2819 2820 2824 2823
f 2820 2817 2821 2824
o Branch
v 0.506 10.06 -0.877
v 0.487 10.078 -0.904
v 0.488 10.029 -0.928
v 0.506 9.981 -0.914
v 0.517 9.999 -0.883
v 1.3 10.69 -1.272
v 1.289 10.701 -1.289
v 1.289 10.672 -1.302
v 1.3 10.644 -1.294
v 1.306 10.655 -1.275
usemtl Birch
s off
f 2829 2828 2827 2826 2825
f 2830 2831 2832 2833 2834
f 2825 2826 2831 2830
f 2826 2827 2832 2831
f 2827 2828 2833 2832
f 2828 2829 2834 2833
f 2829 2825 2830 2834
o Branch
v 1.313 10.697 -1.275
v 1.299 10.697 -1.307
v 1.28 10.646 -1.297
v 1.295 10.646 -1.266
v 1.834 9.856 -1.538
v 1.828 9.856 -1.552
v 1.82 9.834 -1.548
v 1.826 9.834 -1.534
usemtl Birch
s off
f 2838 2837 2836 2835
f 2839 2840 2841 2842
f 2835 2836 2840 2839
f 2836 2837 2841 2840
f 2837 2838 2842 2841
f 2838 2835 2839 2842
o Leaves.Card.264
v 0.441 10.029 -1.137
v 0.561 10.029 -0.665
v 1.187 6.613 -0.826
v 1.067 6.613 -1.297
v 0.438 10.027 -1.136
v 0.558 10.027 -0.665
v 1.184 6.609 -0.825
v 1.064 6.609 -1.296
usemtl LeafCard
s off
f 2846 2845 2844 2843
f 2847 2848 2849 2850
f 2843 2844 2848 2847
f 2844 2845 2849 2848
f 2845 2846 2850 2849
f 2846 2843 2847 2850
o Leaves.Card.265
v 0.472 10.146 -1.16
v 0.82 10.146 -0.782
v 1.339 6.409 -1.262
v 0.991 6.409 -1.639
v 0.469 10.143 -1.158
v 0.817 10.143 -0.779
v 1.337 6.407 -1.259
v 0.988 6.407 -1.637
usemtl LeafCard
s off
f 2854 2853 2852 2851
f 2855 2856 2857 2858
f 2851 2852 2856 2855
f 2852 2853 2857 2856
f 2853 2854 2858 2857
f 2854 2851 2855 2858
o Leaves.Card.266
v 0.655 10.262 -1.217
v 0.925 10.262 -0.865
v 1.415 7.006 -1.24
v 1.145 7.006 -1.592
v 0.652 10.26 -1.214
v 0.922 10.26 -0.863
v 1.412 7.004 -1.238
v 1.142 7.004 -1.589
usemtl LeafCard
s off
f 2862 2861 2860 2859
f 2863 2864 2865 2866
f 2859 2860 2864 2863
f 2860 2861 2865 2864
f 2861 2862 2866 2865
f 2862 2859 2863 2866
o Leaves.Card.267
v 0.754 10.38 -1.291
v 1.117 10.38 -0.931
v 1.524 7.322 -1.343
v 1.16 7.322 -1.703
v 0.751 10.378 -1.288
v 1.114 10.378 -0.928
v 1.521 7.32 -1.34
v 1.158 7.32 -1.7
usemtl LeafCard
s off
f 2870 2869 2868 2867
f 2871 2872 2873 2874
f 2867 2868 2872 2871
f 2868 2869 2873 2872
f 2869 2870 2874 2873
f 2870 2867 2871 2874
o Leaves.Card.268
v 0.937 10.497 -1.359
v 1.222 10.497 -1.003
v 1.808 6.532 -1.472
v 1.522 6.532 -1.829
v 0.934 10.493 -1.357
v 1.219 10.493 -1.001
v 1.805 6.53 -1.47
v 1.519 6.53 -1.826
usemtl LeafCard
s off
f 2878 2877 2876 2875
f 2879 2880 2881 2882
f 2875 2876 2880 2879
f 2876 2877 2881 2880
f 2877 2878 2882 2881
f 2878 2875 2879 2882
o Leaves.Card.269
v 1.114 10.613 -1.481
v 1.334 10.613 -1.021
v 2.12 6.014 -1.396
v 1.899 6.014 -1.858
v 1.11 10.611 -1.48
v 1.331 10.611 -1.019
v 2.117 6.012 -1.395
v 1.895 6.012 -1.856
usemtl LeafCard
s off
f 2886 2885 2884 2883
f 2887 2888 2889 2890
f 2883 2884 2888 2887
f 2884 2885 2889 2888
f 2885 2886 2890 2889
f 2886 2883 2887 2890
o Leaves.Card.270
v 1.318 10.596 -1.556
v 1.37 10.596 -1.063
v 1.935 7.599 -1.122
v 1.883 7.599 -1.615
v 1.315 10.594 -1.556
v 1.367 10.594 -1.062
v 1.931 7.597 -1.122
v 1.879 7.597 -1.614
usemtl LeafCard
s off
f 2894 2893 2892 2891
f 2895 2896 2897 2898
f 2891 2892 2896 2895
f 2892 2893 2897 2896
f 2893 2894 2898 2897
f 2894 2891 2895 2898
o Leaves.Card.271
v 1.391 10.446 -1.605
v 1.491 10.446 -1.106
v 2.039 7.489 -1.216
v 1.94 7.489 -1.716
v 1.387 10.444 -1.605
v 1.487 10.444 -1.106
v 2.036 7.487 -1.215
v 1.936 7.487 -1.715
usemtl LeafCard
s off
f 2902 2901 2900 2899
f 2903 2904 2905 2906
f 2899 2900 2904 2903
f 2900 2901 2905 2904
f 2901 2902 2906 2905
f 2902 2899 2903 2906
o Leaves.Card.272
v 1.353 10.297 -1.583
v 1.722 10.297 -1.222
v 2.163 6.953 -1.675
v 1.796 6.953 -2.035
v 1.351 10.293 -1.58
v 1.719 10.293 -1.22
v 2.161 6.951 -1.672
v 1.793 6.951 -2.032
usemtl LeafCard
s off
f 2910 2909 2908 2907
f 2911 2912 2913 2914
f 2907 2908 2912 2911
f 2908 2909 2913 2912
f 2909 2910 2914 2913
f 2910 2907 2911 2914
o Leaves.Card.273
v 1.596 10.146 -1.696
v 1.671 10.146 -1.203
v 2.403 6.238 -1.314
v 2.327 6.238 -1.807
v 1.592 10.143 -1.695
v 1.668 10.143 -1.203
v 2.399 6.237 -1.314
v 2.323 6.237 -1.806
usemtl LeafCard
s off
f 2918 2917 2916 2915
f 2919 2920 2921 2922
f 2915 2916 2920 2919
f 2916 2917 2921 2920
f 2917 2918 2922 2921
f 2918 2915 2919 2922
o Leaves.Card.274
v 1.71 9.996 -1.707
v 1.75 9.996 -1.285
v 2.534 5.836 -1.36
v 2.494 5.836 -1.782
v 1.707 9.994 -1.707
v 1.746 9.994 -1.285
v 2.531 5.833 -1.359
v 2.49 5.833 -1.782
usemtl LeafCard
s off
f 2926 2925 2924 2923
f 2927 2928 2929 2930
f 2923 2924 2928 2927
f 2924 2925 2929 2928
f 2925 2926 2930 2929
f 2926 2923 2927 2930
o Leaves.Card.275
v 1.748 9.845 -1.786
v 1.905 9.845 -1.3
v 2.478 6.663 -1.484
v 2.322 6.663 -1.97
v 1.745 9.843 -1.784
v 1.901 9.843 -1.299
v 2.474 6.661 -1.482
v 2.318 6.661 -1.969
usemtl LeafCard
s off
f 2934 2933 2932 2931
f 2935 2936 2937 2938
f 2931 2932 2936 2935
f 2932 2933 2937 2936
f 2933 2934 2938 2937
f 2934 2931 2935 2938
o Branch
v 0.68 10.986 -1.265
v 0.649 11.006 -1.278
v 0.635 10.956 -1.296
v 0.658 10.905 -1.294
v 0.686 10.925 -1.275
v 1.172 11.615 -2.187
v 1.154 11.626 -2.195
v 1.146 11.599 -2.205
v 1.159 11.57 -2.204
v 1.174 11.581 -2.193
usemtl Birch
s off
f 2943 2942 2941 2940 2939
f 2944 2945 2946 2947 2948
f 2939 2940 2945 2944
f 2940 2941 2946 2945
f 2941 2942 2947 2946
f 2942 2943 2948 2947
f 2943 2939 2944 2948
o Branch
v 1.18 11.625 -2.197
v 1.151 11.625 -2.214
v 1.141 11.571 -2.197
v 1.172 11.571 -2.18
v 1.502 10.784 -2.808
v 1.489 10.784 -2.815
v 1.485 10.76 -2.808
v 1.498 10.76 -2.801
usemtl Birch
s off
f 2952 2951 2950 2949
f 2953 2954 2955 2956
f 2949 2950 2954 2953
f 2950 2951 2955 2954
f 2951 2952 2956 2955
f 2952 2949 2953 2956
o Leaves.Card.276
v 0.419 10.956 -1.332
v 0.904 10.956 -1.23
v 1.028 7.799 -1.815
v 0.542 7.799 -1.917
v 0.419 10.952 -1.328
v 0.903 10.952 -1.227
v 1.027 7.796 -1.811
v 0.541 7.796 -1.913
usemtl LeafCard
s off
f 2960 2959 2958 2957
f 2961 2962 2963 2964
f 2957 2958 2962 2961
f 2958 2959 2963 2962
f 2959 2960 2964 2963
f 2960 2957 2961 2964
o Leaves.Card.277
v 0.532 11.072 -1.549
v 0.973 11.072 -1.347
v 1.328 6.554 -2.126
v 0.888 6.554 -2.326
v 0.531 11.07 -1.545
v 0.971 11.07 -1.344
v 1.326 6.551 -2.122
v 0.886 6.551 -2.323
usemtl LeafCard
s off
f 2968 2967 2966 2965
f 2969 2970 2971 2972
f 2965 2966 2970 2969
f 2966 2967 2971 2970
f 2967 2968 2972 2971
f 2968 2965 2969 2972
o Leaves.Card.278
v 0.622 11.189 -1.659
v 1.064 11.189 -1.57
v 1.225 6.916 -2.362
v 0.782 6.916 -2.451
v 0.621 11.188 -1.655
v 1.064 11.188 -1.566
v 1.224 6.912 -2.359
v 0.781 6.912 -2.448
usemtl LeafCard
s off
f 2976 2975 2974 2973
f 2977 2978 2979 2980
f 2973 2974 2978 2977
f 2974 2975 2979 2978
f 2975 2976 2980 2979
f 2976 2973 2977 2980
o Leaves.Card.279
v 0.757 11.305 -1.947
v 1.111 11.305 -1.614
v 1.707 6.71 -2.248
v 1.352 6.71 -2.581
v 0.755 11.303 -1.945
v 1.109 11.303 -1.611
v 1.704 6.708 -2.246
v 1.349 6.708 -2.578
usemtl LeafCard
s off
f 2984 2983 2982 2981
f 2985 2986 2987 2988
f 2981 2982 2986 2985
f 2982 2983 2987 2986
f 2983 2984 2988 2987
f 2984 2981 2985 2988
o Leaves.Card.280
v 0.844 11.423 -2.069
v 1.206 11.423 -1.826
v 1.521 8.444 -2.293
v 1.158 8.444 -2.537
v 0.842 11.421 -2.066
v 1.204 11.421 -1.823
v 1.518 8.442 -2.29
v 1.156 8.442 -2.534
usemtl LeafCard
s off
f 2992 2991 2990 2989
f 2993 2994 2995 2996
f 2989 2990 2994 2993
f 2990 2991 2995 2994
f 2991 2992 2996 2995
f 2992 2989 2993 2996
o Leaves.Card.281
v 0.953 11.54 -2.273
v 1.278 11.54 -1.955
v 1.706 8.308 -2.393
v 1.381 8.308 -2.709
v 0.951 11.536 -2.27
v 1.275 11.536 -1.953
v 1.703 8.304 -2.39
v 1.379 8.304 -2.706
usemtl LeafCard
s off
f 3000 2999 2998 2997
f 3001 3002 3003 3004
f 2997 2998 3002 3001
f 2998 2999 3003 3002
f 2999 3000 3004 3003
f 3000 2997 3001 3004
o Leaves.Card.282
v 0.977 11.524 -2.348
v 1.405 11.524 -2.157
v 1.696 7.744 -2.811
v 1.268 7.744 -3.001
v 0.976 11.52 -2.344
v 1.404 11.52 -2.154
v 1.694 7.742 -2.807
v 1.267 7.742 -2.997
usemtl LeafCard
s off
f 3008 3007 3006 3005
f 3009 3010 3011 3012
f 3005 3006 3010 3009
f 3006 3007 3011 3010
f 3007 3008 3012 3011
f 3008 3005 3009 3012
o Leaves.Card.283
v 1.066 11.373 -2.515
v 1.437 11.373 -2.213
v 1.874 7.713 -2.75
v 1.503 7.713 -3.052
v 1.064 11.371 -2.512
v 1.435 11.371 -2.21
v 1.871 7.709 -2.747
v 1.501 7.709 -3.049
usemtl LeafCard
s off
f 3016 3015 3014 3013
f 3017 3018 3019 3020
f 3013 3014 3018 3017
f 3014 3015 3019 3018
f 3015 3016 3020 3019
f 3016 3013 3017 3020
o Leaves.Card.284
v 1.173 11.222 -2.636
v 1.45 11.222 -2.313
v 2.011 7.316 -2.795
v 1.734 7.316 -3.117
v 1.171 11.221 -2.634
v 1.448 11.221 -2.31
v 2.008 7.315 -2.792
v 1.731 7.315 -3.114
usemtl LeafCard
s off
f 3024 3023 3022 3021
f 3025 3026 3027 3028
f 3021 3022 3026 3025
f 3022 3023 3027 3026
f 3023 3024 3028 3027
f 3024 3021 3025 3028
o Leaves.Card.285
v 1.15 11.072 -2.702
v 1.595 11.072 -2.469
v 1.965 6.859 -3.175
v 1.519 6.859 -3.408
v 1.148 11.07 -2.698
v 1.593 11.07 -2.465
v 1.964 6.857 -3.172
v 1.517 6.857 -3.405
usemtl LeafCard
s off
f 3032 3031 3030 3029
f 3033 3034 3035 3036
f 3029 3030 3034 3033
f 3030 3031 3035 3034
f 3031 3032 3036 3035
f 3032 3029 3033 3036
o Leaves.Card.286
v 1.278 10.921 -2.858
v 1.588 10.921 -2.535
v 1.994 7.954 -2.924
v 1.683 7.954 -3.247
v 1.275 10.919 -2.856
v 1.586 10.919 -2.532
v 1.991 7.952 -2.921
v 1.68 7.952 -3.244
usemtl LeafCard
s off
f 3040 3039 3038 3037
f 3041 3042 3043 3044
f 3037 3038 3042 3041
f 3038 3039 3043 3042
f 3039 3040 3044 3043
f 3040 3037 3041 3044
o Leaves.Card.287
v 1.283 10.773 -2.922
v 1.705 10.773 -2.692
v 1.997 7.546 -3.23
v 1.574 7.546 -3.459
v 1.281 10.769 -2.919
v 1.703 10.769 -2.69
v 1.995 7.542 -3.226
v 1.573 7.542 -3.455
usemtl LeafCard
s off
f 3048 3047 3046 3045
f 3049 3050 3051 3052
f 3045 3046 3050 3049
f 3046 3047 3051 3050
f 3047 3048 3052 3051
f 3048 3045 3049 3052
o Branch
v 0.848 11.913 -1.661
v 0.815 11.931 -1.651
v 0.793 11.882 -1.656
v 0.812 11.832 -1.669
v 0.846 11.851 -1.672
v 0.641 12.543 -2.69
v 0.622 12.554 -2.685
v 0.61 12.524 -2.688
v 0.621 12.495 -2.694
v 0.639 12.506 -2.696
usemtl Birch
s off
f 3057 3056 3055 3054 3053
f 3058 3059 3060 3061 3062
f 3053 3054 3059 3058
f 3054 3055 3060 3059
f 3055 3056 3061 3060
f 3056 3057 3062 3061
f 3057 3053 3058 3062
o Branch
v 0.641 12.552 -2.702
v 0.608 12.552 -2.696
v 0.612 12.497 -2.678
v 0.645 12.497 -2.685
v 0.502 11.709 -3.381
v 0.487 11.709 -3.379
v 0.489 11.687 -3.371
v 0.503 11.687 -3.374
usemtl Birch
s off
f 3066 3065 3064 3063
f 3067 3068 3069 3070
f 3063 3064 3068 3067
f 3064 3065 3069 3068
f 3065 3066 3070 3069
f 3066 3063 3067 3070
o Leaves.Card.288
v 0.576 11.882 -1.692
v 1.069 11.882 -1.631
v 1.149 8.411 -2.283
v 0.655 8.411 -2.344
v 0.576 11.88 -1.688
v 1.069 11.88 -1.628
v 1.149 8.409 -2.279
v 0.655 8.409 -2.34
usemtl LeafCard
s off
f 3074 3073 3072 3071
f 3075 3076 3077 3078
f 3071 3072 3076 3075
f 3072 3073 3077 3076
f 3073 3074 3078 3077
f 3074 3071 3075 3078
o Leaves.Card.289
v 0.557 11.999 -1.78
v 1.018 11.999 -1.918
v 0.781 7.641 -2.707
v 0.321 7.641 -2.569
v 0.558 11.996 -1.776
v 1.019 11.996 -1.914
v 0.782 7.64 -2.703
v 0.322 7.64 -2.566
usemtl LeafCard
s off
f 3082 3081 3080 3079
f 3083 3084 3085 3086
f 3079 3080 3084 3083
f 3080 3081 3085 3084
f 3081 3082 3086 3085
f 3082 3079 3083 3086
o Leaves.Card.290
v 0.505 12.115 -2.011
v 0.998 12.115 -2.06
v 0.918 7.908 -2.852
v 0.426 7.908 -2.804
v 0.505 12.113 -2.007
v 0.998 12.113 -2.057
v 0.919 7.906 -2.849
v 0.426 7.906 -2.8
usemtl LeafCard
s off
f 3090 3089 3088 3087
f 3091 3092 3093 3094
f 3087 3088 3092 3091
f 3088 3089 3093 3092
f 3089 3090 3094 3093
f 3090 3087 3091 3094
o Leaves.Card.291
v 0.483 12.232 -2.132
v 0.949 12.232 -2.313
v 0.671 8.181 -3.028
v 0.205 8.181 -2.846
v 0.483 12.231 -2.129
v 0.95 12.231 -2.31
v 0.672 8.179 -3.024
v 0.206 8.179 -2.842
usemtl LeafCard
s off
f 3098 3097 3096 3095
f 3099 3100 3101 3102
f 3095 3096 3100 3099
f 3096 3097 3101 3100
f 3097 3098 3102 3101
f 3098 3095 3099 3102
o Leaves.Card.292
v 0.44 12.35 -2.422
v 0.92 12.35 -2.398
v 0.967 7.669 -3.281
v 0.485 7.669 -3.307
v 0.439 12.346 -2.418
v 0.92 12.346 -2.394
v 0.967 7.667 -3.278
v 0.485 7.667 -3.303
usemtl LeafCard
s off
f 3106 3105 3104 3103
f 3107 3108 3109 3110
f 3103 3104 3108 3107
f 3104 3105 3109 3108
f 3105 3106 3110 3109
f 3106 3103 3107 3110
o Leaves.Card.293
v 0.457 12.466 -2.485
v 0.832 12.466 -2.708
v 0.405 8.062 -3.424
v 0.03 8.062 -3.201
v 0.459 12.464 -2.482
v 0.834 12.464 -2.705
v 0.407 8.058 -3.421
v 0.032 8.058 -3.198
usemtl LeafCard
s off
f 3114 3113 3112 3111
f 3115 3116 3117 3118
f 3111 3112 3116 3115
f 3112 3113 3117 3116
f 3113 3114 3118 3117
f 3114 3111 3115 3118
o Leaves.Card.294
v 0.379 12.449 -2.691
v 0.85 12.449 -2.814
v 0.654 8.33 -3.568
v 0.185 8.33 -3.446
v 0.38 12.447 -2.689
v 0.851 12.447 -2.81
v 0.655 8.328 -3.564
v 0.186 8.328 -3.443
usemtl LeafCard
s off
f 3122 3121 3120 3119
f 3123 3124 3125 3126
f 3119 3120 3124 3123
f 3120 3121 3125 3124
f 3121 3122 3126 3125
f 3122 3119 3123 3126
o Leaves.Card.295
v 0.363 12.299 -2.778
v 0.819 12.299 -2.977
v 0.523 8.413 -3.651
v 0.069 8.413 -3.451
v 0.364 12.297 -2.774
v 0.82 12.297 -2.973
v 0.525 8.411 -3.648
v 0.069 8.411 -3.448
usemtl LeafCard
s off
f 3130 3129 3128 3127
f 3131 3132 3133 3134
f 3127 3128 3132 3131
f 3128 3129 3133 3132
f 3129 3130 3134 3133
f 3130 3127 3131 3134
o Leaves.Card.296
v 0.343 12.148 -2.937
v 0.791 12.148 -3.068
v 0.579 8.113 -3.8
v 0.129 8.113 -3.67
v 0.344 12.146 -2.934
v 0.792 12.146 -3.064
v 0.58 8.11 -3.797
v 0.13 8.11 -3.666
usemtl LeafCard
s off
f 3138 3137 3136 3135
f 3139 3140 3141 3142
f 3135 3136 3140 3139
f 3136 3137 3141 3140
f 3137 3138 3142 3141
f 3138 3135 3139 3142
o Leaves.Card.297
v 0.337 11.999 -3.161
v 0.75 11.999 -3.093
v 0.89 7.511 -3.931
v 0.476 7.511 -3.999
v 0.336 11.996 -3.157
v 0.75 11.996 -3.089
v 0.889 7.509 -3.927
v 0.475 7.509 -3.995
usemtl LeafCard
s off
f 3146 3145 3144 3143
f 3147 3148 3149 3150
f 3143 3144 3148 3147
f 3144 3145 3149 3148
f 3145 3146 3150 3149
f 3146 3143 3147 3150
o Leaves.Card.298
v 0.307 11.849 -3.234
v 0.732 11.849 -3.269
v 0.67 7.97 -4.001
v 0.245 7.97 -3.965
v 0.307 11.845 -3.23
v 0.733 11.845 -3.266
v 0.67 7.968 -3.997
v 0.245 7.968 -3.961
usemtl LeafCard
s off
f 3154 3153 3152 3151
f 3155 3156 3157 3158
f 3151 3152 3156 3155
f 3152 3153 3157 3156
f 3153 3154 3158 3157
f 3154 3151 3155 3158
o Leaves.Card.299
v 0.243 11.698 -3.346
v 0.749 11.698 -3.406
v 0.672 8.348 -4.036
v 0.168 8.348 -3.975
v 0.243 11.696 -3.342
v 0.749 11.696 -3.403
v 0.673 8.345 -4.033
v 0.168 8.345 -3.971
usemtl LeafCard
s off
f 3162 3161 3160 3159
f 3163 3164 3165 3166
f 3159 3160 3164 3163
f 3160 3161 3165 3164
f 3161 3162 3166 3165
f 3162 3159 3163 3166
o Branch
v 0.988 12.839 -2.017
v 0.973 12.859 -2.048
v 0.973 12.807 -2.07
v 0.987 12.758 -2.053
v 0.997 12.776 -2.021
v 2.135 13.468 -2.484
v 2.126 13.479 -2.502
v 2.126 13.45 -2.515
v 2.135 13.421 -2.505
v 2.139 13.434 -2.486
usemtl Birch
s off
f 3171 3170 3169 3168 3167
f 3172 3173 3174 3175 3176
f 3167 3168 3173 3172
f 3168 3169 3174 3173
f 3169 3170 3175 3174
f 3170 3171 3176 3175
f 3171 3167 3172 3176
o Branch
v 2.146 13.479 -2.485
v 2.134 13.479 -2.518
v 2.118 13.423 -2.512
v 2.131 13.423 -2.479
v 2.903 12.637 -2.797
v 2.898 12.637 -2.811
v 2.891 12.613 -2.809
v 2.897 12.613 -2.795
usemtl Birch
s off
f 3180 3179 3178 3177
f 3181 3182 3183 3184
f 3177 3178 3182 3181
f 3178 3179 3183 3182
f 3179 3180 3184 3183
f 3180 3177 3181 3184
o Leaves.Card.300
v 0.939 12.807 -2.259
v 1.028 12.807 -1.826
v 1.644 9.485 -1.952
v 1.556 9.485 -2.385
v 0.935 12.805 -2.258
v 1.025 12.805 -1.825
v 1.64 9.482 -1.951
v 1.552 9.482 -2.384
usemtl LeafCard
s off
f 3188 3187 3186 3185
f 3189 3190 3191 3192
f 3185 3186 3190 3189
f 3186 3187 3191 3190
f 3187 3188 3192 3191
f 3188 3185 3189 3192
o Leaves.Card.301
v 1.046 12.925 -2.313
v 1.338 12.925 -1.936
v 1.915 9.068 -2.383
v 1.624 9.068 -2.76
v 1.043 12.923 -2.311
v 1.335 12.923 -1.934
v 1.912 9.066 -2.38
v 1.621 9.066 -2.758
usemtl LeafCard
s off
f 3196 3195 3194 3193
f 3197 3198 3199 3200
f 3193 3194 3198 3197
f 3194 3195 3199 3198
f 3195 3196 3200 3199
f 3196 3193 3197 3200
o Leaves.Card.302
v 1.297 13.042 -2.396
v 1.506 13.042 -2.02
v 1.971 10.231 -2.279
v 1.76 10.231 -2.655
v 1.293 13.039 -2.394
v 1.503 13.039 -2.018
v 1.967 10.229 -2.277
v 1.757 10.229 -2.654
usemtl LeafCard
s off
f 3204 3203 3202 3201
f 3205 3206 3207 3208
f 3201 3202 3206 3205
f 3202 3203 3207 3206
f 3203 3204 3208 3207
f 3204 3201 3205 3208
o Leaves.Card.303
v 1.511 13.158 -2.484
v 1.709 13.158 -2.098
v 2.264 9.869 -2.382
v 2.065 9.869 -2.768
v 1.507 13.156 -2.483
v 1.706 13.156 -2.096
v 2.26 9.865 -2.38
v 2.062 9.865 -2.767
usemtl LeafCard
s off
f 3212 3211 3210 3209
f 3213 3214 3215 3216
f 3209 3210 3214 3213
f 3210 3211 3215 3214
f 3211 3212 3216 3215
f 3212 3209 3213 3216
o Leaves.Card.304
v 1.707 13.276 -2.556
v 1.931 13.276 -2.191
v 2.509 9.693 -2.547
v 2.283 9.693 -2.912
v 1.704 13.274 -2.554
v 1.928 13.274 -2.189
v 2.505 9.691 -2.545
v 2.28 9.691 -2.91
usemtl LeafCard
s off
f 3220 3219 3218 3217
f 3221 3222 3223 3224
f 3217 3218 3222 3221
f 3218 3219 3223 3222
f 3219 3220 3224 3223
f 3220 3217 3221 3224
o Leaves.Card.305
v 1.977 13.393 -2.705
v 2.078 13.393 -2.208
v 2.828 9.347 -2.36
v 2.727 9.347 -2.858
v 1.974 13.389 -2.705
v 2.074 13.389 -2.207
v 2.825 9.346 -2.359
v 2.723 9.346 -2.857
usemtl LeafCard
s off
f 3228 3227 3226 3225
f 3229 3230 3231 3232
f 3225 3226 3230 3229
f 3226 3227 3231 3230
f 3227 3228 3232 3231
f 3228 3225 3229 3232
o Leaves.Card.306
v 2.057 13.377 -2.691
v 2.346 13.377 -2.361
v 2.905 9.454 -2.848
v 2.616 9.454 -3.179
v 2.054 13.373 -2.689
v 2.343 13.373 -2.358
v 2.902 9.452 -2.846
v 2.613 9.452 -3.177
usemtl LeafCard
s off
f 3236 3235 3234 3233
f 3237 3238 3239 3240
f 3233 3234 3238 3237
f 3234 3235 3239 3238
f 3235 3236 3240 3239
f 3236 3233 3237 3240
o Leaves.Card.307
v 2.34 13.226 -2.838
v 2.342 13.226 -2.324
v 2.955 9.988 -2.326
v 2.953 9.988 -2.84
v 2.336 13.222 -2.838
v 2.338 13.222 -2.324
v 2.951 9.987 -2.326
v 2.949 9.987 -2.84
usemtl LeafCard
s off
f 3244 3243 3242 3241
f 3245 3246 3247 3248
f 3241 3242 3246 3245
f 3242 3243 3247 3246
f 3243 3244 3248 3247
f 3244 3241 3245 3248
o Leaves.Card.308
v 2.449 13.075 -2.869
v 2.511 13.075 -2.404
v 3.129 9.779 -2.485
v 3.068 9.779 -2.951
v 2.445 13.074 -2.869
v 2.507 13.074 -2.404
v 3.125 9.775 -2.484
v 3.064 9.775 -2.95
usemtl LeafCard
s off
f 3252 3251 3250 3249
f 3253 3254 3255 3256
f 3249 3250 3254 3253
f 3250 3251 3255 3254
f 3251 3252 3256 3255
f 3252 3249 3253 3256
o Leaves.Card.309
v 2.475 12.925 -2.88
v 2.763 12.925 -2.504
v 3.271 9.542 -2.892
v 2.984 9.542 -3.268
v 2.472 12.923 -2.878
v 2.76 12.923 -2.501
v 3.268 9.54 -2.889
v 2.981 9.54 -3.266
usemtl LeafCard
s off
f 3260 3259 3258 3257
f 3261 3262 3263 3264
f 3257 3258 3262 3261
f 3258 3259 3263 3262
f 3259 3260 3264 3263
f 3260 3257 3261 3264
o Leaves.Card.310
v 2.725 12.774 -2.98
v 2.792 12.774 -2.515
v 3.543 8.762 -2.622
v 3.477 8.762 -3.088
v 2.721 12.772 -2.979
v 2.788 12.772 -2.514
v 3.539 8.76 -2.622
v 3.473 8.76 -3.087
usemtl LeafCard
s off
f 3268 3267 3266 3265
f 3269 3270 3271 3272
f 3265 3266 3270 3269
f 3266 3267 3271 3270
f 3267 3268 3272 3271
f 3268 3265 3269 3272
o Leaves.Card.311
v 2.845 12.624 -3.031
v 2.95 12.624 -2.574
v 3.665 8.743 -2.738
v 3.561 8.743 -3.194
v 2.841 12.622 -3.03
v 2.946 12.622 -2.573
v 3.661 8.741 -2.737
v 3.557 8.741 -3.193
usemtl LeafCard
s off
f 3276 3275 3274 3273
f 3277 3278 3279 3280
f 3273 3274 3278 3277
f 3274 3275 3279 3278
f 3275 3276 3280 3279
f 3276 3273 3277 3280
o Branch
v 1.167 13.764 -2.412
v 1.134 13.782 -2.414
v 1.115 13.735 -2.428
v 1.138 13.685 -2.434
v 1.17 13.703 -2.423
v 1.328 14.394 -3.279
v 1.309 14.405 -3.281
v 1.298 14.377 -3.289
v 1.31 14.348 -3.293
v 1.329 14.359 -3.287
usemtl Birch
s off
f 3285 3284 3283 3282 3281
f 3286 3287 3288 3289 3290
f 3281 3282 3287 3286
f 3282 3283 3288 3287
f 3283 3284 3289 3288
f 3284 3285 3290 3289
f 3285 3281 3286 3290
o Branch
v 1.334 14.403 -3.293
v 1.3 14.403 -3.3
v 1.296 14.352 -3.279
v 1.33 14.352 -3.272
v 1.437 13.562 -3.865
v 1.422 13.562 -3.868
v 1.421 13.54 -3.859
v 1.435 13.54 -3.856
usemtl Birch
s off
f 3294 3293 3292 3291
f 3295 3296 3297 3298
f 3291 3292 3296 3295
f 3292 3293 3297 3296
f 3293 3294 3298 3297
f 3294 3291 3295 3298
o Leaves.Card.312
v 0.928 13.735 -2.523
v 1.36 13.735 -2.322
v 1.671 9.843 -2.988
v 1.24 9.843 -3.19
v 0.927 13.733 -2.52
v 1.358 13.733 -2.318
v 1.67 9.841 -2.985
v 1.238 9.841 -3.187
usemtl LeafCard
s off
f 3302 3301 3300 3299
f 3303 3304 3305 3306
f 3299 3300 3304 3303
f 3300 3301 3305 3304
f 3301 3302 3306 3305
f 3302 3299 3303 3306
o Leaves.Card.313
v 0.919 13.852 -2.598
v 1.432 13.852 -2.56
v 1.484 10.132 -3.262
v 0.972 10.132 -3.3
v 0.919 13.849 -2.594
v 1.432 13.849 -2.556
v 1.483 10.128 -3.258
v 0.971 10.128 -3.297
usemtl LeafCard
s off
f 3310 3309 3308 3307
f 3311 3312 3313 3314
f 3307 3308 3312 3311
f 3308 3309 3313 3312
f 3309 3310 3314 3313
f 3310 3307 3311 3314
o Leaves.Card.314
v 0.991 13.968 -2.843
v 1.422 13.968 -2.629
v 1.687 10.818 -3.163
v 1.256 10.818 -3.378
v 0.99 13.966 -2.84
v 1.42 13.966 -2.626
v 1.685 10.817 -3.16
v 1.255 10.817 -3.374
usemtl LeafCard
s off
f 3318 3317 3316 3315
f 3319 3320 3321 3322
f 3315 3316 3320 3319
f 3316 3317 3321 3320
f 3317 3318 3322 3321
f 3318 3315 3319 3322
o Leaves.Card.315
v 1.012 14.085 -2.977
v 1.463 14.085 -2.81
v 1.735 9.97 -3.538
v 1.284 9.97 -3.707
v 1.01 14.082 -2.974
v 1.462 14.082 -2.806
v 1.734 9.968 -3.535
v 1.282 9.968 -3.704
usemtl LeafCard
s off
f 3326 3325 3324 3323
f 3327 3328 3329 3330
f 3323 3324 3328 3327
f 3324 3325 3329 3328
f 3325 3326 3330 3329
f 3326 3323 3327 3330
o Leaves.Card.316
v 1.057 14.201 -3.14
v 1.48 14.201 -2.961
v 1.778 10.163 -3.664
v 1.355 10.163 -3.844
v 1.055 14.199 -3.137
v 1.478 14.199 -2.958
v 1.777 10.161 -3.66
v 1.354 10.161 -3.84
usemtl LeafCard
s off
f 3334 3333 3332 3331
f 3335 3336 3337 3338
f 3331 3332 3336 3335
f 3332 3333 3337 3336
f 3333 3334 3338 3337
f 3334 3331 3335 3338
o Leaves.Card.317
v 1.085 14.319 -3.259
v 1.513 14.319 -3.156
v 1.691 10.299 -3.896
v 1.263 10.299 -3.999
v 1.084 14.317 -3.255
v 1.512 14.317 -3.152
v 1.69 10.297 -3.892
v 1.262 10.297 -3.995
usemtl LeafCard
s off
f 3342 3341 3340 3339
f 3343 3344 3345 3346
f 3339 3340 3344 3343
f 3340 3341 3345 3344
f 3341 3342 3346 3345
f 3342 3339 3343 3346
o Leaves.Card.318
v 1.117 14.302 -3.458
v 1.533 14.302 -3.219
v 1.889 10.525 -3.839
v 1.473 10.525 -4.077
v 1.116 14.3 -3.455
v 1.531 14.3 -3.216
v 1.887 10.521 -3.835
v 1.472 10.521 -4.074
usemtl LeafCard
s off
f 3350 3349 3348 3347
f 3351 3352 3353 3354
f 3347 3348 3352 3351
f 3348 3349 3353 3352
f 3349 3350 3354 3353
f 3350 3347 3351 3354
o Leaves.Card.319
v 1.156 14.152 -3.571
v 1.536 14.152 -3.316
v 1.878 10.905 -3.826
v 1.499 10.905 -4.08
v 1.154 14.15 -3.567
v 1.534 14.15 -3.313
v 1.876 10.901 -3.823
v 1.496 10.901 -4.077
usemtl LeafCard
s off
f 3358 3357 3356 3355
f 3359 3360 3361 3362
f 3355 3356 3360 3359
f 3356 3357 3361 3360
f 3357 3358 3362 3361
f 3358 3355 3359 3362
o Leaves.Card.320
v 1.114 14.001 -3.544
v 1.619 14.001 -3.551
v 1.611 10.938 -4.131
v 1.105 10.938 -4.124
v 1.114 13.999 -3.54
v 1.619 13.999 -3.548
v 1.611 10.934 -4.128
v 1.105 10.934 -4.12
usemtl LeafCard
s off
f 3366 3365 3364 3363
f 3367 3368 3369 3370
f 3363 3364 3368 3367
f 3364 3365 3369 3368
f 3365 3366 3370 3369
f 3366 3363 3367 3370
o Leaves.Card.321
v 1.158 13.852 -3.694
v 1.616 13.852 -3.611
v 1.755 9.792 -4.365
v 1.297 9.792 -4.45
v 1.158 13.849 -3.691
v 1.616 13.849 -3.607
v 1.754 9.79 -4.362
v 1.296 9.79 -4.447
usemtl LeafCard
s off
f 3374 3373 3372 3371
f 3375 3376 3377 3378
f 3371 3372 3376 3375
f 3372 3373 3377 3376
f 3373 3374 3378 3377
f 3374 3371 3375 3378
o Leaves.Card.322
v 1.225 13.702 -3.879
v 1.59 13.702 -3.636
v 1.922 10.545 -4.132
v 1.558 10.545 -4.376
v 1.223 13.698 -3.876
v 1.588 13.698 -3.633
v 1.92 10.541 -4.129
v 1.556 10.541 -4.372
usemtl LeafCard
s off
f 3382 3381 3380 3379
f 3383 3384 3385 3386
f 3379 3380 3384 3383
f 3380 3381 3385 3384
f 3381 3382 3386 3385
f 3382 3379 3383 3386
o Leaves.Card.323
v 1.195 13.551 -3.833
v 1.662 13.551 -3.891
v 1.59 10.409 -4.481
v 1.123 10.409 -4.424
v 1.195 13.549 -3.829
v 1.663 13.549 -3.887
v 1.59 10.407 -4.477
v 1.123 10.407 -4.42
usemtl LeafCard
s off
f 3390 3389 3388 3387
f 3391 3392 3393 3394
f 3387 3388 3392 3391
f 3388 3389 3393 3392
f 3389 3390 3394 3393
f 3390 3387 3391 3394
o Leaves.Card.324
v 0.27 9.797 -0.705
v 0.652 9.797 -0.907
v 0.345 6.33 -1.487
v -0.038 6.33 -1.284
v 0.272 9.796 -0.701
v 0.653 9.796 -0.904
v 0.346 6.327 -1.483
v -0.036 6.327 -1.281
usemtl LeafCard
s off
f 3398 3397 3396 3395
f 3399 3400 3401 3402
f 3395 3396 3400 3399
f 3396 3397 3401 3400
f 3397 3398 3402 3401
f 3398 3395 3399 3402
o Leaves.Card.325
v 0.634 10.405 -1.264
v 0.498 10.405 -0.847
v 1.071 7.225 -0.661
v 1.207 7.225 -1.078
v 0.63 10.403 -1.265
v 0.495 10.403 -0.848
v 1.068 7.221 -0.662
v 1.203 7.221 -1.079
usemtl LeafCard
s off
f 3406 3405 3404 3403
f 3407 3408 3409 3410
f 3403 3404 3408 3407
f 3404 3405 3409 3408
f 3405 3406 3410 3409
f 3406 3403 3407 3410
o Leaves.Card.326
v 0.533 11.013 -1.132
v 0.811 11.013 -1.478
v 0.288 7.472 -1.897
v 0.01 7.472 -1.551
v 0.536 11.011 -1.129
v 0.814 11.011 -1.476
v 0.291 7.471 -1.895
v 0.013 7.471 -1.548
usemtl LeafCard
s off
f 3414 3413 3412 3411
f 3415 3416 3417 3418
f 3411 3412 3416 3415
f 3412 3413 3417 3416
f 3413 3414 3418 3417
f 3414 3411 3415 3418
o Leaves.Card.327
v 0.844 11.621 -1.772
v 0.712 11.621 -1.337
v 1.214 8.844 -1.184
v 1.346 8.844 -1.619
v 0.84 11.619 -1.773
v 0.708 11.619 -1.338
v 1.211 8.842 -1.186
v 1.342 8.842 -1.62
usemtl LeafCard
s off
f 3422 3421 3420 3419
f 3423 3424 3425 3426
f 3419 3420 3424 3423
f 3420 3421 3425 3424
f 3421 3422 3426 3425
f 3422 3419 3423 3426
o Leaves.Card.328
v 0.878 12.229 -1.558
v 0.889 12.229 -2.051
v 0.345 9.355 -2.062
v 0.335 9.355 -1.569
v 0.882 12.227 -1.558
v 0.892 12.227 -2.051
v 0.348 9.353 -2.062
v 0.339 9.353 -1.569
usemtl LeafCard
s off
f 3430 3429 3428 3427
f 3431 3432 3433 3434
f 3427 3428 3432 3431
f 3428 3429 3433 3432
f 3429 3430 3434 3433
f 3430 3427 3431 3434
o Leaves.Card.329
v 1.088 12.837 -2.262
v 0.89 12.837 -1.847
v 1.531 9.083 -1.541
v 1.728 9.083 -1.955
v 1.084 12.835 -2.263
v 0.887 12.835 -1.848
v 1.527 9.081 -1.542
v 1.725 9.081 -1.957
usemtl LeafCard
s off
f 3438 3437 3436 3435
f 3439 3440 3441 3442
f 3435 3436 3440 3439
f 3436 3437 3441 3440
f 3437 3438 3442 3441
f 3438 3435 3439 3442
o Leaves.Card.330
v 1.036 13.445 -2.053
v 1.152 13.445 -2.554
v 0.361 9.158 -2.736
v 0.246 9.158 -2.236
v 1.039 13.443 -2.052
v 1.156 13.443 -2.553
v 0.365 9.156 -2.736
v 0.249 9.156 -2.235
usemtl LeafCard
s off
f 3446 3445 3444 3443
f 3447 3448 3449 3450
f 3443 3444 3448 3447
f 3444 3445 3449 3448
f 3445 3446 3450 3449
f 3446 3443 3447 3450
o Leaves.Card.331
v 1.408 14.052 -2.692
v 0.992 14.052 -2.414
v 1.355 10.593 -1.869
v 1.772 10.593 -2.147
v 1.406 14.051 -2.695
v 0.989 14.051 -2.416
v 1.353 10.591 -1.872
v 1.769 10.591 -2.15
usemtl LeafCard
s off
f 3454 3453 3452 3451
f 3455 3456 3457 3458
f 3451 3452 3456 3455
f 3452 3453 3457 3456
f 3453 3454 3458 3457
f 3454 3451 3455 3458
o Leaves.Card.332
v 1.015 14.66 -2.779
v 1.367 14.66 -3.151
v 0.976 11.814 -3.521
v 0.623 11.814 -3.149
v 1.017 14.658 -2.776
v 1.37 14.658 -3.148
v 0.979 11.812 -3.518
v 0.625 11.812 -3.146
usemtl LeafCard
s off
f 3462 3461 3460 3459
f 3463 3464 3465 3466
f 3459 3460 3464 3463
f 3460 3461 3465 3464
f 3461 3462 3466 3465
f 3462 3459 3463 3466
o Leaves.Card.333
v 1.079 14.66 -2.697
v 1.22 14.66 -3.154
v 0.622 11.357 -3.339
v 0.482 11.357 -2.882
v 1.082 14.658 -2.696
v 1.224 14.658 -3.153
v 0.626 11.353 -3.338
v 0.485 11.353 -2.881
usemtl LeafCard
s off
f 3470 3469 3468 3467
f 3471 3472 3473 3474
f 3467 3468 3472 3471
f 3468 3469 3473 3472
f 3469 3470 3474 3473
f 3470 3467 3471 3474
o Leaves.Card.334
v 1.547 14.66 -2.944
v 1.44 14.66 -2.535
v 2.171 10.661 -2.343
v 2.278 10.661 -2.751
v 1.544 14.658 -2.945
v 1.436 14.658 -2.536
v 2.168 10.659 -2.344
v 2.276 10.659 -2.752
usemtl LeafCard
s off
f 3478 3477 3476 3475
f 3479 3480 3481 3482
f 3475 3476 3480 3479
f 3476 3477 3481 3480
f 3477 3478 3482 3481
f 3478 3475 3479 3482
o Leaves.Card.335
v 1.647 14.66 -2.914
v 1.324 14.66 -2.525
v 1.905 10.666 -2.042
v 2.228 10.666 -2.43
v 1.644 14.658 -2.916
v 1.321 14.658 -2.528
v 1.902 10.664 -2.044
v 2.226 10.664 -2.433
usemtl LeafCard
s off
f 3486 3485 3484 3483
f 3487 3488 3489 3490
f 3483 3484 3488 3487
f 3484 3485 3489 3488
f 3485 3486 3490 3489
f 3486 3483 3487 3490
o Grass
v 0.155 0.004 1.062
v 0.134 0.011 1.1
v 0.113 -0.017 1.065
v 0.08 0.369 1.025
v 0.078 0.369 1.028
v 0.076 0.367 1.025
usemtl Grass
s off
f 3493 3492 3491
f 3494 3495 3496
f 3491 3492 3495 3494
f 3492 3493 3496 3495
f 3493 3491 3494 3496
o Grass
v 0.155 -0.007 1.063
v 0.134 -0.002 1.101
v 0.113 0.009 1.064
v 0.179 0.375 1.08
v 0.177 0.375 1.084
v 0.174 0.376 1.08
usemtl Grass
s off
f 3499 3498 3497
f 3500 3501 3502
f 3497 3498 3501 3500
f 3498 3499 3502 3501
f 3499 3497 3500 3502
o Grass
v 0.155 -0.002 1.063
v 0.134 -0.007 1.101
v 0.112 0.011 1.064
v 0.18 0.476 1.118
v 0.178 0.476 1.121
v 0.176 0.477 1.118
usemtl Grass
s off
f 3505 3504 3503
f 3506 3507 3508
f 3503 3504 3507 3506
f 3504 3505 3508 3507
f 3505 3503 3506 3508
o Grass
v 0.944 -0.006 -0.169
v 0.923 0.006 -0.132
v 0.901 -0.002 -0.169
v 0.934 0.455 -0.193
v 0.932 0.457 -0.189
v 0.93 0.455 -0.193
usemtl Grass
s off
f 3511 3510 3509
f 3512 3513 3514
f 3509 3510 3513 3512
f 3510 3511 3514 3513
f 3511 3509 3512 3514
o Grass
v 0.944 0.011 -0.169
v 0.923 -0.007 -0.132
v 0.901 -0.004 -0.17
v 0.876 0.492 -0.117
v 0.874 0.49 -0.113
v 0.872 0.49 -0.117
usemtl Grass
s off
f 3517 3516 3515
f 3518 3519 3520
f 3515 3516 3519 3518
f 3516 3517 3520 3519
f 3517 3515 3518 3520
o Grass
v 0.944 -0.002 -0.169
v 0.923 -0.002 -0.132
v 0.901 0.004 -0.169
v 0.946 0.529 -0.152
v 0.944 0.529 -0.148
v 0.942 0.529 -0.152
usemtl Grass
s off
f 3523 3522 3521
f 3524 3525 3526
f 3521 3522 3525 3524
f 3522 3523 3526 3525
f 3523 3521 3524 3526
o Litter
v 0.107 0 1.018
v 0.027 0 0.983
v 0.047 0 0.914
v 0.139 0 0.906
v 0.177 0 0.971
v 0.107 0.037 1.018
v 0.027 0.037 0.983
v 0.047 0.037 0.914
v 0.139 0.037 0.906
v 0.177 0.037 0.971
usemtl LeafDry
s off
f 3531 3530 3529 3528 3527
f 3532 3533 3534 3535 3536
f 3527 3528 3533 3532
f 3528 3529 3534 3533
f 3529 3530 3535 3534
f 3530 3531 3536 3535
f 3531 3527 3532 3536
o Grass
v 0.741 0.009 0.526
v 0.72 -0.002 0.563
v 0.698 -0.006 0.525
v 0.67 0.507 0.55
v 0.668 0.505 0.554
v 0.666 0.505 0.55
usemtl Grass
s off
f 3539 3538 3537
f 3540 3541 3542
f 3537 3538 3541 3540
f 3538 3539 3542 3541
f 3539 3537 3540 3542
o Grass
v 0.741 0.004 0.526
v 0.72 -0.011 0.562
v 0.698 0.006 0.526
v 0.725 0.373 0.583
v 0.723 0.373 0.587
v 0.721 0.373 0.583
usemtl Grass
s off
f 3545 3544 3543
f 3546 3547 3548
f 3543 3544 3547 3546
f 3544 3545 3548 3547
f 3545 3543 3546 3548
o Grass
v 0.741 0.004 0.525
v 0.72 -0.007 0.563
v 0.698 0.004 0.525
v 0.722 0.474 0.574
v 0.72 0.474 0.578
v 0.718 0.474 0.574
usemtl Grass
s off
f 3551 3550 3549
f 3552 3553 3554
f 3549 3550 3553 3552
f 3550 3551 3554 3553
f 3551 3549 3552 3554
o Grass
v -0.223 0.011 1.086
v -0.244 -0.009 1.122
v -0.265 -0.004 1.084
v -0.29 0.444 1.142
v -0.292 0.443 1.145
v -0.294 0.443 1.142
usemtl Grass
s off
f 3557 3556 3555
f 3558 3559 3560
f 3555 3556 3559 3558
f 3556 3557 3560 3559
f 3557 3555 3558 3560
o Grass
v -0.222 0.002 1.085
v -0.244 -0.004 1.122
v -0.266 0.002 1.085
v -0.241 0.538 1.118
v -0.243 0.538 1.122
v -0.246 0.538 1.118
usemtl Grass
s off
f 3563 3562 3561
f 3564 3565 3566
f 3561 3562 3565 3564
f 3562 3563 3566 3565
f 3563 3561 3564 3566
o Grass
v -0.222 -0.006 1.085
v -0.244 0.004 1.122
v -0.266 0.002 1.085
v -0.221 0.498 1.075
v -0.223 0.498 1.079
v -0.225 0.498 1.075
usemtl Grass
s off
f 3569 3568 3567
f 3570 3571 3572
f 3567 3568 3571 3570
f 3568 3569 3572 3571
f 3569 3567 3570 3572
o Litter
v -0.304 0 0.857
v -0.357 0 0.799
v -0.301 0 0.744
v -0.213 0 0.766
v -0.214 0 0.837
v -0.304 0.037 0.857
v -0.357 0.037 0.799
v -0.301 0.037 0.744
v -0.213 0.037 0.766
v -0.214 0.037 0.837
usemtl LeafDry
s off
f 3577 3576 3575 3574 3573
f 3578 3579 3580 3581 3582
f 3573 3574 3579 3578
f 3574 3575 3580 3579
f 3575 3576 3581 3580
f 3576 3577 3582 3581
f 3577 3573 3578 3582
o Grass
v -0.343 0.002 0.251
v -0.364 -0.006 0.288
v -0.386 0.006 0.251
v -0.349 0.577 0.305
v -0.351 0.575 0.308
v -0.353 0.577 0.305
usemtl Grass
s off
f 3585 3584 3583
f 3586 3587 3588
f 3583 3584 3587 3586
f 3584 3585 3588 3587
f 3585 3583 3586 3588
o Grass
v -0.343 0 0.251
v -0.364 0.002 0.288
v -0.386 -0.002 0.251
v -0.367 0.545 0.244
v -0.369 0.545 0.248
v -0.371 0.545 0.244
usemtl Grass
s off
f 3591 3590 3589
f 3592 3593 3594
f 3589 3590 3593 3592
f 3590 3591 3594 3593
f 3591 3589 3592 3594
o Grass
v -0.343 0.006 0.251
v -0.364 -0.009 0.288
v -0.386 0.004 0.251
v -0.374 0.505 0.315
v -0.376 0.503 0.319
v -0.378 0.505 0.315
usemtl Grass
s off
f 3597 3596 3595
f 3598 3599 3600
f 3595 3596 3599 3598
f 3596 3597 3600 3599
f 3597 3595 3598 3600
o Grass
v -0.16 -0.009 0.654
v -0.181 0.007 0.69
v -0.203 0.002 0.653
v -0.135 0.566 0.611
v -0.137 0.567 0.614
v -0.139 0.567 0.611
usemtl Grass
s off
f 3603 3602 3601
f 3604 3605 3606
f 3601 3602 3605 3604
f 3602 3603 3606 3605
f 3603 3601 3604 3606
o Grass
v -0.16 -0.002 0.653
v -0.181 0.007 0.69
v -0.203 -0.006 0.653
v -0.185 0.371 0.631
v -0.187 0.371 0.635
v -0.189 0.371 0.631
usemtl Grass
s off
f 3609 3608 3607
f 3610 3611 3612
f 3607 3608 3611 3610
f 3608 3609 3612 3611
f 3609 3607 3610 3612
o Grass
v -0.16 -0.002 0.653
v -0.181 0.002 0.691
v -0.203 0 0.653
v -0.173 0.433 0.653
v -0.175 0.433 0.657
v -0.177 0.433 0.653
usemtl Grass
s off
f 3615 3614 3613
f 3616 3617 3618
f 3613 3614 3617 3616
f 3614 3615 3618 3617
f 3615 3613 3616 3618
o Litter
v 0.974 0 0.638
v 0.886 0 0.663
v 0.828 0 0.608
v 0.88 0 0.55
v 0.97 0 0.569
v 0.974 0.037 0.638
v 0.886 0.037 0.663
v 0.828 0.037 0.608
v 0.88 0.037 0.55
v 0.97 0.037 0.569
usemtl LeafDry
s off
f 3623 3622 3621 3620 3619
f 3624 3625 3626 3627 3628
f 3619 3620 3625 3624
f 3620 3621 3626 3625
f 3621 3622 3627 3626
f 3622 3623 3628 3627
f 3623 3619 3624 3628
o Grass
v 0.275 -0.006 0.758
v 0.254 -0.007 0.795
v 0.233 0.013 0.759
v 0.314 0.439 0.809
v 0.312 0.439 0.813
v 0.31 0.441 0.809
usemtl Grass
s off
f 3631 3630 3629
f 3632 3633 3634
f 3629 3630 3633 3632
f 3630 3631 3634 3633
f 3631 3629 3632 3634
o Grass
v 0.275 0.009 0.759
v 0.254 -0.009 0.795
v 0.232 0 0.759
v 0.218 0.509 0.824
v 0.216 0.507 0.828
v 0.214 0.507 0.824
usemtl Grass
s off
f 3637 3636 3635
f 3638 3639 3640
f 3635 3636 3639 3638
f 3636 3637 3640 3639
f 3637 3635 3638 3640
o Grass
v 0.275 0.004 0.759
v 0.254 0 0.795
v 0.232 -0.004 0.759
v 0.231 0.534 0.768
v 0.229 0.533 0.772
v 0.227 0.533 0.768
usemtl Grass
s off
f 3643 3642 3641
f 3644 3645 3646
f 3641 3642 3645 3644
f 3642 3643 3646 3645
f 3643 3641 3644 3646
